,PC1,PC2,PC3,PC4,PC5,PC6,PC7,PC8,PC9,PC10,PC11,PC12,PC13,PC14,PC15,PC16,PC17,PC18,PC19,PC20
1,0.058745936147879096,0.03319928822772729,0.02088271939809423,-0.07711910559487214,-0.0677672830684718,0.025538624458095197,0.07100781216694935,0.03516178584662703,0.004310798116034611,-0.04042795059726684,-0.004237991842653571,-0.08242466442677568,0.004981062500955965,0.06296833424512711,0.04863077744229112,0.08101362212170848,-0.06497162527042176,-0.03556969476428906,0.02016453663764167,0.08970025514838208
2,0.053725340943890386,0.06556071629000497,-0.04838192571492464,0.04874361132405953,0.024199729675114523,0.06260482472673576,-0.04722682802701028,0.05798696139570346,-0.009019016025860643,0.04745900235054898,-0.03450610513134425,0.044157362052821246,0.019641326436834493,0.014000887562298463,0.0065357546515814186,0.022653471008303495,0.06711021772627232,0.015779561642515202,-0.09518767409593115,-0.03449739292068771
3,-0.013101601402457664,-0.010044630945190192,-0.05576784039250781,0.0319313686130647,-0.006302165060796036,-0.04810222241097434,0.02976837446219526,0.013540842317151712,0.06241019446801886,0.018643213695652562,-0.03883285360639182,0.008639320770737355,-0.02717611732674138,0.03496168915373252,-0.09549883197856526,-0.023137505323788138,-0.028727117048973776,-0.04116871086466562,0.06007035123353433,-0.07287472341340062
4,-0.04810495584761026,0.006253649759676435,0.11618642740355065,-0.03674742582912001,-0.08234214728815688,0.04208116839178532,-0.016271607184542854,0.012201171764684642,-0.039681891783501816,0.0231562060517287,0.005544949487616974,-0.033828394458809384,0.03835912764878737,-0.013272309600378632,-0.032017227767010326,-0.006766285573945109,0.0011964034723203586,0.02225609418762663,-0.0641260703513914,0.005460035841510569
5,0.028946750686439267,-0.046840100467331204,0.004834904852825789,-0.0295871700163732,0.003060223666772676,-0.06460777504870373,-0.1289669702626784,-0.009703767845971066,-0.004652777707424618,-0.0347338727196335,0.0819546608782085,0.0434057032566045,0.008665548063317003,0.08681007938509733,0.005029037270424625,0.007356105016568351,-0.04359824602390572,-0.035627971030568494,-0.012616433836870472,0.013341439008541298
6,0.05151289814075157,-0.010392451981298935,-0.04299760176175537,-0.012091310683318339,-0.043980015094614903,-0.037904742399057,-0.011680592237004964,-0.03197335649228695,0.01075475929621157,-0.010370410593814886,-0.044292234012369286,0.020921622837652604,-0.04866867387661735,0.10413630140599454,0.011852313428703075,0.020069295601369348,0.06842565262531401,-0.04248169476799875,-0.04978860095005852,0.08904425068524184
7,-0.03250078913279009,-0.028414070380330322,0.02298255148583681,-0.018963472023631817,-0.02490982270761574,0.0054862286997588204,-0.016605735252631523,-0.10012530507497533,-0.02983747323619591,0.047019801465049735,-0.024250844930251335,0.012555498419587325,0.07031239217291096,0.016025578665509507,0.0013592605062352117,-0.0056214517552260245,-0.039364776802003995,-0.012774592476330294,-0.012202760140547787,0.021718748039214197
8,-0.042366330583491596,0.011074967423443893,-0.08882438049208974,0.03084766469799796,0.07035361074212833,-0.02647427843670733,-0.10243637815430143,0.021491859498825542,0.008780724618663862,0.018523512002361874,0.07899121369440405,-0.005908703044820333,0.0550109061885005,-0.049042807516398716,-0.017018698852085887,0.036310105072015195,-0.019840714525929583,-0.03756066907526133,-0.04528154524771773,-0.0037341304395078854
9,-0.02389220577180574,-0.023171599331906146,-0.03225502719624151,-0.03864197689946741,0.052855280648156935,0.07784355134225146,-0.02517970869602142,0.03631481962691549,0.04327576489702503,-0.004924337521307206,-0.028907811806288427,0.014275455168402866,0.0010931527068538105,-0.03538857650469084,0.01840994333652552,0.03265416982278834,-0.028691526465729013,0.050993066900878396,0.045138882047699995,0.08296929851981005
10,0.010346787996176552,0.03436519504894909,-0.033391022222889005,0.05318237300579185,0.046373127748994894,-0.012129204592619113,0.050723365696958615,-0.0028414577372235772,0.025475049864838985,-0.07410946812431266,0.07385525540777207,8.874919984631869e-05,-0.08104734700013902,0.02940730431022101,0.01782735443429693,0.062032158582406446,0.007306254413614042,-0.04491688460430654,0.03801987644910463,0.035225940171190566
11,-0.0009927892757869705,0.024913047793272268,0.005819597087171758,0.021828228375789634,0.047700923696660895,0.02026319321936964,0.048120114354427895,0.04626700223708607,0.10387253897253985,-0.029840409223515184,0.004982337377523976,-0.03334331334804179,-0.07424007885868475,0.02748192704924421,0.03770540207885922,-0.13695249574285542,0.0229241384607241,0.05329760064481121,-0.010287728281322121,-0.0017055886591479318
12,0.02207301486525693,-0.02717106212563448,-0.14063439174313577,0.04134952333221071,-0.0027494469212087738,0.0702038122730621,-0.03439208641479256,-0.003522811600634278,-0.019507327266286827,0.028320765395849663,-0.04225078509788071,0.021203872983365582,-0.0875985480542343,0.0008886411838302668,0.07033321914203379,0.012427976527755728,-0.0029368026014141026,0.07539986557797643,0.04241716943066606,-0.0511350507938262
13,-0.027669359769114818,0.014086592435666446,-0.034487072313691365,0.06032474541420887,-0.010609306739400746,0.0735464340664758,-0.02234739239788783,-0.10955309303805315,0.06733979086261294,-0.04981411851563949,-0.028466767587503473,0.0369900765218175,0.0026453984416169606,0.041107954135802496,-0.06237069198152945,0.027592063920193508,0.02804406484780477,-0.012168598481979702,0.057759553351885456,0.03999019610577476
14,0.006503973798414197,0.009071777730881414,-0.06741556847838157,-0.047335503577897134,0.0495227543522928,-0.0021759980996606475,-0.02356778710091071,0.015371008636754273,0.0018635443390836017,0.009745469377411364,0.01362181832579697,0.08711071623657411,-0.034950726048365514,-0.007055432966913627,0.062111634653419,0.0007708217304813087,0.008203989380375209,-0.044910918209767836,0.03710309358742933,0.0021449181644605858
15,0.03661359908666084,-0.038472034248277796,-0.02826931807553361,-0.05309658149997549,0.06373446355146149,-0.019923168395106484,0.004373962792531089,-0.06241684832830347,-0.0251453526446907,-0.012469590649083194,-0.03478152918467015,-0.02358812052899354,0.03364935672941895,-0.10904266381019004,-0.10055082882142463,0.013501024047067866,0.026111197442375365,0.07956615304378199,-0.03132493226191071,-0.0009537981463016425
16,-0.03157233559157673,-0.02637479094202695,-0.08776897183269393,0.06565488215013913,-0.013607260986855366,0.01912842079282577,-0.018516903355091995,0.09495201811084994,0.009445144736297796,-0.0647764500925931,-0.07895236527703303,0.006156151382766951,0.010432894511476117,0.045422391203352404,-0.04541439608611707,-0.0029166979002904383,0.04259055010477456,-0.003257099756676809,0.03752744791423719,0.009711179078224814
17,-0.01811015190612961,0.009873478144744149,-0.06655859690337047,-0.03818118077322643,0.05124394896395523,0.015479869888212622,0.0602455092451256,-0.06049745496259734,-0.03180805730737676,0.016104132992977502,-0.04580833545561423,-0.057639733406567535,-0.012081508044453845,-0.014492283615259376,0.041093081159168744,0.03358058515055763,-0.031139790823262285,0.008977600192435148,0.048201692757184444,-0.03337032224736067
18,0.04347824990144894,-0.0005502527817497884,-0.03654647360140587,0.005690217346032166,-0.010141501249768347,0.00662495929397684,-0.028338221787136925,-0.013171087363600821,0.031923787925058546,-0.10704051490764317,0.036359286781832936,0.02611964471518287,-0.002184261409800303,-0.03819332813809667,0.030361880230602566,0.0356118852643681,0.015412946273961252,-0.02474067842198007,0.04129760791236012,-0.01478688248758718
19,0.0771370395644197,-0.01954438490701183,0.019923084603190637,0.06118608734200493,0.05758815791114449,0.0532994495053543,0.11500009537265565,-0.07477105602969009,0.004726819396046343,-0.0008820012668666684,0.03085052256250895,-0.017294906655835364,0.021859861363728406,0.0076545532576375395,0.06979226230296551,-0.07487603935210069,0.08438209559417859,0.03642145431255448,-0.024479771824469993,0.012075060738130281
20,-0.0015562639329445706,-0.061958975860616654,-0.012531574143875278,-0.0437808830886288,-0.036305671589447516,0.0350102501720201,0.02692114085899016,-0.03374706855934647,0.006306443630538453,0.07145444791090012,0.029510555442304846,-0.017415073663801732,-0.028848573623235958,-0.031036661965598195,0.023241287619517444,0.059530765801302905,0.019917109209484116,-0.039078105327698745,0.008019229198997722,-0.018673165498355165
21,0.04983261637339175,-0.06458742531473366,0.042315428086063395,0.005338240875924797,-0.016730137434358985,-0.0006356654205488812,-0.023566382779428026,0.039788161553783334,-0.009898735856482663,0.044339064844588015,-0.015500435240070979,0.04420276723544784,-0.05921636673910576,0.02803387231294858,0.049819195148274875,-0.03431544110980831,0.01603461080659457,0.04677782099111301,0.09926250439272764,0.05048055740622181
22,-0.00916736234104135,0.008742546956892716,-0.018022287916307743,0.014173008362292735,-0.02678180413975188,0.0065267702926112,-0.08550759002584231,0.07707587799113207,0.033146136309681225,-0.030552012997261034,0.02237274297697668,-0.050616804379583324,-0.07279536399283279,-0.028163473315243454,-0.07986165951355222,0.0789229469875814,0.03425037547879913,0.042805405445796016,-0.027472786819072118,-0.029810920158333996
23,-0.015779636744850084,-0.05875888106319959,0.0336553343293508,0.013441644180968503,0.0045030171059922295,-0.026078936380184138,-0.020191867957263753,-0.0425394847861569,-0.12249202128182282,-0.019392286473461615,0.03336714972269708,-0.136544557826651,-0.04014080348212447,-0.06582550794345157,-0.0318891247587578,0.024839528459895188,0.019508871801107726,0.07207674103503124,-0.047197089297595446,0.07269977595426144
24,0.04344917204486132,-0.041703659004205564,-0.06821776757206398,0.09437972509501029,0.020063754529735283,0.06159427335242183,-0.012326983566531348,-0.01673322280141679,0.01973263102284656,0.05224077663187916,-0.051430321452927724,0.020633592392896607,-0.010753127185276136,0.0315624563225524,-0.0019186005060125963,0.030292366169440334,0.003228619745209109,-0.048092482863820576,-0.052487356052980556,0.024247099577749762
25,0.034727430394504634,0.05942066797605862,-0.01398217932504902,-0.009488281655740614,-0.02562444464579918,0.003218174582885322,-0.02267244873641931,0.002437429299900173,0.0018459285506396068,0.04420977796374827,0.05538688095544072,0.06031792567095718,0.02117533062166698,0.02220124104746214,-0.033426485636749714,0.031130749733522277,-0.06391242093256413,0.02170437441165246,0.02012452859875987,0.017128246641653862
26,0.05014237599481745,-0.023225808859815057,-0.012695597661891746,-0.020014040761791675,0.0035896056453811652,0.032508765769352174,-0.022605301674222908,0.07304331712373485,-0.06992675718787285,-0.0346279411809731,0.031662512704893474,-0.029739059231778126,0.06502849696044491,-0.01243003243308356,-0.03678009833914069,-0.011092083640473323,0.061805929763565,-0.034652671917348346,-0.0020201971961670336,0.009887935181299264
27,0.07372675440703275,0.020640524569427807,0.027470931797169307,0.11401449080598643,0.005214453284910297,0.05502993728494778,0.046135218484797055,0.017641410481611917,0.05937446040486998,0.0032146952589379753,-0.06258153452629672,-0.004209577567554337,0.034620425173629434,0.03533531493435141,-0.06302915459760952,-0.01524301993560267,-0.004990145091149695,0.0588430371792945,0.030697364115859334,0.013071172835767714
28,0.009817760267993468,0.011321937968778057,-0.0061662586864039675,0.01860383008776139,0.01760023481151799,-0.06384243286460597,-0.046025131803409725,-0.01770992759421147,0.010941969989888068,0.030568958174039984,-0.006512244076068445,-0.03670296091120651,-0.0014414774034165467,-0.021529811337522794,-0.02452235446622257,0.019970196332372018,0.04105527421453559,-0.07699977127706899,0.036410758299185095,-0.012371578671496295
29,-0.016919690433071708,0.035625592736392375,0.012156775810670631,-0.03003138724863585,-0.05314342072202879,0.04818925009914157,-0.04086647766119591,-0.026345380110417125,-0.017078320603182564,0.014365495584280113,-0.0942634182948989,-0.029879083828863333,-0.13461551057137253,-0.10826698739458479,0.007910840790196348,-0.04853100698001508,0.007184577252536217,-0.02247319003297372,-0.07103104389897176,-0.020046638596440087
30,-0.026159683109336144,-0.05280399126955749,0.020191502583569935,-0.011805371607948647,-0.014866129299378706,-0.02467662194021883,-0.04788351953680228,0.055216544894711506,-0.04597000937008709,-0.01738484646838075,0.005872164303484782,-0.10670148939253934,0.02551623174937455,-0.029243718309653798,0.010257099579423746,-0.0071680886038092365,0.018042741980696615,-0.018392402597308493,0.020956926618656994,-0.00285955274384994
31,0.025647312597624105,-0.041306864554734764,0.011310430762794954,-0.012249798448551407,-0.036874204410488526,0.057732555552951925,0.014545870131684785,0.00017872686749675714,0.049434915792929954,-0.06484837714137008,0.03416149338191827,0.03550340061479145,-0.020414738037692916,-0.071082686702822,0.0037955415468587162,-0.021431099483294563,-0.09114746590656889,-0.011442336538658577,-0.002013579019128146,-0.04451272716661795
32,-0.0420318175835701,-0.005970450728592626,-0.02915541850853071,0.07647071198148633,-0.0403428559290854,0.01644357686646915,-0.040285434762894624,-0.020644339046040423,0.007887953472664211,-0.04019426880598704,-0.03203517940546204,0.03715663023814011,-0.016110172740738313,0.040567017183087126,-0.039668799000709895,-0.0654153614011517,0.025249815785280922,0.03544295387173687,0.058587692105411114,-0.004978629591545091
33,0.024232547187372187,0.024903338200428633,0.042531674289415,-0.07325868153934731,0.06324846232188659,0.008397265983696176,-0.03878805766243829,0.004349934800053929,-0.012561726830051316,-0.09070775577132582,-0.10804297098794416,-0.0015421133532785374,0.042194939699189624,0.07281296998251513,-0.004215376693888937,0.02341075865581511,0.010476299933434362,0.059826938316228026,-0.025918743254530256,0.02512961529409379
34,0.0039879781179617615,-0.008186074955678937,-0.10884827698362065,0.023715165911766097,-0.06768282069878212,-0.024735183904322798,0.002564747597350184,0.008512616361022915,0.003938235849017696,0.023861063115711165,0.019734021453266845,0.03169108419110007,-0.044939795996567285,-0.034719730224839374,0.007100345347326651,-0.045659746971371575,0.047341282753787114,-0.017562487920395595,0.04794966237778132,0.027048884634512042
35,0.057619691784378056,-0.015309748958441704,-0.013818802026455157,-0.02569935334577179,-0.018876340600399964,0.009730196013264273,0.04271474730432956,0.01443777313080514,0.07314651970520114,-0.08939962656884927,0.009228471660086909,-0.05562844880207721,0.03761196385070085,-0.0981684186145419,0.057931968228045666,0.058963847397763704,-0.039386038931328304,0.04974646892133039,0.013991405487096938,0.008016894239340332
36,0.044653665274701014,-0.007308845732186244,-0.058127759849604554,0.0036583297683902218,0.002520199610005258,-0.028417608652860058,0.047354032257726913,0.039295427846453214,-0.0034056126951240006,-0.015863921776945056,0.01022258568164669,-0.0023359726384644184,-0.054077251198619024,0.016675361406929233,-0.02656352266216618,-0.025392506186554073,-0.046565725933939865,-0.02179847137375281,0.09329833123012177,0.02214005347012397
37,0.00803052520300753,-0.033949704136084294,0.024520475660746548,-0.00037677534383603927,0.07348275026206434,0.027170804233222694,0.06792137115292278,0.006843717860288226,0.07122564380499126,-0.03370395786430602,0.013142760643972169,-0.027859001536538187,0.0170041752854268,0.07173057301534949,0.05131298020719344,0.004551984266701756,0.04638289583530767,0.004381856212924388,-0.05401753825297806,-0.058178016544633566
38,0.0085809968609815,0.018783445861981243,0.06961993012596443,-0.0391488365095661,0.0038505455452385335,-0.03908714817765344,-0.015079822088401194,0.010222778121638342,0.05980768674874846,0.14310955383511642,-0.016150290005964754,-0.04529989350708025,-0.046246639577300304,-0.01617089536107831,0.11208693043998066,-0.04626515300990235,-0.033455594151719295,-0.04577298969549477,0.049286167828210874,0.06326438073197692
39,-0.07847011243896375,0.010519433059180846,-0.03155756246116089,-0.03322960893198378,-0.03820385096231663,-0.047359611921207245,0.04214618438983177,-0.06159214031308645,-0.04130774136976475,0.010325319857228055,-0.05886924844335578,0.0877999148945325,0.030537551570101726,0.06405735512061538,0.08682682548101697,-0.028372324097927507,-0.06642396491230361,0.030814054007669404,-0.047899859021175384,-0.0037787625225327763
40,0.018461435682398827,0.0016128531022221735,0.03361253666069306,0.06538723214921213,0.02956661015005441,0.023906542271390236,-0.019710184353678176,0.02625706706622319,-0.013250661790831189,0.004912790285178948,-0.028036090222854276,-0.014142929407968834,0.03494704968725126,-0.014086717500889745,0.041037382484914516,-0.009575288730004959,0.030725464715575225,-0.013351828789976506,-0.006523420804298391,-0.01968458793151063
41,-0.05779044456789158,-0.045140319051663866,-0.056172000887177914,-0.0031358456805702446,0.025217845923172937,-0.005889669508219587,-0.05649629441020114,0.052195528022557544,-0.010985922640676944,0.02531668057269187,-0.014022989181898603,-0.006240860036181721,0.02040111270732614,-0.008723133955111876,0.029241314155190865,0.07074093016215109,-0.09899782021640281,-0.060175704227686755,-0.01194313827722111,-0.010566452065550812
42,-0.04368828006656163,-0.005112263328852521,0.036328085630278624,0.0014295498896900142,-0.017760196427422242,0.059203918293454234,0.010725992381415311,0.010808839807614911,-0.03675025494592477,-0.009849248201369367,0.021637926713388565,-0.021738128077155437,-0.10065016775383549,0.044002360997039976,0.021325794412277412,-0.010529829701253773,-0.012556747483256822,-0.0011254439863359492,0.02916282565455968,-0.08652595304612799
43,-0.016501706341370263,0.02494437218141857,-0.015250091078942794,0.06919013773377539,-0.027434233464987915,-0.014846430528286452,-0.0039117699622360355,-0.003133571121574632,-0.00045120499753820793,-0.014617804988154648,-0.0308894339075392,-0.011880094024317965,0.03179603335498977,-0.044099420786025176,0.002291871462740892,0.05233457600973617,0.04891698899578291,-0.005933809802491766,0.06204530692500697,0.016653915110297814
44,-0.06720194625385219,-0.018041164054181894,0.023501523972838563,0.01191559960889686,0.08366776513459162,0.03499219127967156,-0.02248759785314752,-0.07815632074186962,-0.006389120994855557,-0.014487593676516843,0.018510699750279986,-0.09046332302780569,-0.0583190330685344,0.007486102805444945,0.02514765017528856,-0.04370209914598682,0.030533070549246286,0.025065235533867004,-0.00854151819862945,0.040578410034167525
45,0.029025521496340825,-0.015791688867464432,0.05495413977775152,-0.0773690883481742,0.03381168937423846,0.03342033646388684,-0.0661026950162097,0.035650337591125146,-0.02648642263778803,-0.006735170345907903,-0.039593424508975426,-0.010522945364621134,0.04257931918563173,0.03711805067603026,0.0056956239616577035,0.002976112700061081,0.038643304398069137,-0.03036205918660202,-0.07769335423931015,-0.010517196437107133
46,0.020136333831604278,-0.07969421293667493,0.0010610688719222448,-0.0023142017427496735,0.023333522942298936,-0.006904817014066707,-0.02308511987703536,-0.0143677449249297,0.016853620541131584,-0.011907823210876656,0.04272244028342617,0.036863973181308754,-0.09217615622256335,-0.004946396230031729,-0.0984699745385099,-0.0656404957607185,-0.018847594481480233,-0.020948734268268265,0.04623740508924197,-0.0715195964288421
47,-0.016470567953275658,0.00854433589071002,0.06364724873707057,0.015473411333583056,0.029065741294830413,0.03321300471520091,0.027819324217289727,0.033418728482292395,0.013589033103691002,0.10243976818263602,-0.025636151162078104,0.04093944296041839,-0.005848113912315716,0.03908221602761707,0.028309864791499603,-0.08000641629720451,-9.773583795963778e-05,0.05552427059188507,0.019991733070843693,-0.05103054544531303
48,0.009699991142261893,0.039598837904721816,-0.04589881507260745,0.012629067324240852,0.01466532090391935,0.010472255582429323,0.02787987829393541,0.021124454899037824,-0.05530188148567509,0.0020498599824084205,0.05610095652271475,0.1028751538621893,0.013166015008048518,-0.04686282352865781,0.03486142661627239,0.0484662532747716,-0.06600037936547788,-0.008533107058616362,-0.02543781200594685,0.029444931035560507
49,0.07166451399854384,0.0033074994837226277,-0.12227898699975846,0.002515264075023866,-0.007463173331071866,-0.07878962504934961,-0.01801311998696209,0.0367446523721605,-0.06241346382087028,-0.02670056184586544,0.010813924013899858,0.016262681082593343,-0.018316858684232058,-0.0073183900448655255,-0.051495740595592115,0.01651978906274154,0.024732991523246466,-0.047328437316248514,-0.039823135573966856,0.009953857397599809
50,0.024010132348197412,-0.004643302464654424,0.04928309241263276,-0.042969211391159536,-0.01489397937359577,0.05469301704555274,-0.039908550265895196,-0.025010577080376906,-0.015731273769184883,-0.054921401443088436,0.02610186016656345,0.025415799251094107,-0.0026670506201301866,-0.020363035560481225,0.0871061115747853,0.024420554080930638,-0.023737136376459318,0.0042725486041236245,-0.06989333902201034,0.043509044419902256
51,0.03505631237931348,-0.0382816494850497,0.01972093722072508,-0.012518133320687304,-0.022074889691746476,-0.06164040166984793,0.023552958041343896,-0.08899151617256337,-0.004635250742702489,-0.029512465977906157,-0.010424092570605338,0.021132093462056408,-0.03046212363571443,-0.023092190676786504,-0.029324945323447038,-0.06424000324582185,-0.01112212706276096,0.041435924098767174,0.011127940592163987,-0.016726415944728953
52,0.01537035986769982,0.05682863304055151,0.01443131040772137,-0.06001526948861121,0.010601744833453582,-0.10803041330523339,-0.05041559392850926,-0.059860273006429536,-0.0152887093121996,-0.08322571729771609,-0.04481281101296576,0.06967884593383618,-0.011760002506861659,-0.058328228790638974,-0.06531304964772355,-0.0977656969828786,-0.0489455021152322,0.030764418882823916,0.04739656071069325,0.015073334727691337
53,-0.028992903777914372,0.023375897263055365,-0.03949720457816791,-0.07799028589810249,-0.05571423529278578,0.02145549769167874,-0.021698708722018074,0.10932982392607708,0.007346608429921065,0.006700056714019692,0.09000279032472178,0.07049311007863493,-0.026366464553591873,0.034327487658691286,0.05479837035197571,-0.0019028170892149369,-0.08106078218438273,0.04074347361952201,-0.0012234563705403713,0.043828023387095155
54,-0.0011642692711612665,0.015424142008070841,-0.003906224436033829,-0.031101227875728964,-0.03813976105899288,0.025841731761670875,-0.015201696455116034,-0.014002384237403206,-0.001598894750968278,-0.03162397558443663,-0.04185911257267097,0.04603108114402399,-0.023326589694368627,-0.00963562836278255,0.03972049614628934,-0.010476607147333245,0.01440849227817883,0.07122549097138763,-0.018911048770125435,0.05524232388347059
55,0.05472334558278046,-0.09417919195367466,-0.048552542598857974,0.032314761991036625,0.01254294925121441,-0.03222845796408057,0.00932021383644428,0.0749808731007429,0.02724734731377608,0.01654551051712131,-0.04545628680234642,0.028252981040975213,-0.0013967006594837812,-0.06179044356599506,-0.03498989984617966,0.030045430664287925,-0.043398211629799434,-0.010839561907550409,0.03369466455517805,0.001898098050489949
56,-0.04526911063950861,-0.04970903123266027,-0.0007510209505621907,-0.02223883935437166,-0.030752331971533774,0.013573336545038107,0.016375616469462496,0.029377630009256667,-0.03968086834987921,-0.027862478380732185,-0.001635565900765439,-0.006055040469961171,-0.00010560026542492799,0.040863926609947455,0.08990215425221602,0.05722620316494716,-0.05597379196357047,0.006484531458633303,0.022495744190111584,-0.061844517546466284
57,-0.005634417174701219,0.014847868956792262,0.013411231517042613,0.04453475328497557,0.03252312279507896,0.002448865041071385,-0.019426819581285764,0.0005232152102520332,-0.010977426620853444,-0.035809763291849504,-0.030569098191682697,-0.054051631677283586,-0.0028200343703814095,0.027903360130005828,0.04312352549972167,-0.05301273968660899,-0.026561714451287598,0.11459505083951789,0.05121057032381783,0.03264217261239894
58,-0.010668349015046255,0.04630309679901557,-0.08377072861306084,0.02314619051572843,0.03661400409692308,0.026881020559213906,0.01031082585942867,0.11046711357684195,-0.013830265141491905,0.02877846139151474,-0.12161022309035226,0.0864168990768175,-0.0016684522902082697,0.061258737127044126,-0.01428297049566125,0.0349544458990731,-0.020457055662133312,0.07772508784078344,-0.016196753684717693,-0.008703804811748083
59,-0.030878237679256758,0.04521932420137555,0.027547067204947928,0.14693092650786474,0.04416174243850829,-0.04224201140351565,0.024950984830663936,-0.05883278103676802,-0.08591712886574794,-0.04055971696593399,-0.029659735044186158,-0.040360791549485256,0.04480116355924243,-0.07439191972950607,-0.0001826625269211037,-0.0031841796708431715,-0.014727911811503368,0.031877283494234326,-0.05218119276682842,-0.037174260324151734
60,-0.009859657638772083,-0.003588941388942067,0.041430488933196265,0.007995367445220754,-0.051687551275723734,-0.07927900368192788,-0.0014838134648840673,-0.016779374505291766,-0.059397311426695916,-0.01975838569923612,-0.03149735920051724,0.04083417621106338,-0.016857193241141332,-0.02338987146754211,0.03720646021153662,-0.038489956168818854,0.011288197938183956,-0.054838507993390434,-0.005703564305136995,0.06468551748398482
61,-0.012292483319516843,0.024056089920005578,-0.05067209773405545,0.007349673401979072,-0.051411798607111314,0.024453415374216643,0.018992853507630806,0.07187574361277915,-0.044341513904978154,0.024859903366678662,-0.0726799884959126,-0.018664030775059966,-0.025360551029008607,-0.0454450860751037,-0.029201967013671202,0.007767390200678137,-0.02922225688786605,-0.00991196414145669,-0.024479710412552654,-0.001994030593301622
62,-0.04470460986350993,0.03918923418103479,-0.05227143226097834,-0.009313175856956792,0.03628366986787513,-0.05203247194745884,0.027433993353165764,0.018620583042057097,0.01047288164029075,-0.012148055596580068,0.008345209086832688,-0.014438007160535152,-0.02475847128331839,-0.025274884227076456,0.02498899635088675,-0.07272350296353312,0.05735126926405951,-0.06286236114872513,-0.04384365560950705,-0.0030847495152278586
63,0.012236454720331523,0.01669473464387878,0.07076491132501893,0.0452713169606052,-0.004119656063212331,-0.07593341225235638,0.017212575407259702,0.010504619013322848,0.03350126631503456,0.019557930595721477,-0.08848448317405232,0.05124385883334164,-0.05748522334201441,0.05673088975423124,0.025692036738154872,0.012159129315518996,-0.02304180169056334,-0.05061280156048284,0.06096582874175163,-0.024161958090959026
64,-0.05054909365575514,0.05042554690382703,-0.020707643836928056,0.062158038722617714,0.011058679672176544,-0.03853352637194363,-0.004606991234686597,0.04927226224774348,-0.07959050418737046,0.02237209211472513,0.008854513364232217,0.004606437640598838,0.024638573309833958,0.03501263097581297,0.010505428306646,0.00908623316743274,-0.05510446034239447,-0.013730746986667337,-0.016133315163523513,-0.04470166289695853
65,-0.0011203169550133114,0.05514807386141113,-0.09496807338931372,-0.04796590273324045,-0.05264116380008785,-0.04299267981391085,0.11315375462277825,0.025752858121516908,-0.09226784958618027,-0.10508908235859846,-0.07051571012944573,-0.048090523876270753,-0.030521218486051313,0.05356312718425151,-0.02403090037895586,0.036798885609047115,-0.07850968032485013,-0.03589903969824688,0.07212569159761924,0.08126458671119732
66,0.007401994381173714,-0.024927073591831994,-0.02932975203304062,0.023950421964132492,-0.030665522202982787,-0.10554862136320109,0.05904758299740373,-0.10568482627395173,0.016236566347784226,0.04381526540776925,0.04175533682857818,0.05774456997895245,-0.01047726788505283,-0.022639882126943105,0.05032585038381626,-0.011530758953241594,-0.052866417103237105,0.0034677271332152425,-0.0038167121363838303,0.036586680936346545
67,-0.08810202378907438,0.015275812175439218,-0.037499089932535166,-0.023030677745592004,-0.003073252955079231,-0.025553912830700156,-0.07577045207861767,-0.01374524690842342,-0.10342740855779627,0.0380334728651404,-0.05902751622349821,0.046706822185552124,0.0028262318850546357,-0.02920098745787424,-0.04052953675479309,0.04862031514205882,-0.06691628790575337,0.01350798486178504,0.043545224775482554,-0.016890199090730453
68,0.06459781632981064,-0.018818839049578193,0.03568848742914112,0.09866418966939113,-0.02582026352378023,-0.03262095641991961,-0.14726693431408588,0.042935686282047386,-0.0225101567963919,0.010402847935890358,0.014847582106059914,-0.08953189716051896,-0.011887621965595032,-0.0070901676180393355,0.0870985518027696,-0.011396671485309984,-0.041932303899578374,-0.016373256118870763,-0.010576554220423752,0.019477762582873148
69,-0.005264864529501429,-0.028599797780288476,-0.006395598202525437,-0.021738123252179133,0.08354926572960242,-0.03754016395355073,0.0328019655600316,0.03504481413869963,0.018495719063157032,-0.028966091902171087,0.038685512592509845,-0.00593400923782416,-0.04994369960635339,-0.061448037924908855,-0.01649331339503736,-0.061519682369078114,-0.006170697237185986,-0.03878933626163245,-0.0264554330472742,0.02563057558464219
70,0.040272187695740314,-0.004040369339472397,-0.0849334978200562,-0.04160439731360686,-0.029452050231090664,-0.028627050990114433,-0.010468994636866314,-0.028140814663278363,0.04514820201267042,0.006101887255295602,0.0006315018682323762,0.07737119307377452,-0.033806971759982096,0.01202044813505266,0.06389644761294563,-0.01319175687832944,0.013849799256163638,-0.015508327902446273,-0.0468404145500158,0.06755893005298264
71,0.020297852325725674,0.031849294272131255,0.05944098219787609,0.030836890491109745,0.06048010458516178,-0.05698448518149183,0.008686284985265358,0.0012765930652166681,0.02038188245635277,0.06881677547051154,-0.050726386141588815,-0.032262742433863935,0.04158293470984388,0.0381266262092555,0.04370099391323521,0.0026627741135403157,-0.09337427956099867,-0.06646103210770685,0.028857860976868936,-0.06085257007181343
72,-0.046357605505652884,-0.04680927741863822,0.020705520476236455,-0.0392408464570923,-0.09767140223627672,-0.029338745092249072,0.016101712720344715,0.03948538821771688,0.012508358715243912,-0.06437324228560998,0.00434827352367319,0.0214289687907994,-0.040624764399364945,0.01038940698513681,-0.02669915346881877,0.024329720900427683,0.04820151478888371,0.04798658745752992,-0.05008481197777015,0.0008228230463090055
73,0.08508753251287555,0.07062130444796823,-0.021115035200917995,-0.022024063109026607,-0.0003669895252110407,-0.02718887188613338,-0.09179660346794187,0.014045246852354634,-0.03243350141162291,-0.014913725212345845,0.004799712661085848,0.06416861606338499,0.024767910644573263,-0.056855993447978724,0.04515978161316425,-0.057533584475289876,-0.04393156088619314,0.013788378211233797,0.0448564910666215,0.0011751672439754691
74,0.002613167108751271,-0.02486802093566597,-0.0025763703469728234,-0.05606633130008212,0.018235486102671096,-0.014161837562344903,0.015678257557777544,0.07213835560548296,-0.010150646949212234,-0.0166112082343591,0.04957219034871042,0.030466557796928907,0.07557238932760577,0.08724347521086628,-0.012683248730317578,-0.09896613035922336,-0.012486954523187684,-0.04454748576881122,-0.040736688940793256,0.023392132422130476
75,-0.053704322064417484,0.013889698453891495,0.08218517117432848,0.03644260367704464,-0.005179040207458131,0.03209827809274395,-0.016646108679834813,-0.06029349308784105,-0.03323942205657953,-0.03217176016816063,-0.013547777808764908,0.029886012293166314,0.0043262362585758975,0.015536131547767132,-0.05179268393950546,0.09130741190811577,0.052061204893756874,0.03797827921347777,-0.007840354218089124,0.003174579461269117
76,-0.1099077872787491,-0.02617569630322618,0.0436226637873339,-0.019661567675395668,-0.003782521180483508,-0.0471682954304377,-0.09720133798256926,-0.015250777079116288,-0.06691891228852694,-0.03653211296958243,0.03909535393928488,-0.004393597433577531,0.013056730389213842,-0.00013086272683646047,-0.04615970156139864,0.030774834332224405,0.012463650587387054,0.011616088912308285,0.040960823519695835,-0.09079988315180582
77,0.017608621366690336,-0.08288365908520914,-0.0011261886852335712,0.0033045437354513327,0.024938332797542623,0.006834641875506092,0.05397133459665239,0.057977221809743684,-0.04048253344066462,0.030252366019198642,-0.03300086973762654,-0.03093722652292889,-0.06446257238081497,-0.029928545541130648,0.003333560692904753,-0.0664115426015763,0.03105375843519342,-0.0074106366747270615,0.015814690813639433,0.01785072504342953
78,0.05498402216036273,0.02384339438035938,0.04992010803028663,-0.009720663537357068,0.02526471458765775,-0.03201796876703623,-0.09008533475868158,0.04323688623170114,0.07911906663744064,-0.035681991461793135,0.028860076107511963,-0.00466047645595894,-0.056705122398160154,0.01632235569923246,0.03794956458382603,-0.0110928614302467,-0.007068505077088201,-0.026496502069598745,0.023824488191355395,-0.0874079774154354
79,-0.03238527976641162,-0.014380093521461712,-0.05279289913092551,-0.0037983114783171367,0.0067244062608185625,-0.02642253184372803,-0.12364992368720908,0.0029282368425300647,0.021486195855942216,-0.032198392786778225,0.0060443378854891355,-0.016207976139223194,0.053678939297207136,-0.03722634942999581,-0.0009138076629563597,-0.012191317230840496,0.11814482376082203,0.0007938636955927919,-0.005782104631971694,-0.04280505061056393
80,-0.05846221824235275,-0.09203319539481472,-0.035038276640118035,-0.010404446495525958,0.0555040829325011,-0.012945392470766261,-0.048718437129586824,-0.003520677635800964,-0.026847835115936,0.02576147158632275,0.009638824761872099,-0.03880518945766982,0.006338645489838963,-0.012402890133511382,-0.056651672055049465,-0.04363530402207253,-0.03389026059383842,-0.040985519398495915,-0.0006768184329582632,0.022771013894439533
81,0.010763082167046842,-0.01602466305293073,0.06278052930780079,-0.06357216460517578,0.05437802027597723,-0.040835868329532454,0.024452436630503005,-0.050233236533525155,-0.038923590248172706,-0.004085738352653995,0.04557637961628674,-0.0058149473805012685,-0.03054604733432039,0.08472141567409919,-0.06180171266802554,0.03365631690079918,-0.06501484300574348,-0.025312590267053996,-0.03600712614694508,0.06842484024939514
82,-0.05228048222029285,0.044657703199380394,0.0001764812774783947,0.11117307233509445,0.07704907035943154,-0.01966653806849757,-0.018579999637814065,-0.08434100158094808,-0.056663280063266465,-0.01749934248647869,0.059729440161871206,0.014364000405545587,0.02044999648591145,-0.06305112549094403,-0.03948483724906693,-0.09414357760153483,-0.05792216612345856,-0.01647494244455827,-0.04953100510446827,0.01865689107903514
83,-0.053186944076495074,-0.0011963344309659063,0.001692570158019756,-0.012589017157604281,-0.031688428406671756,-0.04035615495456279,-0.020758384029082363,-0.006440124747016933,0.011615457751292406,0.08198266880614156,-0.008835078971422534,-0.08229636447975831,0.016849805650636936,0.005928650148872966,0.005044120666088234,-0.03401610094454736,-0.09648133251398425,-0.08226022662650459,0.041795793782630195,-0.023794929530804688
84,-0.0620996199368144,-0.011918718946632203,0.0045423076614648575,0.07331786677668262,-0.013818470192266185,-0.04008672103061888,0.03482766210384124,-0.005245973922430419,-0.00321156582197349,-0.07315291202781629,-0.03754406512487879,-0.03457957562872596,-0.003925168214995786,0.012172174397218486,0.024026483408393175,0.10493663432740317,-0.022133038872558828,-0.04657816279670282,-0.05355403088722043,-0.04042677300715386
85,0.042682173357126985,0.11070252043610285,-0.07472317512306716,0.027937536725022756,0.04160918094308755,0.01109658419199096,0.0467345099049342,-0.049527598480527346,-0.024331014384928143,-0.052057765077063806,-0.027813095833710114,0.04024190846641146,-0.0071879529526749164,-0.023710075983863776,0.028817614323103903,0.020820044638280813,0.028769017810616655,0.009245278485556833,0.040068674440008036,-0.04596314476495904
86,-0.05604037922125927,-0.019760182911284944,0.0987495100797819,-3.9092555253034616e-05,-0.019620301816496606,-0.07405598652415435,-0.06294363260243241,-0.009468354584432018,-0.058001541970816674,-0.0528202089618866,-0.00838252271769322,0.017323335643670567,0.03772083681021768,-0.045459019517388816,-0.03502175910812024,-0.00507535611766033,0.045919244789144734,0.04563228842837435,-0.08278980067245731,0.031570975745289206
87,-0.03297164567305027,0.10370677239764357,0.0274692487449088,0.03460639170019263,-0.035190972085952225,-0.02702114466210369,-0.047132365386504047,-0.028506688783260216,-0.0030696065381793105,-0.02994885731752307,-0.03929322301289552,-0.05143816860645838,0.02763825301743598,-0.06296554164640189,0.09305899058230613,-0.017253331009385715,0.03744884159863017,-0.0063181199523157806,-0.023444867862925826,-0.03100524018545929
88,-0.04244161329974367,0.004614534137472977,-0.006652920470759455,-0.012154301688424886,0.030179642011941135,-0.02835192739332871,-0.012328005652112955,-0.06703332084866334,0.029897651270841572,0.10586945808654122,0.05816442959641124,-0.011177914517105694,-0.014164870182517445,-0.058354121538601825,-0.007279920588981133,0.0009836228445739773,-0.0093661909936788,-0.03598391864052975,0.07859305665253702,-0.004297856683384556
89,0.09391511736304128,-0.023387675692229364,0.014846857689005092,0.055464947058018334,0.08473920961474783,0.015566299829658606,0.09191629539511806,-0.05986107523327581,0.03255749217830705,0.007966911779332899,-0.030715321061050085,0.08297299115905322,-0.051877572065049775,0.016713323401397723,-0.011108242305520391,0.019443626255990436,-0.04545052385441698,-0.013542175702540495,0.02205496803708781,-0.015243872451110854
90,0.04374273913081931,0.045487164905530605,-0.048512231409750146,-0.06351995939865152,0.021953835819193347,-0.0554332945917647,0.02469564482623855,0.02947821045536711,0.006059264566614732,-0.0194865631707322,-0.04141578042433414,0.091513648640288,0.010187041334110624,-0.038930083798351674,-0.01347158396847779,0.006941047247191625,0.042874545802663575,0.02173006573575019,0.045000717625015396,-0.04181146179956363
91,0.004096079982205844,-0.07372253664811282,0.011011487111127271,-0.029915165671314973,0.03498900008792582,0.053083060196152415,0.028106217226181597,-0.0017125471544048498,0.037283847564004685,-0.014063249865785754,0.023436510609671973,-0.021222290320433344,-0.024899127032954736,0.04135700370472691,-0.02982177463845355,0.035585532223188186,0.023940905736787622,0.08578418918794548,-0.02277319959720326,-0.049138534426709936
92,-0.06743244442749488,-0.0642760062221281,0.11122495836470578,-0.01703145584406677,-0.011023533848217094,0.04777461115151279,0.010539276817709086,0.029807623345659173,0.037801473155698886,0.02454915004109408,-0.006909615938235272,0.04529346882882245,0.027420695050983934,0.04236080926179036,0.04865571284925691,-0.04156481928165571,-0.0017442006515375893,-0.013069529507610847,0.009068563311450546,0.02316586076125215
93,0.02285364236756228,0.024473696693259113,-0.0128596803584841,-0.021186625063491806,-0.0629435655923875,-0.011738045478115194,0.004896351579839113,-0.007417570773136075,-0.015843298169818536,-0.038695938018215345,0.0028999634332712645,0.01976203306683642,-0.0012313366562736554,0.028314034191710316,-0.09227154805049714,0.012967953574302058,-0.045897996270973705,0.003436011701580399,-0.05665426401736384,-0.013559873499215716
94,-0.06876048708677396,0.037639664163807665,-0.08571910206325535,-0.07960178452425438,0.08754479483585273,0.008338189030946287,-0.03265221728538982,-0.016957080485938223,0.0594642653593189,0.005390440619730498,-0.03824524996314112,0.06987361275294861,0.005528335201916803,0.04183352071496263,0.04729611635414998,-0.01405030843786476,-0.052724622257877274,0.025908001903832037,0.02787227306762144,-0.055401399062057856
95,0.011534073944340162,-0.045695631355354885,0.03014579052377078,0.022003084321152513,0.025552847009853663,-0.02663154908948893,0.02962333210766668,-0.004275818317584266,0.008361169917823309,-0.005594850610915182,-0.004899105150904293,-0.015868073297335177,0.09073212633979998,-0.010073079244195322,-0.07206780635502566,0.05107991120001273,0.03846636138505057,0.021747766137574214,-0.002514604800966422,-0.04510378193563023
96,-0.049257209696166565,-0.030872572587252668,-0.00526364874745583,0.02883703393987428,0.043446872411050406,-0.044320946534136665,-0.0031523728092294977,0.01335266520487738,0.013784128474954858,0.017768630430755317,0.06438446824163592,-0.03336693760510871,0.09159183713112316,0.039142997521934425,-0.003833667561053492,0.07541202117662354,-0.011033133103676332,-0.0454522390456552,-0.03484784967039209,0.05784404243151391
97,-0.017923444101075117,0.031106297056573563,0.021145855888513768,0.04265240519971945,-0.05061258270076974,0.027143469144759964,0.027116218173629653,-0.024054350464011984,0.10600841730262833,0.0047235663052533905,0.06100058743789641,-0.00421673804461948,0.13304409011222976,-0.03788543141276856,-0.07143855451982978,-0.06741948891464572,-0.027257211488844114,0.027028540066401506,0.037266997231239024,0.030739947121258732
98,0.029160257485267467,0.0007830391166278684,0.07859864723141805,-0.0622040832578873,-0.03159945356486877,-0.005335531367290191,-0.04553351144769355,0.049462569171665464,-0.02512662482247614,0.0021804292883890928,0.003220504667434013,0.031059521052310437,-0.020263651821420568,0.002836743354307851,-0.05954745721929733,-0.0044411142985951975,0.03267572270695785,-0.06349600706201258,-0.012403509695172715,-0.10624842750974917
99,-0.06282588751250975,0.0465553742818381,0.01852939678394949,-0.06899697851375867,0.011194150973811698,-0.043218132273635135,0.04090917064826945,-0.08888509052684389,0.019928715259199672,0.08583862227351842,0.035468956606871715,-0.02653766254634634,-0.0718835041698501,0.014484127138763516,-0.09247427944380504,-0.03814623044773286,0.02855272135102917,0.03222772729320449,-0.016137534976820436,0.007473542820668322
100,-0.04692008156450309,-0.004727723011108533,-0.09569570942873475,-0.015664203531424312,0.002343748985089171,-0.013603184438683974,-0.026772163434192368,0.009823997839629551,-0.002921896013856689,-0.044892173836770174,0.033629163745773634,0.03173118729376915,-0.038886005963474975,0.04231226921321181,0.0056936740905660565,-0.02088667641209944,0.015575263147219888,0.0787775625810034,0.015905170342996017,0.030578555831187567
101,0.051942951248907555,-0.018447735011629968,0.022003044956094404,0.002744188189469665,-0.041343533358940934,-0.0010882252251433935,-0.050147981569598335,0.015923881968017802,0.053404753170976066,-0.01650111275846664,0.040111418194396224,-0.04415239706955372,-0.03153805260206258,-0.004896040591989886,-0.07764162915748488,-0.008424982772953404,-0.01603852228902958,-0.045345270539534445,0.022177699373181977,-0.10208993803986335
102,-0.022856556396174305,0.047620355625834415,0.03372648586247469,0.039723469721136134,0.04599165581847363,0.043109493418760025,-0.03721723884431451,0.028759180831942892,0.0008665073450754252,0.011925717071637943,-0.012633026615597755,0.06909304401415589,0.023803977726486007,-0.07227409507953843,0.016843167166148896,0.04872908769420832,-0.006639749605046304,-0.032828999258126136,-0.03192986783301936,-0.033282936798366414
103,-0.00797797003548074,-0.03587476905518272,-0.021837501853567427,0.02811404497989523,-0.028765636523946498,0.0015407600139442166,0.02595693455266039,-0.020591070423376847,-0.010899817192752667,-0.05350388295225642,0.01603404783784279,0.029866524519064526,-0.00893229983133902,-0.010195855471686822,0.0354394068875382,0.01352277114305942,-0.06966585334359611,0.0068194436086911675,0.010720033758645447,0.013117761009189646
104,-0.015426568729694484,-0.031838322925781724,0.054041239695306754,0.04071769469643204,0.018885503688468603,0.00024776958890681893,0.04312743398026862,-0.021682501679050056,0.010035115025847403,0.02686284534256699,0.01840661529633915,0.014809466537085212,-0.0011142800320144035,0.0261182084164549,-0.025882532968014724,-0.022241045173660167,0.023386137480193574,0.053734756096071,0.01489796918166647,0.08394867077137674
105,0.025357624234241684,-0.0036574345858718,0.02275056030716772,-0.04956281447692577,-0.017252965719870672,-0.03228358647154246,0.010502020709336042,-0.01425475001386109,0.02632311510350277,0.01254865021139323,-0.03458642541917005,0.013030763030980407,0.017180571916495604,-0.078119824696928,0.030726092266464358,-0.03871108493055656,-0.06376849724195716,0.02194266435550402,0.02164732511113509,0.029132794804072625
106,-0.04291524393163889,0.07816548838437536,-0.03956708681271468,-0.0012906996126765592,-0.003011555283588048,0.08238422404904434,0.010031383301999569,0.008482237796843374,0.040830611065914235,0.008348935451697213,0.0009567168538624407,-0.01602840236273496,-0.03575818192233823,0.004077630410038812,0.03084426145206772,-0.05815060201492353,0.03287620789507721,-0.045099822642128466,-0.04387893449377533,0.016956685461248018
107,0.03819364395931491,-0.09846244656944393,-0.03635338621860581,-0.013260218439627876,-0.008798409164412364,0.014255552951485229,0.030240115296802202,-0.07473153968790772,0.03463419988688721,0.004730572571695787,-0.00698659570646906,0.027229627593990183,-0.006282606523484557,-0.027362067171924007,-0.05743944095651403,0.057884375659433544,0.015385549379247701,0.03670053662332511,-0.05639619951372204,0.0014335931701846979
108,0.03158897418331689,-0.005619643676511234,0.0018734552913429994,-0.07304479037470071,-0.03587550602650565,-0.014224377931838932,0.0598330207889439,-0.032451471438643686,0.0347738762712724,-0.05302505522664003,0.04780846718013517,0.019565128763071846,-0.004624786479814125,0.0038749295229180687,-0.012165678733702676,-0.038846506640642195,0.08004583391554715,-0.06948434737520569,-0.08703229284766238,0.01096352886005976
109,-0.0849972749877328,-0.05080410594284892,0.08161253476381788,-0.006933040877516936,0.006972787836233323,-0.08742400690373726,-0.008038372749339176,0.04660125926417362,-0.0002023435345372365,0.015509457903080014,0.02539428958697985,-0.05341926778432124,0.0673209496784695,-0.004286091463213459,0.012036315302114055,-0.022390276466123456,0.05096476094898247,0.0004448047478775271,0.02004627184568486,-0.07261106311461177
110,0.040081380495129756,-0.024096201988504394,-0.029990930716801763,0.05851148301331085,0.008513178794180475,-0.02356731080529063,0.0017342571726327732,0.025982753476484845,-0.034193121880808516,0.08394888940891912,0.010704525392583684,0.016950722013285034,0.06363940654445674,-0.079812551753778,0.060779765802074705,-0.035763327454515485,-0.10391973263143989,0.057179170263992773,0.03900793315000789,-0.008502051433958746
111,0.01188854174872776,0.0042396472628705665,-0.004762280319723886,-0.0087663555508342,-0.008056809134407044,-0.03350775816685751,0.04644535794746419,0.05772805097221634,0.06733807353100689,-0.00276026900220062,0.05283367463572316,0.02122598440885525,0.11030976769225544,-0.01322693139151441,0.0014266405675547578,-0.045095737591341035,-0.0036331380834664626,0.12381755989559591,-0.07086228300775273,0.014096936096002214
112,-0.05229459081025302,-0.04197282624064677,0.016709958701909427,-0.005133414320346268,0.02167331510541596,0.1269096997390458,0.05378863070544443,0.039624203278641544,0.035232277393862296,-0.018422545968210007,0.06848501939665086,-0.050391854201880165,0.042744181386534595,-0.0059349779930101204,0.0031342362877839597,-0.034257587836277935,-0.08767069534117714,0.009013462784204012,-0.011442279610964808,0.05793957909986675
113,-0.03396512749066459,-0.02314066577879003,0.008144272706784087,-0.051319882729245286,0.04527131494205705,-0.04030543786060452,-0.014800281335803835,0.006981912057244662,-0.039744228663548334,-0.0736764061311343,0.023403884303505516,0.009605599445591898,0.01856178240025427,0.045824089583923346,-0.02752995021826504,0.006572978706512851,0.010318497067955285,0.0024711393281393853,0.030891788681306404,-0.10700532036339672
114,-0.04887783497323598,0.04956506454114025,0.005159240595744818,0.04902125253422393,0.01665267882372034,-0.004904042231691948,-0.0011903207060810215,0.029369197033540656,0.030618555104061744,0.019882749377984715,0.04928526891656142,-0.04750870522267639,-0.027390151047633798,-0.01998369042050343,-0.019673080254632727,0.00573895729810775,0.004236907799638113,0.035230393774752525,0.035296865776457485,-0.06075243005378477
115,0.013694145384683998,0.06505727242640036,0.04413917201285856,-0.04174106993097883,-0.005064098938317902,0.003351778806261831,0.06489510828378962,-0.03178048956274509,-0.0695445374679273,-0.01445395281673046,-0.0262252355990646,-0.0004943133982088144,0.0041936235764818254,-0.041701779364427254,-0.031710182819965606,0.01928767360925817,0.030613527529193607,-0.0036552252313982406,-0.01499673003063122,0.022978893113575885
116,0.002788038396153204,0.00579266541165588,0.04994374077804913,0.032679916132148,-0.031791634422256895,-0.02074741467383683,0.07634825465227867,-0.04149206228279637,-0.04274038900012878,0.1081897319940631,-0.04198305520835673,-0.12502221963567633,0.04044623401890932,0.04309889275621506,-0.06439208913093601,0.0901843415739602,0.008463295504413893,0.007430882321211193,0.0811096608779984,0.08391079849747843
117,-0.03671279754730649,0.031608732730410066,-0.0919830175553828,-0.0013574445839623285,0.0026980130076831787,0.04342492327441933,0.05920038928245096,-0.10206424709894678,0.05510860148280514,0.020065744750372084,-0.046749446229649605,0.015718871696537504,0.017582084281313134,-0.03509499532633812,-0.07907934609775771,0.014275565137304526,0.0090495094007851,-0.01698765313533544,0.03973839557036755,0.006317874445421741
118,-0.03015337129057559,-0.033267160713332786,0.018589507663756347,-0.05010212606973067,-0.0018847421817405822,-0.010604927728010615,-0.023462846287787515,-0.012167751005267744,-0.037108529538638343,-0.004889835710141103,-0.03883596473961495,0.03746220225380669,-0.03426003386744708,-0.014902531936050551,0.05161051576424274,0.099422397474826,0.03354152393587156,0.0010402924673444942,0.014234911265161698,-0.03829498177112696
119,0.01958581755166773,0.013036179907165856,-0.02753125326668891,-0.03623006453393739,0.05425807047000793,0.060345173042206705,-0.0302335799159641,0.05205278316065755,0.02646258774355402,0.0455638629775528,-0.006687414060182386,-0.01989577139409285,0.025217058340036146,-0.02034022052672193,-0.05433184434308703,-0.02030269725961891,-0.015548216299675737,-0.007164216685689121,0.04375418560754797,-0.051408136967570114
120,-0.0030275723350601746,0.02384120356393667,-0.0842079838213045,-0.005746128509043461,-0.07308512573737198,-0.047980514435535256,0.05145519207418941,-0.07469233869055572,-0.08014109252190232,0.059763571005809694,0.033561684111849024,0.011830734249690219,-0.007549105635622029,0.009227029167903276,-0.03281862007518048,-0.055489694198398824,0.016077464769868176,-0.02401964277682595,-0.04426165082330298,0.005449495436722308
121,0.04893289359913612,-0.07695319479067571,0.06727084699469998,0.010352968432036376,-0.0012040292593733528,-0.016713208899786704,-0.052695837337082274,0.027502391985174506,0.009691402741857395,-0.021334993892538377,-0.024384330941038725,0.024044963204279325,0.0010194916018785869,-0.03287767804110805,0.012806137019276779,0.026372631588008226,-0.03622833984714652,0.08231528934491467,0.033490289672935075,-0.05199170051187535
122,0.050837189607547316,0.04785500746805709,-0.025805395990454515,0.00634838854387477,-0.05933364975188841,-0.055420413939713004,0.04597525930522359,-0.004889816987961541,-0.017771195799876478,-0.04742406411631588,0.023086454264246478,0.008607838410661522,0.042544778193525826,0.0255305707466562,-0.028254802290437055,0.04302386432542107,0.020623501741404954,-0.04640495869028035,-0.0014122540290878317,-0.024572726047044708
123,0.006620813047424166,-0.039232159119115574,-0.0540493365045727,0.004968682883929737,0.044872047142603004,0.006092736361195217,0.04778259518899256,-0.0024886382955411836,-0.0541148771107975,-0.0216269059894061,0.001024991265379843,0.04454022472982193,-0.02603969730408426,-0.04024116104345409,-0.01912171354710149,-0.03571688685913093,0.0743794960360822,-0.06461780666250952,0.005254187490913845,-0.0008176476339410386
124,-0.010996910002970558,-0.004668464219724407,0.05062348121142932,-0.0485663906546919,0.046000139424669684,-0.09975924724357485,-0.0014104927027728004,0.060154934687807964,-0.01780962876872402,0.042987469996703,0.050835268540781874,0.13892511605797375,0.06343784321928524,-0.0229519785701105,-0.08945344845656274,-0.02405161146440811,-0.03656233764661399,-0.02741690625014322,0.0042469641096718885,0.017580065283818187
125,0.022869655791409697,0.010331440332312498,0.003737043322611625,-0.003589311764410678,0.09785105951131412,0.022664439237526455,0.011788686403211625,-0.021521435260682457,-0.02933723185952431,-0.013408140220699158,-0.020862589305876367,-0.02779551680564973,-0.028695148609668052,0.06856177046162597,-0.017109506958949333,0.018490671655770268,-0.05812367016083689,-0.06156187636429996,0.02110309806717237,-0.038984446558070394
126,0.008343580871374953,-0.01367943853556266,-0.045177698250147426,-0.06711316294529701,-0.02670745030362848,-0.05008683715337617,-0.05750508337073388,-0.08145485101976181,0.053270012923417126,0.011171384890639506,0.0047486957413062384,-0.0395655030161869,-0.06384620272492411,-0.12056750468762706,0.006546538207960125,-0.06257055278093607,-0.007275649447492336,-0.04322480425790512,0.025658478105073535,0.0027584314968691253
127,0.033893093452990686,0.008571125319518683,0.019176277370418198,-0.009054032346444326,0.00014040545722810645,0.015232586711234158,-0.07471999349069386,0.01006549668609986,0.06629398261853636,0.026301213553067658,-0.03595650448075312,0.010467480223279256,-0.0031290540811182797,-0.010842674270966246,-0.04448649383382832,-0.016081364769970775,0.03974203968665062,0.007807471106585527,0.025478515264802767,0.0056821646788855805
128,-0.011966178229229546,-0.03320494933462209,0.006159427459853,0.011535956876932442,0.004463321172167456,0.02799250351988448,-0.0145179670950803,-0.05493953166707865,0.0715152857471233,0.01606918800012124,-0.023685998203605414,0.018069608687953747,-0.04484577155788249,0.0429241994837845,0.052414524461858195,-0.017263002112024306,-0.029518813614693464,0.04017923030580125,-0.10979680049721399,-0.030050711835235482
129,-0.046447487578894775,-0.01260853269626503,0.005891724493421507,-0.00260236752482898,0.03598128102017174,-0.07354625066181995,0.006817236483759939,0.015227486299816472,0.003548672712047457,-0.0022090391393796965,0.023297631948334136,-0.029821976615438495,-0.051049693457233154,0.0015428384880858596,-0.00954742581725688,-0.018086278506257908,0.04650749228133667,0.0018313347502914926,-0.012091088227030247,0.022411550533504535
130,-0.0208799862571316,-0.051688445056655596,0.011801416894912377,-0.018123314699813115,-0.05952474095265696,0.007365271279069352,-0.005823222484747072,-0.0579988572792195,0.007106358725173815,-0.029532351226765542,0.021327842208959467,0.029774672604034966,-0.032170002069599926,-0.05397895330330499,-0.004151143337715877,0.021671680202993416,0.050527214543912895,-0.012657973363583994,-0.05112607789854002,-0.005024025952933762
131,0.02297191140268625,-0.06531401738238796,0.038497664680888125,0.048049055934306424,-0.07781211288456197,0.005108640351581906,0.024861911213186535,-0.013640522338240334,0.0026356790792584303,-0.0036483223235269993,0.03173173113933872,-0.03461801231501174,-0.011062964325121105,0.008719428729468643,-0.043637972654106204,-0.04631818797031456,-0.029395905678971546,-0.030947678027036536,0.05751642022406501,-0.03243829331893715
132,-0.01744479571689671,0.05474442919002038,0.06606010857752423,-0.0800857414007664,-0.02349330191433211,-0.018049825467612992,0.060501993141113306,-0.030912208964295942,0.011829365129546056,0.03292348614126771,0.017950423114029355,0.020017399700928407,0.02702512504707343,-0.03877936286865268,-0.010016890345081677,-0.05178188903518514,-0.035792105896263485,0.02300235122177129,-0.049842146726219824,0.005885241082404956
133,-0.06864973344011317,-0.06642789937613061,0.005740629510449337,-0.0068506728390399655,-0.0395404294368647,0.04572801994859546,0.030606554255015028,-0.09128924146681598,0.027956993688921117,-0.051097171481522416,-0.04808498293767442,0.012797015546405055,-0.0011742941212458497,-0.04496593113724611,0.04987560709443831,-0.046123755660856074,-0.021792243002750445,0.06594060168985319,-0.02879648946441762,-0.015832138459638802
134,0.06376117165267374,-0.014828579042302985,-0.05892606012269015,-0.020303287046641708,-0.06150255584815769,-0.04101828997658112,-0.008179954799825804,0.042533839508371925,0.036764256104103825,0.022110189133499644,-0.02944894314328197,-0.04105608686003789,-0.036400457249676596,-0.09061100652910821,0.015245006607953764,0.018307291911161306,-0.008597192162542193,-0.017229120976207265,-0.03731136742913704,-0.006570901680282316
135,0.01722913785500515,0.03747863755980496,0.09153764263956446,-0.002120747499164649,-0.056237795330104215,0.03905126978972099,0.008054175333408162,0.026794246297946064,-0.02169990997864684,-0.02449083165317957,0.05792295909609811,0.0020747327891869633,-0.006170809381174995,0.0034443897262696446,-0.08061788818924176,-0.04570285272753016,0.00453742119250986,0.012889648203239,-0.05986364029672538,-0.02638245426055027
136,0.08319395166605563,-0.007954054400886526,-0.006607390213676871,0.003750105533990551,-0.012136765818376067,-0.013444288438126168,-0.06741045047160317,-0.06689473204335096,-0.08002155989947606,-0.017317180572435434,-0.05709798153066744,0.04755321500732072,-0.014906900661389161,0.031292796769856746,-0.048035812854478714,0.05637523287167164,-0.004998244768109517,0.08050451964800327,0.04953309550529589,-0.009825804959920843
137,-0.043715419985809224,-0.04185584347601622,0.01164801845957981,0.01998329196219719,0.054485136070447256,0.05304489474835128,-0.019899662357711692,0.035559279461920945,0.07659794516173994,0.004188217410989317,-0.06012812485072747,-0.05696035218263481,0.021191601076410996,0.03921127262171492,0.01680056479062148,0.02486922766162139,-0.04954217017635119,-0.005959857717098588,0.040096117875877774,0.04721046965396923
138,-0.07424714928302388,-0.016844906827198722,-0.003499307865350633,-0.03909242339367251,-0.053341921238635896,0.0425649855759925,-0.008686888630432212,-0.03182390879839256,0.03446257707929303,-0.021203419043566367,-0.020070383272683366,0.006282652904784739,0.007384353553914661,-0.024258725831302234,-0.08573554030313635,-0.002791035716485766,0.036823775363147605,0.03095808816014042,-0.05839442835541858,-0.0336273590764498
139,0.03755573941198653,-0.038290043997281344,0.01866888617192313,0.06526971801466859,-0.03324055496352051,0.012613054802866048,0.0002784547368676125,0.02884656393428931,-0.07926825624167406,-0.04584702899991558,0.000930353794917469,-0.005533028979592914,-0.04410765678858981,0.02077786516475253,0.04195019661545165,0.034119140178257276,0.04277433990774895,0.07062727873468123,0.05118774147701414,0.06414860960232528
140,-0.0050681274390543705,0.027956412410514216,0.059234970763757284,0.035570522406897696,-0.0449716716816382,0.02599540123581343,-0.05893989540243367,0.018947949269069838,-0.05726161137657242,0.07280300010559249,0.003265262539884482,-0.005664444114785407,-0.05208342602459415,0.0001465574103684747,0.04699215718911117,0.0013209285739669715,0.010386082159440093,0.05840013700649498,0.01417019146862727,0.01786968913697146
141,-0.039762419363409233,0.07334313408924244,0.03153175979425454,0.03055112238023632,-0.0184496887944556,0.000985721724067309,-0.10798233289339736,-0.024964652696520838,-0.019689516357837767,0.05015539395406476,0.037433807866515824,-0.043924435406393056,-0.07473455661945096,0.012033960577082723,-0.005323862654501804,-0.03625965449203234,-0.06076090601293229,-0.03599722430220188,-0.02049598012447211,-0.001663599735822102
142,-0.011088728716988119,-0.018453175422728167,-0.10120057295349325,-0.004256828615446446,0.025492252666479503,-0.01906281441687668,0.008435149076594364,0.012490136055442018,-0.008109211918856723,0.03003063037776123,-0.03918882974722379,-0.045814442767747536,-0.02999886701184153,-0.012845033446421152,0.008475070870584295,0.04035816800933532,0.0015332387858313882,0.01635160595048761,-0.05453042642016119,0.03877162886731611
143,0.09942212705218506,-0.014204502800180244,-0.025009766458735407,0.018507229955521537,-0.009171342153233364,0.015502555085823348,0.012450127985606553,-0.08239290043712932,0.04097703901085833,-0.0012318603748916596,0.05382370454253881,-0.08409885695789643,-0.022896905147204882,0.045582779479198136,0.05886706511167069,0.038612871417846306,-0.08313600202078185,-0.02140542255191681,-0.019172155113024055,0.02906703119787103
144,0.013441343416990595,0.03980659134194165,-0.027296420746033292,-0.028006123276088805,0.05938757314893638,0.04724948429602479,0.06593681735161595,-0.08723462490673686,-0.08813923757204255,0.04770683426570824,0.007996917464128141,-0.011857818377269284,0.013862570327061254,0.013364059076228363,0.001467792747501167,-0.05262828996389875,0.028391261265963544,-0.016780328297527056,0.017108281134360626,0.003442001419427339
145,0.07808145370309261,0.02001183135127322,-0.04724224040018264,-0.002997205345722859,-0.053168776657224505,-0.05880034886759715,0.016471549394528832,0.03906831483548327,-0.013706760055627388,-0.022452726124922148,0.04845618778781602,0.09293689012552027,0.013462966623653795,0.02194646308818953,0.030742538597181637,-0.027590019338016934,0.019421078447383444,-0.045179009525786594,-0.011950877062712244,0.019901841235392938
146,-0.02030067199341366,0.037136933414125786,-0.010005320207522816,0.025000455205681556,0.03856257949911003,-0.0002354420648712925,-0.04311884128611188,0.0026018530963245992,0.06421834775706815,-0.012046858089384986,-0.014497722023906763,0.013058982406098037,0.007995274307416388,0.06902583683895716,-0.006489030342610237,0.09992577192962537,0.07607831505070395,0.08798253851776938,0.057666158921214745,-0.043425779688742235
147,-0.048700540084789044,-0.0070790233027316655,-0.02291256561963979,-0.0692647488780919,-0.01008645353961651,0.06945829018096024,-0.03495307844390422,0.01573845295482026,-0.008949610844850282,0.08572283372695909,0.04022022735478405,-0.0005248519431675974,0.029114635550583804,-0.003476200519338264,0.004208303440364702,0.0936581738081755,-0.0391758711907241,0.009820580362123408,0.048088443681379156,-0.02802055957618156
148,0.015859260077834943,-0.011465714471004269,-0.0548762610533114,0.002653586066198276,-0.05557969905391601,-0.024095704054756733,-0.05404213606437304,-0.07649787116690641,0.019592200870278964,-0.027875272017762975,-0.05034677067074926,-0.007486085840313577,0.017307840739126147,0.02315434108067595,-0.01927149703177273,-0.01237444691407971,0.032104569643027096,0.030091624579472474,-0.026017839027135198,0.040216595615303684
149,-0.1024196515099434,0.023007540424686605,0.0038308692288579692,0.04588466768949507,0.027385494343730627,0.02869140961923769,-0.0015962643871387145,-0.008753688625476841,0.07564481308028231,-0.01675535040971275,-0.030054580802941447,-0.06730043245552557,0.039028993239503665,0.10456327912665694,0.028732503065338467,0.028077255617820214,-0.03152165803307855,0.05307419194748003,-0.002566411982656811,-0.030800271118720014
150,0.07734455462301505,-0.007220963764088837,0.029965964814355366,0.0188653341402107,0.05330304918005095,0.05632547807606711,0.10439540897972953,-0.06549477780654486,-0.020291254129081327,0.04764586114690036,0.10170293078794809,-0.03794545462292367,-0.015744138639266023,-0.06039957545026193,0.007605092131310893,0.03522305701363611,0.04141469397184227,-0.0018010575417026573,-0.07423169813178895,-0.02831727080452717
151,0.09420556022631296,-0.02437289806703803,-0.05712708018281457,0.026905497671685936,-0.006107260256899451,-0.024033608344448783,-0.03688318175433942,0.08034285466539756,-0.06017314824584945,-0.07786042250451411,0.08358185098500033,0.01024205957040777,-0.03449376471347436,0.010450492007082006,-0.056609612206056946,0.03882724438146388,-0.05756233659267217,0.026404710962968442,0.0489672428062522,0.055857090520380355
152,-0.04520462298799577,0.003099172771039416,0.01718337766261236,0.03916716230682722,0.014737506576558269,-0.02351436769113187,0.03222609388084313,0.06393012891735174,-0.029949518533736303,0.001703034749387277,0.016914992943899705,-0.048797667609805286,-0.04244149285115726,-0.041954889076073754,0.0004932080676786986,0.09633937963804001,-0.0007836672234422913,-0.08377426147814013,0.010080240121449402,0.006443272874172684
153,-0.09351593032912466,0.013648449847413877,0.08135790657042528,0.12422124035084417,0.01627731251480178,0.02980410782809583,0.035823225412944,-0.009161326170478615,0.010524814912168756,0.0842433263028218,-0.11101945996842759,-0.058773446532266696,5.626493682178175e-05,0.032837674995739224,-0.04748727574319847,0.03582639309635413,0.018368745686166546,0.01846670076469869,0.05420644186950545,0.06236953207984716
154,0.00991801175643998,-0.012174436983026693,-0.009324879438908862,0.012193081351794841,0.0002697793603135523,-0.00275361503858114,0.007760627270065579,0.038769457315676575,0.08013777712458459,-0.030148366532831896,0.025252381643180787,-0.007683503799374621,-0.05161689314641213,-0.05006833331287852,-0.01909686861443722,0.021674627578733962,-0.0016538894198917583,-0.029242702078042637,0.0859236244649948,0.024534833352208754
155,-0.010138373397896265,0.018808748112848783,-0.03640865843722499,0.009613631978659089,0.00763412455935829,0.006844036044034211,0.037147108627902006,0.0008826518725538144,0.07793562212299142,-0.013346441979348426,0.017725313398903673,0.1407501327827485,0.006347895343650098,0.03284561521758962,-0.033974205350055374,0.018360102513874748,-0.04042946069179374,-0.014475770433024499,0.012940754114800923,0.05239947821641129
156,-0.02406259887598049,0.007413592863691133,0.04453921225731927,0.01014413188846971,0.06094917837133421,0.023762429977994815,0.01693674212512774,0.048356093149278884,0.04678715332370366,0.047079097435114306,-0.05308115326488735,-0.013446843959161667,0.0006063139409420818,-0.018989344325872643,0.08051513352350886,-0.01881975512271016,-0.053438064332380776,-0.002530952708505384,-0.02063688503701196,-0.07889026965524545
157,0.07555671298895686,-0.07783046865526748,-0.04232244453351508,0.0020384588662236596,0.00846989064750931,0.014111944497636324,-0.025677604291114334,0.0018836099375537296,0.11951597630121358,0.0027037989217698647,-0.02732855129970406,-0.024736633653184875,-0.07102433677606493,-0.0002578907937111246,-0.006302846904873144,0.03465421277035378,-0.01456546799513842,-0.031472163991989745,0.026028419072301752,0.010928186958041793
158,0.08133777819194644,-0.10437019373740036,-0.003601130261137827,-0.02260508597781026,-0.028150665372665407,0.007862407090150545,0.01378779523832835,0.05841105454390111,0.04706493486824598,-0.04770294864214119,-0.001304502107364043,0.06231282170753418,0.005120006682802268,0.01731623893978864,0.09328103498985253,-0.0014146461633135243,-0.002759446198049117,0.007668294024860992,0.021910367438441637,-0.035753367573038916
159,0.0280777337219645,0.032109981634244444,0.04465461787675583,0.02603586888915646,-0.05110612882529015,0.06098455837830597,0.061548760088224,-0.017806963024880107,0.007406002611412707,0.028776728650984268,-0.06151092818149533,-0.049120839030723014,-0.05214041315389709,-0.01884588957356796,-0.014131818394539588,-0.028644979260023733,-0.07538402613566783,0.009389654136319465,-0.058920428585086705,0.02026932322921983
160,0.024847066557143235,-0.035305077049936934,0.04991319928238531,-0.0008402348035358632,0.016610229942829784,-0.053931281417182106,0.021930375311772235,0.017773182596200705,0.015126923916736774,0.00821928751981002,-0.08487786529985163,0.03406359087268256,0.03051101706841649,0.06915561695080398,-0.05728944340957052,-0.04118946752773026,-0.025319617875330203,0.05895888335090701,-0.04091348445755634,0.02722611488467724
161,-0.02358286782306945,0.06309142926834523,-0.018877819963636785,0.055783436268730426,0.049858556910657575,-0.030411718232045186,0.05163676353784463,-0.0034294854047907737,-0.04808719005633544,-0.030915082982013085,-0.04071042381127369,0.03955831789133656,0.04308041618961101,0.05134942525672289,0.048638578324847595,0.015449705370779845,0.12741321424764315,0.0040360813102036635,0.029262452110562175,-0.009034492840894947
162,-0.02190017926230384,-0.03050788788077397,-0.04497315105338394,0.017097641965448687,-0.0020096033099828215,-0.026154813723806836,-0.015059703476705785,0.023988678146745386,-0.044097072706958965,-0.001389386394251813,-0.02580190400261943,-0.036253483872619466,0.06383450756611692,-0.03988544793906011,-0.034285444766731635,-0.07048730179190323,0.025321385815441882,0.04025151052995647,0.028966613211858394,-0.02065102033298909
163,-0.05682349783378302,-0.03950754542993529,0.004173645976029366,0.050351941947911524,0.12522567276280133,-0.09065312549222165,-0.03882288115422127,-0.027097408459338303,0.002455732650429527,-0.015346044654461453,0.0018792816535096268,-0.03427670531999241,-0.04321911321392564,-0.008515433477153722,0.006239358375889018,0.023791477223517522,-0.007399582119063135,-0.049720320721518156,-0.03165789073516038,-0.034882198682131396
164,-0.029774509162869577,0.007697382395996989,0.019255908616990024,-0.0221099552563788,0.08647452932518594,0.032156717217321815,-0.06489962611629821,0.035374581547860856,-0.051759250500909675,-0.05301914869756859,-0.026412036823812414,0.046216327865360944,0.06793880476915617,0.013334233356386376,-0.029970230962368154,0.06725600491800414,-0.030440272069430938,-0.12294616196111635,0.05344842334491091,0.015539039119751252
165,0.007323085348917009,0.001281404073849151,0.04388234078788581,0.01461208633570256,-0.07746905329973401,-0.034246391538046914,0.03940532107062975,0.0035730137941493633,-0.047512366741173116,-0.02277645864242572,-0.013925932118762375,-0.00844378665130012,-0.024314245914311406,-0.03550995899359795,-0.03046309447698724,-0.06584171687457141,0.052742693641815705,0.04447707303411028,0.03145878166447584,-0.00694670824580505
166,-0.018161078338280647,-0.06776116783015013,0.02341691226598577,-0.02773733010783875,-0.034650094341296456,0.021894420008903157,0.057806714306417296,-0.049262709935900255,0.023973529122228353,-0.04743471307604537,0.039594209894572775,0.03326096877524,0.017860460376834003,-0.004119546659846168,0.010513540528239933,0.0008832447395093478,0.03982889443658881,-0.028846257895983232,0.0567268942050168,-0.05178931892828244
167,-0.03853366330757178,0.06643500848470893,-0.005136777088798584,-0.025091726208714464,0.006544272823216767,0.027344375722267864,-0.016487327485851282,0.005644923811305145,0.018638862630022915,0.014542521413381972,0.038058339409127694,0.08289212900954457,0.042263576754325696,0.003899614091236722,0.07434513689502918,-0.041550091147519536,-0.003014602423919663,-0.02533272398561084,0.02274218089885843,-0.02162129223330281
168,-0.02966304482874503,0.012485359109909541,-0.005899637843845213,0.048572293385900446,0.08841262419459375,-0.02900507530467289,-0.03466985140882231,0.026128673206505797,0.051406380973403956,0.025083820348401318,-0.01611739147165626,0.02488015942608925,0.028312420956414012,-0.04694065309563994,-0.013363449614469025,-0.030834974668510606,0.013767962351636203,0.027408661337712376,0.022231506972212614,-0.03158296771746546
169,0.03348373251535945,-0.04034780488260975,-0.08520028230966459,0.021986701183634057,-0.03704864247033016,-0.005809444926089576,-0.05432420484570586,-0.00729750729203091,-0.0023048428309622826,0.04391441584796864,0.09510624550431365,-0.03565926722555298,0.002272599508832687,0.020738074164145463,0.012549903205326046,-0.004992219696954324,-0.07233661200897676,0.04748088668538099,0.05059996999811398,-0.18837286221371058
170,-0.026070891242571767,0.003145528597565095,0.050131340861321344,0.07932864916612839,-0.11033020550200211,-0.05545802394081353,-0.005830048843212435,0.05867344712563416,0.03459035636861836,-0.013211014013092609,0.06873380429202045,0.018016145706175716,-0.013024153544342639,-0.025034252500599773,0.04104176633006685,-0.04478964231344091,0.043348221735635045,0.04956189300045234,0.0843289870781921,0.00789887559564593
171,-0.041236539676850335,-0.04679421318579232,-0.01757196582382966,0.08246008115437181,-0.007375690618796424,0.017198402614700993,0.08249657238386694,-0.04526226200466405,4.821995152551577e-05,0.004849043753080381,0.08626850187687601,-0.016964263501328677,0.014269036066523796,0.010247673579905383,0.04935527037591018,-0.04259006215754746,-0.04123740588409471,0.03723422513524039,0.03996678997220638,0.015757990881797693
172,0.04034485932153043,0.10614567349708454,-0.02094077275015438,0.08798305177230328,0.044446965219887516,-0.07387547822256299,0.026222170607349816,0.02739834084035207,-0.017922686603984387,0.04149359949124244,-0.04337252228095764,-0.023030273231008598,-0.1495450288617038,-0.00231321667241694,-0.011817197860970232,0.027705929532615556,-0.029339435341758268,-0.06838692426506704,0.05328944054478895,-0.016099569304998382
173,-0.0006195669860627779,-0.05649350975699142,-0.0011086701760580312,-0.02068083401494221,0.045188819618546094,0.04207207981173322,0.009575381035842207,-0.0062231685631405145,-0.08376676938726603,0.011842156805311766,-0.035592341645835045,0.02336129836059491,0.001894566765888003,0.043080116238945795,0.011158833923458115,0.01618444232052487,-0.056582177515655106,-0.03556719274642491,-0.05772067016879956,-0.04112262705595805
174,-0.06847785749805657,0.0011658421408362086,-0.019867764421338235,-0.02912209324609535,-0.007544839480616671,-0.01857024042890655,0.0788935838241086,-0.03868862398263219,0.08476606247727042,-0.03120692524358461,0.013986926559475303,-0.023749505294456203,0.04483805925806396,-0.05215801972292992,0.05191298991796345,0.0020248576613657895,-0.04604839488594717,-0.017242803140422397,4.984559714084113e-05,0.06810388006174965
175,0.050185326499862244,0.05172608244913351,-0.027111315312369183,-0.06226799870445099,0.004553866475966795,0.06399356730451328,0.008811374102294978,-0.04442827008889182,0.011543961337881655,0.012191644764061175,0.002328056832248139,-0.04060565960700841,-0.0520986198468723,-0.005956576859504293,-0.0034820126983245666,0.020796827332572647,0.007334670842946466,0.03316312246964333,0.08590577596776253,0.005740666183869797
176,0.001578271213046602,-0.07599742484851724,0.024034908719072136,0.06386999670133395,0.04341880789129199,0.010631373938259619,0.06308529351732724,0.031145614780092895,0.014835172728623242,-0.04168698867499355,-0.04172159753023165,0.10899725485140778,-0.0641725777976091,0.01729138276435463,0.05990088095148668,-0.024374216724747187,-0.027741916243446317,0.03313401224077912,0.007498020426345954,-0.029517148931486086
177,-0.00564678227069373,0.031395682910254394,0.004448520895833207,0.02034146880632916,-0.016087885991848818,-0.010401665867910232,0.018327671735573127,-0.024559469731683842,0.027150039538594562,0.01357512470103599,-0.028666545424212493,-0.023867525093000823,-0.056553193333628494,0.021659599807195354,0.019302308144292714,-0.005487254487670052,0.07607785506389601,-0.04052711156977165,0.05797192102447252,-0.10559712307676088
178,0.011035654105177293,0.0015050970952985756,0.05599882459396003,-0.03690314495899371,0.036219362722032945,0.03101272580770923,-0.03495775974204307,-0.000643622355722874,0.043410899494037876,-0.0435176695287104,0.011286382300661113,0.014624403735386812,0.011784799699340303,-0.02333785967692298,0.024847894464509843,0.08084664405570752,-0.01852391728502704,-0.03001642937987497,-0.07241490316447566,0.022316098464022674
179,0.08737655708833003,0.04047518209313955,-0.05385792513457159,0.024672159775941085,0.08278216284654616,-0.03899082015123123,0.0357320706534608,-0.02573548408498794,0.010187536716603992,0.06794328572208751,0.03365161961360966,0.015570598812872573,0.05539976493331183,-0.01014858273706611,0.05233351054067497,-0.03175518666709394,-0.04229394571296137,0.04697424304354488,-0.04170407202781029,0.007779699147015762
180,-0.06204773057124612,0.009445124418542483,0.05405623886252928,-0.03438850738491529,0.004830264124439347,-0.021021631249966612,-0.07068956371305823,-0.021450605932459437,-0.005529335541360266,0.06502701763089248,-0.010514928830624416,-0.021340526885247776,-0.02842984407848071,0.08267471536731923,0.0064248295162125215,-0.05736818319586137,0.007989763261661342,0.021192336988081317,0.006195976086959339,0.009488479648077253
181,0.04930918705746678,0.04163435874401911,-0.09361574919086112,-0.019271203348614773,-0.03188930055126908,-0.05623720255892836,-0.005121802338912275,0.02828596287698427,0.05616431244493115,-0.03163480698385365,-0.006327372933776758,0.011092094211292786,-0.034897543064339315,0.06121885551678646,0.05416868849533159,0.05818956367620562,-0.023487187975910644,0.000544814792018409,-0.0120317085271922,-0.02738694054421669
182,0.043508881747405595,0.034463636385592814,0.058297477752245516,0.03272607654653988,-0.059796179808275146,0.07677141703110096,0.03618164266151099,0.028738969456922826,0.07447866744694813,0.035476132472180996,0.029943305660513925,0.012850023289370233,-0.03246088233716181,0.03609071766303475,-0.006304150422938114,-0.033668477194702826,0.04295260498265294,0.02622152765053905,0.043715058022932456,-0.007781625915152657
183,-0.029168755019626173,0.022956932008045952,0.04923932897925875,-0.01299150350091762,-0.024378809097183488,0.04566000149929995,0.030899233184304545,-0.02385805189496128,0.029369453721114346,-0.045221315772029584,-0.004348121139184263,0.010130997411814974,0.026244721940167696,0.03389982432607657,0.010494880505556655,0.09611429183372665,-0.027884949630007698,0.01378789009306528,-0.00927440079198114,-0.04346586338286187
184,0.09199837114137772,-0.02436485783678472,0.00893341920078597,-0.06455328007846858,-0.02135973589646751,0.005271693724855045,-0.011951317109609793,0.0037000378813213082,-0.034223004260218196,0.055565748903794274,-0.036079053869549856,0.026407733398247084,0.008370937248656132,-0.023727735367699926,-0.037380732961394776,-0.049370822405245096,0.003087896329206075,-0.05480922726267649,0.05646023730395359,0.0023700742724959496
185,0.05910230211753062,0.13454080857328413,-0.02674185178264209,-0.003567551831342998,0.08276340364984147,-0.020402952206300274,-0.028556237358352627,-0.00798114861146332,0.008038799862117502,0.03824924116078263,-0.00017202949335409513,-0.0017537958198180657,-0.05590085907899913,0.014138984485167073,0.014233692044817522,0.01638789923308319,-0.004128468187770305,-0.01797706581964271,0.026676713213933622,0.023513766647144753
186,0.0019224266641659174,0.020709539727755112,-0.05556865605294354,0.023891462469577726,0.030536375742747455,0.014003958375890076,0.03131266170803473,-0.03722954858823909,0.07923641373030525,0.06088005208772683,0.01983555136115726,0.038784196143878596,-0.022280777138986043,0.03176584622908994,0.032005871733281836,0.01985101860853778,-0.033536830886818005,-0.12516980340548406,-0.09901802866166401,-0.06850531209797209
187,0.10430017395782751,-0.013102545494483517,-0.008892268990472732,-0.04068223597008711,-0.0023324876521517318,-0.016254421779398186,-0.037594525491305895,-0.08858468489573355,0.03240594529333796,-0.09270601608732842,-0.06815869511785903,0.003550256803706808,0.03810885156098674,-0.023551033751287212,0.017145887332509043,-0.06079067013144944,-0.0610130089891772,0.014547062930356925,0.030583594294279107,0.08257298091537932
188,-0.08087469912736603,-0.008889053564338209,0.01978220223748522,-0.03663729699412476,-0.0678387082071121,0.01109565643773292,-0.0244917079478753,0.019844613656462083,0.05605529811029065,-0.07765654062773139,0.09333517569050123,-0.0495117014915176,-0.05419602905284288,-0.04122891638090085,-0.020672416746777198,-0.019445578017358446,0.010611186169157913,0.0053116031555866024,-0.0693115929182038,-0.011318290051219343
189,-0.04923086414719289,-0.024161914890539163,0.042180803126022064,0.05627025953165881,0.03439399327756828,0.0212639092828869,0.012160953563128846,0.079476407952572,0.0519163638540549,-0.0015642393719437291,-0.00580208777572569,0.02129210986596028,0.02892291252882043,0.043116332163197095,-0.02195647481483852,-0.09397697864547917,0.03693307044404028,0.044848829265094,-0.00955955596762763,-0.013620988551660258
190,-0.014674357539057945,0.0065735332402143696,-0.014613025784537872,0.03574956610268154,-0.003246984386252051,-0.04896976970681845,0.007073823379305676,0.12096303472269816,0.0046642191594782854,-0.016070168596490502,-0.024124520448746092,0.009862410150181137,0.036130194180032535,-0.07464706469695986,-7.007761796277962e-05,-0.024952524351675758,0.04083650569165798,-0.07899230635420167,0.021404771779406886,-0.028765436163164352
191,0.06515395049235098,0.01181614402507115,0.02946417063211818,-0.01388529914122031,0.0034591747216689527,-0.026813220128317373,-0.005064061205624106,-0.054276248934786435,-0.03836859048434691,-0.0615220044294457,0.011327920678523938,-0.036251105662163795,-0.02967842848040288,-0.045844442068282594,0.12770588796937227,-0.014060443111559835,-0.01320709886613595,-0.007135800919218537,0.07211323054003237,0.042582073391620644
192,0.011056200882296332,0.012857326338040848,-0.0696259580375474,-0.0010546588618912179,0.08151759832678068,-0.009129488420219902,0.001221931934434224,0.053898863505091016,0.06518311512796147,-0.03175510486898672,0.050891565031646886,-0.02130377934505916,0.04077722781256144,0.023788227275954504,0.011379511312994285,0.04894349944527714,-0.04102484476444666,-0.03566816562397591,0.020434856234615575,-0.012645388907343768
193,-0.02606323193076174,-0.021500299948007617,0.05340131558501387,0.019250975481462113,-0.052998048722226944,0.010545683175850867,-0.012825355850853737,-0.019339868466173384,0.030705533848318218,0.013317442842634053,0.010623492434897849,0.15665828360232653,-0.06352811248825585,0.0119635241364962,0.01392694654869581,0.044183099462677324,0.01568016616439481,-0.01260227649177091,-0.009759937076343535,0.03631196563884508
194,0.034023111634224695,0.012021970516463507,-0.01093295135504572,-0.02000613673316503,0.012913600168218157,0.06376431073054274,-0.030314977937543786,-0.002961378683459463,0.027092781085112993,-0.026708300532306696,0.046661462210250505,0.06925554680588518,0.06941987311622524,0.02654193462093747,-0.019254466930631483,0.03120731421027467,-0.0018566327785072489,0.008102975811727925,-0.02293004257634802,-0.04181939980666961
195,-0.0009110638345972893,0.033701064880154785,0.03896442335251796,0.05063614736586497,0.04784553814855832,-0.026143088172719885,-0.039077825436378055,-0.04520717599220991,-0.015938196399450072,0.006899744122077938,0.02026895490135707,-0.045165291450049334,0.05733749714397374,0.07908219358058695,0.002122513995705797,0.09008302000242498,0.020201643729826718,0.016821601743695916,0.01369271488371493,0.09642869235392103
196,0.053546440310940496,-0.027481106739129194,-0.021053223961681074,-0.002080300190240117,-0.018893362889261817,-0.035667127534080335,-0.03516816852223004,0.02468598766040302,0.032518580333170226,0.046664935978320464,0.0750321627920037,0.039278654543724256,0.041400311318508895,0.006679110662814935,-0.001920431079835413,-0.07490493218829268,-0.00033092611420679387,0.06903253416366217,-0.003418119518075125,0.025476313757314472
197,0.0077940063783163704,-0.0249834752762058,-0.09972255708825442,-0.06799725185790338,0.012371841672854772,0.019163215137314376,-0.014122538691313866,-0.06953109261445269,-0.04781587451309802,0.014606158476545502,0.0013462379301044617,-0.06981573665658788,0.03890384079398367,-0.08272222774309962,-0.03145590878162851,0.03137523544391737,0.043059318440729764,-0.0008863811556204249,0.020920055615476617,-0.05780740749356928
198,-0.032902429662215925,0.07743905144850197,0.038401367987537516,0.0163052234689996,-0.0067180627822892485,0.07503936037983013,0.019199081324939856,0.04331093768072532,0.0061151289981019215,-0.03112596794358876,-0.02926268373551492,0.012134994045228945,-0.003807414584839896,0.023461868059251063,-0.016477957790494716,-0.034390669360447504,0.04668988671466343,0.009579339048537723,0.011435742220642081,0.054191568624489435
199,0.008107240248733045,-0.05345509341182834,0.0800832051846132,-0.014763764726580376,0.06864012763935505,-0.06617559758753623,-0.0028964721364816144,-0.02678502206333479,-0.026605620787486853,-0.005520715042574463,0.043342823181332576,0.027609296789112114,0.010746527765115461,0.03911690612449251,0.09359901651919907,-0.03242508325784172,-0.039806442021147484,0.02486022699780328,-0.02625734723902949,-0.037283831533919
200,-0.03282301976542488,0.06208052520826589,0.01704402921320713,-0.014426193230337173,0.06489110404979694,-0.002616201603344442,-0.01218098091444722,0.002720433681456045,-0.01588506318550604,-0.031873686355007674,0.03749633137115926,-0.0033668400322491077,0.026605884268030615,-0.045952512514997185,-0.0029307036899215567,-0.008957495978733986,0.016537966494700938,-0.008518813471395372,-0.016179319204992274,0.006872906382697059
201,0.024906796955995167,-0.0057916594020884235,-0.028166879488951607,-0.05880392775416891,-0.08136782198886303,0.09687633850481307,-0.02315769795302327,0.07114008547545435,-0.0015178343381568662,0.015230883961633867,0.03892709570545443,0.00834102748144261,0.0740010714504619,0.013551958973524859,-0.005272493790322742,-0.03871225301057153,0.06533539348388318,0.0056773554646898,-0.048307031083024546,-0.01016652556771213
202,-0.04599361845600302,0.09128338711803857,0.025192978040206114,-0.02705575912716945,0.0386951832270604,-0.062390628351583426,0.06773586460163536,0.016683690154441936,-0.01588983252761142,-0.028146771570122055,-0.061033187031126805,0.08754069675918298,-0.017659166718922648,-0.020607763920799316,0.02971044268518234,-0.006741670172647237,0.0051838739134292796,-0.01201070347579384,0.007326414065618949,-0.055333448330800214
203,-0.02806805340403688,-0.003951596110889833,0.10322281306558256,0.03469470527596641,0.0021970361589686966,0.018329275004176686,0.010133925947768645,0.009595897604093073,0.03727619014225153,0.014897247432181486,-0.020777903475532877,-0.02779973684065149,0.0468411947323811,0.017584964420800174,-0.020734305585045083,0.03818603818118855,-0.0164618704140155,0.003480683291273268,-0.009393981687474361,0.03652623868110589
204,0.035060812684462435,0.09240254253967432,-0.0009277799246234148,-0.029299023735829915,-0.03591338071609303,0.03339696105248784,-0.07336706100389252,-0.05915300498855244,-0.019107460423065804,-0.0008620611997008443,0.04383532553482984,-0.047362987390578405,-0.004560353952576975,-0.09995041797120631,0.0040587725595352475,-0.004279962927275378,-0.08979439026470655,0.12857238270517812,-0.014535379280370853,0.04536397127396229
205,0.01542685536315836,0.0492769424307229,-0.01952815081569904,-0.11046583551677835,0.0161248184605567,-0.020669885008993916,0.00593093920986386,-0.09073992625293364,0.01453267619216582,0.07435137593453496,-0.07761180895230106,0.003686136033687082,0.023180453801635886,0.01677510063249684,-0.005513061597487682,-0.03046568310234936,-0.0077598053956429705,-0.0228598707089596,-0.020338020633143227,-0.024799642350870735
206,0.007335149200749947,-0.040384739262510135,-0.035648035146185336,-0.01922016107117232,-0.008724267804209738,-0.0526899790448233,0.0045001179670839395,0.038563510541256986,0.010799357146628533,-0.06660464230418094,-0.0019193507535462413,0.04087674082222843,-0.07183748495344774,0.045737342172213064,-0.0512342589204372,0.08187710158560331,0.004294255571443369,0.057032283059154594,0.02877761932652084,-0.029216168519177927
207,-0.014338956819525364,0.08410994599897743,-0.027849986881091037,-0.03447361400697215,-0.04598356947551034,-0.04304167402412699,0.02112412570917307,-0.016578071340118253,0.024391213622630508,0.07876861343547492,0.0655143758948345,-0.003408860544481474,-0.04053102488278186,0.07250319502986173,0.013513092866442405,-0.05064577906500167,-0.029795540114503017,0.01505177791582632,-0.00726286228068424,-0.03475600573684906
208,-0.002910278929314915,-0.002317281814991899,-0.028437704910291402,-0.01362808640640809,0.02125316474876375,0.0009537133865890445,0.007728540542696364,0.059766574615499245,-0.08523118736887898,0.008722621785172295,-0.007933831668467213,-0.016785422848224117,-0.018681698744812025,0.006231262662787035,0.005565708840001718,0.06814802416868032,-0.074358941560523,-0.06814551935850181,0.023868208507515393,-0.028558541048958663
209,0.0558636317916132,0.02864307952399551,-0.025795044669694633,-0.05123323332958431,-0.013967525685123465,-0.06030791028869281,0.027608067146706126,-0.022071106890609107,-0.0008586226835991612,-0.027053389836402635,-0.0422797465542977,0.017677414754295052,-0.07722537247167542,-0.07644175015211939,0.05500141375292408,0.037439648611629135,-0.03271429523101773,0.028702955388752466,0.009322773579830345,0.002292010859644428
210,-0.002133273029259214,-0.04984508837363664,0.058714946837873254,-0.037539191485539095,-0.014548886860578293,0.07781897266556524,0.039309581721862344,-0.0031701020348790326,-0.08593010113101239,-0.021030674224736347,-0.04511258674708567,-0.06437967705497183,-0.05081498217125345,-0.021477138125098123,-0.01656565981950265,0.005422639286650878,-0.027896536687655973,0.04254250041127131,0.057389134570949706,-0.10712306902659065
211,0.011762670792978576,-0.009358890632193995,-0.01429996890188416,-0.07023668172343744,-0.03717756389827841,0.03151911193373405,0.01476161386066696,0.02518822656702289,-0.01589515081349249,-0.04366624591744001,-0.05186834899473131,0.0017877475332526284,-0.05855330945494789,0.02787623919990986,0.05229187771841461,-0.013086017491672456,-0.038391332664970794,0.00418078720998827,0.044853380332044314,0.039975306155385255
212,0.03188171088284487,-0.04842147245720644,0.08129910419570398,0.09343888966741624,-0.040380743227269915,-0.011576812780461564,-0.03704591482745777,-0.039514337440350406,0.015897911909099307,0.032859312822483604,-0.037670154098913944,-0.07459070538115861,0.0726237256929909,0.023643862814103103,-0.06645984642446898,-0.022230609339874387,0.059828858074669145,-0.03101545962187256,0.014185988824442903,-0.011095942487057937
213,0.059080262485663934,-0.026859419081717305,0.05131158765120696,-0.07160125976524168,0.007138024018966004,-0.029675541654521773,-0.03617595890920104,-0.002162300234352239,0.04973749649704469,0.0038016758762828115,-0.07794502754523756,-0.08759332588309868,0.03068535943312926,-0.023843655767929278,-0.02144065808372563,-0.02825876652457059,0.005538299207400819,0.03646354660687414,-0.02455771967548012,-0.03565107360748838
214,0.037050781498310835,0.02423945324018411,-0.007135935618640996,0.03740759652468678,0.0051106496559215325,0.0260253432189972,-0.05560948495533664,-0.02219695150975053,-0.020264778754163992,-0.0841005178856905,0.038403219246696034,0.04204101981322079,-0.04674740055966058,0.02720036329776508,0.028154905810286818,-0.033098774177864054,-0.020851115640818048,-0.0013172938289367402,-0.025535215975787267,0.03820785207778394
215,-0.0001833239538132407,0.09095562973513613,0.04276841608795514,-0.011251442010407245,0.00391973327247643,0.0366235451611125,0.04245582709528633,-0.01821486320079674,0.015909698660334644,-0.014860148197400743,0.0547859748850541,0.027270447904943353,0.02080244645763507,-0.036472606026622514,-0.013637781367332458,-0.00044252659768147717,-0.04364644100928127,-0.030608035284119164,0.024361052764735384,-0.014056525787678704
216,0.0902620590079479,0.056286124829049974,-0.02303220341484586,0.02846753980197672,-0.00763500203583857,0.018186532404532517,0.016052936071551595,0.0548011475521061,0.02243090171346841,0.043726487719127426,0.08377519976663315,0.027960415872778983,-0.030728972777178124,0.02207771501273599,-0.021171473281400545,-0.018147070816088115,-0.011407636720693974,-0.010031510863186101,0.036743172534019035,-0.052623772135977326
217,0.02723793038779889,0.02838192592858685,-0.026803581952497196,0.01431958499330434,0.057050538715680145,0.026695658771162874,0.034828534848376995,-0.005293156756177902,0.04777022421753617,-0.03139460228932434,0.00786924294744355,0.06490193022141476,0.04345715997881933,-0.027879989611464553,-0.001994242315514396,0.021848826994344404,-0.011331534265074465,-0.02928223750663491,-0.06194260750055671,0.050058516841971094
218,-0.04233198536440443,0.0003480640652028451,0.09324187444664263,0.009319603481558518,0.05077390704460055,0.0012776291513265955,-0.004319427986752618,-0.006119401208408979,0.027986818332858782,-0.046243339443404696,0.021720633788950706,0.04078821492060813,0.05805215670706636,0.055912823919518545,-0.053453844775235244,-0.03120547485066075,-0.023896082171226834,0.04676497485534607,-0.01943012072459891,0.03307788875695535
219,0.045980964217911216,-0.038973337904040874,0.03387787519457633,-0.006284157371870339,-0.0016133067394086722,-0.005350965615783979,0.007199537947738018,-0.012085033384251355,-0.029793588812147942,-0.03900957622640897,-0.0787606116369666,0.006969616141794931,-0.006126391079690143,-0.03294513147130311,0.032917660340057345,0.030158021270302635,0.06895733530753784,-0.07263664144993748,0.0592927155334092,-0.03552352918955329
220,-0.05181156972016548,0.052292464872697134,-0.04061359169847366,-0.044571967409879974,-0.030174857458465387,-0.023458645369472807,0.038310611971263314,-0.04688991836287592,0.04357263910875406,-0.06361280311084355,-0.06951744980422733,-0.043685461678733085,-0.019671639491835063,0.04713453578881764,0.04158581126266654,-0.0008703292703379615,0.009948194511578058,-0.04293192788759618,0.025546073135899513,0.0004175978372786397
221,0.02719921251917328,-0.05350125898526114,-0.021436934910543604,-0.0226009147360902,-0.03869293091357254,0.08758947667823856,0.007125232917078009,0.009440579287268679,-0.06265729677298298,-0.0018550583391565678,0.0010456569928044657,-0.023524325553093896,0.01055539805153886,-0.08760250858432916,-0.021663187020603866,0.03236695741026907,-0.000436876774124807,-0.034139507102836336,0.03759414940597481,0.0524243416606173
222,-0.050892310539777934,-0.007636544604901858,0.0205312088258421,0.05542279510585965,0.0043639413797465195,-0.01855720408223918,-0.01827412573315762,-0.017882137518509554,0.017083662317573977,0.005953009998857337,-0.037647636238265274,0.014777546321191283,-0.04319069828069207,0.04557949377427874,-0.012623968540571406,0.03869440108961603,0.06549844704033031,0.03609728096052235,0.035716751842050566,0.017636137560875186
223,-0.04513113271535325,0.015545276397239766,-0.035826884002059696,-0.051709523091502854,0.02852666856723825,0.03507268095915016,0.07226133544387975,0.0020834221396624462,0.048837057253109495,-0.01496075947094792,-0.029064945754678807,-0.041990935500688525,-0.03902634915339146,-0.02622156437633093,-0.024448194648943676,-0.0476558925491936,-0.025587180312445047,-0.01721032005510048,-0.018652923610180457,-0.04492979668823548
224,-0.01141351947705192,0.07272982550068782,-0.026782409608266455,0.08142108089678966,-0.044323445751600736,0.029896567655810325,0.02585903982813464,-0.008375832849257433,-0.03947100702467645,0.12222689259207721,0.012586643525837783,0.08065633342637427,0.01901998689420882,0.017334427717958383,0.032327404937054396,0.13870941303192805,-0.045636772388565915,0.020561723561814682,-0.0838972857288381,-0.05522133983227352
225,0.013503621421182943,0.017341967568405357,0.04167344740122196,-0.019447827707784516,0.028874463614286607,-0.09075297402338174,0.037831499471148215,0.025041228981894773,-0.05392184869709962,0.0010037662476535271,-0.051812093739288335,-0.0259372939758897,-0.05364840704250484,-0.00844481564575489,0.020122645784431577,-0.025309899063722333,0.02079669055647192,-0.0520103934082229,-0.03981938897839111,-0.05252579400178565
226,-0.02860171591857083,-0.04525490736687798,-0.046186261202941434,-0.07285837527811113,-0.011233932786789254,0.07836515469708101,-0.006986816427105272,-0.02997783991156067,0.034658429228948115,-0.014419903640575243,0.011441099734366387,-0.010009036057965277,0.0075097320670360354,-0.07379141018197714,0.0800168167302313,0.051730210656049665,0.03348689393339996,0.00418378415774859,0.06806371979668058,0.021650572593070412
227,0.00375082751992021,-0.06941583374235902,-0.016998575078050752,-0.006344237692940095,-0.024720156917410682,-0.01876820793171473,-0.0748468064688246,0.012038097577230678,-0.06394602963240308,-0.055404238402165885,-0.034318036806382575,-0.017556050610252637,0.048885424844055045,-0.015394991876032025,0.011970505833485462,-0.01635823086549688,0.02361810574316068,0.03332780478304513,-0.02770305001665418,-0.04423214450231122
228,0.05125471989849629,-0.0797430551978859,0.08703878053835153,-0.02716218562875899,-0.019254693560001635,-0.005849866032954437,0.06959158086648089,0.015607793804437204,-0.040509643597269274,-0.022281765793076263,0.0591759500102125,0.06283812743912667,-0.033214351998165484,-0.026872994236739382,-0.007650813850607449,0.005809139864230076,-0.03416490708107172,0.025589727141224258,0.035665959258682337,0.0791502262870002
229,-0.008406941704970236,0.08661312784280743,0.027464502320958987,0.03127294350604308,-0.005991451694869732,0.02205340331842823,0.07130284032391268,0.008545763744933198,-0.05693168117662715,-0.00507756217866971,-0.029333879419833255,0.04898045156112149,0.06294374624499918,0.032783586690095665,-0.01053286505355602,0.01954116277832162,-0.014675290881034241,0.0020235908191723797,0.04362714723512416,0.02665036574545662
230,-0.0025610477362672797,-0.04816211972283391,-0.021295225836978238,-0.026382598041352078,0.008266339184148604,0.07259318389659697,0.03779041273397196,-0.018635839101157983,0.056137917921730625,0.07840402807452236,-0.08970734999143998,-0.05996717723572877,0.02487403657642925,0.05663856390423672,-0.050286815178292726,0.0036247879662602766,0.03274262181260953,-0.047760813043390984,-0.04894575483436998,-0.07532391139531484
231,-0.003273862588211179,-0.0031482501906812104,0.016879626651499127,0.0030932202338404343,0.05414655357878612,0.061092754097197687,0.003371568421250128,-0.04252411944743802,-0.005480201270878722,-0.03332199957936341,0.060994745886355485,-0.029818432644232805,-0.009682660151666602,0.043298343869645664,-0.017621940357855678,-0.05360421615525038,0.031529625940973575,0.07985584850690523,-0.022653004784758596,0.0084962505359877
232,-0.013008111509258386,0.02374131470661487,0.0010140062050875637,0.05063764204077306,0.00925789863783148,0.028688254566147035,0.0937746360110115,-0.016309008665175144,-0.005172876986033169,-0.005861706324833404,-0.03904916814894104,0.02373317663869708,-0.08532976483178527,-0.015802140547211473,0.010119885674548613,-0.03443788594751478,0.09286194832635075,-0.003997774966681389,-0.025598207506986312,0.02302346754003972
233,-0.03881024933504106,-0.03922727554264797,0.0017316756008592064,0.014385309869849944,0.012660647393812686,0.022867412843732587,-0.046626864216967004,-0.008314883427708813,0.0008306306615878508,0.06332432014384975,0.04986340586420078,0.05768812044568066,0.03151477901919766,-0.05977891768153809,0.011982793855838312,-0.021347337621617123,0.005082967833271543,0.05693268801631453,0.05811425331730893,-0.08191615503084242
234,-0.08503510756437924,-0.0014126041566014653,-0.02066390247027722,0.060784624486855274,0.07129303253178289,-0.031213965546190645,-0.0162564624543519,-0.03420846855160034,-0.005981358106980261,0.07213575188473413,-0.05086119587800655,0.0006340539407023038,0.06097592276413442,0.07038584884795136,-0.034446799270798516,-0.05495338244198585,-0.021440527467007454,-0.009693901872308848,0.05549637454811904,0.03548455032318366
235,-0.050552253431632804,0.0019149896492858082,-0.0001693910499598103,0.027796549238484087,0.010577869138534314,-0.03442071916870301,-0.07502308952639862,0.007099852321957116,-0.08402651354025788,-0.07769377378117989,-0.037123772357384656,-0.08208820201702119,0.012418659235196519,-0.01713359765272097,0.0085764861308845,0.018853885299491807,0.061066479399990645,0.024476826675942354,-0.046331021628044325,-0.0013713128139677185
236,0.009700426549271546,0.02930679951960813,-0.011449713141822382,0.006823423171603426,-0.05455843980113578,0.03827320654546542,0.003733277920568513,0.0139587836329034,0.006926876052318672,-0.01951964280203202,0.006235170276994265,-0.03126770704280096,-0.03569303890612279,0.006491756777108896,-0.06022382421277181,-0.05186970849095616,0.05182145063557321,-0.02252902303785666,0.01808170579908652,0.0010866346742357952
237,0.059011529429558424,0.016249702081404083,0.013650538959602648,0.0631709264620566,0.020368420402620522,0.010285949812276951,-0.023407694281269122,-0.13198656200617204,-0.00978821551034938,-0.04479829951572789,0.03853220533599128,0.023776232771042,0.07857265824211468,-0.00040882737824602235,-0.008032676451931347,0.018740849087475215,-0.006807651054629645,-0.024825375395537034,0.00166946754335159,0.01646032837858565
238,0.03440591025267781,0.027531071082257035,0.0313010495031235,0.034884141141923924,-0.033498212848424504,-0.04964371481296933,-0.033878825426804454,0.032464271837855226,0.01880642814702192,-0.03150408676460241,-0.053740012761970324,-0.014521226240486225,-0.06820825555835684,0.05806887274951488,-0.0028065418594598163,0.025758388098252042,0.029033602975398174,-0.0332954198651012,0.05049492726975857,-0.06400686631826288
239,-0.11646189756751071,-0.026925258110103,-0.015269082694519868,0.04718999458559444,0.03214283127569218,-0.09656525249326255,0.005130756273140176,-0.03226755963283545,-0.007337040241481652,-0.028020404123070056,0.06624804843929268,-0.0017533812980389909,0.01037924962551088,0.030927694595991893,-0.002482948123305735,0.00018232450383978853,-0.04645877714597632,0.06080302368443835,0.07325727340010794,-0.09185209896782856
240,0.006093050254507603,0.006715954684213841,-0.0597812709302022,-0.07211803342838385,0.018119704521734586,-0.05905772032184235,0.03914406489683191,0.014411541829435123,0.024080187440207984,0.03362715872604902,0.06125132629520294,0.004086032084843066,-0.032444459186727566,0.012835738676970177,0.03655320392945116,-0.08930686004507932,-0.031111739570823246,0.03165316635189363,-0.013578562165260148,-0.02581568653717795
241,0.060394281187839134,0.05487037209913805,0.031527583762679355,-0.044122370159710704,0.07474311948093208,0.021097846900536055,0.15852651106598661,0.04036973509125827,0.026868944170780906,-0.05832826420846122,-0.0406069310459573,-0.011278058106908054,-0.06796070731447464,-0.04319417985254058,0.039376240879778354,0.023682992627236533,-0.006294183049586223,0.054639740921898425,0.007535242582060149,-0.05879999042963434
242,0.005231453452746214,-0.04386408368652997,0.00908668574276189,0.0725359256311965,-0.060611123977918124,-0.03450865467263282,0.0991130563885429,0.0004488879271268296,-0.04070486819880303,0.05443659088694374,0.017243635721103684,0.06513134801643637,0.058062108061938504,-0.10240418486837093,-0.05140811852498018,-0.01339206669165141,-0.004663824181388589,0.03556802240777276,-0.034652255523285505,-0.06815249033635197
243,0.01193378540965818,0.07286037228054769,-0.03909719977639052,-0.03377607254027995,-0.06440831569806767,0.01897107653094628,0.0026279310304956277,0.04333980189258883,-0.0258222584151094,-0.03528405486945379,0.05960262699895098,1.8970704590548564e-05,-0.008657639267914267,-0.01676854907776844,-0.05976306507939043,0.025202198150965048,-0.012160218758548544,0.03841049475389488,0.06315208204944614,0.03731204197906556
244,-0.02117339386123578,-0.0372258895514067,0.02427529298689672,-0.005791597907303913,-0.08602148965659887,-0.024241715668137886,-0.023562178787460877,-0.028205799202322013,-0.06681801577789616,0.01960433409156825,0.0008316958984849674,0.04366062734927643,0.01515639829753617,0.02557020584414172,-0.026916796799689318,0.017970095178941336,-0.051589438594305814,-0.02971935677809676,-0.011212359497616576,-0.00284414523442182
245,-0.00335164615393136,0.030415640683166895,-0.03962797992437792,-0.02983418915088895,-0.03766909934738249,-0.02526405463110351,-0.020424199268216914,0.0027596434849483696,0.0034481711862222354,-0.017536830997438742,0.002617493997559508,0.036656782527475396,0.06676520302002065,-0.004283806562752075,0.0374106861001387,-0.007759935510651546,0.03719525650511462,0.04140739067681945,0.012082489735180873,0.047796494980432806
246,-0.015466304616021208,-0.07248214058973756,-0.007516858485835189,-0.014561895129360224,0.015476479286931693,0.03860819086433912,-0.03722406872838056,0.04240272423484339,-0.09284754913510976,-0.04640130134994634,-0.014806900431289138,-0.012463245306550593,-0.0025289661311343014,0.04237962694565705,-0.0403923368932412,0.04569602800013472,-0.026697247959819117,-0.026030034920275717,0.06305379968348561,-0.0031131702798988816
247,0.06690676464676704,0.03538119282669293,-0.09107443689893537,-0.061384173624771575,-0.00299470859590902,0.035495927129124326,0.010154932775291926,0.048319254867317696,-0.08750767999243225,0.046939480413860216,-0.019276182467131496,0.03860565797502869,-0.008607512088915812,0.021587356242761792,0.014891597983076859,-0.062025411062392614,0.02312357971836837,-0.02077686713734603,-0.03120648493466601,-0.042327231675318315
248,0.02541961579824346,0.021147974357974473,-0.0265293526617227,0.0378608698991473,0.032163708065188,-0.01832930649588894,-0.043933680234018786,0.0024079835321442595,0.08868205242061097,-0.06628142284548615,-0.010483148466222815,0.004156246821849768,0.058126830503487666,-0.0663338898798658,0.031090022605593178,-0.024860352349412525,0.013165881196245873,-0.08198437654643269,-0.013500980859179891,0.05608046858589518
249,-0.008021644405106021,-0.07828919548064854,-0.02124696693140029,0.02601222833270621,-0.004797830169313356,0.010102905260217836,0.062167118066917916,-0.010504286908757845,-0.03149110095189036,-0.05502078431336234,-0.010490835334946928,0.0075966614774696855,0.02247397343230985,-0.013698762575524572,-0.07331287965588085,0.06339342964474154,0.0559614154629033,0.04661018345773795,-0.019010029710519894,-0.05832157537356242
250,-0.04411217852233418,0.01577991753480938,0.0014992964508975608,0.03511754979102913,0.027553932943317344,0.015218738673966217,0.0006234447549995491,-0.03638905199674029,0.059507157534077273,0.02698761907704698,-0.07720523440829345,0.06124619006046045,0.04157960012409608,-0.01941835145398619,0.05893576959015635,-0.05135420152855322,0.056539537907129546,0.028849737549453098,0.005162829756216718,-0.019166368686797053
251,0.0041429638200672384,0.07250556420146757,-0.05451231671375382,0.04489276293213827,0.005020108542992686,0.14073396125147972,-0.012508464346162488,0.05074169264126886,0.0335783029501975,0.03740007333299234,0.027085487913130778,-0.0019162588365518407,-0.04268764448086918,0.019063817438934736,-0.027300845084756685,-0.06697258903791298,-0.035178230448863645,0.009173831271798988,-0.05019694797021848,0.020847277692518793
252,-0.071538151569836,0.035169931044831244,-0.03425430044224343,0.023732616886120363,0.021249628148297693,-0.013218589209274706,-0.05854055433514916,0.005730960946603648,-0.01063166534062001,-0.04079733307641972,-0.035869734038815104,-0.08732306655979563,-0.014558297606393896,0.006478138670929326,-0.059632730981471475,-0.061702039296399676,-0.03535175355089234,0.04387910765154933,-0.025632405566006617,-0.07698833791706612
253,0.05054341924427448,0.10618948536378178,0.05960532241356409,-0.016401623093418565,-0.10971095469764909,-0.01293925216836611,0.05048952841612485,0.0372838217801143,0.03885283874316926,0.05888388335209192,-0.04401867528136879,-0.0411588619510892,-0.01356788280326809,0.027766394800941924,0.006390904141740825,-0.023487819151426604,-0.00447522023533132,-0.008796891452377513,0.00551924645760102,0.008170475556635703
254,0.030039911957156197,-0.00014201517489407692,-0.007429120878826241,-0.033220486936586496,0.012987105281850285,-0.020897753437260528,0.014626720853570032,-0.07183845478516102,-0.08470910363535665,0.029181210925861463,0.07244030718458694,0.029746741437040508,0.0175660527163936,-0.06626172986913607,-0.05458695628982979,0.0513387023366712,0.015636932646598156,0.006382220990029126,-0.04724694730899067,0.10797004971939189
255,-0.036280031122761375,-0.055876583052317796,0.0021562229995559182,-0.03257178531854686,-0.09389002745007656,-0.1083917308784386,0.04656021474866099,-0.02547531679731692,-0.010655239954017981,0.04536496312850218,0.02608253998799378,0.04559548104399861,0.018333141871962506,-0.005327346861786146,-0.00866168008586644,-0.025772809727114883,0.09476089254965606,-0.0027682059838429487,-0.02542571655626365,0.030251041028361257
256,-0.02425437763965841,0.00982482552910002,0.06859055697396324,-0.01485265473179636,-0.007029781059699482,0.06611666447542233,0.06092084758400495,0.021244651046130766,0.0006575048706572155,-0.060657294735895054,-0.03026376012404759,-0.023335699252358438,-0.014329202055232297,0.025006771718223172,0.07999250981569354,-0.029189590752468592,0.01078301321665776,-0.017484535229064565,0.023957167944772054,-0.052752173189814
257,0.02602824102526928,-0.061513708963963444,-0.02586779250098008,0.004567380551804634,0.05226767601367998,-0.04980639751663435,0.0663171345687134,0.034744252153522184,-0.003224347538059616,-0.01013720476323039,-0.054231950463113555,-0.03295216908031647,0.036275360935380155,-0.036370227693969207,0.007546816121092676,-0.02830704146784259,-0.00807112663675115,0.004208012657849091,-0.006288406911383258,0.043696077267370674
258,-0.05802113012251565,-0.015660389758398396,-0.028783580495333357,0.01763813567326845,0.046580996106112334,-0.009283933611429051,-0.046207575598091105,0.07444642346952758,-0.013899717251394434,0.041603785022188304,-0.04797200629436913,-0.030451214214590478,-0.003106247587460356,0.05068314819945486,0.062438617541387145,-0.001857322859755693,0.019671342953995783,0.018028466725831943,0.025024979867112555,0.000997163598741481
259,-0.008205193265848329,0.00047281533329718967,-0.0489841219389291,-0.01656210812456276,0.0134527947266967,0.01694994757425589,0.0163865534327256,0.04823077495729239,0.03096155798352261,-0.022594915003139964,-0.07786608276262379,0.016525076049979912,0.017230816783826663,-0.057680432672142526,-0.0482038620659311,-0.05617776038698956,0.05249711941181599,-0.00997374038455755,0.010158106384133916,-0.05526864145839882
260,-0.012332358550489397,0.010997529043469165,-0.004238625109501376,-0.07644136874194402,0.017521281904241934,0.10484703970853151,0.010344443639846131,-0.08209191897623153,-0.02178394251017358,-0.06222362277465358,-0.02961447876673081,-0.034712299143397754,0.004767198811663434,0.015323324481229276,-0.06235458857366521,0.0036214139541711162,0.039100933096543514,0.037048813719425845,0.0034336961712508668,-0.0665323130605345
261,-0.09114338322438562,-0.06586504697336622,0.10077046812194446,0.03505810198947188,0.04431843234453627,0.014517447808734181,0.042134521132495606,-0.0029463060254907233,-0.0016067499168826995,-0.03888868937594852,0.02900045948910875,-0.06701152322680541,0.055896295936389104,-0.05235033802980636,0.03267637737404507,0.060860706903035015,0.05084202303846037,-0.022936496134340834,0.04018597897995257,0.07472180937268892
262,-0.050447824133198906,-0.02651369998210985,0.03927221164698435,-0.07293509965793771,0.0218158028836544,0.0004571176168785217,0.021857907657111986,-0.0602910069072775,0.0851711793399153,0.016186206676220186,-0.045987055381476426,0.0178465942933574,0.02675262630657359,0.07475166800239577,-0.024041683952572942,0.050106641417894775,-0.01676152291727138,-0.029712176467328794,-0.04623095229507951,0.04022238131531107
263,0.052912327407154756,0.010968012452744907,-0.013623991001628038,0.04468404589874376,-0.03309455801617016,-0.021428884811760182,0.007968980886738287,0.08967107887884837,-0.03887162965080503,-0.012954964537982595,0.021455221446453974,0.01753561483743151,0.005746520540690479,0.02505763444561016,-0.014789368589374881,-0.037339606877266195,0.05055085474788277,-0.011379063991101208,-0.03591967653426074,-0.039710357925708324
264,0.020863163760023198,-0.012101279310412418,-0.04133629539074837,0.030805819002089663,0.053188244302811306,-0.02853933317952059,0.035167108223274096,0.003496132363211499,-0.06054855284001664,0.02785673276065518,-0.013405415186393592,0.006436867060745374,0.05057296840975726,0.10468875716439413,0.001287514801575955,-0.06282862552734116,0.016654732070924397,-0.04502597787373558,0.07752510401035614,-0.00689234604349153
265,-0.03969556311268794,-0.024246164826527045,-0.044556080457776086,-0.06416974059018922,0.09445685292241301,0.02281915510553809,-0.005060240955002888,0.06587738971493332,0.026261402552173713,0.053065316274300556,0.11472968761228787,-0.0006757886560037426,0.06878936513264214,-0.0028688437780833246,-0.031233408991450717,0.017805143380513054,-0.01237909807696531,-0.06533563202147608,0.015643113614707712,0.07160942959803179
266,-0.027753347612548718,-0.07655081120782656,0.01771077999909724,0.045018414654556076,-0.11401401914908761,0.001955240746447004,-0.0043008019924448155,0.03375999930935855,-0.006328777684677962,0.05899687493630565,0.002427256120608426,0.09462541988664366,0.0006924810670534279,0.03690245151996264,0.022669361861671435,-0.004140133798884136,0.04224080484819235,0.016027700424210884,0.015018055234228314,0.01138652730422926
267,-0.011771813937319596,-0.047091069799382164,0.018563568421148983,0.08007726510024478,0.014913317338575236,-0.12123627073319546,-0.033373349828535674,-0.01663606324952075,-0.004640568220721671,0.06712717269558847,0.04264053702505792,-0.030999364841756288,0.022216398047831574,-0.012256199957917638,-0.0001320831829571376,-0.03159584877739625,0.021222921305164205,-0.0035294787808222644,0.013450762010237198,0.07721777486077847
268,-0.04836045198538773,-0.017737487232083998,-0.08563617805420073,-0.03262216606237715,0.00042863562338295844,0.062480418853509904,-0.06404382127822698,0.04115249185653851,0.02270840283018653,-0.03306784923107386,-0.034737100406485685,0.05178986309913829,0.07996476149099889,-0.024330411064025927,0.060615743963936736,-0.050784474104633624,-0.03257481846891601,0.0835821733192713,0.06115281487261519,0.014667287659325744
269,-0.012444352014634605,-0.0028533935652387986,0.06937311464981966,-0.028689572557412293,-0.03769553054626684,-0.020721010871384893,0.0340958098751885,-0.018987268365465625,0.009119518370486236,-0.040016084782866404,0.025451289394923516,-0.017656131186696136,0.0273822862654625,0.01726882258878129,0.027397808121098217,0.044143108752649596,0.0750048963169608,0.0028399242102567605,-0.0682143975797667,0.09303570251790726
270,0.03974675896179127,0.01628564763184859,0.053524400763530974,0.00521998843730353,-0.03726323712722241,-0.025735823497109477,-0.017548009071067645,0.03634653319591025,-0.033191845193488674,-0.01915952423390455,-0.010651924653224409,0.032564707498283246,0.026940895733034022,0.06534870341185114,-0.06669448798690841,0.04191133502824902,0.02101189145909841,-0.006894093451376862,0.008998231587158628,-0.0943894405374683
271,0.04310631125853672,0.05208691352678131,-0.0012293938159081404,0.008079562539099689,-0.048970139028297215,0.001505328233057055,-0.01631805796723725,-0.009431295459927033,0.024187527427529876,-0.018554688334036284,-0.04864814423830418,-0.000541011939201925,0.10613333093291986,0.015547466459892554,-0.014380552071244978,-0.02632730632996736,0.033208529409410985,-0.050611047918755786,-0.003541989023619203,0.006159963144192599
272,-0.03197330591916411,-0.03322595770265079,-0.004181970374667586,0.010812493686983891,0.026722276829161215,0.013832487408851023,-0.09000643635952554,0.1251964087420751,0.02240094379761321,-0.03197055309738244,0.10523475850162387,0.04608535404515551,-0.03389331117135431,-0.016585198527222397,0.01699621206100033,0.010805112514409361,-0.01945714968155172,-0.010668692148576558,-0.07019761787209507,-0.02488445049450122
273,0.06824814142802686,0.004745171170260895,0.0267187903797758,0.07281251989722619,0.01544430220442678,0.05915019571723553,0.01960875245620448,0.022581257105332538,0.0033912410910795438,-0.008433414180271919,0.0033378039715887724,-0.0006285080365515052,0.0750327840273769,0.09866460370715471,0.011307690094882398,-0.08612547054776092,-0.004976478016211732,0.07700279949162817,0.008648146472591918,0.013423175404496165
274,-0.034809130111347716,-0.02355568104046593,-0.03280651231073712,0.04779573950549846,-0.06132548049554402,-0.055701798709010715,-0.026166374443819196,-0.024357129318599745,0.04890008406892194,-0.0037745035503098513,-0.03395200572398412,-0.05250574311223718,-0.06900637380700882,-0.04473286976355237,0.09173200661492838,-0.013906182212495516,-0.03238171422937873,0.009680247655104467,0.02412117927364423,-0.07108627145264759
275,0.03965021021929503,-0.056115491831926594,0.051497774027539536,-0.010318902613464775,-0.005584802512956123,0.038937639331174154,0.057150059758593,0.013312085573392429,0.08078020125688892,-0.03279329539897849,-0.01886103885684703,0.1035235891472757,-0.04774413900509539,-0.02639304938759612,0.07670434649274335,0.02492634557897279,0.019658102195655634,0.005997191756245587,-0.04015166886097653,0.04124163270422867
276,0.03396838570821345,-0.011822827745079626,-0.0272090731375429,-0.03816132620164405,-0.03332462243852184,-0.020232582249248194,0.03327902094456941,-0.0014464318789650641,0.01587098151594061,0.045566205732598154,-0.020895110388756903,0.011939908779094576,0.0057277044305920595,-0.002909922050315294,-0.077767376829529,-0.0102737875315263,-0.0025107801901312833,-0.027124728862961904,-0.02372052043757933,-0.06114437023699825
277,-0.038722102027585116,-0.06022778363082756,-0.07571413805862222,0.05791183273560151,-0.06588211581352744,-0.027089588411513064,0.013871327315564628,-0.024324023493348935,0.020319450600448118,-0.005499078091736539,0.04365304595899881,-0.08843100015754612,0.015625871614416618,-0.018056028584829072,-0.010764325165189815,0.04512303008812573,0.008487616940076118,0.06431017457951263,0.03231309103013214,0.07769487675242565
278,0.021484981048504704,-0.005071323141177585,-0.02309222897092384,0.0007891244670063409,-0.054731621611013304,-0.09273996233022049,-0.006637304502397011,0.017969110743790487,-0.009368533990570197,-0.003874386045070783,-0.08511263158602728,0.07646414584911984,0.058860000958010465,0.016029305268672474,-0.0002763489101333327,-0.02670788872906479,-0.03302430315603766,-0.005656142397905204,-0.01930255827636089,0.011060262639117652
279,0.012744800924024302,-0.07862125549020474,-0.0144268207561978,0.01538959826840989,-0.021273483016261818,0.057429476250754195,0.015472620535075894,-0.03326867663784989,0.009613396850965726,0.09942107710384561,0.0757203581884134,0.06277328887617606,-0.040367470872129094,0.016650896840280864,0.008505149302210545,-0.0250223934756798,0.0059076270062147695,0.017923853900918777,-0.0221634940674601,0.06198866214087195
280,0.057116019794623156,0.021512810395653666,-0.015486287846320832,-0.017989109645018417,0.0005810241291279604,0.034530834273945675,0.07329742561833603,-0.013369172971183917,0.0260249316494776,-0.08895227097268417,0.014300247303459633,-0.00968301309076185,-0.0469958771629506,-0.013065153204255253,0.029899504143219156,0.05475793606401863,0.020206361427947135,-0.035020035666778665,0.03378562257139837,0.03249505880768133
281,-0.022348668678568974,0.01606182860297619,0.018769055422685282,-0.04013881335808996,0.030817072751340175,-0.0535555089517686,0.014459976559505634,-0.053262820092785025,0.010850833099441945,0.05834996374784892,0.00945012537158692,-0.0450680436420683,-0.006542255309844153,-0.03145130566627192,0.0153597931513434,-0.0370158769228829,-0.0007091183890747867,0.012430470494698238,0.004218705617829317,0.04063446634443972
282,0.03256960338509055,0.009986807841611019,-0.05219652544869585,0.061006713122184544,0.05247873456117392,-0.045878666617115656,-0.05139670499294707,-0.060802456722134614,0.03909735352796158,-0.020221079658811515,-0.0886814006677409,0.028626795593086767,0.08208100744348991,-0.020533850569582485,-0.06268239463898374,-0.011382279748779247,0.0052142417241261155,0.12594865804930852,0.043980242651476355,0.0012424516695897802
283,-0.020423777790988716,0.030379609553560265,-0.07562130327048311,-0.010778966898798478,0.05500087572085839,-0.024698157623562558,-0.044893265709237365,-0.03719542528420351,-0.02682738423421844,-0.03405654797771042,0.025678461959801824,0.0378455077548236,-0.001088962691297615,-0.002616340738621267,-0.002227348034738572,0.020818317415718112,0.04546733221761102,-0.03725056221106453,0.03812012605781952,-0.014357297702651399
284,0.03411932857183237,-0.023795637545167756,0.07127310408486186,-0.03706548151962733,-0.02823259129454952,-0.015117660799152886,-0.011229659823997942,0.06436766358678996,0.06262052272607295,0.03323660596241026,-0.036349193796391094,-0.0039269513507378465,-0.02593232154216176,-0.013607636282574647,0.010766205092848424,-0.05586386348226073,0.04880072862669918,0.05591241680534501,0.025488495242807805,0.0368037141902812
285,0.08163758867402732,-0.035374547198507564,-0.06596184710173268,0.00795187598508004,-0.07201731434709432,0.05054430930147725,0.07517531650410506,0.10557848677703542,-0.0028341088263877444,-0.004301210389678291,-0.0387896260908568,-0.017084301852118997,0.000831565849509765,-0.021487829719231178,-0.06545188269407244,-0.014384906663515603,0.05250128653236756,0.008586244112697925,0.04198945093594163,0.018509544538830063
286,-0.009264992725537371,-0.05533705762333164,0.018834077014228897,0.019635435199553262,0.003369609315571417,-0.031688591982914904,0.0491567678591304,-0.03886911786990445,0.008923587315319956,-0.0019691927725341853,0.008411562712590076,0.021439023200893206,0.003670552001024233,-0.057970994868992064,-0.016971886686954003,0.017362369690582087,0.03099427535383541,0.011745303971703154,-0.021176362517265006,-0.03345617789118641
287,0.012595391517286902,0.08985017903415962,0.025045385993194377,-0.008820169035498334,0.0032604307242584275,-0.028488845923790185,0.031337842408638406,0.012222002032380754,0.08353129711068885,-0.008292713587395842,-0.01237691247307301,-0.004743663856106491,0.028735415086434183,-0.012273738260233221,-0.032349492828155794,0.006699495176705206,-0.008783315639433142,-0.05516245845395548,-0.01416823348453213,0.0057772978666649055
288,0.022711062158341358,-0.03275149520705225,-0.014946042898851975,0.025214203478190648,-0.029629456202732767,0.018066616276069463,-0.04787657607632153,-0.07786313531152785,-0.0009599683949758329,-0.035422381987890966,0.056235534769876055,-0.022726808425452626,0.0052386845909845004,0.02769182750725437,0.06708255485797561,0.011700417915170626,-0.0369125536993665,0.0016032882018858874,-0.04324578445852618,0.03564279398378335
289,0.06363629749622335,-0.056493050496073435,-0.05662989352313456,0.03688042123444971,-0.0073950752218840485,0.024691833464814163,-0.020167305832440564,-0.00402600788329238,-0.06385758682602788,-0.07515541362710422,-0.02310400447458132,-0.03223736851983549,0.006461026721859883,-0.04118630896474406,0.00913440817111028,0.06079541288967033,-0.0025039830314663595,-0.05098393774944327,-0.12251613847052752,0.06313189763225804
290,0.013880002875656454,-0.034949520671976195,-0.014073605338213129,-0.02214209623322701,-0.009392640943697156,-0.0027162124441978456,-0.04435760713910165,-0.04465578710308105,0.03891700968768864,-0.0846413625685669,-0.022375111840801525,-0.06591921943033946,-0.042510746463313286,0.03526736167751664,0.01901725761568137,0.0122005405080607,-0.01389785340388084,-0.04375482154911924,-0.04321646409417983,0.022806671135294793
291,-0.016661593877623084,0.050976520717926764,0.09881702671787088,-0.005145211466445875,-0.0651506187810691,0.04812155146377187,0.01753079150583343,0.027849868393358797,0.0045951054177247146,0.08022977797184624,0.037364164488266675,-0.07856451246699665,-0.02425506521192654,-0.02547092381187142,-0.02516585944496345,-0.04683162587044926,0.01694775429895062,-0.010802219888064261,0.032254175269301084,-0.001409334513264022
292,0.03511330227046558,-0.026242409711950063,0.08610497883220859,-0.12643234598129077,-0.008478369902920467,-0.06513748970424324,0.021565632296756822,-0.01637887760923045,-0.018179939334128894,0.06711838968984211,-0.026243512209711647,-0.022995856087462553,0.01230863996703098,-0.014858253890159318,0.02646043370272026,0.008092040468071264,0.0007496378739304197,0.02542931282221135,0.024935183064578197,0.020834530341129812
293,0.01535218589831058,0.009620156929111301,0.017564037165308504,0.053127816729132714,0.005139703394026037,0.009164229030277525,-0.029788220858525317,0.06946492189084677,0.024878597553031383,0.07361006538190544,0.05760496366059646,-0.006607280274120033,-0.011747337883135058,-0.06431102544811218,-0.05659620226258383,-0.05887155541017586,0.05682126205839765,-0.00034615404115664856,0.03216190238807295,-0.01901562437970457
294,-0.060891314366935734,0.033833120831569904,-0.02998991632124692,-0.04176943189678669,-0.0764824927776108,0.001194341804276802,-0.0034309932902314238,0.018413435875416637,-0.009256669689053584,0.022669748686363872,-0.04620003650486472,0.006772257138608121,0.022196684557554226,0.08098897354655098,-0.0051473177059139005,0.07906638711507134,0.04651987227112779,0.06414007389495939,-0.03517271888448999,-0.05287748611397497
295,0.002390310061411903,0.06020657775449379,0.0032452403487808804,-0.006080189982077599,0.016388665632075892,0.037914028786656465,-0.032168982365696944,0.03533411144055985,0.02980887907777125,0.013321000523618308,0.053845809224839336,-0.08065692820908998,-0.013515365836770663,0.09246876233061425,-0.0476141186207058,0.053925893057518624,0.0005639328829969942,0.058277057179411215,0.0206117020546092,0.023331351069007265
296,-0.042743977537275796,-0.05374848376197818,0.05300375039157329,0.04070064730212283,-0.007973007920372359,0.012721930365826114,-0.025975084767023676,0.05227006297964371,0.06460498039240573,0.006069614773311998,-0.06224717256240054,-0.018248456432045743,-0.06743454869882824,0.04402237173154725,0.06682793118444796,0.013471992281096426,0.011431330197966863,-0.04337654986215604,0.02257323043034546,0.008964188839562863
297,-0.007626291458677501,0.008533087481389548,-0.006151445989203422,0.04512392894393392,-0.029386232103086978,-0.016114642347655982,-0.059601813928566304,0.051375405065132794,-0.02814029552226655,-0.0032132327125050236,-0.03762461680526,0.029248428761865817,-0.06398498091999626,0.049218798504525804,0.0071309067392897815,-0.0011571828758761495,-0.013956213457726524,-0.05240928941314613,0.04177133311134159,0.04595754748314779
298,0.05176484624787158,-0.136938729178358,-0.039486432041068456,-0.009467898915483965,0.003451828802403468,-0.03906972974539314,0.013936782589169257,-0.018455537195164202,0.004314824533146183,-0.03325106047435675,-0.037385853758690905,0.053953226530645396,0.01970870686547044,-0.13731428414385172,0.041815066171998115,-0.027102333129253735,-0.03332096227315832,-0.021320903994885027,0.014911391769334818,-0.030441769674323046
299,0.04750740685399894,-0.03245587323081552,0.01408007480807407,-0.01608300341215918,0.05536560147204697,0.05462378410710645,-0.027737981507705865,-0.03417104488087705,-0.03487594185015767,-0.051753771401528266,-0.015543416342436585,0.008114569454241617,0.01476288981440313,0.044865259454523444,0.005750640631105298,0.010981132797776483,0.03255412742237148,0.0281148162175121,-0.010656314083750897,-0.018986620324381507
300,0.06405919051521165,-0.004855727907137884,-0.02708368860256219,-0.03294859251714013,-0.06486437184894794,-0.024333055890402636,0.024422043664895695,0.06101354017049431,-0.003076965861758863,-0.007874079056789428,-0.04031287490905707,-0.04497631866976919,-0.026272457035628003,-0.06971969612473765,-0.09295082853073525,-0.03641874981411173,-0.0703877130267509,0.03997455380034439,-0.04394126378708657,-0.04200105568195278
301,-0.0309340636530648,-0.0063392741022151354,0.046940443380592695,-0.014025586820392929,0.007241562156155766,-0.011578670868100775,0.01569482154082412,0.0024848678427997544,-0.0335865642802265,0.016793114700882888,0.09957882061439682,0.003993583824614387,-0.025511385254751405,0.013369153421178157,-0.08356071739732744,-0.02117476239076956,-0.07476116525563467,-0.05454715120080442,-0.017177281693205836,-0.0323343924299976
302,-0.009673319358383035,0.05374702586669547,0.023349584894091068,0.003512212679193704,-0.05230987051774056,-0.053589477120896865,0.004842303222192175,-0.0468953418867562,0.023122689637705217,-0.034365548853192214,0.03576791816186999,0.024551693782370175,-0.0454418439154479,-0.07925697415641873,0.0156344310641393,0.06540856440247768,-0.02337576544482135,0.031933414589171316,-0.00819809027521351,-0.06279230778278293
303,0.007818783388206461,-0.0032146362272608936,-0.017694671892128318,-0.038766493729847064,0.05372918481899555,-0.04083049270670703,-0.04943477139687834,0.030364678533547698,0.023913678001715073,-0.01803459886477712,0.0661271480411011,0.02792321821582677,-0.010955723220460852,-0.04513534867422343,-0.003898677773312579,-0.043025508169076514,-0.06926089726841476,-0.05255108590025391,-0.08534774335229181,0.020362349258479216
304,0.033316444412616074,-0.01985558305752757,-0.004684461061235199,0.09967011710597394,-0.03900993404280546,-0.056047507665917075,0.04825663001191583,-0.02414207289365908,0.09200025288111072,-0.021835526052913445,-0.11690233816225966,-0.010154760364575582,-0.009315668185496026,0.024449351034423087,-0.03666400704100085,-0.05522120786955202,-0.009123411158740925,-0.02777504170668424,0.001253438496198877,0.05201495192089486
305,0.0004456062485001916,-0.035106209923792,-0.059872205157436326,0.04273792932947928,-0.015465606257836518,0.037107387988973534,0.03136328657189113,0.020608638601694405,0.08692420183377043,-0.023021688615717895,0.03382066592875897,0.08431646033032142,-0.04413433506317454,-0.08256849994990915,-0.017930161968615146,0.08754970717515333,-0.10007461777683152,0.039595510654797154,0.06966223577263188,-0.015030628293624986
306,-0.0013954926522037805,-0.05620693834189573,-0.021512776399440315,-0.006925598067619415,0.01379478691709641,-0.004460450756523451,-0.041726051483280194,-0.03981166805302614,0.026654824456384056,0.06588548370087306,-0.039848623217026806,-0.018449603308520426,0.02335020077734064,-0.025355407938652996,0.04787749211945657,0.006880832773830862,0.012016975721880638,0.04408159805695586,-0.09313404009629617,0.023599005886369026
307,0.0037326921582272925,0.027149952458274083,-0.08848153100132057,0.015026256471503269,-0.003481487711883163,-0.05075403885743511,0.08887212477234484,-0.0014186563547292027,0.007155038173301172,-0.0092484704127113,-0.012814230484721785,0.049033054375005665,0.011769421182598827,-0.03082305536486729,-0.02836278334704454,0.035085814691835415,-0.0052304591962840825,0.06821585006285624,0.035765461699047665,-0.06539217698345297
308,0.07363823300200151,-0.006134403881950541,-0.07149076527163223,0.03164142224230437,0.03683723057625343,-0.018134702024019116,0.014243285476029611,0.031724883846919856,-0.018253587936992444,-0.038816018609105586,0.020016381645796142,-0.010269558826139096,0.04141243258597152,0.05345308758864107,-0.029920712418151155,-0.010434617971151356,-0.04347896705434884,0.017392094317345678,0.027316009243251886,-0.016224263296801423
309,0.00367143970341764,-0.027306934961790617,-0.0515435827859035,-0.043999141184085835,-0.02200126413303951,-0.04940111267839213,0.023964409157033115,0.012583775248727183,0.038564601223603716,0.03780643942201336,0.03845886193509764,0.052967123887999734,0.016524690657600233,-0.020751496907610585,0.10738253792200894,-0.04033448102373836,0.09586544375323355,-0.06624159631544078,-0.02464457829821082,0.027980306683078847
310,-0.1179222476076475,0.005808003152532009,-0.010119156895248163,-0.026758357286386213,-0.07076947958879362,0.032036800540972625,-0.02664273106577272,0.012571278754052348,-0.024338026794790517,-0.005440440527579933,-0.05340965979797956,0.03707592970812631,-0.036712563180272696,-0.060318899642258235,-0.010366282628720752,0.004011222999015005,0.0229489672874271,0.04451412690941217,0.07899919202615385,0.0011447664574992691
311,0.013821271614531803,0.00598569134082236,-0.03579585840097663,0.0368404087500291,0.031225411357658456,0.046508077346160775,-0.08794335024997026,-0.014360580332280638,0.016115623437669566,-0.0456789835210537,0.035699337448962906,0.018815946511890006,0.027618569288001424,0.007462921319090426,0.036742498640930925,-0.05250938470323418,-0.0502234468838085,0.0021894213554065427,0.06210334195081917,0.04305118551987543
312,-0.05112292338510168,-0.002035869198654054,-0.05954271273259202,-0.04492839027100786,-0.05666172931124054,0.03673994620552003,-0.019342532656862716,0.04547922655547563,0.02173727709964555,0.028492018419841114,0.053238099405449844,0.01218376087734141,-0.05463042299872206,0.03949467662695133,-0.01618816975517635,-0.015911488053393347,-0.053988590910453,0.001622426615848286,-0.012969490784840627,0.015013848441784432
313,-0.00355808119714169,0.0021938851842676736,-0.012704999512044105,-0.04127031532926663,0.045885994248584416,-0.05140839957604287,0.110786291172864,0.026623031665344146,0.009278566008082129,-0.04488672090484044,0.02258986797967381,0.020357534305020727,0.02008282313611103,-0.03105744500286975,-0.015920709001054547,-0.07640106060818562,-0.05356227391427676,-0.03491132823167103,0.0318475225059315,0.04305232718490441
314,-0.006338460771785361,0.030316503418905443,0.037328277831992995,0.022542319364199877,0.01970987141437225,0.038871800570224206,-0.02732845565868058,-0.051642955655058935,-0.019133667533169994,0.036952676323574275,0.052750913109960045,-0.04886956307819438,0.00153120758524109,0.07033616341329088,0.032211931868534174,0.0569124507647582,0.029607675826340725,0.07221570835478748,-0.08316128593228592,-0.033441777726590315
315,0.04354863577805986,0.02459624164357451,-0.06406462848499787,0.02624461450539395,-0.03517966253828415,-0.04698860840664581,0.05633391193428841,-0.030304114553304416,0.07113370711537419,-0.07895422573696963,-0.05410382350083106,-0.0604447885379275,-0.05576713824485223,0.0012494892539338465,0.06727101006294531,-0.008228734516103568,-0.06194548750114727,-0.021257400152595862,-0.003344983266789338,-0.030993870054752834
316,0.034609944109330625,0.08422448337679364,-0.017136137577617425,0.04367198214048604,0.017631795701492346,0.019073230762528808,-0.01052916433540389,0.011211453447801995,0.027881132080982782,-0.011915449369647077,-0.035419264739329485,-0.02761110210250853,-0.06613441601934687,0.03064600160017331,0.030508504436293073,0.0013971548139317222,0.008872496848970984,0.049418824927359994,0.0008023905335723447,0.03538458333122126
317,-0.009245505505507068,0.06896009643111006,-0.022260853417049024,0.008576003216031433,0.09818972499023054,-0.005390958561894763,-0.07395709096438784,0.008822529263799261,0.05845951177450412,-0.04923745786275548,-0.0785030940675031,-0.05245487222843446,-0.005219047736960473,0.0596160084687087,0.028172280099057423,-0.016102297674494573,-0.019595479082114498,-0.04170262080922621,-0.02305937369629241,0.010084858204871764
318,0.0746857230189841,0.017148170237339135,0.07816395390281881,-0.05742592665784053,-0.03589030786222699,0.042949549183413226,0.014009716085185302,-0.021864856651314154,0.049230130886125885,-0.026492241757689102,0.019812916763830766,0.013280345446520434,-0.03207624096941581,0.02045954526778715,0.023909091577408698,0.010697003306680473,0.016366906537691826,0.026470411348629427,-0.02486098093241811,-0.005227107924825296
319,0.05211618662579037,0.07221342204511925,0.03450009188408145,0.03357359195438723,0.034204725516437516,0.07165192214259995,-0.042378315899217214,-0.028114192579315345,0.046423430157409844,0.09140702933489428,-0.03697837577022147,-0.03254036366554151,0.04096168796481752,-0.032203258251287496,0.004125870027200492,-0.0774355428982718,0.008179646831119533,-0.019602953228528883,-0.036783691130532925,0.0361483803454002
320,0.025870354455051515,-0.03611082886143964,-0.0217432932303205,-0.044340646648207506,0.0187999464264866,-0.07665345645741918,0.001332709081912969,-0.0035836703138350866,0.0012630353373131618,-0.041535178521115,-0.006792746252449369,0.013960749474394607,-0.12970604841091793,0.05269655348516686,0.006236764376880238,-0.038226183527142035,-0.028792615079870642,-0.03042870590620771,-0.010841434880428023,-0.005946591931347707
321,-0.02953833200958051,0.0029351424898111417,0.08225441045616701,0.013190367965959644,-0.06106880566526534,-0.015032560344303397,-0.0820592512481676,0.03101291796370309,0.06894299126694714,-0.02418248167980102,-0.034255554341103965,-0.03139349537199311,0.004336112396889892,-0.05963038295449098,-0.07043044968027745,-0.019902014944476625,-0.03031653013567727,0.03551409066740153,0.019921529245196766,0.05005418404521582
322,-0.035899396943362985,0.05537417552569284,0.051175196961782854,0.008125865334490655,0.029255885053043097,-0.0018375260750275264,-0.004570989922385357,0.08845227782110994,0.008989193304655599,0.08230926682690125,0.015999448180067297,-0.07950879202973883,0.01183861633633426,-0.028497279511390507,0.03392081454741112,-0.06112209523660383,-0.09138227836540705,-0.012508322483678388,-0.012873194387299254,-0.009518476977811836
323,-0.08721321713418453,-0.014932226480163137,0.028616780186451616,0.05068395414832962,0.0353176491873778,-0.079004184092939,-0.028020480381455153,0.0438253025600245,0.05694376154652702,-0.05681597133830948,-0.04604246147359477,0.03761111007998378,0.02631892614127639,-0.06521002384732406,-0.003374117877537521,0.09084973300008918,0.03523581825597329,0.03698579664670615,-0.053290015415151444,-0.04549672450757693
324,-0.013906181294932415,-0.0037430850957734865,-0.0009136843685649352,-0.04795839686895516,-0.026997874111536483,-0.023531710949140625,-0.05034954421793777,0.028929673320105993,0.07617662754841723,0.012957520050889825,-0.02102576499699515,-0.06822602994616479,-0.010789359437415947,0.04637434449608637,0.0018283773514419222,0.07775734287423619,-0.016499967710120883,0.033667124756582886,-0.001823802684832156,0.023285649470569512
325,0.046319657986663605,0.04350991794783404,0.03278163390938125,-0.0026909932490947895,0.030928093259630245,-0.10257912117981698,0.05916739513570309,-0.03386582977443667,0.004872148749130873,-0.027738506243781918,0.0400727632624378,-0.09722505078815429,0.009852896677693847,-0.04712672094718844,-0.037245282876743724,0.018824796170091713,-0.04520922283534671,-0.0401381903742762,-0.053074533452203705,0.021708377337808588
326,-0.01890587592138065,-0.010481216213678155,-0.03423122292406287,-0.040874364330115744,-0.03274614832914774,0.04378716516130631,-0.045626623844640286,-0.006689839776558097,-0.07134523372056012,-0.020302557517051276,-0.0001745325636557995,0.010482270135895323,-0.038433957138567815,0.0635123713172509,0.03590032869875578,0.003271486887549801,-0.010485286379060512,-0.033255858081286525,0.045852750947018954,-0.056170981828648645
327,0.08246348917166912,-0.007970155824786765,0.013194567399580581,0.003626795974469207,0.0292865935905818,-0.009781498087071861,0.038169325833819406,-0.0003757336062589793,-0.0023395727891591844,0.020225718382922222,-0.020467206422542704,-0.02474225966967296,0.01844580807517177,0.005400155453964247,0.025347024634995368,0.040382466612740496,0.0011084282161020317,0.011734419081456554,-0.008806584841296438,-0.04050348756051168
328,-0.08992127230200861,-0.03660930298658957,0.04348599644549314,0.018320377665172766,-0.015916575851952015,0.039618221719093155,0.07551207955677021,-0.06277583177201763,0.08035197007871539,0.041162390927994605,-0.044008163485526525,-0.03770179965991027,-0.027096527457346163,0.007814345854481496,0.0304796969607075,-0.03713352841136237,0.03687199074126592,0.033396310508123944,0.0960886067027293,0.05859612934155635
329,-0.039271929073405855,-0.025516251926870192,0.013573337957046482,0.047104265326691805,0.012007916318334134,0.02203173884910138,-0.01734522871885624,-0.016480054222154043,0.026994284481520216,0.07638860536808766,-0.006127203235243547,-0.004546577694182997,-0.01575891048174063,-0.025069960144627382,-0.07453864676451458,0.072166021940929,-0.025937129719924044,0.054156413909332055,0.005487271025951252,0.05232307145657006
330,0.020140638653332283,0.019136411748968133,0.06316360764255978,0.07467443932951104,-0.1386401070690548,-0.062339859776485526,0.08328172363189142,0.018722563958571203,0.052549408663630184,0.050159575946694554,-0.03937271724105978,0.004548231448716549,-0.03903533628255476,-0.032047367105407,-0.025817752030999095,0.02625033416727824,0.020531898517675565,0.0031909688218399452,-0.05798006246575583,0.03813735466670753
331,-0.012631867338446918,0.02902823194001068,0.03770842499727708,0.0024953765274989175,0.05208624733878663,-0.0022530438192042766,0.11639998129730185,-0.013911006152435356,-0.03849680428714326,-0.05588785054375071,-0.009569510521755342,-0.018452984402351644,0.009935297751351298,-0.02267754483722555,0.02826552622543636,-0.007563598504140499,0.0414580095041353,-0.060020185851641844,-0.04739036936351571,0.012060736479201776
332,-0.01990050106873499,0.02131807483882066,-0.04840984672930991,-0.03248988843384581,0.005817963008340824,0.021653348077738825,-0.035866394153941994,-0.0014803648990419614,0.046001474648916685,-0.0020981233858936937,0.0649871290674575,0.0774517735641127,0.0018694057044932552,-0.05324154860417588,-0.02188380823220681,-0.04285638354213304,0.010056374113912208,0.0003805636639964722,-0.03267399792321928,0.0050439827558079785
333,0.02400863963595339,-0.016544496811701906,0.028515323414869162,-0.002299862107740005,0.012844859102012609,-0.05766104489044961,0.01789784932433591,0.01472357336819575,0.08339394395404998,-0.013074934556012472,0.07542447223382005,0.013974372003288837,0.004018529066384173,0.02505464475192155,0.019298372446532545,-0.08879508913843465,0.007137230268994292,-0.02888967064345107,-0.056752634774205904,-0.056181343936054604
334,-0.003022852112225594,-0.020134496592820652,-0.04582271401110953,0.018520817072579545,-0.02499348015457403,0.04452705274229229,0.032800175163322974,-0.04416431475133732,0.0682906346009721,0.07864156987663903,0.028922643650129986,0.040861882458759116,-0.042943632883348515,0.010652205165092153,0.01087002104636416,-0.009694351879647817,0.06253251781852368,0.05160363165688697,-0.005601133862093286,0.022555695513574676
335,0.059969270039145525,-0.048518891904877424,-0.00719604245794596,-0.05766366686510331,0.04156686961194646,-0.058425593205134616,-0.011420461892081363,-0.05930215523281489,0.049200416808271454,-0.07437236544259351,-0.014317901378739962,0.010699722808189588,-0.11667175199563448,0.08138987766368108,0.0021484328472972927,0.03012778324998653,0.002390780611489384,-0.012174583695977445,0.004556650422578581,-0.018105954186045284
336,0.04613313117396936,0.05147891858167077,-0.03799475373923184,0.04623982718186677,0.0389987415777442,-0.058636435732763253,-0.018664588890683297,0.014969164613605096,0.010968141288382005,-0.03478767351586493,0.11270915351570054,-0.08124058351235154,0.04587307710992603,0.055350615687886184,0.012803009275445892,-0.013280764545153995,0.06375568752262635,-0.015696394765446185,0.0038508361935242,0.03549255551170505
337,-0.08129637495844036,0.011578061968261133,-0.03634645636569253,0.04107732618184779,0.06060195820756878,0.002450287285451948,0.03468297617764308,0.02068453224643826,0.009557116390206944,0.017659602622128377,-0.027347971996679744,-0.027827767022084664,-0.05570572951322806,-0.04120946160963162,0.03170928604235488,-0.0910387330581191,-0.01728005890065528,-0.041581773773870685,-0.03580242207738607,0.01135140746810657
338,-0.05478064059013783,-0.02357487221253186,0.02256820565298942,-0.048788224287034665,-0.04062861540422858,0.0074145826859613115,0.03395276723089668,-0.06113221932509306,0.02831075836263667,0.04728540153229205,-0.08163143334109756,0.08669865380659779,0.0373989725368312,0.028822410371056623,-0.029724040494339674,-0.09884030951815863,-0.02376751286515268,-0.0035287971772910384,-0.024525179520099635,0.01367376168321097
339,-0.0012143862881985857,0.002720236942648756,0.06989465343131959,-0.004180284109675629,0.06097837110476281,0.08985152300615336,-0.0440916774958639,-0.033614621474748294,-0.012526525449379019,-0.03317073809235983,-0.010163256822393158,0.02063824470527353,-0.005154216612254765,-0.04544642586616985,0.012556439306630262,-0.04539582010614108,-0.015588920571937986,-0.032912722756399546,0.07000809349930925,-0.005150611638539948
340,0.032471692165363934,0.00787455610154621,-0.008533270045810995,-0.04401091974498047,0.04843982199108066,0.07710323235336768,0.024554705862425714,0.12255436848782739,-0.02311651397657152,0.019267015626743256,-0.019379426288366117,-0.03353759983235279,0.02682187731752936,-0.004833879361643571,0.018273937744588038,-0.022000304174319404,0.0010669228294776767,-0.09381538759303225,-0.060004494652247664,0.02885224255212433
341,-0.09433374970332366,-0.01023170355034964,-0.03984761112784498,0.008844199230366473,-0.0032970292754910327,-0.026340162071808372,-0.03291358970171081,0.002893279461329779,0.024055120051431605,-0.026751278951238574,0.013518086774995563,0.03801951197361184,-0.0081300564799039,-0.01773734703524377,-0.031681419141557636,-0.04372670270886265,0.036981482555708,0.09231216094212874,-0.014706467492442374,0.05940317945178226
342,-0.022989025177324266,-0.06281472741615243,0.02506196242508411,-0.10670702864470884,0.06624142563003503,0.03395186125141825,0.08021660543317594,-0.007914792679534733,-0.06680243026353741,-0.010820568131544526,0.0223561074120105,0.026783742047681355,-0.06952530679670228,-0.08432384131858622,-0.016155364058464586,0.021920607868939342,0.0023328294671818048,0.005080567676793006,0.06883235268824553,-0.014377600680596908
343,-0.013620967812273482,0.017018872700288675,0.021361764593887812,-0.05312832633754497,-0.027140867514477366,0.08476268469393484,-0.017990562278142195,-0.04636069508426469,0.03978265392198351,0.02411377094187417,0.0010533647520248163,-0.014481884401182789,0.00141482614110562,-0.05689560819532644,0.0071133911207899745,0.016921227723097985,0.07519415296095443,-0.11664392529487913,0.023422492520861645,-0.0037679379144741603
344,0.05394967968904987,0.07882895829037552,-0.007169160339872603,-0.05539985838542268,0.06983306277622474,0.03524107186827597,0.026254308470111568,-0.04239706529070997,-0.0072239610733198425,-0.03208235719067669,0.006221176535275529,0.02410547814839762,-0.0395443220888943,-0.059719189685921895,-0.0013484338569858894,0.04251140012029805,0.08487080932770372,0.004581881396960085,-0.006679545558515936,-0.012525367961878944
345,-0.06202562806092075,-0.020472329846497387,-0.04349518252601488,0.05452408638352224,0.015748274995080712,0.0325695376207207,-0.03603931293788809,-0.02085482618232612,-0.0032516933525130404,-0.038144054455624556,0.0011627546071221167,0.0036217588502864824,-0.005115666982018944,0.029423836224621677,0.013365192436351075,0.06401546089868232,0.08512147694621716,-0.06250319133348112,0.03970172162380232,-0.03460287377139464
346,-0.08382104131564096,0.01948640367970906,0.003631301945893369,-0.07136137027819024,-0.07045941940232224,0.06821008578084535,0.09059356477819351,-0.014400685934509987,0.06461909215060972,-0.031417648081266944,0.021251026169401808,-0.019620976419489775,0.0775019223317159,0.04404334454317727,0.012114936449289373,0.010787869139868126,0.0009842943450751535,0.016640141063547626,0.02415132043680125,-0.05194977829404041
347,0.07996330122907276,0.014498982826139118,-0.019540107965609052,-0.004176486022121048,-0.01966889154117727,-0.007892140784171883,-0.0859978791331125,-0.021556344044027113,0.03543822842491182,-0.03312022179646894,0.05492966419118964,0.03148171038347715,-0.0011180691445957717,0.03436148171309354,-0.06383079112329035,0.050329279529561385,0.020330193266573798,0.08636200120656996,-0.03845766988885935,0.03291877039635266
348,-0.10193650069301073,0.02781922555127732,-0.012273452033723669,0.057888968220905716,-0.09183750568412583,-0.06828674805676652,0.023849019148093873,-0.016451961031191887,-0.0017309921965991347,-0.040766239945998525,0.07152147994009941,0.09920174886025165,0.03442395065139183,0.04134575502784825,-0.026648610220428783,-0.01823197180762614,-0.008799241024900251,-0.024130890220648817,-0.012286247666953415,-0.006280333598489387
349,0.021204633270244577,0.055217847606024884,0.049339300777184,0.045412235110549634,-0.07928424460094169,-0.025389796893545546,-0.03125082609918344,-0.034573927047366955,0.02391744724092051,0.05367326991847609,-0.04609985548245803,-0.021307417088606163,-0.0051311099407275644,-0.033382884034369564,0.06889933159800153,0.019803250129153443,0.01087706368144118,-0.02403941271394553,0.027585489272298678,-0.0345558023585233
350,-0.02012179896196449,-0.020618331175585813,-0.030063543267509017,-0.07756004601293871,-0.0595751014223171,0.0009429562878312363,0.022541487460817564,-0.010767483086283513,0.002732473552613341,0.042058534297729086,-0.024072471648221683,0.022640095765305766,0.10657476329134324,0.008067265656201349,0.12246270116903867,-0.018407275070486964,0.033193801047064916,0.07057801702976096,0.08479826630942318,-0.02089137518059451
351,-0.018453334630744247,0.013350485273002786,-0.0135860167920733,0.021700339879761867,0.009806037668594865,-0.038849664040758035,0.05198175650388024,0.070215045872013,-0.016645229152102675,-0.10131642161785354,0.0037623738278436303,0.019093432676531113,-0.024747090406482843,0.027457635896247615,-0.01482955790324474,0.009055222409879196,-0.06222853614965574,-0.02151531903832093,-0.05896068764502254,0.0008095850688428427
352,-0.0599003545276972,-0.04108611603455151,-0.06718205196584849,-0.013743921557992365,-0.0017152794766278597,-0.016812526824270067,-0.006199776146174031,-0.04070983239617858,-0.08066384214907993,0.0052284032057398335,0.031159679014033482,-0.038744946132208746,0.013745981202568428,0.005750874099061615,-0.07434215395543764,-0.020243116917399297,-0.0045334990296016136,0.02669795289590687,-0.0024726352361576836,0.005429989585252831
353,-0.07968656620433114,-0.004077528966187687,-0.014927375192967085,-0.05258596373253742,0.07401458067589971,0.030335283357888383,-0.023942584750731563,0.015616455742776909,-0.0407649530658723,0.04789756430903207,-0.0043073711644535375,-0.060176590645178434,0.0070982467699078535,0.002918364223952206,0.004092717160063819,-0.04803631318958829,-0.012129578400129277,0.05862873459905608,-0.014735305237710366,-0.05092199775906016
354,0.06951859752818833,-0.0697718520939449,0.09308068770795151,-0.025416509123685472,-0.022662747422879635,-0.08205878330708545,-0.00038634787386455336,-0.048926649599617456,0.02129787116352728,0.034852505265468646,0.02034942119273441,0.007837855829639534,-0.0826594241542303,0.024568543127305817,0.041838604405226666,-0.032229704980053904,0.030953924239268543,0.024275135698497888,-0.03504051976471762,-0.09186626024575896
355,-0.014677145238083236,0.04732361126126789,-0.02878205569495802,-0.011348839593480499,-0.04861450030785187,0.046619515370456804,0.08378866497032317,0.013503901150128993,0.011368566167786549,0.08368039599089346,0.043327393795345316,-0.03110968344265861,0.08763859931709331,0.033889755348620744,0.02153909623072262,0.019174279970356468,-0.024447182179425854,0.03453416842753207,-0.014978376055458617,-0.016684452080403905
356,0.01832137873777759,-0.0008568531450302517,0.022662372203034808,-0.029741780630509158,0.10071728437940246,0.03177599967251371,0.020975898543461262,-0.007039617196023448,0.024969927445142162,0.058540527528050036,0.0807616278003157,-0.008383262797675855,-0.09927813842945404,-0.03485201938822935,-0.014854507349315422,-0.017293814043847354,0.0028650851106240974,0.04220752767276729,0.036149439323784976,-0.06412378855697082
357,0.01912213543153358,-0.01727191803180698,-0.025834871899088722,-0.03247136449933328,-0.049525680461624574,0.009418396091012334,0.04707268757458669,-0.016898010482017327,0.040290223156114996,-0.015158639607538738,0.010055284139972042,-0.0167704772169151,0.015593793478889197,0.12544399766190004,-0.01562930757918086,-0.03256442700059851,0.0419529728856218,-0.0019157394918589447,-0.03131646384776782,0.024900836156792474
358,-0.10406309343145193,-0.07078795039933737,-0.0794594844732322,0.0709231312366281,0.018812155472052824,-0.006396450370734129,-0.0026854367162904174,0.03693634168825684,0.054774844260214145,0.06416695716882027,-0.051484586399396785,0.08920756318143502,0.06448992123877224,0.0070903699657874466,-0.002591689825692273,0.09872527602975976,0.04045234593328439,0.02197534069413564,-0.06900096599379535,0.015833892262562564
359,0.04911442094852962,0.015026491690083812,0.037113698009358535,0.0034981471112034957,-0.02128135064763252,0.07186016783524202,0.012049231458244658,-0.03737197443476308,0.05734763532817394,-0.0073651221514257235,0.0033689431046042403,0.06987900171284751,-0.03479772669584541,-0.05164006411740759,-0.05510455545744754,0.024117292257007424,-0.0454675535919525,-0.04334033897414087,-0.0561483085887966,0.035636045813599374
360,-0.049501814801349166,-0.09197312516935381,-0.017492209645746958,-0.0024271759184149007,-0.15218517710836954,-0.012529532374489175,0.050760651851377084,0.08088986710949855,-0.02663152223546161,-0.016799600515075272,0.035992457558102195,0.04632449348299563,0.04008095839664443,-0.011301670141532574,0.0709335779113381,0.07726235329111994,-0.06356180714586158,0.05795771529596535,-0.06129171299804306,-0.007129256052609906
361,-0.02761667977193331,0.03667192770907211,0.004410411290135311,0.018819679103469197,-0.1131379583920715,0.009479409887706652,0.0333211792336575,0.030070284161522944,-0.06768323820558958,0.03437423763706221,-0.027749797706735514,0.049999153955748464,-0.02861851000626592,0.030690301423990343,-0.0345152591499628,-0.024857722140183013,0.007188120390370778,-0.0530353756179302,-0.037980657599775924,-0.09033423722300639
362,0.0718493138177359,-0.0778124022590912,0.013478384790774041,-0.03194278402275494,0.06958123433211216,0.009704709745590075,-0.011836521337996227,-0.05936919036501904,-0.006980067794382183,0.047508599114037285,0.029497385654448347,0.01699270640281325,-0.017977070361482436,-0.056933128469879746,0.05442959755057993,0.09216428499861709,-0.016450732960034485,0.04508296841322899,-0.06199360562906124,-0.02307987925571134
363,0.039513027104159014,-0.009202972937729901,0.017220806834014817,0.06568944135663869,0.027204405674020705,0.013142042930556442,-0.022924811656149523,0.039929273840611595,-0.03531638247449619,-0.03241996929857103,0.04069696557289771,-0.01827098811025519,-0.03744231277633669,-0.0034075589065942105,0.024012897737837397,-0.044647954495892164,-0.00467229426906191,-0.036665791828152,-0.007517937829707155,0.027051309470267463
364,-0.05007637005452203,0.10108673635286251,-0.07815014752198174,-0.02893164033916678,0.03572938217098564,-0.00927994042125153,-0.013433951847661193,-0.0881868986555274,0.001177806399083236,0.042669360003420996,0.004090711244609295,0.018573145610115922,0.038692056055703215,0.0007503376771315846,0.022545066451027485,-0.017326302956307826,0.018219526851379758,0.028030488622490638,-0.06695902895515449,-0.06844039810337227
365,0.061010134824109725,0.03937929015913315,0.022637148338671486,-0.04473061809834859,-0.004499895311604075,-0.012460276524853228,0.009612822745110635,0.021603473386991038,-0.013500354467134271,0.020402876390139636,-0.04962278389829079,-0.01964906485191397,-0.07654853376736825,-0.11598322082368635,0.013835447808495695,-0.0010278655646802839,-0.03881453939830501,0.035578903843397174,-0.03966462385752788,0.08520855262177977
366,0.012633416943921956,-0.09393547351699345,-0.04266227184730833,-0.05012757039805106,-0.018378944581903908,-0.03469197763980526,-0.003540576932475814,0.12331451405282666,0.00827547833369405,0.04846181399059851,0.01997837877445446,-0.05345529537139267,-0.0026659490660744254,0.06529863346351066,0.02047654755509164,0.017032742831346915,0.03566009495367905,-0.061282290465991936,-0.0027544990718550437,-0.027162680244312412
367,0.057848235008311544,-0.03366049852566391,-0.010237722502839091,0.028106557201754076,0.008588436963916965,-0.00037451263865951,-0.018393694548558225,0.10095888393760409,-0.02500005940141033,0.13056433298132844,-0.006458884699055933,0.04049730985078371,-0.031857317957628854,0.00743794470405049,-0.037504237474332194,0.002755334630626152,0.044416372564749104,0.05193910290800224,0.017894394830814044,0.07521942270269202
368,-0.10080042980403918,-0.020823834141299437,0.006025645396030004,-0.041469685923105036,-0.027902913962103544,-0.02656943325189799,-0.020352901422725722,0.03570351599299105,0.06965695801017129,0.00715652808778999,0.005278782084911122,0.022276041790609852,-0.049457858404438386,0.0023603819158754813,0.0237572848390822,0.04461829441528474,-0.007967198049627845,0.02158500457804161,-0.022640521349870667,0.0679720556276585
369,0.018737620519279363,-0.09276322721960781,0.022730859544590132,0.0011660784976655885,-0.038561964162123805,-0.022874416101617757,-0.02665347392821201,0.03716111312808438,0.041899593190014656,-0.013620112379476832,-0.005607766006111633,0.0178037369388484,-0.02335465839121255,-0.0021044468580063724,-0.019793634816067534,-0.09522352107709856,-0.0597709620638689,-0.02664221636582824,-0.09248403893034643,0.06286806940994194
370,-0.016789604491300143,0.021225396295092215,0.0117944956377943,-0.05125123001293398,-0.044084236616114374,-0.0352082187509884,0.00941557415402814,7.232933534219395e-05,0.047012661783783695,-0.03688030797040724,-0.05707627267913057,0.011244422356714004,-0.013183000292950454,0.03972915208968413,0.04685129093946142,0.018890593549233194,0.05421780068973945,-0.04572166533863122,0.02252800523663082,-0.011590924605231518
371,-0.049254143403927725,-0.03729833328917502,0.05370457426651311,-0.0669120647806554,-0.005483384665737614,0.029949821670406534,0.04498264735779436,0.05551114089403117,0.006081537664009371,0.06764028899919039,-0.022312622160282868,0.009062472895451736,-0.013889625897735694,0.024896846121540073,-0.06257908911835992,0.002011846371586097,-0.01940286753921767,-0.05757727248821301,0.024363171570678133,-0.015241733300286733
372,-0.0589784117554693,0.0003600303687024198,-0.06397893847641521,-0.10461817030513992,-0.04266161700855907,-0.0233728248010229,0.036103308236210364,0.06086654892800428,-0.09007996366165627,0.012140622031397066,0.016988129977743443,-0.020089661244225065,0.015476474133838469,0.09286803794740614,-0.04664969547215824,-0.026902615663389712,0.05846583904240457,-0.018467519731090714,0.013391464671225073,0.02413856241925729
373,-0.006300071571901795,-0.01162044788476317,0.010075675911685992,-0.06623724708395672,-0.04475519038212922,-0.03474519527774828,0.062137554605316926,0.003703695739637981,-0.0512463563688391,0.0044387418277989,-0.02932565887343097,-0.06072482997562756,0.012096883122706218,0.06280716108559416,-0.01613157297400607,-0.029626528202746905,-0.028106526017516294,0.02241289578605351,-0.025261517487562335,-0.018352506162820886
374,-0.09315899236407386,-0.037827287262639085,-0.03860214712044456,-0.013158025714906622,-0.011221355217415154,0.03751217805405997,0.04870913598556978,-0.03464581622197362,0.04092713762989025,0.00800998648752317,0.008169444899799514,-0.06311960672693662,0.010347210991131098,-0.014280451956426715,-0.02811751228415794,-0.006706109761243943,-0.000977091607437905,-0.01760461904250336,0.03550641098437738,-0.013439925467185601
375,0.02432453241318198,0.000660507320625649,-0.04275885734069302,-0.028046869575443188,-0.028432046033549936,0.03901755359711664,0.005777501958249423,0.04448183594534007,0.012893910790230854,0.08209235151910102,0.023094664906894553,-0.05768348133485611,0.022330858346439258,-0.0021882355729873288,-0.05873452569944287,-0.024558336068344674,0.056997724294998726,0.03270919875991849,-0.05757189292423859,0.0026860089179482076
376,0.04682944536007728,-0.011691211550092664,0.0092277664597123,-0.11232728652335972,-0.05806936921111963,0.08762635852988182,-0.039677249823429926,-0.05714644997455144,-0.0034365953750146207,0.10592364221907319,0.0889129059606652,0.0883963024481126,0.0700036413642469,-0.0002847043897024594,-0.030848939485308705,0.0023713404094852487,0.004107083536220329,-0.036803486340037175,0.06003805432800118,0.03209425133268863
377,-0.00345012245627375,-0.04915228003389665,-0.03824704601403592,-0.028496483584397676,-0.008622230458025253,0.024945661057631147,0.02225613588975449,0.01868677214993381,0.04480566252154495,0.023989252234025992,-0.0197523463400368,0.0545564176933057,0.09311306629279618,0.06628004501604833,-0.04422359117036491,0.009163395520520857,-0.041596334484376385,-0.0707572053872795,-0.006099310437638403,0.0018748400783070154
378,0.018310127551587247,-0.04061795397943925,-0.02487055810274576,-0.07468655071022452,0.02021625991246872,0.0007523570521083207,0.020142968314655774,-0.05434426822012413,0.030233260658576126,-0.13675935797200683,0.060166291138863,-0.0429522939269929,-0.013442611977124864,-0.0019021784048175083,-0.004570856310503047,-0.02901340649126993,-0.03227840890183025,-0.006169447296847271,-0.055502094886281904,0.02725663924390905
379,-0.08196955719572632,0.04572148682481712,-0.020096712526196152,-0.05342440303128338,-0.034132492113112596,0.04356429764583202,0.008244459708882627,0.017435448299698977,-0.0791913291777275,-0.06676180389558854,0.037921796742237515,0.03113619738914134,0.04918667701072407,-0.036839513269481185,0.005516812139974665,-0.05867107053318342,-0.03483802269058626,0.024240160481625986,-0.07532697469133656,0.053623716527308816
380,0.026339435440681663,0.019127074738587935,0.1184386020137525,0.06774171023637438,-0.019118562447946557,-0.0886989099644845,-0.007805512437633019,0.014447466394193292,0.01667162714826965,-0.07317621479686534,-0.006265780660518453,0.08879164042932479,0.015208488616473925,-0.05911463093213912,0.008755151483352295,-0.0022480554949250997,-0.04291311972829108,0.027083115020280938,-0.005424643808023494,-0.025662428167631143
381,0.0028802050372740457,-0.026414164555102468,0.009901864354723657,0.04909175942865508,0.010886998655358594,-0.0032054148070203114,0.0426101995550163,-0.05101371915933185,-0.03576037301282194,-0.010906027225489758,-0.05886076114971301,-0.024883783656113573,0.04650178635142163,-0.017617349634485073,0.08381283205623737,-0.04421394477663767,0.013059168388423593,0.041539303020291005,-0.05393120081696637,-0.06828049814608211
382,0.05231288316724048,0.014947501303714597,0.02187361036592673,0.027413929214901912,-0.0920204311177665,-0.001444673045317631,0.042651999400450905,0.04876869770819579,0.04132468646854039,-0.028746140390081856,-0.039609944381688925,0.11148343543915436,-0.09612080427764676,0.02844664405199498,-0.012720671645546909,-0.0089693839053711,0.03373924889615366,0.01993661669705099,-0.012589878625547777,-0.0507507796733088
383,-0.009045588757667821,-0.04932939634403544,0.05632107066603778,-0.005002041538458047,0.044519771079533074,-0.09708377399912063,0.02163750607217202,-0.06444057959694406,0.0012810497541848025,-0.03481757225654217,0.04189883668072577,0.024062362437303076,0.05355767971683459,0.01049921709054487,0.012449528949359233,0.07916729396057975,-0.013457022001526847,-0.04229753268640027,0.038068358703330314,-0.03662881914463662
384,-0.01620591663302016,0.06901667644738639,-0.02116324962108934,0.02537658567843407,-0.014410425277573179,0.026852085381285917,0.06734414905355493,-0.14249914951234113,0.0021287228825688843,-0.05919439620359636,-0.016681267408003447,0.029145646140471326,0.01574280250909522,-0.03452566612271039,-0.016927716496016997,-0.06365336115768364,-0.051190122159839216,0.04040816701054028,-0.03818766134974436,0.013971871772550413
385,0.009545283971236457,-0.019791132504497957,-0.10164529816724464,0.002989037913957046,0.027259574124992473,-0.0189047383474881,-0.0019414324464563275,0.016882314199876923,-0.03302674843246112,-0.0677934830802575,-0.08549959181683783,0.012214673094817267,0.0425084379248518,0.045990506747073716,0.03410078557672088,-0.008207284249106614,0.01405008060843062,0.10287743899068567,-0.03474968048602854,-0.05430612949424298
386,-0.058680113100846455,0.008230541012272044,0.025604738335556706,-0.05884442843125412,0.040369855171334935,-0.014280153274426404,0.06009249468483622,0.017867341245805343,0.009060382837348991,0.011197364210310205,0.07079909601904845,0.07391766386358026,-0.08312722108984343,-0.015504447519825633,-0.027480438614001644,-0.021289358231832055,-0.010793220283005858,-0.02341486527023715,0.05918301521334106,-0.009961551065905386
387,-0.029937591527246482,0.008907049991900529,-0.05521455203626863,0.033316201053947926,0.07746390638181923,0.05002369846459342,0.014864699559407956,-0.02851610982872267,-0.002263470474044324,-0.06496102896613785,0.054344096614446655,0.0008405813342670125,0.005689371961721694,0.05351318048189247,0.030402319192195687,0.02078006821813545,0.058314319256389795,-0.010872903696069363,0.037104252653617345,-0.007277127886588392
388,0.002714337837791436,-0.015415201060321434,0.0355417276416943,0.078431221530231,0.0001983411015286533,-0.07239620851676135,0.0017570067607109812,-0.05496846081982214,-9.270151594978056e-05,0.025882598956290435,0.04366598545135214,-0.0006564236721489059,0.049914841568864075,-0.016957817293706278,-0.045910690892433145,0.056678491607817676,-0.04256496678235705,0.029792332541163567,-0.038352349437793615,0.007682866492754427
389,-0.05400090944327094,0.07472269100285402,-0.02239108222112448,0.07034080283509374,0.0078069906187115306,-0.01996490486113024,0.033700292586604536,-0.0523888500589236,0.016938427271009807,-0.005327268395693104,0.004401598798489101,-0.1047659454960716,0.016153234668494516,-0.012716100664519028,0.09437180043393487,0.07272572038214624,-0.017386145143154834,-0.003465594357792742,0.00597556904809749,-0.08870510910674037
390,-0.022178278357574948,0.019956240289724175,-0.00911306456232547,0.006842052851141695,-0.02335535008698054,-0.0071378326999396585,-0.04791149686151473,0.023974969153299868,-0.018974815283953055,-0.01859011972248264,-0.003378387177545004,0.033714774132725604,0.057016435289168464,-0.03122571176650982,0.014515821427041305,0.027891276641110175,0.035157217487527974,-0.10017653496472592,0.0004357597827376677,-0.03932047224746803
391,-0.0024988403597790585,-0.009908695968998401,0.04509205449239494,0.07741013223011933,-0.00641565634171087,-0.008640901162274995,-0.02405991414734331,0.08512550430030451,-0.04457973701508563,-0.043854067371223826,0.012304140531172975,-0.014462393667690797,0.026921842265511264,-0.06954847770961434,-0.02850863563315638,-0.017048152737271133,-0.029433140314269465,-0.05699998614119341,-0.058660525645740716,0.05952902112760581
392,0.04218043970574404,0.03889215823343376,-0.0327378966376591,-0.002733877565513236,0.053434154789197705,-0.007705565004464589,-0.0707452410849334,-0.05255721849475186,-0.02948201829091584,-0.01690209680092013,-0.022901751900275612,0.0472731011903217,-0.017185702748409682,0.07343769524972515,-0.045262212841596684,-0.00809820654581013,0.05346779859968369,-0.01666138094262227,-0.05420195872416501,0.09714230049605387
393,-0.01744459668458196,0.007454794609944844,-0.08134486486446335,-0.04512425792044272,-0.028620715377858603,-0.05464721394884449,0.05768806108259321,0.08499979734906155,0.06258636261942002,-0.012037826573887337,0.037844921460335086,0.0488349520883209,0.009688739549285985,-0.04089541031343928,0.04984463478168155,-0.011530848785269445,0.06330306327033024,0.03252222327643951,-0.03381583003891272,-0.0006968974673234416
394,0.028738103659357347,-0.04905266608739452,0.018195883084937976,-0.06704181336006534,-0.03394896688616034,-0.005022724954603867,-0.050705765739140006,-0.0029464738185732073,-0.05087978851962891,-0.004121988562519382,-0.04273401901880567,0.04147959814208967,0.03668811648418172,0.06472381580019715,-0.06106389542466245,0.07368411732617726,0.0174609843710951,-0.014129308691367316,-0.03376622509042056,0.04807172244454471
395,0.03997883920528061,-0.036348205492788145,0.0355140692311235,-0.0027900804376080565,-0.021818709223701285,-0.04622748186247808,-0.05906038059224655,-0.015309155395323463,0.051057854934465144,0.032088980357148675,-0.013680151781655202,-0.020988202965435944,0.020208753916313917,0.00561197583483899,-0.0469074062453514,-0.03385769403770352,-0.005935917866481127,0.0361532224074412,0.029866769865968174,-0.01589130123825266
396,-0.06629633438568674,-0.02173796813861385,-0.009741814156174686,0.023674160334351192,0.040923602699764305,0.013297759158881824,0.02279764848306381,-0.00825265419101965,0.07022806303410091,-0.017779853080643317,0.03573623017526944,0.0033003330806501245,-0.0026843203984767048,0.07011766508555034,0.06707324663553965,0.012308645743381117,-0.07208440186319146,0.06400975979396847,-0.03095759446148894,-0.05266454783223421
397,0.01958119222286932,0.06658300451827047,0.0015349433719400048,-0.03760892324091989,0.08085882903133026,-0.11097869659903029,-0.004794263261207214,0.06380480661259624,0.01139306720965451,0.03610932170715768,-0.00093182433140659,-0.03641993808998408,-0.02920056401282583,-0.04371653573231568,0.03179326310484246,-0.010648813147168432,-0.03190125962058165,0.0699769965087981,-0.04216758545267861,0.10629158398443356
398,0.06635382244665372,0.0042200087522988395,0.022964691212476202,0.08461914617151921,0.0876982804541622,-0.0036693014129699332,-0.03705727691577212,0.046901249875515125,-0.020706191716828644,0.004560786990642036,-0.026836483068574234,-0.02933722632290985,-0.013836026568630892,-0.021853843863716145,0.012173726608022897,-0.019237871018318795,0.03990053466503622,-0.04369895556332574,0.002651466238700289,0.057587092187725876
399,-0.04216609697322669,-0.04137735503364438,-0.056154593723281535,-0.01482696668181287,0.04767370727251427,-0.007713499733094546,0.051457103251373856,0.0037755916455459405,0.02580653379613399,0.015349989683862905,0.012886924477741764,-0.05985974321095794,-0.03859743604008459,-0.002699128819545132,-0.04513556656451714,0.04110344472162854,0.04303296157970729,-0.011869304966953997,-0.0072394916642394705,0.012761984390653838
400,-0.02580225921787741,-0.01730460724513271,-0.02043472541833429,0.0046477728607882,-0.020047077719592295,-0.00655714943738603,0.021990631502400704,0.04553514069754272,-0.06165836909105383,-0.04768952783690371,-0.019895497132331564,-0.041257106609095484,0.03572879693580264,-0.002104027331950493,-0.08993140463176383,-0.02729473384570098,0.022448579021537914,-0.0580787941502854,0.015765567310442888,0.10606669226095186
401,0.012784289200168832,0.07689403103800356,0.0448164609408708,-0.0276555977398647,-0.01402950683948943,-0.013510837397875907,-0.05023691773725038,-0.02940594447394283,0.0001261969598993439,-0.011887478579885776,-0.020935789590258293,0.025423431649184466,-0.01100603234893959,0.13145532903106377,0.024413894895288186,0.03244784351867382,-0.006442589396341126,-0.016754374816710813,-0.017175737058023877,-0.02538557532669114
402,-0.04084157924753565,0.04641653181442514,-0.0631587146886012,-0.017611567159103687,-0.009344141371021956,0.028914941545455854,0.11854102869331229,-0.011085264107226727,-0.03969329246189321,0.05219857598735549,0.02130611993969473,0.009258610959369177,0.0528990086274138,0.11022884897493314,0.05454107975692701,0.03648237175309521,0.00948640040529765,-0.043437657039745274,-0.07694487322966409,-0.030831354215623812
403,0.04147323318966974,-0.01708772098404679,0.05533690496938446,-0.020682127257906996,0.039081839321195355,0.015628511056694057,-0.04210542753716192,-0.031111536089114055,0.011674952473534355,-0.00879996465874776,0.026158473883677213,-0.010646717201362885,-0.083424495072427,0.0881211091456506,-0.058513323470256506,-0.04229285250444049,-0.025967897754585984,0.017227001580720498,0.036881507238745004,0.0006037785242706714
404,-0.010317481133204146,0.012354550789033124,-0.029404762879969595,-0.05771237240516201,0.09729670855973946,-0.012185299932057077,-0.07804640807234384,-0.03371400831104216,0.030624691402337492,-0.014870949324057992,-0.05815963983946886,0.022109061747624115,0.042730305005109354,-0.007363887400067914,0.04545342777600802,-0.015989256830583068,-0.0342946660064413,-0.04783596488199615,0.0029134335189408395,-0.009461931910763664
405,0.05720024557888026,-0.0693079966807663,-0.023592093696069856,-0.05000374221153734,0.03570376861491844,0.054245974742979174,0.014468451356239587,0.04402410846459589,-0.017592824240704553,0.007251319285853356,0.005057707519111492,-0.01139807231358709,-0.022889286741622984,-0.0031695890814357175,0.011426061882105326,-0.05524459923675498,-0.04379988331494176,-0.10100812733516626,-0.04627026863207242,-0.00801691906180653
406,0.0036233575862181437,-0.05764635091170255,-0.04435495935606018,0.027939091961304976,0.028367510969149554,0.002795001637233092,-0.07632276550344548,-0.06394384730315644,-0.008456012242796147,-0.02089122284402254,-0.012043285578024698,-0.0023394217018594555,-0.04188728981845076,-0.10200858376431651,-0.06669794975340955,0.006803982971852538,-0.018562325381304215,-0.028156576941256575,-0.07645912412544302,-0.06801836366147757
407,-0.006044473796277658,0.009760477664665356,0.02770812599374985,0.0034125209266222486,-0.07434870609393227,0.09445494315940639,-0.0035475655424174785,0.09674563452767704,0.02966751344942119,-0.05763437538257299,-0.041729494136690984,0.03949503055051133,-0.06766656302510306,-0.08361344770891443,-0.05310132224299309,-0.014717471823283373,0.02525832017436945,-0.013121502992880852,0.006093199769321129,0.02828063093893524
408,0.02750452342414613,0.018330937620348747,-0.03064640378626883,-0.03628229954824302,0.04737248469558603,0.04225209742833119,-0.06069900812895022,0.007525360995930846,0.06297518063437993,-0.03349750854414518,0.03635630263622862,0.033431726686064436,0.020066016950142294,0.025122605754928733,0.04359114402726075,0.014982035718660273,-0.0683094864261293,0.0310075773984829,0.03246746434523411,-0.03441512682328139
409,-0.009634202162340242,-0.02884132092769919,-0.044469246036254434,0.06706165402501428,0.011324816350517459,-0.07484263558595508,-0.02715065222544103,0.031233376458278842,0.06708154451309882,-0.020358928622382182,0.0026574811756075855,-0.0006574885155550939,-0.07743201026101934,0.06481082312800168,-0.08553149341054417,-0.004933560984930701,-0.06606553331515741,0.02855683549838375,-0.022251400139064084,-0.028109962410937325
410,0.017149922712991775,0.12138549277856281,-0.004520336878286844,-0.07298465723794878,-0.013539128671828323,0.024325191146024418,0.040490198154549226,0.05461580372635232,-0.0257103076923736,-0.07210867537722786,0.01662685094600318,-0.0944871394753664,0.020521160085432068,0.010365428810174966,-0.02653854753932887,0.008818850959406764,-0.0009715255294219525,-0.01112256850506591,0.01962512161679322,0.005118796166552784
411,-0.009707136695292787,-0.0768972546174834,0.04435447999204644,0.02124459287825665,0.05854374442332513,0.003896081535134936,-0.013812521867186754,0.012597369973966033,0.07833134831491824,0.0067051240697344585,-0.0802235786102414,0.028574816185017393,-0.057515361570951995,0.06046672129438931,0.0645596293896434,0.0307600467820599,0.07866423451116451,0.017324911290947473,-0.06898005795272817,0.06750028840832344
412,-0.09651739318672842,0.05520070784582108,-0.011074556113173227,0.11170829415366546,0.041916263244823226,0.023789692788411268,0.018899042956359288,-0.0003116715593313217,-0.08926333701771529,-0.05150984120785545,0.03529818619028266,0.0478380081420602,-0.004669650388756482,-0.04677833618493732,0.006067788182259263,-0.08896876178856966,-0.011060840456399414,0.00018616930681248503,0.0017752339760105395,0.024452978553472452
413,-0.016164587311230244,-0.008708441305547307,-0.10953534857969044,0.02758254539590774,0.027187969047637924,0.04846156374803437,-0.04909887974251326,-0.05954285943053333,-0.11229332895242874,-0.009797725872826468,0.018823423153702612,0.0022262410267821567,0.037766017651248984,-0.04883677086822802,-0.0016271854770029239,-0.046448207257715514,-0.057349038657087126,-0.02191797154364243,-0.049272133656240454,0.01828134484817108
414,0.013840679572844499,-0.009994109932109963,0.003833133575961578,-0.021884631976867224,0.006451860113427974,-0.06429791117081136,0.005207720454587372,0.011147358250635075,0.004689310129231041,0.007509653997871892,0.008587826545568321,-0.04797100125600426,-0.03121652499472661,-0.013618258134056682,0.023816938680684175,0.01935498604139682,-0.008162155761648549,0.005871006774549195,-0.00557884026837926,0.07480654890447841
415,-0.025555748058268622,-0.03303628973324636,0.0732783318453345,-0.0715465155047199,0.0013787831533744123,0.0028522126943565543,-0.04598567839877749,0.007264636801169246,-0.08196109298458641,0.026602080920475533,-0.040742500909293225,0.002194991534186132,-0.038128284724463266,0.062467987562802745,0.07526914363972387,-0.004269660207347406,-0.036086257252662506,0.017406462066862097,0.07962956174845358,-0.003227989008825479
416,0.057461616392052314,0.07544050755806463,-0.03466540331678385,-0.02178381131904224,0.018547307562524068,-0.004877812077992169,-0.0868878690909961,0.02680297372752163,-0.05172809664594719,-0.007268307632939391,-0.05131924492419912,0.02420490269462485,0.014881757782888324,-0.014597628901554163,0.13496620521907077,-0.0026731070790695388,0.05313115527588451,0.02759976311687978,0.021249334321379126,0.030080126970515434
417,-0.04047347606251089,0.0638743233908833,-0.06099896590350475,-0.022888942917682106,-0.05086868942387913,0.06743700312519932,0.055498593330415846,0.03417311244424097,0.017296523344192304,-0.043074736470401304,0.020035548685686383,-0.02419835591641275,0.04698422209583336,0.03001382227253169,-0.0425874798912701,0.04361217345329923,0.07486423377158052,-0.05427887551705047,0.02735839947917881,-0.0200027621201626
418,0.00023111555691981026,-0.049845953364073825,-0.03801095869514828,-0.03702969140597034,0.07101642345881735,0.03728151821463265,-0.031888723336951655,-0.0681970033699826,-0.08612483136521334,0.03301245076454091,0.03701362008402889,-0.06376116227155285,0.05804091032407782,0.04848255405063005,-0.012869381221861454,-0.006889196399862747,-0.01432352028504343,0.02810747391510227,0.014685724626050443,0.005648474879126347
419,-0.08480321541348287,0.006958151565269342,0.044684320645512816,0.058680724998291085,-0.011599438249348212,-0.018644039735292463,-0.04852099300203627,-0.07163752187293214,-0.021418166723551943,-0.011662891060432161,0.0428088129204715,0.023133354056048414,-0.009786491914301653,0.018207455338135607,-0.06405217650283138,-0.02612568071325527,-0.019139931976448688,-0.05027524641070576,-0.06484817091304032,0.031228759257856342
420,0.005749418612066792,-0.015436610969182994,0.02022204978509197,0.02939826336247234,-0.07459180236169967,-0.04038838407299128,-0.019256333416102573,-0.0007294389444814119,-0.1612700536069589,0.01642623739651877,-0.0246052839135351,-0.09927357150378693,-0.05912976241090823,0.02466026355815552,-0.05427155262648146,-0.04289824941297627,0.007910424071504819,-0.019225515271954124,0.023154988814071284,0.024967186088830265
421,-0.04555890350614853,-0.11837172815816743,-0.011897213105222217,0.03246120116964188,-0.0006897856330184028,-0.034542893264399514,0.010681603715698765,0.009838721300955706,0.007523214857346801,0.04758168114633639,-0.07781420825343599,-0.002682265862249206,0.05017787705481871,-0.03336294628225964,0.044739572638081884,-0.03985779107587221,-0.029326090582790346,0.06472074783677818,-0.03950789782786102,0.06195440963817905
422,0.03373484275268812,-0.08262420351148168,-0.04659108521282343,0.020101462215226806,0.020490650831779943,0.03781418561461849,0.07122916533625173,0.03215852434156316,-0.0024393835387515775,0.014864639311413238,-0.0269875370829625,-0.008244865936107433,-0.024919540090318652,-0.023145546726999346,0.024603774478386468,0.008945815364266235,0.020619955086055262,0.07048581258673024,-0.039783770566586094,0.015416533621302742
423,-0.049476847835370055,0.03155055440892455,0.028200141862923186,-0.012276856926256892,0.02102275557284174,0.038371154354446574,-0.027756160788371727,0.004447699767473125,0.008373455573306625,0.06320383359921658,-0.014542917049900999,-0.013444092558631665,0.007320979000247362,0.015059496615223437,-0.044363250052395664,0.038715261872549575,0.022620262113943367,-0.001663825014204295,-0.06511607278103924,0.078465270617589
424,0.02328813931807141,0.08736543552788462,0.0355944993263069,0.03531643623884332,0.04454775199715022,-0.02080560843124562,0.03700759803685691,0.004102594433821362,-0.032583243095411586,0.03443777130741709,-0.009576533688574574,0.0012323899686729014,-0.08645731040592343,-0.046983764057905705,-0.054610819253427645,0.010486038612543389,-0.024337559294291065,0.10680815640000794,0.011384378076914985,-0.04131503864180344
425,0.1137195732207385,-0.03547737102501213,0.0007057713370579034,0.0339147147709531,0.05605654799059425,-0.010252904717237762,0.02170058086399887,0.013492701215803609,0.09976547617891504,0.0751605024307795,-0.006383572944209216,-0.03121572901060093,-0.035598022042938056,-0.0022285246097201537,-0.0220891188251814,0.10249048879687277,-0.04400827122273162,0.09892518641460558,0.03696226879203183,-0.0701856125988475
426,-0.03922972417579176,0.059373919942868614,0.05525123161124243,0.04425317917215263,0.06992718073553182,-0.04882625529987478,0.03986275755385437,-0.06028520762459078,0.04545929237016193,0.08769263080896338,0.047210576401875586,-0.09472829646156021,-0.016424345738803806,-0.0522502515747802,-0.034876186484942125,-0.031105884217288982,-0.06478464182989178,-0.02318441050776644,-0.05522986451538653,-0.05075935975470025
427,0.007075479566418331,-0.056241285365431305,-0.01144168445113796,-0.012204135375627295,0.04585591521569143,0.041985775067875285,-0.03992189406728904,-0.01873648797239605,0.020683956157966938,-0.01905172380293175,-0.018902704580037864,-0.01113062266729741,0.012580350873267716,0.04076587968234522,-0.0016573730707042406,-0.0343596390864571,-0.018622776820515843,0.034055814302558614,-0.02375035596339774,-0.04258707318911404
428,0.037771914028186755,0.003293726620866954,-0.028644816972891958,0.004497522958402096,-0.030857155208913654,0.03208819975129647,-0.03397856260370075,0.046739117526462926,0.019709383863726237,-0.06763099619330204,0.052780202048888995,-0.05305918908032862,0.06150844665608936,-0.030466861530322784,0.06725169088588956,0.10148787670010832,0.027406143973045517,-0.03380447426729647,-0.02620590348915399,-0.0048186167883780065
429,-0.031619229968479136,0.013817406403862375,-0.06989429115956458,0.08352161109190022,0.02159422608486261,0.02853972564789581,-0.06071539759798092,-0.002436746941397031,0.05089290467136827,0.013998762939188874,0.0010785217959747686,0.04983832178079325,-0.05839612993453135,-0.00861478879363274,-0.041782477844204406,0.04105331006348531,-0.017319538823414977,-0.03907742038978351,-0.012147171376088338,0.06256216053651326
430,0.0025375844949627143,-0.04466704559336915,0.01865504511227157,0.00973831280341687,-0.05154069306613311,-0.009222957723487258,-0.023056314341805075,-0.08725323925216637,0.04238317892179367,-0.006010234469700963,0.028893335169614648,0.0829747343816335,0.013157419371958192,0.015121092187083351,-0.04433279325244352,-0.01694188032024289,-0.008208203017764348,-0.017582061893092395,0.07016561569008765,-0.005208318829693974
431,0.09965832563872778,0.0768235396392343,0.027947929012408897,0.15474604439804115,-0.09466261721358744,-0.030090910737100924,-0.04643083642656757,-0.021641325421771117,0.0363977615584284,-0.0026676700533698784,0.05225646737673512,-0.011696867180817838,0.03441604553410633,-0.028438580832923544,-0.0771486149738376,-0.002981255223591273,-0.015017337357650345,-0.04619678616962236,-0.019201833448356565,-0.022851694406534215
432,0.02783407954768687,-0.06477997519025691,0.012778108784327592,-0.003231709940909255,0.012541828741800756,-0.02178981380699662,-0.00286067335516313,-0.04200042736838975,0.04497943712153667,0.07066506491979192,0.017635950575161864,0.08308505111531106,-0.04186208543078747,0.009081226425157456,0.005279194548577423,0.07333278783254076,0.07210989226427317,-0.01853049408848813,-0.0025536959636207387,-0.05570673730612237
433,0.04881048526375818,-0.021905471360690796,0.0033832518832471008,0.09043162178412624,-0.015172289069164173,0.053572737767412344,0.00766193060696882,-0.03795778025609319,-0.09069682067932004,0.022086954809375482,0.0017215808186187467,0.020471122351251977,0.0022353511329251704,0.013403814363443352,0.019414687442209613,-0.040091645276781177,-0.06111972754806065,0.027782606208794802,-0.06527594599043862,-0.02678097852261222
434,0.02078353842624452,0.013153530899563877,-0.06353365688698621,0.05725514601461198,0.00035136751674105706,0.029728180587800492,0.0055154531599977295,-0.007131439485429099,-0.012784514205704289,-0.042231390041020764,-0.012333987829389142,-0.023017502671720674,-0.016382434407864726,0.022635245829119244,-0.07742516390606566,-0.02197594114665402,-0.06543395474792232,-0.022538829366471964,0.043151179167648976,0.024013472201046056
435,0.0368180889610223,0.07932496795397127,0.08413335594620179,0.003883524346186828,0.01648626466862736,-0.0036576918472499666,0.06824298287041283,0.0025072007468141364,-0.030475423347290722,-0.047177371836533026,-0.03884648585535764,-0.011630743024651724,0.004355991638706941,0.003791128003118383,0.028824348167095788,-0.010773764288347525,-0.004266972088629683,-0.07745371858766706,-0.04624581431297292,0.029797068227775794
436,-0.028063808306681787,0.0013621457090992628,0.040505579483674836,-0.028311987639968072,-0.03407307582984742,0.014950905016578836,0.03468075628464244,-0.02408535696462853,-0.036409920869354837,-0.004553616505509345,0.0018043225910048632,0.05174761510220338,0.0013459263714110103,-0.0470148037317632,-0.00888863963014176,0.06302818302994906,0.003931601812466506,0.01770445602822581,0.057616832637667204,-0.03985484351510515
437,0.021687878056895562,0.0028986899033772422,0.003254874313849835,0.03943420149298559,0.021449928242465784,0.04686348798219675,0.015557086515817572,-0.04897245371038326,-0.00703610511059029,0.09639535326653625,-0.059560159365147296,-0.026333679299397006,0.042292432119059385,-0.04348996951157782,0.06591940305315695,0.028073344256350805,0.03663637657725601,-0.03964672986224528,0.0768402757438924,0.06976615896370848
438,0.0009773210592970581,-0.02655489734060644,0.01045359838416259,-0.020000326390957793,0.04411975943797201,-0.02516615176718871,0.09650789725742,0.07410806090077769,-0.017627731498077233,-0.0909360355468,-0.011794057119265575,0.04810514096922148,0.042394786819370284,0.04718923236893677,0.026205029454578352,0.006769803987242103,0.009123250795044245,-0.06663419825334958,-0.03745769952266098,0.034511298709479964
439,0.007537433789690286,0.07510248234153644,-0.017623039542307022,-0.014674593702966626,0.04764280640662853,-0.046866844782519484,0.006732948716826003,0.05932506974086709,-0.062339432453307524,0.0379803033372682,0.11980867161161189,0.0673089973801003,0.03818964355855299,0.05328238872925673,-0.05436801907437526,-0.07056877010885329,0.05025810407634364,-0.06262401021997414,0.05031090578027732,0.01860396535310536
440,-0.013092219619512223,-0.00032289610494751024,-0.010902690422903982,-0.015591559975621028,0.040848548927876774,0.002824653968478334,0.06537839264228061,-0.04494589953535205,0.012513816225123006,-0.021131094560451223,0.036678039133950124,0.005520982291164538,0.010413160806503428,0.05834671804435426,-0.013876156678707592,-0.046217689065863335,-0.020545802792408432,-0.08030171514737287,0.015607235013592976,-0.10850070026685642
441,0.06275937734728536,-0.027661878866335237,0.004085870956093027,-0.01000055076140685,-0.032894096207856466,0.08556459614726396,0.027181784859913342,0.05301110296504653,0.04718212009978418,-0.05058590103349842,-0.030604961400763134,-0.121599005426548,0.07364298385353006,0.013550682241486494,-0.02184436102143448,-0.03294158560345133,0.034569731888097886,-0.025718017368276332,0.02056086580183038,0.035962531042631765
442,-0.003798772162165553,-0.016400740070054785,0.010815656266745488,0.043585444709377544,-0.0907958003485558,0.04547292188875221,0.07563301444125901,0.01908039096360253,-0.05567034093846289,-0.13146874788421475,-0.05287387589057232,-0.0946229368038622,0.009486394259209009,0.03824121460435113,-0.03614786745359743,-0.042726167308720864,-0.03417156740779236,0.019544537917368036,0.03468832780882944,0.0530343289960331
443,-0.06008957681326392,0.06782110283130566,0.029237110618122022,0.06312672551913098,-0.0507616973891523,0.025127342749019593,-0.030023222439527174,-0.031325319038509956,0.050496254015749954,-0.04370862875044998,-0.008791291351030264,0.007794610989248703,0.06163026838013979,0.005168335884224035,0.05436895614219569,0.022797709024460936,-0.00466216924289389,-0.03997394898164654,0.0399140423288708,-0.013854175220016432
444,0.002874337266845989,-0.006789750631245948,-0.014253627992548807,-0.029792312980738422,-0.019765943818715798,0.011836660232144363,0.022175941422392948,0.04316988530336129,-0.032063401142254186,0.009669357091570865,0.07587085080305596,0.00404595217216976,0.04062137663556938,-0.06288034438993204,-0.07245688956551849,-0.07493951064580306,-0.07650049778175294,-0.07911262275724201,0.060882922886072964,-0.006143346802015018
445,0.10510869810701746,-0.02847108220760514,0.035200744607700896,0.03717244647229444,-0.011903908416051255,-0.027929583113930023,0.014285573022379509,0.0069966713928651374,0.036202122476930956,-0.012337960631434145,0.018608405879497983,-0.0013502674937172613,-0.07510557410165546,0.01853634349481309,0.028953685814349116,0.02078896609404113,-0.037228748046825605,-0.04688361968760771,0.0008303209903949416,0.004946993507442829
446,0.05210980763973117,-0.06259930095594114,0.019773544957129196,0.010944720112942055,-0.05518932295815672,-0.05701406768221279,0.0027239847043761985,0.025154450540308845,-0.07377039083301372,0.03510719791066647,0.012891579158324933,-0.007783383644256088,0.022263444012775194,-0.010431170178895048,0.010701521849750335,-0.009475300984568273,0.08818310517292222,0.0348039212564345,0.0236800638344645,-0.03595595618892711
447,-0.06780123880700858,0.040330651643858226,-0.05982824014941065,-0.06546690758814673,-0.0064079417037097965,0.030944052875529295,-0.020460134853904535,-0.048979699067074035,0.018602463659051466,-0.05004178255470342,-0.1908316121161562,0.015408806896699864,-0.04637094902252611,-0.045339173659267214,0.07205353787394185,-0.018798069799912515,-0.024840714019282145,0.036109270383635164,0.019363393280397993,-0.07744187738865414
448,0.010071289907904356,-0.08122564950458337,-0.03075434488881417,-0.0545109250412742,-0.0007373468172573451,0.029129064032785656,0.0005452205187792293,-0.04422592974084604,-0.02246498964270104,0.013996391450484003,0.09539733388699585,0.01751348265938713,0.08427805825807132,-0.05880298979877231,0.02943496970849274,0.017129698825700538,-0.030979720360357045,0.034257588646816446,-0.061343525152457216,0.05569406056394889
449,0.02542951245743992,0.018962457290236375,0.0627721273379412,-0.021074441644046534,0.041803925661643565,-0.00997391543621078,0.018493618157221833,0.0617138607968645,-0.028130329337363136,-0.06105853810917924,-0.004736347188239305,-0.028898302333665048,0.022918191808840766,-0.005875783033349662,-0.010079008661688265,-0.03769649812819594,0.04258177595234287,0.0637096464162086,-0.10690973514591473,-0.06499401351586291
450,0.031805554457039045,0.0058414747270877695,0.07429593949249247,-0.030050188763906263,0.016729548938726902,-0.0021758709854041965,-0.010393100603484447,0.04882725162656167,-0.022571740763042376,-0.08463414586187083,0.018045619353314817,-0.010760884159055099,-0.03567281301185363,-0.019799604653361832,0.06555701103786231,-0.032184970445225745,0.0013459688378569927,0.0043280518626484105,0.002951460105875802,0.06087674430141619
451,-0.04796016968220609,-0.06977018664151131,0.0006060076052220326,0.02894982675216112,-0.03466192034108575,-0.07120012699433241,0.028442482503377487,0.03748106600503542,0.08793117269722783,-0.007387948876668163,-0.08771932912132459,-0.05736760866806136,0.07710236497497837,-0.06521102381610779,-0.00469021239972306,0.00929774000006548,-0.012612629061180037,-0.011207822108673975,-0.02218461671480608,-0.019483266375131324
452,0.011643276943067072,0.01057014907894087,0.007548082981630061,0.011427606712620188,-0.0020874831870659914,0.010014926433330629,-0.045212380924506454,-0.019096847135037114,-0.008370798172633502,-0.04566189479041961,-0.04554214240200233,-0.03185698065646223,0.005726962246887792,0.0374522014877159,0.02808677830817084,-0.00023982172575590257,-0.04925622462040632,0.0062001245965451505,-0.04684159629964563,-0.025310624918511434
453,0.01060500577136984,0.015671285952547628,0.05008496421863669,0.061713737350057675,-0.0022500524247750795,0.04029549446795106,-0.022908086427640247,0.00880259572450792,0.054092439612828426,0.008866818828594986,0.004858542771433884,0.026730978732335754,-0.01565153891047872,-0.021638355382112832,-0.1245627984986262,-0.04909186721654796,-0.00262209335892774,0.07987256810863307,0.053209915594230335,-0.026297231672310382
454,0.01687120714899873,-0.05832830840169001,0.02108404368651826,-0.09182939798406888,-0.03186396600053413,0.02639411675050336,-0.006955602324453178,0.051871078558738085,0.017325350512020922,0.05745155110017558,-0.03474319300866738,-0.06801889111252915,0.011310502514253994,0.11564113353289136,0.07293730151686904,-0.017826415100018794,-0.028830034550047078,-0.029713157982655277,0.03332422997948989,0.01698704044488897
455,0.0411271356412944,0.05170152160671663,0.07672534629797574,0.04728733368576064,0.07083996182198453,0.14551334389331153,0.05525775287767029,0.0757244561412099,-0.004000456921577452,-0.010064051489507286,0.009491399132686961,0.01627751736732397,0.06642661655889627,0.03215855245835722,0.039734591247679286,-0.005942456836316868,-0.03073595154919204,0.0652189858643505,0.001799833884226465,0.06361046326632872
456,0.040332345924475974,0.06133582451324964,0.05341586544113291,-0.016416485630674063,-0.09686898010053817,0.11361188208108498,-0.015059231417840987,-0.023841439052922866,0.03288985465905184,0.05121279774510094,-0.01701877295785339,-0.026075898109039538,-0.06198104720492277,-0.03399576835938069,-0.06713566259453455,0.06373275267822769,-0.021271907450065995,-0.024651649419097612,0.026050432749193133,0.06686220005177926
457,0.04076617712792633,0.04280170257179947,0.018903630298961277,0.008811978475738112,0.010930740270188654,0.033549546546334415,-0.07750026445716392,-0.008796299792169688,-0.09194532752448013,-0.02800656268428692,-0.05742143809558406,-0.01439815656345712,-0.007174976392122108,0.0013241521579575965,0.025829800518988335,0.05342386042238985,-0.06706193346528362,-0.05689591119877761,-0.051971809854096426,-0.036942106473649844
458,-0.05957559021273167,-0.02942447497581434,0.039830525001196576,-0.026681293135955783,-0.0027138983815208012,0.09279229681981918,-0.024797071245536477,0.023397798878569426,0.017540979430297445,0.06992684824599844,-0.05739814537721591,0.07972982784317592,-0.02443812289363518,0.016749249432281215,-0.05010245924820887,0.0364007474105465,-0.04272542707021842,0.0087862259961264,0.047698804835457416,-0.026432233465165184
459,-0.06824846367732222,0.055581427898224456,0.0014263075122681694,-0.004082272208113972,-0.03484566014825878,0.02083579464606102,-0.01795722501867295,-0.03234937951614633,-0.01990023137447987,0.044358520804499445,-0.011323064530549575,0.11816398478393178,-0.01692207064093736,0.04445973655481953,0.054562492752996135,-0.005181855285199561,0.019936238181326164,0.013366576504230178,0.018132392235586204,-0.06552392213386395
460,-0.007145790221134523,0.04997946777789837,-0.019110867819274208,-0.010067910924260527,-0.03387299544921192,-0.11614732267493216,-0.09250881257167674,0.02105650380047523,0.03751684470467165,-0.023945849104611193,0.03343825835168969,0.00462683329721752,0.0735951492551059,0.013548365930483757,0.0030471019870404615,0.042519006093634286,-0.028234616154887055,0.013482468968101565,-0.02731349272808254,-0.05028070289407173
461,0.02405190696100636,0.044429290947393056,0.021381918216702194,-0.0059965291525819146,0.01221803920198526,0.04055034839437409,0.027890791359001337,-0.0005261505720537028,-0.07405382385222009,0.01957645666677506,0.010553787651178802,-0.05949078617099444,0.002922705460953757,-0.013862536522369446,0.02250972994109645,-0.091953141611766,-0.004512615529795872,0.06993930947551413,-0.00750648085865684,-0.027956434494882144
462,0.06467780014392252,-0.04905571240876403,-0.06403562689589723,0.07593782632314171,0.006487831825419509,0.04256742516909955,-0.010590263766520613,0.07164985883300616,0.03508234774201504,0.013275092823418336,-0.014014826340983512,0.02809580881021565,-0.05820617123702406,0.11061939785903961,-0.0264475050542816,-0.07520973622901916,-0.00041388899969444263,-0.10690600812149333,-0.051778831663557505,-0.019927183242353798
463,-0.05138559224320102,0.0350890282153039,0.07374086459877696,0.009410325064690193,-0.07158385678881796,0.0004203259484387983,0.022413192025915726,-0.0013504240211905736,-0.01741307877603748,-0.03695917530499208,-0.016499969603071735,0.05144351730871606,-0.02107029248050788,-0.021705462394922274,0.04333897412584137,-0.04876311879830675,0.05090926571877092,0.02405400756481818,0.025436015359301546,0.011744167328706173
464,0.008562070502613001,0.03155783682695151,-0.07556239030853627,0.04944588944928055,-0.006544300711739484,0.05380741170599928,0.04129831878110531,-0.03135717851577868,-0.07058295978773259,0.026131433632961484,0.015405209666311624,-0.03585479784565735,0.019301031250849067,-0.00530604623182183,-0.002319530692222536,0.060511786628712566,-0.02397194696387084,0.0003848668977138918,-0.02739839652604896,-0.01741947617396103
465,0.07362403819071388,-0.025831586495078846,0.032374086195878476,-0.03323894998655413,0.04938018788605263,-0.018063314313578063,-0.01949269261586369,0.04760268130066567,0.0529728235122677,0.021549296835734807,-0.003815656969784745,-0.04435136333367053,-0.014356068484966561,0.0012030505512912256,0.04657651454996707,0.0025384929490465955,0.0048799931046665055,-0.041549969034497064,-0.06301067124217158,0.04035775681788222
466,-0.11016851625383584,0.03159663801661349,-0.010971919316466206,0.01633758161714277,-0.007563495173231782,0.004045141818204352,0.004547475483889997,-0.05186479730315899,0.027285558115483086,0.05379623185193722,-0.023835213955504246,-0.07629244884900291,0.02373447924040417,0.006406760869115289,-0.053386834804855066,-0.014354742165427136,0.06201086104658749,0.05874929801344537,-0.0322697197455788,-0.0034843306232640843
467,0.061227694107279254,-0.08123938661003749,-0.01795907305326328,-3.7438141918589534e-05,-0.03315843504506244,-0.02156736959857516,-0.05349530467419224,0.0198517476862415,0.10681111716253866,0.0264509625411692,-0.03787003250492884,0.002674330980109842,0.08819009751793572,0.05519578196997045,-0.0561906476512222,-0.02776576535519877,-0.002215327262870927,-0.10215544334634297,0.00016532790819803134,0.043167730070973936
468,0.035298001279184886,-0.027665668512016055,-0.0022361844919975447,0.03160869149358698,-0.005052695411749617,0.023459505924176,0.034995716330167674,0.03630379276216708,-0.007491531125499088,-0.1415515483319042,0.03322703715726752,0.02703302629167372,-0.08133537532543911,0.04353705034135056,0.020280246050929592,0.025030470968153872,-0.0797561065785011,0.06147921138304169,-0.06450696813233292,-0.04556382149840192
469,0.012277907747687937,0.02780641881599021,0.0075195033555458795,0.06697813337162016,-0.0853916704822224,-0.037866063193470814,-0.046883842128746314,0.013961500775439907,-0.07128194659193803,0.03975514369241969,-0.010506451635440959,-0.0008251876456638413,-0.02886031761053689,-0.06655112154056976,-0.00945527291081931,-0.04144109435299359,0.00799575638793559,-0.04146260948562614,0.025090139090749294,0.03803896479075555
470,0.024943587818626274,0.003172954881301697,0.03610773966338532,0.04069021883296148,-0.019715801417113658,-0.023358999690597928,-0.00911895411730598,0.04072948614079551,0.005007395588578843,-0.022824712520644348,-0.028167732122119392,0.09884867427139724,0.05704530075028674,-0.0374262918150055,-0.017197204010845644,-0.0383336495766546,0.06601412387095314,0.0418031799420064,-0.0034257507821096786,0.04829942015989824
471,-0.05784530825970521,0.04096233588436165,0.0625203048384147,-0.029759478743182233,0.021077823823015967,0.01533544431612797,-0.008865624359322963,-0.02506418547619421,0.11606042175048398,-0.012710019020799998,0.01933235039987393,0.04205662424513298,0.03625138827620012,-0.037382336882056985,0.024086085760696672,0.06942714756928031,-0.011676553683878921,-0.053811203018108565,-0.005608039252139707,0.06159095073953388
472,0.034163878167439606,0.005248525499591405,0.08037753484633599,0.08223488968877495,0.11611235963095978,0.051355804226750526,0.033450240521056405,-0.004113483302728424,0.09525039780135768,0.007443262980648648,-0.0011993318431373786,-0.018217905127803236,-0.027359601376452544,-0.03328010801140158,0.03438033707004636,0.07174464381023815,-0.03795692279767437,0.039786140496994596,-0.02392692043497285,-0.003082861300004501
473,0.00805084411630503,-0.045015708664447644,-0.00834928053667481,0.006714589180477677,-0.03236226098860112,-0.04539772750268905,0.057289529379630666,-0.08664675974579136,-0.01606325548868221,-0.035977100742097055,0.04916312185206448,-0.0031601002853101994,-0.029247186796270856,-0.014409678437206622,0.02015598317475942,-0.010331641968637086,-0.015397734528201003,0.04102578253558865,-0.05077956775782984,-0.0076519560446077165
474,0.028075991031966552,0.015648654554332345,-0.00563628238706268,0.010491157235454126,-0.03753464344048416,-0.000633892497587914,-0.02500980629535,-0.014349591207495422,-0.0060727656037366014,0.0014348729902778402,0.05242008303298085,-0.031002823689565112,0.031148811464953807,0.02546969012363593,0.08654788530109808,-0.0999912895363858,0.005432325671223904,-0.06834964362951923,0.1117323328817826,-0.023693821961302427
475,-0.0313805081022238,-0.044151352774635534,-0.03371511613843536,-0.0030071721796929916,0.012788701724546953,-0.011089441110802413,-0.04185011251804799,0.014613992896519932,-0.04833059507243123,-0.04518879018448937,0.029826130717353433,-0.01573935227806783,0.06022264942762346,0.061900648694910555,0.017352233576043687,-0.009553311216819611,-0.042535501639556834,-0.011874818682663652,0.021026313585577796,0.01221022463334485
476,0.04419395838840507,-0.03393428352765188,-0.019690773833628057,0.04894987888383045,-0.057629250540105016,-0.05955300207504568,0.019456120810135046,0.02798307597139772,-0.026773791439693675,0.02696222261381131,0.011171783797275688,-0.008829612137292967,-0.056077210484999196,-0.03463187074272525,0.015752207671154504,-0.010494118080015945,-0.04034245431174103,0.008612553228502006,-0.09193692522537851,0.01820260902533624
477,-0.0657151886121299,-0.023539404132311238,-0.033760988758159236,-0.05062800700176424,-0.06441515599934558,-0.03403388437565714,0.028116886612119057,-0.08573597684675459,0.03200259629847012,-0.0031819758310315384,0.03792303065890176,-0.04057997914701086,-0.015425277802595495,-0.03379479499018012,0.010870368811985377,-0.030833614031651198,0.03105503494258297,0.024510489023533647,-0.04132191974835801,0.006935465152019729
478,0.04821306945841857,-0.022871546190231472,0.04575918109680511,-0.0059578777205474935,0.047621549151163525,0.017530955111406187,-0.04775797896632214,-0.016044098843867857,-0.08292373568754896,0.04954362696233851,-0.007541466508015916,0.008161952888624771,-0.061633778241712324,0.054158154622762106,0.04035163899015995,-0.0019090832961238646,0.027325495214219116,-0.016674637624965818,0.02194734905719887,-0.006582370603061498
479,-0.01645349634867618,-0.006470799998860361,0.025576746108545344,-0.03202204787548698,0.07195530905703726,-0.06277065924857657,0.03182241218160336,0.03106305291223181,0.021661367275239672,0.013279877154182381,0.042182997397438166,0.03919643443459226,-0.010204661010987754,0.011944625153240193,0.11853893501444458,0.03950551761516844,-0.04536605558710954,-0.0008317239588927893,0.06542881560357093,0.09349783381823128
480,-0.0033039683436101412,0.0708539094603485,0.03363153625917804,0.01268972017203786,-0.013934285046769643,0.039262809278769795,-0.03870645188065008,0.040675191275347904,-0.030661947876641962,0.0007131650654698137,-0.002567419225979831,-0.01744457741828957,0.017010744830273886,0.0042566803253045755,-0.026116103886977608,-0.03764364182630381,-0.023704492116531913,0.04941162592079642,0.100667605559814,0.005407916860668163
481,-0.004964946982312628,-0.04397591023517013,0.032568007029347236,-0.0018030202439384203,0.08896183623595648,0.08011641146422217,-0.022460917209033895,-0.004972845867106047,-0.03211612781829649,0.02086213059796074,0.07272823811222018,-0.0004935885102606261,-0.007381465380450671,-0.015353507270835629,-0.00468884323522659,-0.04461565808880345,-0.04394886892317044,0.009019829880011893,0.04218704359908931,0.04905735993055257
482,0.01576129586405362,-0.04788921981590614,-0.012780227861327847,0.03029577479296561,-0.096947861746146,-0.007969265953899858,0.03207382393665726,-0.006067552880503797,0.07940939400059288,-0.006167150303435552,-0.02867266706978081,-0.04416138423035867,0.053538389243881324,-0.035191069806473955,-0.04679093895600151,-0.06036094174427416,0.014482059823600488,-0.051026640293744215,0.07175957463063568,0.044213142284619596
483,0.04442814367992702,-0.01569716846037033,0.04717325740267977,-0.06428979322746177,0.04192282386515255,-0.02085766818705061,0.07144271784961133,0.005524472584127429,0.02027271679442416,-0.004881918279454763,0.04908691703136969,0.018783293884778823,-0.047495587960914847,-0.07688066434157939,-0.07038879613647642,0.003193351746357324,0.10597503783014804,-0.02099329197094899,0.022489866150356124,-0.11576373257623868
484,0.03890156053055574,-0.022408977223010412,-0.024380239469307625,-0.01868059324028582,-0.041378959185452084,0.025152314379678797,-0.03969836764766714,-0.0003937323787527398,-0.008957035338006488,0.052755166985126126,0.008066728349598764,0.07113611400664935,-0.012841000230062362,0.04619187223800416,-0.030844163694818346,0.0363469869252751,-0.018561412047886375,-0.02811239221028865,-0.079778544973247,-0.05527447313358193
485,0.021956519651121848,-0.0053714781105222015,0.021128825532334847,-0.026756166928934046,-0.03221498218370913,-0.051078027704480285,0.04401515743914514,0.008003447736653922,-0.044995749542815495,-0.053600721870984136,-0.002373390838357357,-0.07438587485991868,0.05579387201800516,0.040436306970384646,-0.06048733273011361,0.01806503511327319,-0.008855530216525766,0.009411998489207535,-0.01887594595484613,0.04010971806833417
486,-0.00321640123951001,0.02636263516706353,0.04283183075723845,-0.05027110233779312,-0.02712175830931124,0.02434167159710636,-0.05899066107323053,-0.004992376011711421,-0.00024896790585361066,-0.017247409396674566,0.09207240580896933,-0.011837711615999127,0.01673890331722919,0.04326544821871376,0.0404924018716625,0.05783038620836496,0.06992724121690881,0.002449732303286716,-0.018247879482140097,-0.025172255362226788
487,0.014235454286835508,0.05154260085438106,-0.031143547058935014,-0.058905849997226395,-0.0317985137442095,-0.022006542680849003,0.02150486683420172,0.04213839289204106,-0.07006483294894952,0.029086349264177015,0.06716948306642602,-0.014818752998990645,0.01249206173771902,0.010075630199776236,-0.0829428299316645,-0.034788141815032224,0.04327549586886138,0.023660761746794223,-0.05674025410584038,0.06848509853800477
488,-0.040380597423695416,-0.059740022524983,0.022518595323458655,0.04802498559132965,0.025328457413022584,0.01353918499006287,0.12439729419209244,-0.04477488497263811,-0.023709193069226534,-0.06589243062465584,0.021030620477050357,-0.0057408201829700556,-0.053869728020806584,-0.013828400693671652,-0.030907945166887704,0.022195210652402576,0.05672951288204268,-0.052632161939831085,0.01407522192956696,0.05606509646649307
489,0.023062826996337573,-0.022151049026223522,-0.023065447195914163,-0.03369086838512795,0.02098444608527386,0.009189132099265335,-0.060187194274228216,0.043318668898869685,-0.043534549861498996,0.005971932621128202,0.01487641344311001,-0.01775092626114535,-0.000925800708366825,-0.02951475961153673,-0.05140807611576968,-0.03834383715836103,-0.026468151492581506,0.007439781083482669,-0.013718116068788354,-0.032645349094430995
490,0.06003786651978249,0.06837798918595808,-0.01920826564203739,-0.06071833820108192,0.009968418591490606,0.07799004347766679,0.052849515772749524,0.03625236976520855,0.05159419385838661,0.04784232791091566,-0.08520759677483725,-0.05168442800345205,-0.0073960414247941034,-0.02531612603868487,0.031498774283567545,0.013910128242441666,-9.529341519396051e-05,0.032639124402994296,-0.016239294345289573,-0.04851145397759708
491,0.024338125601189822,0.008094305561799376,0.014482452388852641,-0.04554743975694225,0.10635536143470595,0.03366066366703189,-0.06755373716914284,-0.027019658371055917,0.019663063239974125,0.03837583692089073,-0.010653023127074977,0.019421300016732253,0.01566585607793477,-0.008227821366462862,-0.020486073914325578,0.049406939147231,-0.03735410144079143,-0.07129234300085509,0.04186927042868222,0.061007560647136964
492,0.03550761003783388,-0.0347249201017305,0.016112087437698146,0.02717586223497997,0.0038730900008156887,0.02790933386420568,0.014510236718122531,0.026199594287460923,0.030970888798132805,0.0007787194145607005,-0.024559684694265716,-0.030025899561836534,0.005096456952276624,-0.08365117204228095,0.03225455024442557,-0.0014240275635092642,-0.0496424686003306,0.05949524927422906,0.05966645739626178,0.01604027306524823
493,-0.00823831552280314,-0.03906856635776269,0.11357279906174722,-0.03446403550268072,-0.004855582018627457,0.038817848074372996,-0.07922891305078673,0.04145873659495529,-0.05016580828408662,0.04155087098519127,-0.07245203288566382,0.0013934709909818642,0.08229364795910324,0.012432109612811385,0.007502611414569298,-0.008864629783945942,-0.019095522846124202,0.026490877452544817,0.06272692080814153,-0.006489281343287013
494,-0.06916493050120769,-0.062433461128786207,-0.008248561402008449,0.020797911202038798,-0.010833270732507061,0.055763791898332464,0.014502593040226462,-0.01986749622528482,-0.013437277424830354,0.031430695803440975,-0.00045948210339864104,0.04809085555580514,0.010324408265962625,-0.003069095265706746,-0.02368148208565965,-0.07115646846396168,-0.03541607710485619,-0.06200853006944374,-0.10434333166999481,-0.03422343304169963
495,0.026896884073900063,-0.05895750548345473,-0.010694871781509546,0.03127751880150277,0.06504446107111715,-0.0140191463626928,0.006704315039005958,0.012390981828569313,0.028952826022231242,0.059053793295095344,-0.1083504079971329,-0.07634891122473786,0.036461216225008086,0.005592582132751872,0.04184053666150066,0.07469349209791439,0.012810934708877439,0.011525835630530936,0.038396676981659196,0.09613072097035441
496,-0.038489828740980815,0.032869003034706544,0.060085422340666425,0.04717324188678092,-0.04167583734738779,-0.03153521239813272,0.05994171647607692,-0.04290985973335904,0.007154816382197543,0.026535631349518553,-0.05190565897948605,0.05957776278819181,0.09209540644129302,-0.028371627299430834,0.0031587857309313405,0.02061519298945913,0.016919186411267738,-0.030401584645202477,-0.07881493807577505,-0.03952732385931938
497,-0.041914325365308376,0.05472729050717254,-0.053478555973047855,0.009391560510696647,0.04897858795193,0.05781470289508892,-0.03970656125189425,-0.03060856626733375,0.0299322882331744,-0.07376472504536742,0.04410022651011102,0.02640036846840836,0.009991970509842947,0.05060988477785271,-0.016353268121891428,-0.08466866357327033,0.002167151475453203,-0.003765730457049137,-0.031650039028716,-0.023062455468594655
498,0.00881415639513265,-0.029826008548186636,-0.006753816802121978,0.024119283596465674,-0.03691710537087932,0.018225693016149454,-0.005878563614743979,0.019509080788344794,-0.04690202817078756,-0.05068510211495346,-3.6769987545461496e-05,-0.07457667922851234,0.04108591854942301,0.079365361794532,-0.056204086968356916,-0.04125144026560336,-0.06389692140929408,0.006859858944758993,0.002719207049824391,-0.05935862924201626
499,0.009169970914308986,-0.007368345370968705,0.024484338593993626,-0.06053294387969984,0.013025212890079848,-0.044278066013033156,0.02228975063743299,-0.07263386896002233,-0.027681832585544068,0.030071243177995838,-0.040191728673264045,-0.00983568547331993,0.03739613866093376,0.06262215860076319,-0.013765634064026606,-0.004203340167490572,-0.02444943518612418,-0.02389092672015301,0.04887664279321995,0.04545760746847394
500,0.018357560815598258,-0.0035406602101530535,-0.019314736302338827,0.011494053980365135,-0.038492100008385995,0.0671576667314578,-0.04768208510804451,0.05278765340342131,-0.07114668536495113,-0.004608684346012644,-0.03496228866352373,0.0680382685213934,0.08842211927766791,0.002082632674776257,0.0313550379064145,-0.0021306413982125068,0.012346147352844915,-0.022820023776227997,-0.03566528704679439,-0.0826524046266679
501,-0.0256017716896176,0.03442129901327436,0.002823768951651659,-0.03265113008879419,-0.03041615098611571,0.015025008643295422,-0.045101684701577854,-0.026365908917494043,-0.02132443021910376,-0.02925025237666491,-0.00421809191508304,0.04899057311107969,0.0068739842785293746,0.02137231861128868,0.014374256072053802,-0.03366783990548184,-0.055913901695725264,-0.03297219009189958,0.016539303859967644,-0.08354784229996738
502,0.06315897769805562,0.08930294742716471,0.009439574076812448,-0.04560560511278721,0.019582286021114417,0.00019547014506698623,-0.05419995828554927,0.00633730252332205,0.0012938698383993992,-0.01304107137222942,0.01851949624931004,0.04942370198136799,-0.07063666806525072,0.030729115921555816,-0.11026975706824055,-0.019994283385783754,-0.021949411324322553,0.04678607705697175,-0.07855860756504607,-0.04635209960954554
503,0.03652888195783043,0.06250359946838713,-0.06318873289938219,-0.029205624065728,0.002930259738082216,0.04095147543158286,0.030599213667012317,-0.021484552487718467,-0.05137397320006304,-0.0938452159023178,0.008664137214949031,0.0038407432497305255,0.013243276630941993,0.004379162609895407,-0.030379785126285384,-0.04495945512686013,-0.013792311621995856,-0.0835957174311682,0.08415482704300524,-0.0012135488646453348
504,-0.06187802438130445,0.005928440693148675,0.003450166803001449,0.053871207829760646,0.04123103594122908,-0.021175911003129256,-0.02261937480588381,0.05293522406158775,-0.031012395290090408,-0.00988858394541386,0.024659540055373137,9.102615281947623e-07,-0.025620208416321764,-0.04208106021497796,0.04086190466056706,-0.09440356849156548,0.028055010305714955,-0.043876812454451714,0.07519919829524888,-0.0012385105393143095
505,0.06884411726082584,0.03432970519835554,0.0045441294769188924,-0.011942513294645142,0.055681581669456096,-0.0069411421067630775,-0.01080102884028918,-0.030608364280352834,-0.012084266306586334,-0.006385889383219806,0.07546642564940888,0.012296884471759723,0.03166095770806918,-0.04266064330056232,0.010897965979318565,-0.03280230539903176,0.02630039060116991,-0.028696228944104184,0.031040852437195263,0.0007194515164960575
506,0.03900531285602351,-0.016996956776186442,0.03281975787348979,0.016483869940865904,0.0038735261002550143,0.05751065478844792,-0.09608243965165664,-0.002938288996166233,-0.052844798572175514,-0.015027911550072893,-0.029400803663196064,0.0672423716058708,0.032302481035314426,0.009578536724112425,-0.020930386576413815,-0.003903352234202765,-0.01719146684179194,-0.018111330476199304,0.012019540128840787,-0.015754654083657952
507,-0.07184161006141544,0.0005033855299926313,0.07875334082537741,-0.07574577958108163,0.000879419473130391,-0.05176009392740278,0.035348565263951984,-0.043257148472191205,-0.009686463732112289,0.012805045605562403,0.020613181522642673,-0.007440468513958445,-0.04316622389731886,-0.003232470575038604,0.04404031287469814,0.02468118927014634,-0.04638694212863466,0.02587059587884869,0.055019914153441436,0.013833674249639789
508,-0.02677325173671806,-0.003543559290087207,0.03818772308408754,0.013084790063352222,0.009168569921925308,0.012094941733365734,-0.046789577198500576,-0.08167317388513624,-0.004414836738785857,0.028191519323076026,-0.030509626856680346,-0.016978381889002896,0.07570958391825285,-0.032134503069244605,-9.858786905294706e-05,0.004087456112376121,0.026427853439020453,-0.026781023671911357,0.007723051810323375,-0.07518654337858889
509,-0.03150008809842306,-0.021332954255422115,-0.018734485507162148,-0.0032180656547138534,-0.017132247854188733,0.09879664489488103,0.04850026383988557,0.0814643673753208,0.023884884377149737,-0.047921878824876335,-0.08717727100211112,0.1319182698305373,0.039321518217380814,-0.01857979559891323,-0.030717283530321167,-0.07847559150260099,-0.021104744483290805,0.003370152974971165,0.013817808247956358,-0.01926334327508531
510,-0.0025315424230557995,-0.07576801579208321,0.05086478533110249,0.057233980354470505,0.06786794720969444,-0.037695078017681884,-0.036919242358723056,-0.020484672399624704,-0.011250729098113758,0.011034817949041547,0.023403531370428197,-0.01655154733035327,0.06037401198371762,0.05623577884479172,-0.03927641109653227,-0.006226365862235602,0.013755641373472682,-0.018222116674862253,0.021171486871376297,-0.032878502769014856
511,-0.06563094809543676,0.03162422111763743,-0.047933772452534655,0.027585370167641874,-0.023869906744264383,0.022789693685014573,0.049464280604292234,-0.017109131985355703,-0.06198081079560867,-5.295830296947202e-05,0.049911764247881255,0.03384934438253151,-0.06146750396902137,-0.008970913930024001,-0.04796371282697345,0.03998562987631771,0.010140390741113503,0.02450165022105008,0.03720449626396503,0.11421536346008235
512,0.06977032062970405,-0.025754224922158987,-0.06422804549820714,-0.00961661921656519,0.021639705858356433,-0.06962167288093613,0.06413476941839544,-0.06096568397291633,-0.008429628869378111,0.11019117863831135,0.009668369143317302,-0.03532292328307473,-0.08627503413530367,-0.03581144502694972,0.023497524253925425,0.030075880723579675,0.014883660588484225,0.028017163901899737,0.034011009002424236,-0.049579460885162394
513,0.007660922003436283,-0.00294105997431398,-0.05944287128314238,0.00467532978883974,0.008364393363484596,-0.012710204927978516,-0.04326357499936967,0.09214230298157527,0.049050078640782854,-0.11810339790306108,0.02450017518833113,-0.003976636433972822,0.017698276212560274,-0.027227956877018733,0.008545009792391749,0.03945223480518623,0.08290209964633027,0.007047339235176888,-0.016221743801063504,0.06490394509840966
514,-0.03227604996107904,-0.001746802464357761,-0.06811644055879396,-0.01437751775324276,0.011881842918385871,0.04696080912890591,0.0024584977704022156,0.0018477309054398443,-0.029629023005530414,0.02456560331792412,-0.003478184809389414,-0.03867326636674766,0.010922996687580896,0.08309839303768801,0.01181725978733846,0.044615089250948724,0.012665476553529762,-0.06499841087077536,-0.01749124947672799,0.10827124006364128
515,-0.11008100841603174,0.023003303663367548,0.07062420242500062,-0.013663295791589772,-0.06587007432319772,-0.007818413095512622,0.007441288838392036,-0.06510925209099336,0.0806119921139464,0.007722557284847509,0.03604386905547609,-0.09169947071682207,0.05462142146086717,0.07504352263020583,-0.01983998515253216,-0.05559966107430844,-0.03675439995412923,-0.04863573104845769,-0.01710590228763109,-0.04314206513429763
516,0.01902367408932601,0.06224434375103103,0.0314699350912429,-0.004088482690225975,0.05995140796338781,0.04021093502736357,0.0601158275182703,0.05839663715592214,0.030988837326364236,-0.06770358354793497,-0.011766978488736143,-0.04699057602347156,0.03170095156795348,0.008046370687313746,0.01548622567794164,-0.020759555492714035,0.013314942990016924,-0.058779834728959396,-0.023470518071875085,-0.02422794400514279
517,-0.015942647950483887,0.04791990723187109,-0.051629086533509574,-0.0017553746247381187,0.0036986424910669525,-0.0324290138049085,-0.02663484062511009,-0.023363020460103728,-0.01046377363129866,0.01735300197473636,0.0019805434842649805,-0.033793925660086266,0.0014920895203289785,-0.03722270720258163,-0.02143507985169073,0.011032871403761777,0.006272587100236862,-0.06846834773736774,-0.044631949085683104,0.01078273617033731
518,-0.0353700991489778,-0.04645478279991993,-0.0575792791993928,-0.01182151881366804,0.028461536408913066,-0.07658625728363626,-0.011507186623807439,-0.016487249712869023,-0.017800479186089697,0.02415798582527456,-0.01440477161833831,-0.10064594786954968,-0.01811807633873635,0.01743463107381477,0.09973953633157435,0.11914567727849804,0.07799442966288006,0.05142382530719009,0.010659897605029769,-0.029022926519550827
519,-0.062435700582985434,0.04815664875448684,0.015672087608302816,-0.11089475308074244,0.09638104158978669,-0.012887006887339226,0.061494980919413085,0.114963295630173,-0.028658464809555254,0.03717137999765511,-0.03321885499680955,0.05312762367922483,0.03970764888213305,-0.023128378179988057,-0.02662408981381511,0.04331197456807153,-0.04307610374567742,0.0585667020743224,0.015296008302212779,0.10645734923389552
520,0.016862476491584268,0.0014007257757809892,0.05807913949602058,-0.04396528563884545,0.021798230512487547,0.02521796937715749,0.021481532742951417,-0.029079959808429784,0.007972851451943146,0.007359922010266231,-0.047007005921357294,-0.04058028870071833,0.026398659236162365,-0.06753347266795923,0.010253587472745318,-0.03448498067122544,-0.017182684215866197,-0.0344498376969315,-0.007772246178267856,0.020984769452404524
521,0.0834321717501047,0.05884270082996965,0.0760086227050172,0.08593012807565373,-0.027722277302182966,0.011693886116352685,0.09920391488641644,0.0530644314654965,-0.026926868083347034,0.015903057221302395,-0.03906652076505372,0.12002254508528878,0.04536913593015122,0.03941232959687741,0.03964172266971604,0.0128069899349352,0.02516094481357771,0.08744662561962586,-0.015331377798533352,0.010518559679996204
522,-0.07663628339054855,-0.019502269252988178,0.034683521541340065,-0.016939653997728787,-0.08808340082507596,-0.06106616102317987,0.012116744723231746,-0.0013737278371980138,-0.04608314990803507,-0.04130174640433028,-0.0006017493072871592,0.006431633474072324,-0.048231813874114064,-0.056754001454612214,0.051038314581163015,0.05144179810566841,0.06311428578703955,-0.027428416078578766,0.03538184973866463,0.05397598430974936
523,-0.01574420192754046,-0.023798243302115624,0.07480098780103679,-0.013923941820586982,0.01922211473683732,-0.055170797898100345,-0.1224163478417795,0.03197037042475087,-0.04269805150608314,0.02500762676920425,-0.009659731251084725,-0.013790360393473897,0.016479470274151798,0.04193083192010635,0.09931941934576474,-0.13624132378831405,0.005890071269045029,-0.015340090642408422,-0.07791636790061268,-0.017240577559509824
524,-0.03513188493023537,0.041047638350582366,0.031213678835331913,-0.049020801667792054,0.03342686980990796,-0.06261849840572618,-0.009058373248660751,0.09968949776740745,0.023872581975459824,0.059320951215362884,0.047852495215759884,-0.10449186602544615,0.06548139890535049,0.03690832325548888,-0.032011435405835675,-0.002988936399760237,0.059689059143722994,-0.03307777164481496,-0.006922280292009815,0.07013184689890574
525,-0.052922349468304396,0.04824179942831841,0.07107517747331976,-0.08141723897170096,0.007033389582900931,-0.011084831783702554,0.040732079771651816,0.006776305362110761,-0.03238555654331174,0.0860025785210642,0.0113319143806351,-0.05067054801766103,0.037509108472159054,-0.0005995480210746186,-0.04218325133531734,-0.04411443597433546,-0.011024418605726543,-0.01634653332719712,0.05880938395245564,-0.01640590908398091
526,-0.0211056489564054,-0.06522135777537509,0.04033954614730382,-0.07110417123312668,-0.0938774182803311,0.08983462269847929,-0.037174672725303164,0.09116593977234208,-0.04207245155115999,-0.013997081464144688,0.08392132446621452,0.0011464957722889726,0.06728000003624,-0.017294556937589987,0.0590817775414284,-0.02286728359415061,-0.007647053411477466,-0.03127357232654823,-0.038671399321974616,-0.013976913924089852
527,0.01621423234384393,0.07675864341535103,-0.040318109427782016,-0.010411182838240367,0.08336472507067627,-0.029801204829376454,-0.0348745061903983,-0.07542881974355173,-0.051300610188675336,0.002257082779402525,0.02022175390478884,-0.057601009871115424,0.018321311610340542,-0.022676377676665155,0.02543968503735789,-0.06685557777300047,0.02241422601673407,0.047897833748375925,0.014326732403868928,0.017808454911781506
528,-0.04471031050180904,0.022739665150318424,-0.04136041831988667,-0.01987634300859686,-0.04509300613556139,0.012054256957669101,-0.11221349697810787,0.013567255233337757,0.0028962946101930877,-0.0006482614908639832,0.0012301468174004885,0.037189263256107045,0.08242022857602156,0.008905315072030559,0.02325657936902336,0.02628765378261103,0.05338747156451971,0.0265112635184161,0.06303290662784926,0.06865599410343191
529,-0.03262818816121019,-0.10095395822309108,0.03269855448749759,0.006950095949829329,0.05429901289817,-0.03111570354035532,-0.0538340898259835,-0.07365136703883021,0.020384270821287243,-0.06478145199475711,0.046579127392393886,0.0761881756041989,-0.08158090633305289,0.04422113852513807,-0.04529984963762822,-0.04740170613246331,-0.01762864026266349,-0.010818201716860078,0.009075645712120904,0.0024201311292768556
530,0.016432605094558832,0.045133036322489904,-0.0035060636900817762,0.05070493066238115,0.021948479562481922,0.01794991579411323,0.009932545709400824,-0.05163585646287519,-0.0015462460158943844,0.024948990454808327,0.011888108717574746,-0.02576316783631782,-0.010748528946989624,0.017401051863331796,-0.028656106549772083,0.03500407346802915,0.08368861754342165,-0.01740383864921875,-0.10040681793406628,0.05041001663646843
531,-0.0638828258722498,0.017196995906199254,-0.006044565648508547,0.07904758377753845,0.0014996189215192312,-0.027550408335441423,0.016490106028953594,0.047466414368050866,0.015935276328669885,0.08071339755925942,0.017744936540282197,-0.05078991385797929,-0.03297588041257198,0.013277232407234872,0.10467804687442318,-0.022832030305578673,-0.006411344992413945,0.09185851325585871,0.024991666731301983,0.06704220988710892
532,-0.00990790835037303,0.02004574059173839,-0.07890960771494779,0.017269506904245505,-0.0009443841408654284,-0.0038209028031318043,-0.03872650719132659,-0.019097178433252083,-0.08641340520780699,0.08710640463575262,-0.010915860661539076,-0.0005437648268910129,-0.030555047210359065,0.04483038581026974,-0.03523630296605054,-0.03141121954366537,0.04023180319108912,-0.004483731152327974,-0.021383330141348685,-0.023039748608815427
533,-0.020446522966247455,-0.006121206752633661,0.029316296190524765,-0.03699625791652017,-0.017996025999922744,0.06219653414369022,0.039110672571540155,0.020116371604172723,-0.0636116812710498,-0.06961191734843318,0.019565338203690927,-0.011208006081196563,0.04239157731393674,0.0656146316898987,-0.00329752260235958,-0.0011451127512669163,0.10736753952385074,-0.06784468857788066,0.02869732443806061,-0.046765422219073434
534,-0.04583895129029678,-0.02639731354855942,0.05340965617829148,-0.010553542211540482,-0.11964347394127958,-0.07742327903160516,-0.08018087433324544,0.03383561835608869,0.018390187268547836,0.03350388720104127,0.042638016353520374,0.013841873378663017,0.01778431856532713,0.09192801370393253,0.001201538619458234,-0.021479694698802565,0.01643228846487469,-0.03390171764184451,-0.009789566621616876,-0.0011631940337576906
535,0.03661814784004854,-0.04675863082390739,-0.060807233139452944,0.02599094953149598,-0.011287429943756469,-0.00909250916846776,0.0060576896414447825,-0.0405786598201208,0.09142398118676487,-0.04162387700443711,0.11786386265875069,-0.028169688161764003,-0.00937963179411646,0.007122364515868134,0.06733943857323169,-0.0474701020320134,0.008138498245607828,-0.004559221102870451,-0.0042932394996553335,0.011923349980144519
536,0.0018265997188947464,-0.05170827691876661,-0.04512557640452887,-0.06890733594040384,-0.0355386238840505,-0.017110847094016213,-0.10322047530569739,0.07734247240575903,-0.0324140572395356,-0.08090739949851644,-0.054820527547397815,-0.03443992892073828,0.026134742951899315,-0.03390302245071271,-0.04127303855618754,0.06246843902832208,-0.0073773111228775425,-0.010556867957316697,-0.015138718953276271,0.009854261971838797
537,-3.7272120336169216e-05,0.01151305606518231,0.10104537322713297,-0.07817889836297125,0.05362149588489212,0.030369564971004195,0.05974468351625739,-0.11696270321920875,-0.04604370329074328,0.019274810990060908,0.0592246315244126,0.0043200960178227145,0.05997857985320731,-0.10023022795994257,0.04972902476681332,-0.032568726722754245,0.06490737881076425,-0.0117938778848422,-0.013428526588472673,0.09563876858616387
538,0.015260219794129693,-0.07314041308888256,-0.07852090820344124,-0.05923253647931314,0.10009791944696808,0.013622147036688128,0.07803745428516591,0.0035849025794607485,-0.015451906511415925,0.01477684801609508,-0.036663996665787894,0.020656757144007425,0.038629409827323526,-0.02975263185709633,-0.0586751746531634,0.007047779379865443,0.012569041577644758,0.004822104777504669,0.07024191396771257,0.010027228769735545
539,-0.004115584832021149,0.07216287351949316,0.04791004692941251,-0.004521300649286308,0.015490265864914737,-0.04321769938306546,0.04177513958477478,0.004436775367836531,0.04127120682279271,0.01801676063913791,0.00018211381628228194,-0.03144097289679651,-0.016861960981099527,0.03606461234222033,0.0032834271911848893,0.027467312683663737,0.066785144636014,0.02408034019166861,0.05041740520984558,-0.14403697093569418
540,0.044970342480744455,-0.002725418633154151,-0.006904051937820831,-0.02697690267322533,-0.07752767169586953,-0.05257348739683908,0.05093537762113433,0.07498141629859977,0.048715456143532454,0.07644246022838294,-0.030391598993837334,-0.10818871812147472,0.016361076703831055,-0.017678953598857364,0.026398805005155703,0.023199849232688734,-0.02421090083399217,0.006163203297427946,0.018966519794063493,-0.06139565231651519
541,0.05441576884523375,-0.04057308890944665,0.0345164723802195,-0.055548709323603555,0.003264843762028921,0.014721706386420123,-0.014833907137320872,0.04521032524180449,0.03925075261115259,0.013654129171013706,0.04540259608571746,-0.09703911869303707,-0.03252794719522885,-0.09296445556395812,0.06707330361278184,-0.011231093580633957,0.03583887163504449,0.06445940918979248,-0.010935501219879634,-0.020582242938806672
542,0.030156324463323725,-0.02221679928459472,-0.052388454327243275,-0.033143365648402,0.026453085945403073,0.05793196214008169,-0.0811210089952359,0.008325997025530541,0.012248873930019777,-0.00020279911310886896,-0.021385607490121215,-0.029766959147175608,0.0890831881302778,0.000770324986210651,-0.03163715313849194,0.040239424100248083,0.06027157381466554,-0.0034950339714823046,0.024914393608623533,-0.01575610662300306
543,0.016487419337894608,0.03755436517504062,0.029399015116121745,0.014074511030286212,-0.0156378575301733,0.04821644893409789,0.020829827628341395,-0.012080973778765866,0.01478865850954705,0.07635900196391697,0.005342672873028393,0.015524446043976892,-0.012605356259270752,0.020219970924816488,-0.0054486301321609405,0.044897410487082894,-0.019439942946334318,-0.02051334025823235,-0.06569723268125262,0.011252501059536197
544,0.051569035586823575,0.021036731937622618,0.0529106843553285,-0.0019939404589020644,0.020893730575764637,-0.04913674268816014,0.008891828517865083,-0.0439199597657632,0.03704348647613796,0.07957151978680453,0.05942380299539345,-0.04658663043962441,0.004004946995831406,0.0392430139014618,-0.026168887174513194,0.08896406867481237,-0.007364173156410678,0.002574915023536364,0.02372984078828105,-0.027188863541853334
545,-0.06600122681857395,-0.028265509927974494,-0.004270438745294605,-0.030501857747738424,0.04576340927905906,0.06919469628113085,-0.03879917737003521,0.06172715739775637,-0.0659227601357027,0.06389838823575174,-0.022409745503270663,-0.07153863273222343,-0.023835593025993147,0.0666815894625773,0.04857655552657469,-0.09876033169858375,-0.03783212340781354,0.06607667828948915,-0.02176206724730299,0.057180772311162746
546,0.011344802238249612,-0.05642859565421361,-0.035867581010782155,0.048947587845794976,0.016578542048268786,0.05434146342471997,-0.004757250195391297,-0.03263487429976428,-0.0665790364836152,0.0024152833408932306,-0.008592554399256571,0.012288932403738894,0.0285968727567007,0.033272992235627664,0.006017634523119155,-0.025954524542540058,-0.04242727282164142,-0.0031086317819955314,-0.02651519689399068,0.12145960733941896
547,-0.06093883032431861,0.058646724636810484,0.04973389838281104,-0.03357890709827004,-0.047340343131158515,-0.06582520673903873,0.05927345337475275,0.03488583858795038,-0.018752662547285692,-0.03409866244663656,-0.06716428808182148,0.015894892036576798,-0.006432400434824849,-0.058079957389454116,-0.0027854291710531125,0.018220438500683746,-0.011856930823740482,0.03771080814245071,-0.02699975516591868,-0.02681648498177455
548,0.05546647160196503,0.03272489491055662,-0.025475178133154835,0.07748480709445349,0.015142508507809706,0.01979684263200121,-0.005469889178444763,0.03950557007656824,-0.029643299727208024,-0.05086997196447274,-0.007164884374218665,-0.06511720254742943,0.04203469563825965,0.036370589756161996,-0.04186707760235203,0.03250730118438603,0.0024120269877056385,-0.05760178077680249,-0.07022173820423862,0.022439436901414107
549,-0.06680036017922256,-0.04904903775463311,0.008168005020956218,-0.030777831928323996,-0.0033481358503978623,-0.005945061743742154,0.009376344616863735,0.04385838797774666,-0.03688129676518664,-0.03399920124487229,0.06449289512183622,0.10360923340060171,-0.02772068677835593,0.07254983325035563,-0.07576514661274902,0.06925725478736641,-0.03052427913600175,0.051260162586792245,0.04353698040323563,0.04347290706662975
550,0.03638971767818754,-0.051219155574436334,-0.028849150686595413,0.009688361291676977,-0.029003308825330643,-0.004826992336887176,0.06470758309576907,-0.0006283919498462787,0.030981148266695784,-0.1151816057753465,-0.028678617430075957,0.012878893428724465,-0.05017224419070644,0.039662423554565104,0.015435098212844932,0.014061147642203215,0.023879725046976732,0.04627727390947556,0.036682807130226515,-0.01570137215380326
551,0.012739932528022075,-0.05904625004093443,0.038947948705815284,-0.027322931367688676,0.014543968082073176,-0.03988964148661253,-0.013773301943243532,-0.01098442679877651,0.0009074935094861809,0.043091325668246416,0.02038038884715116,0.010572214836097589,0.0502621774854984,0.012267031016678755,-0.03429011882239478,0.031023059618140995,-0.032221666458158445,-0.02968257774542691,0.04572220337049744,-0.03163239301879804
552,0.096911376420884,-0.007694620322544962,0.03745561243703838,-0.024463326496375087,0.004243867371504011,0.012030468303980513,0.007490525971348526,-0.03984179220640742,0.015325266621825984,-0.036440192715507407,-0.017670267205260052,-0.008165582401113008,0.052869136133938864,0.03265060020054944,-0.01075927164319356,-0.009172016601136014,-0.02521322793848643,0.02479304439273152,0.03111809243313821,0.005761700151420704
553,0.05515039874584111,-0.038584779021163126,0.015138382384303938,0.015219824588813043,-0.03127088760221687,0.07069950731468022,-0.031012090120291127,-0.002661347701510033,-0.020248561015412954,0.03548922091328348,0.047512168685512016,0.08194139185111857,-0.04878671449688315,-0.009290304643180099,0.040105804928675846,-0.11622079430761939,-0.1164779611957304,-0.04015298766857002,-0.007786811881365035,0.026961402834404298
554,0.002799106500731438,-0.008051391710904215,0.08101683868566582,-0.05758402268565351,-0.003479694685359783,-0.003199055813520835,-0.0013615393448741105,0.01290848321392153,-0.0720818596377347,-0.024277843268882725,0.10979762993193408,-0.024112152119828603,-0.07024724044529537,0.006038335298446855,-0.005860364508137591,-0.0025253115086836873,0.05184695415843228,0.03070391075385722,-0.02248631551733265,0.07287116970037315
555,0.0512667606734496,-0.011447481216120037,0.05490706446444151,-0.0117793762801554,-0.018182780069124847,-0.0031785442022666476,0.00391685796093275,0.008663076338352643,0.0011518453057354154,0.0839969047986712,0.03168226310637342,-0.02705137324190657,0.021498656500997856,0.11076662250204744,0.048790966026070116,0.04920154983960837,0.06452998105061719,0.07886337836503823,0.013604894831594754,0.037664024650100644
556,0.07668110270406898,0.08006175931522565,-0.06500263977793752,-0.0014440381957331653,0.03305074151249253,-0.07880096894656212,-0.041909536932375535,-0.008313843515972546,-0.009452431224824316,0.06666824300575569,-0.07000899397992322,0.06906769894133301,-0.03844261488728868,0.045946285038436084,-0.04977348390381688,0.02308639012092513,-0.0962926371225101,0.0018487830949848168,-0.07411186412019427,-0.01045867265140624
557,-0.015112772434807097,-0.009615267245239402,0.10853795871655539,-0.05244705057955926,0.16217702522888217,-0.05798690291453936,0.010231167572236898,0.05109737296095789,-0.013799454446221235,-0.019071894591222684,0.02564860020210909,-0.09779249592122176,0.03276775444782251,-0.07204951335065596,-0.013855485499619668,0.01722970033022796,0.03613355816233224,-0.06062128666890304,0.02758889844114835,-0.011017080712209519
558,-0.03627172239493306,-0.02405324900081756,-0.010768335699724418,0.05208999699661928,-0.021357298736176138,-0.02321770828020578,0.06199349445501088,0.01945373524979107,0.04446448114921241,-0.021113404099919235,0.04055654944567018,-0.012501848291345125,-0.005773490922026125,0.011204290604611915,-0.03466301500527971,-0.10512229410430958,0.03423382934461394,-0.035170454506254986,-0.04534042629381013,0.05801614192187503
559,0.02258421479004689,0.04493018944660242,0.03128212941709984,0.013682452979936316,0.028279097721322064,0.024802065019961822,0.04858829638808633,-0.04773149950804259,-0.015566510983229892,-0.03410426003859581,-0.024434836549110512,-0.005142203009946861,-0.0726873907803358,0.03612638728187064,0.03272289508479167,0.10693982771885466,0.06359457504537366,0.003140590428312019,0.034978134001798,-0.0001208558838159514
560,0.03274348819426754,-0.0048434014110537256,0.011724400223406949,0.014098115349229083,0.045831338399160475,0.01043882864238564,0.00022116999891372486,0.015230773400987776,-0.032382693862509554,0.015325264890349953,0.04039213950017452,0.018085806616833053,-0.009239605931696383,-0.04397547977449069,-0.02382398578183194,-0.050093250314608734,0.01757438344106026,0.08614853756110091,0.02897259558252233,0.022048007033541244
561,0.008386331114432329,-0.08254712007036888,-0.035923728244224316,-0.03223102662488267,-0.03975554883069454,0.08764818072106088,-0.009822880183472991,0.01491326670921496,-0.037116360630549135,0.08997406481463585,0.019962733123097636,-0.021054987645714625,-0.04570735065918416,-0.023156660099189853,-0.0008982937969043803,0.01481554571416105,0.006726117352549571,0.009313127683123675,-0.028226273697158515,-0.018048870325621275
562,0.021146284964950152,-0.07575682408159237,-0.018241876805198447,0.046950520147518264,0.020932844616170756,-0.03743708691954889,0.06889110203430945,0.011064349812893877,0.006482437338274893,-0.03175626431329581,0.054006407153094425,0.01773716669929112,0.015385101375004965,0.012271231351503204,0.04954926061583625,0.0336264394510772,-0.0007203624313459881,0.03457198947632795,0.09231649013747527,0.008814932411832918
563,0.04071997154769906,-0.09083361230501254,-0.016224520890225053,0.058076593555823564,0.036932067770024335,0.04492481830405805,-0.03758600468507207,0.04862288158215211,-0.002731143307380895,-0.05269517686960752,-0.004941862703829558,0.054184438940631,-0.005301025661606523,-0.010096173152166425,0.014976386731559972,-0.1072625786887839,-0.02267427196156644,0.03611678324550285,0.08949231949639479,-0.022960263537541197
564,-0.07933758212085508,-0.010457875299346416,-0.021526698712645637,-0.02250120392740292,-0.006577765451493446,0.0383048774223881,-0.00021587662262225805,-0.01628914318957356,0.02320825818459865,0.03284110139479467,0.0010966055927478819,-0.0009033653718585429,0.020912116790710845,0.003001923308645464,-0.009652299106863252,0.030786407594871334,-0.03984963533281819,0.07937868678919094,0.05093881446251348,-0.02496553236036684
565,-0.012918364113229283,0.005128693200900979,-0.05491131096695872,0.06642039520972055,0.00242143239415872,0.021051220340504547,0.023462331685034064,-0.10575573921588088,0.1174077972125209,0.026602410509806308,0.0030156682126101122,0.011555866608534974,0.020214734939661475,0.05963473901220636,0.01415999671141868,-0.021723854431974426,-0.0033017714362293116,-0.003248371009674536,0.06058755585693034,0.1086673806084952
566,0.002893219246229206,-0.0072451609319813225,0.028850827803332486,0.002017511169344422,-0.005067032930629811,0.025115832375178407,-0.016503505811391563,-0.01593287465833606,0.007061462428697086,-0.08049487118168061,-0.034302451979377,-0.08231347398804202,-0.027169751554380724,0.04527764200211747,0.0485163569540841,-0.018872620935620865,-0.08826715884273262,0.009267840193824664,0.008712575606647,-0.023719072384239148
567,0.01598185605521766,-0.030619617924279186,-0.006555011251324337,0.10089051407060223,0.03864625496217419,-0.05758947906531811,0.0006392568742129902,0.04766074845481238,-0.004754362411033798,-0.010664417076566592,0.01766536175576342,-0.0037394009612259096,0.04699055233159753,-0.04149840068102407,0.032262816635204826,0.04271173154914419,-0.01298088291906125,0.03432238027985751,0.005222523133120957,0.04709290305411794
568,0.010746573891930943,0.06189571515922024,-0.08692699366813135,0.04821222242991723,0.0029246518153395926,-0.026713462883683183,0.05131367097746783,-0.030353453043179587,0.03189183319367192,0.012769814928485846,0.0025856798456272943,-0.050327550073669264,-0.02122206050835495,0.02054808751607527,-0.001860672630382289,0.012649643869179899,-0.024798194467778943,-0.040015646020791294,-0.02065813920706419,0.034799538156580004
569,0.061174283386958545,-0.026895113915769157,-0.04320494149239649,-0.048325786753736666,-0.04067023089293908,0.0196677789765393,-0.010994043626379887,-0.073407769501405,0.060771637568674354,-0.02315972948769874,-0.0013722220806412398,0.0039630160348718925,-0.029790676024503623,0.0164841845448013,-0.07520658806802287,-0.007644766963140739,0.07099896819422492,0.03887975961229225,-0.05977498944634242,-0.017874087262791282
570,0.06754205544764162,-0.03316276853761597,0.013577104242496618,0.024216117459223297,-0.03614376318929479,-0.05194470889793483,0.0709192147436368,0.05256862497665058,-0.06983532430201425,-0.020541317212460358,0.021793745824511886,-0.014626756788807113,0.010909635090244738,0.07296156055536426,0.00798888099708087,-0.0006411584637570907,-0.08897188278704782,-0.0030897046656745268,-0.02815632669403913,-0.02201796937954519
571,-0.010262584355505987,-0.05054540583692932,-0.03896245061603428,0.04969268166801837,-0.06023667986582594,-0.024671570182864533,-0.025501753824493455,0.026751316351436794,-0.04712236635727264,0.010966548946999574,-0.08831674782175501,-0.08619399796274183,-0.010759573076894357,0.0053925085550397735,0.02954856311688421,-0.016910204650022513,-0.00965665904028377,-0.04178124553347245,0.0047864946668453685,-0.012910403919924205
572,0.10491236652092643,-0.01558813649222872,0.00840667100837804,0.06422627152387642,-0.038775598633356875,-0.044708812213339076,0.02177547279912212,-0.03134840562533585,0.022074298491233012,0.09754094893278228,-0.014395386262979428,-0.020609052043090187,0.07636687481669169,-0.01217748540124873,-0.011395066257990975,-0.043657364679103375,0.06722437779321122,0.07177848415424652,-0.06554942522916803,0.07726309268086463
573,0.02435041478022172,0.018406374466112947,0.04578373374082213,0.0145435561084234,-0.06426707384627744,0.05846453057705002,0.12103965809903645,0.0029605274949960378,0.015622211298055537,-0.08494850712572406,0.03993233499392328,-0.049802771487488524,0.014831487230738058,0.0448590161343805,-0.04999687622081454,0.04917228594760419,-0.08505804279436667,0.010789557311530348,-0.03446154246680963,-0.022757881708573985
574,-0.014303707957585364,0.02109855199603957,0.025702500440981046,0.009910195171738807,0.003238610399209791,-0.005167364607128036,-0.02140429129123162,-0.01601455570472861,-0.007586937246883655,0.03160303265746018,0.010240242770288156,-0.05467260470672243,-0.0236876643483779,-0.03292610691755539,-0.04537935714725298,0.02783539174830176,-0.0096507806535614,-0.04000592979696549,-0.08292594173942613,0.013966111705826248
575,0.0655559634719551,-0.04350376062738478,0.015429641527890383,-0.04789668009515344,0.06063217915630118,-0.002102964757481829,-0.06564090388885924,-0.11509235755438178,-0.10618924214298746,-0.005572903569037121,0.04421133204469652,0.02884438610829573,9.055891612536751e-05,0.01476505597942252,0.024258581546644238,0.07816303565444846,-0.05867705822063644,0.0012692086479329746,-0.0430086735702145,0.007342151027854347
576,0.04930935671677679,0.043345619443355396,-0.02175064220711028,0.02337176384935131,0.04026770701486804,-0.03405069215770989,0.009718975273085094,0.02222754443285852,0.050174155122468006,4.349721107056282e-05,0.002859810705710153,-0.020735200492385114,-0.09255971367706625,0.07003324181596665,0.04882864051233293,-0.0003723672516165461,-0.0020088674184081876,0.005978852416265027,-0.020935145964617555,0.061234107692086474
577,0.034888446163645344,0.009308941544001692,0.0749814819468357,-0.04940849342422192,-0.06497460844616673,-0.052788852285628705,-0.06011696877180746,-0.03938785802074695,0.008866794176969287,0.03141441816746465,0.08081207685640165,-0.03796921188600962,-0.08457453997515513,-0.03214691137927814,0.009842232612044005,-0.058190597514310334,-0.06403688566816278,-0.060022502656508554,-0.07912717132082331,-0.011326223166402522
578,-0.04785081327559358,-0.04290421975588391,-0.05661504126764694,-0.035701410158970485,0.012924430077531999,-0.13768435787486405,0.07938380161685586,0.05057792302624807,0.13063165067898605,0.046774459609158346,0.030003026836986964,-0.020691699494624703,0.046002877264009576,-0.037768953890038946,-0.0890800629102043,0.02519534015501055,0.048658569442268804,-0.007274684564216223,0.027334351388673156,0.06443484750933667
579,0.10962028065229645,-0.03895771889349605,-0.07825655000846005,0.006409176457364571,-0.013262236030586023,0.07336907478299638,0.0006910123061600066,-0.015004760874047169,0.029535503864128298,0.0015874555458984655,0.07580097056106681,0.016942957258190578,0.02313585614979902,0.027678173383458092,0.049530563909890676,-0.04148055806717553,0.026051881060926412,-0.040302848408022264,-0.05185325708174769,0.026794674107877156
580,-0.03732693246864245,0.005072371789631991,0.007626056917634379,0.062495328480457475,0.004470907393229203,-0.003624427071610468,-0.01449303612840655,0.07544161535988016,-0.11054220139919706,-0.005864905132012186,-0.030808373967562724,0.03320016039414288,0.05951053082535263,-0.011181837664937572,0.01979114493484763,-0.019737770802614626,0.009991771103634525,-0.014186484869547522,-0.010490079084981684,-0.009197036444420964
581,-0.07252428002053744,-0.05141032072015087,-0.005105578649311368,0.04567052699807284,-0.07623461914035584,0.06343259572639277,0.014054389803623743,0.019595715061488765,0.017892064765663646,0.008374358378566944,0.012013469333031398,-0.058963633947569004,-0.04842861721228404,-0.026985885983127057,0.019360172097555316,0.0397186425151432,0.04578388970904692,-0.0025524430271981827,0.018431206902248073,-0.017120223135880738
582,0.06473518684249319,-0.015822352228736607,0.005835419847779487,-0.11493822281614494,0.03718638986444647,-0.011489723775664895,-0.02854776109032404,-0.13760457381111024,-0.0053566064767477635,0.014168345758270978,-0.041670988678525846,-0.02770764230708117,0.05481430679569505,-0.07039735122708445,0.03800382678308973,-0.07409872187599913,-0.04314966215517516,-0.05946826452879925,-0.023257586145112023,0.03815078549201999
583,0.03767545698333018,0.06767715166968653,0.11073889143845474,0.008916674065967729,0.10029730718190619,-0.03657435873897916,-0.0550402075000448,0.0391649983082232,0.013448920555156917,0.03339353757816994,-0.019585986915708124,0.03489337803373747,0.03329530482816519,0.03742400587171906,-0.007461387964511636,0.0780097490130124,-0.06711208575923348,-0.02888534861448433,-0.013555577728282834,-0.02402140798107167
584,-0.001515996116435511,0.034408843668652676,-0.07445404937119439,-0.018295023614096916,0.05316072031012934,-0.05429659576337822,0.025317097015283542,-0.004936791691766485,0.012428094349124664,-0.042240553374040896,0.054539712609932886,0.02539847020691368,0.032368811562186475,0.009801557323403527,-0.031113942346010833,0.033858845024638685,0.04599238842120257,0.02708839607608643,-0.0386863947719265,-0.09487486575684963
585,0.014845623841820917,-0.027674710037266913,0.049337723795342604,0.02336036072162584,0.07603367294035457,-0.004987327399142617,0.04235413481106331,0.08310174714557636,0.023145302598708437,-0.03059835242589446,0.002721062226228124,0.03490418122003873,-0.025383818465867822,0.02363556801552488,0.01608700707032292,0.09243797241355832,-0.035128858935895735,-0.007593412798496213,0.03995722476532856,0.080718698999918
586,0.026843128654604444,-0.0667800128576533,-0.014227297954103229,-0.0749643834778046,0.11117716158912007,-0.04910307866992183,-0.08575249602292637,0.02568776039816958,0.03568014175997153,0.049239282740422954,0.037834170916212745,0.08604690915405283,-0.02808151270316406,-0.025189281671388487,0.0014375348852463039,-0.04993968092211317,0.04730936234856379,-0.056298203806804635,0.05004975440647279,-0.024429264218830276
587,0.011110526214002402,0.03816447627137685,-0.031645192299732616,0.022273420857537713,0.0063701410992411745,-0.04408368780313506,-0.015236703724805015,-0.022777760088078254,-0.01600107173478307,-2.661075926286819e-05,0.009188219542366026,-0.03253238464606224,-0.06670856946037924,-0.03880308274636177,-0.041055688395121345,0.1041585257761887,1.857695799497465e-05,0.00911298920337158,-0.08384734060118847,0.03895789652291797
588,0.022365524840018573,-0.0008315503552343204,-0.038334215010764366,0.09194656550268297,-0.02117530921557012,0.010528814523576733,-0.024739722416846622,0.05303682172997071,0.0029008542649144172,0.03881558766294031,-0.040849732411450505,-0.05515618168826852,0.04660973188990288,-0.03918652289497886,0.0906932210706749,0.04378402589072281,0.044496768669671664,-0.012263552836144345,-0.06260214645848881,0.02147891620476303
589,0.05096882597759777,-0.06759149166175053,-0.032684673471814,-0.020319703046649464,-0.0773217052738731,-0.014878921780724301,0.03318519127375246,0.004178227006549115,-0.011738917412599576,0.01767232039333077,-0.04308251940641819,0.01794454412856769,-0.004240148883465163,0.051904106809935166,-0.006619855750197327,0.03487883939231864,-0.07003623217093462,0.04507550211572395,0.025496910774390587,-0.020797368104624212
590,0.058813932668498124,0.010297135974007362,-0.020144442141608793,-0.04003786196843529,-0.0397207501168113,0.014378654853053074,0.03774727581841559,-0.03687848507245179,-0.0063936766336904925,0.02111963814719462,0.008719572579472586,0.042940148380214226,0.024031686391766983,0.04888745903236129,0.00802529871637285,0.01402283931279051,-0.016875737699630744,-0.013349092890141533,-0.012727610189265508,-0.04446766898812407
591,-0.035214143425142105,-0.012310106491305761,-0.019948748214876463,0.028853451595212496,0.02253686590344978,0.000284700825796283,0.004918612977866825,0.058132988543139495,-0.031137604999539485,-0.0017382803036946335,0.03139842517974663,-0.0006866613436732883,0.004546455759188484,0.011263965247244972,-0.059776434800526405,-0.044103933822652264,0.003691174173253438,0.03395025462238674,0.013505113098657626,-0.04940992414370676
592,-0.04470071870662019,-0.08513736985930477,-0.03967659242980887,0.0012454423057661564,0.021177689888206126,0.05795995335593899,0.027322649592658486,-0.003917714530356197,-0.03890966084737154,-0.0177781483361431,-0.005489299303411614,-0.10365555758111857,-0.09176739119916663,0.05014223522363237,-0.05771947358029155,0.009966831355059335,0.06829557864351522,0.04117365905743191,0.00601362277053328,-0.029594784036882604
593,-0.005971815626618422,0.08150686638533503,0.07642863853547062,0.055973152074436455,0.046683385885250395,-0.030462656663625534,0.05992326194363494,-0.01720666460816679,-0.06033796190580434,-0.059403985367571334,-0.05148786902719651,-0.06000444824029755,-0.07602625838417817,-0.06298646623792134,-0.013457961167089496,0.007417652010463009,-0.0032344320156097073,-0.014930922374355985,-0.06513958939183678,-0.02233700101506836
594,0.052430106154491285,-0.05387055773593439,0.0018690568130183005,0.051802869597253054,0.009204199045562496,0.03941179306874384,0.011138536729412875,-0.04621069815795577,-0.08386700094927046,-0.04592142952350017,-0.02771156847302422,-0.04081989840953127,0.055229382724177246,-0.001879453751645374,-0.03347518633043026,0.027227952308479134,-0.005960004040073034,0.02574768288947498,0.010307057964209597,-0.006124117446903091
595,0.09640584214653214,-0.0021642375460959383,0.006868835877466053,-0.0894843524198701,-0.040335394152568455,0.03721501153301658,0.04098608185383805,-0.03135814297959914,-0.05749972102311581,0.0003470736215550592,-0.011351093070225209,0.038689931215777705,-0.042902631450124275,0.013201221093585715,0.007852126625113592,-0.03551700827013722,0.011526081932846965,-0.03965414378153942,0.038286066889728666,0.051803471717954935
596,-0.060010610258481804,-0.01588863415408224,-0.016913007700166516,-0.03536243329218256,0.008570765149112857,-0.06942354460653853,-0.03488340517610736,-0.01341462168989539,-0.0013426594071940757,0.05548834691100105,-0.04692578277870051,-0.012647874242606112,0.010732903100915245,0.0013129193964718931,-0.02012866735652118,0.0038664427936935396,-0.013446721933194702,0.01933166502666426,-0.028013238948385137,-0.0421299657609049
597,-0.07471191696146465,-0.07054194140718882,0.017542247451712175,-0.04674331434271357,0.020238598381961716,-0.02364531839726785,-0.08436544229684846,-0.0019325775654972773,-0.03385256350873132,0.008324188316162663,-0.02265945878765862,-0.07605579409408438,0.06507812965171936,-0.02646568336238729,0.0716628831143675,-0.056120391908720445,-3.560424398352167e-05,-0.08007536490219289,-0.025336905373611173,-0.01043794228006693
598,-0.043229912632070426,0.03514604725295848,0.01407108209455756,0.0061199656279002585,-0.0532318130991916,-0.05340893519523058,-0.040290116162566995,0.041848533075330235,-0.008374935989215836,-0.029683072095399693,0.019799533948249907,0.07375270460430419,0.03191599736504462,-0.007194704221095745,-0.0545124240613862,-0.005613460534558812,-0.004385341482967587,-0.05199311036647764,-0.020957814222098525,0.003753517951932289
599,-0.014780011402977612,0.03800673450374719,-0.004948903071015634,-0.007599422693939697,0.05017417099336894,0.04528665007732243,-0.03528258231853946,-0.029664136591197376,0.030348970822061543,0.035958519491273176,-0.017473514189446045,-0.03880337477930659,-0.009184969251922515,0.017158459240573805,0.00033421182424670247,-0.03592467207410699,-0.009433586845924222,-0.008370497674688443,0.019923697025821932,0.018113309495003796
600,0.05496124554411128,-0.12106144294271794,0.0734361151341079,-0.0007712049158079887,-0.01801923352557453,0.08221259222788303,0.01418241240082792,-0.0007476458287755227,-0.058703540950294786,-0.012725653967670421,-0.042562505029840776,-0.07781286532346789,-0.047371683506507195,0.07369153412325624,-0.04514889373688813,-0.06819629597589837,-0.060117681640724605,-0.006189968288053394,0.025362247717483802,-0.0576422335317693
601,-0.03271704762401684,-0.0011596973800483965,-0.0354311136122331,0.014704604842904156,0.01570631398809726,-0.03558679985479354,0.024713342297072484,0.023667828645376015,-0.03182648490022162,-0.013980340953501503,0.04641474572669093,0.05505320592295651,-0.047844344394552665,0.052450282522915385,0.040161717675541185,0.03345275185706345,-0.008756034113979773,-0.005259548356845278,-0.0016499018223680355,0.008805602117006263
602,-0.051802292076394404,0.011028022845929146,0.054738617002806564,0.10503771579190734,0.026339782392753936,0.009998503905147083,-0.014729314682092291,-0.033466837736597914,-0.09976362011682745,0.031048859646626178,0.016336874210428905,0.08404287305130233,-0.046134533533756635,-0.013865010044416263,-0.011405645650823974,0.012470879587132116,0.10070171380973529,-0.025799975567804924,0.013277393524183449,0.0049950884105035235
603,0.04895081053608354,-0.024292484353399944,-0.013306196769983996,-0.006392229505903226,0.05885759523719638,0.06554227193843515,-0.06457903871184187,0.07226084947989354,0.05928242313457548,-0.07608128755355473,-0.05849572818303544,0.007873831588237989,0.018369486925434737,-0.014869647963591038,-0.0009013933369201733,0.027302700270040458,0.021415981441527957,0.012108804238626593,0.0321143025655345,-0.016486454137862743
604,-0.023164860019721425,-0.049655260572176514,0.01851461657336549,-0.04262646315174836,-0.034418697170039134,-0.003604767273253152,0.008701519061140247,0.11721091046454223,0.006650725519111197,0.060258616938047786,-0.031734011234798576,-0.016528375989919596,0.00013497163904034446,0.012579424209760924,0.055460540521883296,-0.01525474438002861,-0.006633006578723399,0.0605004758468078,-0.04132605630181139,0.07292268722160766
605,0.05957666488153408,0.002764018587767736,-0.006085818048807099,0.058890977006876545,0.006005606382018116,-0.028467938790314288,0.026963895122263683,0.02831254653668976,-0.03817817776672652,-0.02507546481797634,-0.0894824196472334,0.051984214771218194,0.04276149992439308,0.0075517294001631345,0.01156653748524101,0.028242590191431428,0.015685791789258916,-0.054809595997359524,-0.06033660593026375,-0.08533297371963554
606,0.0032785311894266544,0.011520658753262468,-0.04149827541892605,-0.006051551263928749,0.026089320218607548,-0.0276737105589878,0.06569173415175349,0.019983195762260354,-0.036283034112213425,0.011859121252579688,0.041170160508890455,-0.060857706730428056,0.029158498688998863,0.02661679954388887,-0.009391593391254203,-0.02716754040150036,-0.01555815074660595,0.07831272657272832,-0.05301921914997992,0.04468471796229338
607,0.02070193952027517,-0.027313897443411134,0.03815395146361895,0.047309783608678976,0.02932802111662065,0.009563638369385764,0.040160931755773024,-0.03641144906050105,0.0007290761782835,-0.044849361144017726,0.027153847318361905,-0.045942390940193326,0.03448731864973662,-0.058444863533491355,-0.021743281988642272,0.015447321252179885,0.010513282039005487,0.032213522278786925,0.020797817435514353,0.0036559321639167593
608,-0.013123117760039512,-0.01766197042293996,0.007221760183141524,0.0066361435636764195,-0.05739354087982475,0.05595238743867549,-0.03793981347555555,0.046683000912069714,0.020366048228993492,0.0005685147039549452,0.04431845341601051,-0.027342415550773703,0.04283642093359549,0.007631926642850008,0.09853935661764833,-0.007234026300994655,0.008498389892391704,0.023389593550065927,0.02917646021182521,-0.009187268762301424
609,-0.026836254255859542,0.03602102185111199,0.14867833972857764,-0.0056718211900840445,0.02812159570848977,0.02067039928259836,-0.06877087267888246,-0.029571819326735797,0.008008228730112907,0.0397036611990856,0.020774921678820862,0.03825172393983352,-0.0433675200971468,0.0202749156663222,0.04640503167455732,0.031524236237818595,-0.08062224548799328,-0.016199967796384437,-0.032897957727069264,0.027288185370197362
610,0.03897183066176993,-0.023761412166567863,0.011099966522936253,0.02147680924512119,-0.05118284608016106,0.008446919800645082,-0.025920791723000335,-0.04826388415179315,-0.030400215619604216,0.04975844382829782,-0.03758843250488235,0.02411011502598554,0.060390054024103586,-0.03652335387994527,-0.034420126959382534,-0.07502974833184957,-0.023436485114509697,0.05066661404953075,0.0038549471229859093,0.10204756068612558
611,0.05400624339455581,0.055686258966023035,0.07001874443034976,-0.06806202181931112,0.02920718642274882,-0.031879721355414906,-0.054749400629964244,0.007522873582340323,-0.0013266468428303035,0.04559143419592485,0.07413633076496819,0.01160412457347045,-0.06695036138647195,0.01093267470091666,0.04633166007764939,-0.001134001668086445,0.07124912265299761,-0.0034579596141738555,0.0025141549781235676,0.04756565018421917
612,-0.005211739269579678,-0.0033239831163385494,0.09613381416350929,-0.03860676631835108,0.02203115260194084,0.02025727418616257,-0.02014876482751522,-0.01045298503037171,0.02086001823313082,-0.028924541914952837,-0.022223618176143895,0.03818307542587326,-0.047576945229556536,-0.03382839592709571,-0.03487047729641299,0.11435865306376214,0.010678767819189774,-0.020334515688930705,-0.03326316195130926,-0.05502022171787041
613,0.02976586573587627,-0.006683520107260985,0.007599615000754339,0.05451369469366744,-0.040273346095786824,0.007333938829217432,-0.01705000357025222,-0.09998258359475164,0.03565018254591593,-0.03078941792584553,-0.05285138627768985,-0.0067068589885949745,0.058847190321123816,-0.04166219278142831,0.03665868174012585,-0.04956403311686977,-0.030823601794463043,-0.05442381675558934,-0.006864603084690533,-0.10060224158202585
614,-0.04966127399016155,0.016891801999431272,0.02226793667374901,0.023109688890321594,-0.0016306177427972848,-0.03586172912321959,0.0133406430655353,-0.0762617393457426,-0.02410830875195363,-0.006948482469289697,0.07890134505590202,0.056034272018597245,-0.025488197901882007,-0.03657235598417147,0.13301834513292768,-0.01678355301162372,0.035101474112765416,-0.008521421419110753,0.009321551815031767,0.05817817399666816
615,-0.07671231384701364,0.10383530111424925,0.033971799325153734,0.05118205587127524,-0.026355380265392803,-0.055981537151215684,0.062492683322651205,0.038527667483272764,-0.013537808693535401,-0.022458274468043094,0.021573162449964194,0.0028640436014543856,0.04679390333291142,0.03681983267271026,0.022832884529446575,0.04817875838155411,-0.0505416154849683,-0.056764257771090176,-0.06920488719545664,0.0013078192319636794
616,0.03133566643339682,0.04227283495276865,-0.030460391746348472,0.02537542228777507,-0.029479629223547202,0.01276188056026277,-0.10253002017821644,0.01225061419099245,-0.020256170727953292,0.006987772553542247,0.023964073193330337,-0.08390806083595502,-0.002069837390161787,0.06012868887455647,-0.04919209593667802,-0.028998660476515687,0.036278329375564085,0.03446186567634771,-0.019423710021166128,-0.025129174248327595
617,-0.0170546089274759,0.030616581416358837,-0.053915525063784144,0.02255243894677319,0.0001951568653625412,0.07365147566230487,-0.03398097435639565,-0.05444057472533088,-0.024533306767188977,0.09329254156429033,-0.017589588686928174,-0.011584476209822666,-0.0030568998960791988,-0.013998730357788654,0.03793585974987833,0.034896748655484075,-0.048791808512684075,-0.10861900471287758,-0.008699620828750254,-0.020458314692441422
618,0.012055230267472801,-0.06741820611115582,-0.056566278182634426,0.004909766646612787,0.03757374451149298,-0.033705211472250474,-0.04724236459519459,0.05842637108915221,0.057665862879573065,-0.02474231779876798,-0.042103733086673846,-0.03307583620567129,-0.06046312248283954,-0.05817848565424165,0.04346571116268069,-0.014223169723939366,0.009247296996507075,-0.011636404112681088,-0.028712139615546667,0.05930821321922888
619,0.03712722353619797,-0.006565512934343519,0.04465921104656702,-0.08733650248911974,-0.09355330677445184,0.0031136766137992455,-0.009510983723047914,-0.0707884006807218,-0.028721082000485815,0.0018037090162183402,0.008891807344876063,-0.05294980926629498,0.03963122415383007,0.03522788672389152,-0.008638587618213078,0.029094351701706975,-0.13839464794339484,0.018625341681370537,-0.004339414769295742,-0.02480724603355429
620,0.0011381691502387512,-0.02792137249636811,-0.03714599903145865,0.019116635485130512,0.07290149477423843,0.024932799398187842,-0.021672791876074488,-0.019110872674891522,-0.006602634171014762,-0.0033976004301866174,-0.0283604720009523,0.005530007618139987,0.026343918256153936,0.00621695717287392,-0.029843002514516742,0.08398171714711722,-0.06345483566197532,0.03348531293508464,0.00831625484690866,-0.04231596071725992
621,0.0507333747746092,-0.010643813589974772,0.01160485215320386,0.03316121261922028,0.03941243657515785,0.017878736525634074,-0.05153835495392637,-0.04497962873279051,-0.0070246300983683495,-0.11376910537104663,-0.034974774650472495,0.022290943322543777,-0.05158790351136121,-0.040596955225232365,-0.05422602373242103,-0.03709744159463169,0.06558333077840459,-0.0429868317178033,-0.006891030935981956,0.07651888397038367
622,-0.0857395288184963,0.025774409634162394,0.0570493970112632,-0.017126226031941177,-0.01077591998602375,0.0076105599442784335,0.0359098780631756,0.014187372613609268,-0.007575371288588185,0.022489976238850556,-0.023673917374910897,-0.038356493820522475,0.025094050315961663,-0.025602422503520773,0.03932150098207839,0.041768313318780205,-0.036501408414249585,-0.04943955862019452,-0.006682173489633988,0.0010845476632850445
623,0.01051988786607421,-0.029383250615877807,-0.027277419162681223,-0.010599134164868814,0.05647229137392809,0.016158438927346513,-0.047402330087635856,-0.01223330005511502,0.04455403456231125,0.03194035239071822,0.03664042865277056,0.0003704031589642999,-0.0034400122535370955,-0.03372960749613615,-0.01677334533697769,0.026295009944997456,0.051333062421656285,0.031235364450142633,-0.03917184335559985,0.02924494213781756
624,-0.04564728351834438,0.03687016726128658,0.04367021186903146,-0.052860470851274,0.04638894940560752,-0.018724697581736036,-0.017702673092176203,-0.05918897514134002,-0.030126197769068254,-0.00022525667030391671,-0.05544428418145074,0.09333785568181518,-0.015503360787464872,0.018057496426551238,-0.03132399248826503,0.04922321871846797,0.042962123742767526,0.008450140739452345,-0.001730485634514764,-0.03223981961026664
625,-0.004138883449156779,-0.03259384171099337,-0.03874269074018228,0.04080543785608556,0.04589799804796358,-0.03983014389407118,-0.004544925709907465,0.01045504548780282,-0.02149139431011097,0.057066513104682706,-0.015645391775654018,0.06977510039764057,-0.056315776449591515,-0.015697703062169357,-0.038794847604235676,0.033904585445891734,0.01141644213632785,0.0030566848683790107,0.02758913064907185,-0.05860676827116302
626,-0.051677746812060395,-0.01778601765549705,-0.029364015603668296,0.03306051986940167,0.08382462641587142,0.023899566331908383,0.009823337661889217,0.017684940001001,-0.012485108885174729,-0.01091332977365375,0.03033771863274086,0.021038761714404584,-0.039899917645794473,-0.011685055476448871,0.028207083180742373,-0.07468606282505373,-0.10831297888398901,-0.035885499840770184,-0.00273446604827705,0.006926053362373415
627,0.03275161836585167,0.03875136589011224,0.08329922666378611,-0.03506431901232269,0.04130312327758724,-0.05985663350383526,-0.06657473181193874,0.009051269174370503,-0.02022992569183835,0.013852602853642931,-0.07100300998862115,4.450387486181696e-05,-0.10337968060338429,0.029266111335432495,-0.05079428097910982,-0.0016332205259662728,-0.018045783367720704,-0.0707366900839615,-0.03203341208355035,-0.03394651290775928
628,-0.010917395459038928,0.028599769994386435,0.046873883553109716,-0.0633567920708914,-0.031136110342595644,-0.025121040159733887,0.018037896492455883,-0.05094256346192739,0.041780093579591,-0.061609570146396515,-0.0626535567172124,-0.04117157177227516,0.014317837224091568,0.042596715870140585,-0.03663311959568989,-0.04240282415846394,-0.03650567473705006,-0.025137780028926422,0.04287031021674465,-0.020611563623803644
629,-0.05982896674626973,-0.04253359723129096,-0.05511951714621885,0.07672925434707625,-0.03495361891056919,-0.011241819213718992,-0.040044625723773604,-0.0009744926457479112,0.012052771776948534,0.05282630635011298,0.014195996757983493,0.011341584674635528,-0.007320928078821203,0.02055271505095546,-0.05805016555138265,0.023903099028865865,-0.03143593211495494,0.016370679836120776,0.015507835565739312,-0.009430414640562993
630,0.06477821765868615,0.11207330449259441,0.021177315832901406,0.02074440823927257,-0.024002182446112682,-0.015991063391320663,-0.0634899042146458,-0.0770723854817989,0.06528222981321476,-0.000439162321137697,-0.06089102072348164,-0.03796928701243787,0.07237662950687761,0.02301017756111794,-0.06891961153907457,-0.022040234169630694,0.009291464269177298,0.030272898487582824,0.04617395305191305,-0.006538848301380533
631,-0.04802825252723764,-0.060090202838845204,-0.02452463203219238,0.015383577419715494,-0.04606475130191128,0.03761058223474885,-0.028424253408163236,-0.04795441227203789,0.02420928838587638,-0.008989180969931069,-0.018650101913408695,0.045597454355171874,-0.03004426011764486,0.10679374496782665,0.01409395900578157,-0.0029593051333930333,0.07908968415183733,-0.012800535039889696,-0.046635522300039076,0.0553018691393885
632,0.03609327245398137,-0.015447821581634836,0.03277081064035902,-0.057075596896382426,-0.0821953640417825,-0.05783310484496329,0.019011071618727005,0.0064507460785634,0.06770827447960462,0.047754540150822214,-0.04759413551624427,-0.08802714279178502,0.010364356566639015,-0.0529768041393685,0.039988098053574915,-0.012093750626686718,0.015691796830900398,-0.054075136429587854,0.055186461648710175,0.04008119467783158
633,0.008731934418612405,0.032116444970464994,-0.018721499779835303,-0.043624634995447914,0.047415918596997675,-0.04230575297635947,-0.005026190035655857,-0.0581555341531189,-0.0015517519819085838,0.0068332165667990535,-0.0626030130502754,-0.016889812901670475,0.0004227117800941981,-0.01935664979576867,-0.05030494590011948,0.04874076769687892,-0.02627126317240609,-0.02476479806115175,0.007043815736010293,-0.04497438387889323
634,-0.0632290160383273,0.0017121519527148552,-0.007291292823552826,0.014030608078282865,0.031354991465154906,0.03170527240363842,-0.05929674176261723,-0.14025218842195925,0.04287228795060759,-0.05333940329780853,0.06313294131922807,0.0331061169152586,0.042411174765238445,0.046149287758657294,-0.03204692626307857,-0.03158408221984864,0.031612167491048844,-0.007314489758841332,0.013228300690567206,0.056080937445536716
635,0.037845041161430296,-0.03220581426345492,0.005834878715100184,-0.03283354049901703,-0.034150281339510896,-0.004369088244716582,-0.059750195316229306,-0.0016977725706692395,-0.03994020821259397,-0.0634900166871595,-0.008302955650927204,0.02131170869089871,-0.01275872713903784,-1.7076992015990272e-05,0.026081610179120893,0.0527063231613792,0.026992334175612837,0.0193997628309015,-0.0005166833101957256,-0.0049837056965005766
636,-0.02277555242727836,-0.030798461372858153,0.029468183887055063,-0.05453355022302287,0.13020858387530967,0.02257703140342954,0.07043820389558547,-0.01970756517417023,-0.003594995952989773,-0.052905357017444844,0.015102047929525148,-0.0058427311740351685,-0.013111133939101483,-0.030481056245024996,-0.06711603269178722,0.001877775751467057,0.023798203108715506,-0.022359152382684478,-0.057887333056179574,0.01010499896010457
637,-0.0379186794318865,-0.03938270969452647,0.017352762896495122,0.0774742970835413,-0.01973085755123664,-0.07363929141864897,0.043216137666002546,-0.02580395222151662,0.02660334903595411,0.028027989674911484,0.015518726580182643,-0.007478258396279042,-0.01762289437702703,0.07355157991311034,0.04416176476061723,0.04230431664896127,0.01783055746424108,0.08249460297294706,0.03020210915400209,-0.006243679228379615
638,0.009301139655637275,-0.014043931720656171,0.03822979181248262,0.03613174344925346,-0.02739473075611799,-0.004622376966406535,0.036738142253770666,0.008358914452673298,0.0041608101188232325,-0.03450746508154047,-0.035058029664017776,0.005434279708026596,-0.0007619339672269595,-0.024799199393504036,-0.052018607791235044,0.06551089857873944,0.060521721189896266,0.01964631874703283,-0.006652111363901737,0.019980811240299712
639,-0.039355633409913604,0.012421314643011314,-0.043077502739889494,-0.061094084299248515,-0.009479641922226268,0.011004491473165538,0.011781974760370345,0.05647342754659063,-0.059816695892688385,0.020044176670825982,-0.019046934733573363,0.04947685220483803,-0.00732229155354651,-0.03615783327248105,0.010879466260190675,0.015500710058189652,-0.002834546482055231,-0.022711783974662357,0.0645979563855707,-0.005450888036030702
640,0.0651166745716995,0.01885645967780117,0.03157644866088248,0.0603626092462847,0.015615592728067172,0.048817731693437665,0.040674786857082285,-0.008464238138080527,-0.09822534190964455,0.07092109765990716,-0.008630130144200157,0.08884141501372216,-0.011625635338658447,-0.007354849110503868,0.03984830155529801,0.04293772658761803,-0.04110935690249123,0.017484539576948753,-0.03315993248995302,0.025686689431182293
641,-0.09221055392173037,0.0051479572710961706,-0.043589215875408746,0.03350260529855937,0.034388420727896135,0.029684857267074025,-0.025662784582830427,-0.04123904030867868,0.01922694983076826,0.014278775668470222,0.08990614572285141,0.055397864477761294,-0.04126098846919332,-0.025523546365873867,0.01167201293120608,-0.0018524626774515732,-0.04561874219213,0.015026209039484482,-0.013213800831481447,0.007604544065897843
642,0.07662502919223402,0.03611340893744542,0.010619251675740252,0.004544736429695684,-0.06325622610028893,0.02074043327082733,0.049037958015316935,0.027873530577162537,0.019252063167600194,0.08111883584662133,0.024377615390708877,-0.013812150993753347,0.021183744143126366,-0.0007776408575365538,-0.009885119296188231,-0.002240964240081232,-0.0004872231279841177,-0.034541579422745584,-0.005528609321378926,0.011637112512519884
643,-0.04834888273859806,0.033639177604227896,-0.03753433499175649,-0.06344707351403078,-0.02153652633827377,0.07802080046535094,-0.00472601085762324,0.03438101988037061,0.005939854496727606,-0.05328211118116402,-0.01691723905523709,-0.01595851806738438,-0.07553208924371138,-0.0116212885895654,-0.03458465398895078,0.049454066802170155,-0.07353351595998947,-0.02323119857972975,-0.04635692725505291,0.05648304521329847
644,-0.020695808576154835,0.04627441035342804,-0.05835759806965722,-0.05190653917584633,-0.08335772321853435,-0.008997243861921671,0.012080312040479557,-0.07659726297611566,-0.018646238294488887,-0.033004545497259334,-3.338284228534527e-05,-0.017737506062826574,0.006894168643111583,0.017875141846775053,-0.010776263055025988,0.008317488073783736,-0.066342075377256,0.03799953373474911,0.15182851365664785,0.057848222898984045
645,0.02555489166754301,-0.04395894640492303,-0.03955885572357291,0.004310860771251041,0.02720113441260088,-0.05302907825005588,-0.018330675886107577,0.028366663507711682,0.01356389400252664,0.00030776109909530996,0.045566626334533615,-0.010509969226686478,0.06021632187957209,-0.040857691793993636,0.020818784485235987,0.041303029680840965,-0.01917123556624614,0.011997816094165064,-0.027327263478079487,-0.04346916991158522
646,0.06835237792493157,-0.07663685947733558,0.029687921966722163,0.023411618423388805,-0.042515255950402744,-0.009790033182497297,-0.0036165373367693975,0.016456337413386507,-0.008204568923048215,-0.016014415471508326,-0.007456338858375764,-0.006585875675809889,0.044169252565127534,-0.021968971193230158,0.0002519500820848516,-0.025087827572510484,0.04262494520513104,0.004968025750345522,0.031609768183744974,-0.03060092703769958
647,0.007536545330007984,-0.01321439117365897,0.02007889262540667,-0.018169649990574882,0.06529978836322192,-0.0022366665249076265,-0.031968264351618425,0.0033219029685235607,0.04700723370928074,0.09777199731651054,0.03818551714412146,-0.008692220791832633,0.011162119041226206,-0.04065313834546728,-0.06410263234661309,0.0015585323344312729,0.030564339163261716,-0.025987140216846838,0.03180060294330795,0.04519813359252716
648,-0.0123344992009907,0.06712182433941173,-0.009409996622392199,0.03690325034675287,-0.021501290615481408,-0.046289443829352704,0.03467099617889338,0.11109112979019718,-0.01947579305527456,-0.021030841615867265,-0.07149570397268386,-0.01856256121171708,-0.047223316746943564,-0.011531090584672226,-0.09469324099053127,0.04104463594193806,-0.0394500506413446,0.06400329749135812,0.020976032063430766,-0.08363531828087571
649,-0.04438152670657836,0.08367883574701217,-0.08231728602021296,-0.08182576729573393,-0.039048146610430164,-0.06644974154819043,-0.02238248798972473,0.013885362974140834,0.03510111706173173,0.054647822030807494,0.023716980128266875,-0.026803154397188982,-0.00528163859015242,0.014306066625843324,-0.014993496760546777,-0.05308710289609096,-0.028239124701912248,0.026163624656490466,0.08973623974237373,-0.015167396855450701
650,-0.003738623409745968,0.0010769359258001943,-0.03867569419881428,0.01729443176305919,-0.06277489921016012,0.004028285495694686,0.013266158607623993,-0.019025739302162125,0.07495837653075187,0.007905466734797717,0.03234429670709614,0.02127614493018792,-0.0580826353719048,-0.00442792319025084,-0.007885245710070633,-0.002942427905495606,0.010395575901145718,0.002604302184093108,0.0019877477451885252,-0.036952813915204476
651,0.013811895642535535,-0.023860725202901563,-0.03142659957040246,-0.02357246531704424,0.014743702341876892,0.02237212367339287,0.027921519702286384,-0.057973290057926063,-0.026970154293144425,-0.05631253658661167,-0.026959325261076094,-0.05810858819473963,0.03760294580653584,0.002881371477340917,0.002916496100651392,0.0423328173239482,-0.0069202717992573005,-0.020529515775620746,0.051595780354789664,0.012662652476367327
652,-0.003390723203577228,-0.013213451743613798,0.021273200171752864,0.01160492393526396,-0.045754555748621854,0.006971354232333702,0.04477740561124178,0.03909878618216851,-0.1050160660935768,0.04722644298608455,-0.005148893202546932,-0.027430712532250292,-0.030749729362032168,-0.0312451724849577,0.012384609637352084,0.019279222965761678,0.03178441564185796,0.09326275449863519,0.021554982397137705,-0.008086572089602544
653,-0.05399798059342716,0.023911492798032362,-0.025288731298021217,-0.019801651993368804,0.06835736010601151,0.08120724237404381,0.024920020563029714,-0.006176622753024108,-0.08176972678452986,-0.020987444272323547,0.007340994893375086,-0.0731895967540398,-0.05215056064769086,-0.052842581132156494,0.014579520405473117,0.06902822638584889,0.0009938505981670384,0.018631590924047127,-0.016684469505547028,-0.021757903257680938
654,0.06403933077054531,-0.03746037491504585,0.04786119861907561,0.019563315694944655,0.06646692807550908,-0.04652440469987435,-0.012090466622881102,0.009043640516367605,0.004968577619444431,-0.03707331399482043,0.04014412471368514,0.03046534944302756,-0.0923113485155043,0.05198937190829008,-0.01653838213370906,0.0224437730073187,0.015310178511743062,0.06515145397571548,0.019618355406981886,0.04953226761705548
655,0.0825890550850715,-0.0024933480957276964,0.08902153322048777,-0.07119757607911281,-0.07706340117563723,0.01262474109151772,-0.04837270549351066,0.012738848622020772,-0.011896435611006381,-0.02077045512310246,0.0677040692381381,-0.05896005111455086,0.02664739570887789,-0.04675414005866553,-0.05379107126285291,-0.09017971346654738,0.0006742702426427122,0.014468087654492054,0.024459263549812284,0.026336360240162237
656,0.006882161365909563,-0.03098309560464767,0.011508391762586853,0.04440269144230483,-0.019564632083358603,-0.06314840638320648,-0.05015794505564731,0.007712126911642636,0.04180609999971823,-0.05439072447319191,-0.08972469978792161,0.005096771284069987,-0.05456068254589949,-0.020944399431233746,0.005659197155713246,-0.061200176616961754,0.045424358579870955,-0.13070317744458612,0.0018290816368524427,0.028615802315728706
657,-0.019363162839767994,0.014788220596246094,0.03148508516430829,-0.03334109292827191,-0.0510269884456403,0.038512468598343445,0.010046322788820087,-0.01634526531893808,-0.06653727344704055,-0.013551763523306762,0.020322889252145208,0.011345805166242996,0.034503656101916795,0.03490858665408047,0.003009748914325311,0.027872146161394492,0.030682720171988247,0.07431622951968937,-0.08474116979699203,0.046739299115583485
658,0.03423460070026765,-0.09882364867580716,-0.05994455120969395,-0.009812553799618944,0.02424761673334143,0.040607681733149575,0.026406565111625348,0.025629562034904525,-0.07356037399713354,-0.050762840164997394,0.11502460375859275,-0.0307851379329348,-0.023438928665401315,-0.020097865377846708,-0.06271067907620333,0.0656414825197416,0.043560044278796006,-0.026315864026301383,-0.05918516254157467,-0.047298086758889586
659,0.11550305823995713,0.0350461639753336,0.03394446410305715,0.03027278756539818,0.0111726650706212,0.09373198093408931,-0.08112336810670481,0.017563860204698307,0.05029790485714665,0.04642383303234693,0.04105211158336835,-0.031993318635908305,0.09842691830949175,-0.011430016474527226,-0.06461388663439141,-0.008237034488447514,0.09204574686705577,0.013661784061232073,-0.027067911791666326,-0.014097433029348889
660,0.08555970515760247,0.009348401870262554,0.015693155800132776,-0.015290335990900756,0.026385820017155583,-0.06320684238422021,-0.01147699381501604,0.02704644581516396,-0.05231097626861202,-0.014437201439865365,-0.13418498098856235,-0.06506780951291073,0.06686863645645374,-0.025021006326072844,-0.042076388439574605,-0.11298895519778311,-0.04215585780888249,0.02688288955236067,0.029129938708371907,-0.031944451097646584
661,0.006023493329742753,-0.02560645936919696,-0.05002583986069816,-0.03219995785842721,-0.0033508544769971665,-0.006897996224454851,0.08946301309476631,0.043422333035145436,-0.028843822844659823,0.056049032147815425,-0.017121543436260853,-0.06525502219448454,0.08201522572950672,-0.02797657290956808,0.024826584832248345,0.07504528083015503,-0.042688439473449656,0.04427339307410973,-0.025734697881865647,0.03057256800792091
662,-0.04998662919103419,0.030947737248008776,-0.014075385933496793,0.00913983375000125,0.028268417533280913,-0.012882188705662932,0.011758452639716503,-0.021959535942156334,-0.03085311359579962,0.06154341466892619,-0.03622606279036866,0.032274784623586315,0.03904701980993365,0.07242249151837094,-0.0006475043099051838,-0.02722337943347254,0.06812708526112113,-0.054690361247657034,0.044598327774040304,0.007192590203103274
663,-0.04088026987698109,0.10031908825211788,0.038063725097989866,-0.038464965651052584,-0.04386485883589334,0.0622751891834782,-0.004920406256883544,-0.0017961392649384472,0.004771672546687167,-0.0860213475337908,0.015015149477982727,-0.027353723821201124,-0.01615533957586016,0.007964040273388836,0.03428057704256247,0.00937342551242763,0.03829601155222348,0.029165028588542093,0.0043493168888860114,-0.006079084986031871
664,0.01751736180817597,0.062385162689014874,0.0032462738121037905,-0.055464401363355065,0.012562550334389347,0.03956540410496991,0.07528016221244663,0.043560825333777274,-0.019796248693605363,0.06721184801499629,0.08157770592748238,-0.027753374379072184,-0.1549722569193546,-0.017084948027897437,-0.018112654963428735,-0.044967226065793515,0.015950396985424737,0.0030446252836239004,0.04615860129757376,0.07063330772583133
665,-0.025081522160093128,0.020761688637825036,0.040372421318968815,0.04827638147015153,-0.06808025391327277,0.00394365275546603,0.003155023370322052,-0.03680669682346243,-0.053095812225068886,0.032570769057632495,-0.034049563757396796,0.05912589949475349,0.005652968369705738,-0.017527147427748035,-0.005918079330111539,0.010532592438926715,-0.009422060316325845,-0.07847884606863618,0.020346712901621176,0.013055439584721582
666,-0.060091588175528864,0.009677145322399,-0.07087820479787939,-0.1266817440952536,0.040008380591400265,0.002521327346165691,0.019312923947707734,0.09528791496069128,-0.07360787144024741,-0.07664045082378326,-0.005225221008230542,0.002764255509821992,-0.014434481985855738,-0.0019671002010506716,-0.07273315699914015,0.04185473288388018,0.024888553446286807,0.016703830665616825,-0.06898481646266878,0.07222318351373216
667,0.006968826956845675,-0.05965206255583801,-0.0397494321054202,-0.05638007061334329,-0.03224062435567229,-0.018478879077961086,-0.02613215492136355,-0.017491673510877236,-0.010079530411207656,-0.015665172088845082,0.03230527403512839,0.0403638351946799,-0.04645204904711485,0.009237228890084362,-0.055424567868683376,0.0023155281346790403,0.026512961836794708,-0.07282183000349329,0.014094404308393671,0.06190856788916653
668,-0.0036076418462565045,-0.057136232196477045,-0.030049731217475992,-0.04899626264159149,-0.014641202731637624,-0.051039375725539265,-0.020142802384503205,-0.005424518506942393,0.03033799262593213,-0.03175923171837981,0.10367418578860572,0.03239811209952509,0.02030280959978645,0.05196454549559017,-0.03024885815107846,-0.026496658036741078,0.03433089666699344,-0.05113633249893865,0.03715832417541669,0.0024669917397019676
669,0.016880936788783055,0.027378827741602288,-0.07687082503316928,0.031223751844002133,-0.04212877950337691,-0.04716600708541897,-0.07226859313618655,-0.01640252364706688,-0.040741752376327316,-0.009357406080031367,-0.016132722819432753,0.002308417240926021,-0.035168171268948924,0.03459478482097296,0.040888423641984736,-0.009751189898111266,0.03660546910476306,-0.08731270522055258,0.03681399814645395,0.01311997140539073
670,-0.00728983377335066,-0.03403141444586597,-0.10332822324081185,0.023790404592948972,0.07263511157812201,0.041096997543359895,0.022824262086530888,-0.010878113652108015,-0.016333048206471266,0.02448269546399335,0.07629928977470847,0.03665839776431439,0.05509073387471441,-0.04430922121729604,0.019981937667788104,0.03203399035651209,-0.027438656131127646,0.027264251440826583,0.018125060171653357,0.03206555138423294
671,-0.01947245940302531,-0.005391150454586354,-0.023523136195684014,-0.05502306215108689,0.002012305204849055,0.028349746841249263,-0.027303381596676918,0.04451223943092757,-0.006324210996022928,-0.07503655956804292,-0.02890633526442823,0.011659346328877978,0.04173617382219109,0.0032466898910381457,0.01473801822820236,0.013685505709782803,-0.0051341264903776804,-0.002201312876043394,-0.018494748448921936,-0.048451172873421114
672,0.004575106719774291,-0.020502103437232508,0.0006275755970662747,-0.050320786698997894,-0.035000785632003505,-0.07604230016214045,0.06327260732452306,0.02249599551973064,0.017488885250469682,0.04788045873434088,0.0908372051433526,-0.013137112295723608,-0.007455538588394778,-0.008052916938090023,-0.010828889973580376,-0.07223035687480177,-0.018062304493060313,-0.022375199378438747,-0.0005456396002301281,-0.02381323257598371
673,0.02807057016651057,-0.04064769071784337,-0.023058077206577345,-0.0681655131550533,-0.05696613679097885,-0.02626339707558179,-0.019313916755449502,-0.042446628242022305,0.04064397582621429,-0.013923896636064815,-0.014145573112579269,0.03337983547138554,-0.042405309894557715,0.009624415172694844,-0.04115973646914054,0.04726337488960231,-0.0044431785481762265,-0.025950419896260166,0.09905897570001432,0.0205593618736909
674,-0.05909184215411942,0.0467044427204259,-0.00630461962031248,-0.12098235515923918,0.051144920860430786,-0.0056072259714962875,-0.010397246575179387,0.05046632868464784,0.051830295346529685,0.012169960951727895,-0.072948197061143,-0.042980660467148324,-0.003812446460782609,0.05743584613101583,0.013407629251756693,-0.009807387419548345,0.019084100197125736,0.06252579701036305,-0.1308044494253134,-0.009871259441921446
675,-0.05481610121775844,-0.029500229040608096,0.001137275129644732,0.07241608938992393,0.04631947148910747,0.030222483458295816,-0.06884626348578639,-0.01397298652444403,0.02406150933842098,0.065161651834264,-0.07838951495064948,0.023537118508359975,-0.052818170173176665,0.03074254427723188,-0.0177662252465378,-0.03832252190231578,0.026678213077345383,-0.07033211918051341,0.08540808810275763,-0.03374700041077317
676,0.05663899423213995,0.05334951624459727,-0.014232897656950592,-0.0407291018330785,0.013935776807429003,0.06364291717059348,-0.053346881419776754,-0.023906343199863157,0.005651723220738656,0.0388478320712196,-0.00317437006789033,0.042957072666319825,0.07904970751279033,-0.02433637207488475,0.015730891621588486,0.03704862026419621,0.04618822457341837,0.058986309777461596,-0.046278297699668756,-0.027373336592476136
677,-0.024865024639616557,0.11118069310671559,-0.05796151618546305,0.004486058191377111,-0.0037966751703568274,-0.07858738996773076,-0.029059914394993117,-0.06554794184905846,0.06712811091080344,0.015433227327513026,-0.009892112014668537,0.034973842868060843,0.0018616626467351394,0.015865952934662534,0.03203698651237461,0.015458047936126849,-0.015161694686245487,-0.03383000932158108,0.025200158318102937,0.055451244129514424
678,0.06061432212997968,0.061479202281324655,-0.10360715967682903,0.04735624378001506,-0.007410560312268785,0.00842132737997337,0.03996603011910405,0.08396595286548476,0.014381977257515539,0.0023951366484566278,0.0855983659175729,-0.07085315384097313,0.054712665053802234,0.053909880409865746,0.10585640055497708,-0.06990554236399749,-0.013756419913212874,-0.06741220597118143,0.006577197821017743,-0.04465763944479983
679,-0.043078486623791164,0.022988993993728217,0.05798515874337909,0.02296994873153129,0.013636794116542748,-0.0024144861851977204,0.02194385078261367,0.11785272859370699,0.040325864176428326,0.01550279039595523,-0.052635439020653166,0.03141757055185183,-0.002721323714733092,0.019616420778726235,0.03387840681957863,-0.02344792007409531,-0.028031482294880592,-0.016678372611725365,-0.06043269608652373,0.037446007946897064
680,-0.019381618506701146,0.002242975092847993,0.13478388072027192,0.028274771242494726,0.023692774883239977,-0.07346600616905291,0.005516010230246411,-0.02780460862384168,-0.04784290401112,0.0021020836534601972,0.061915605537351266,0.0022147799135969837,-0.008442746743081752,0.06797958003340898,0.013656359261888833,-0.009209755405565493,-0.10411433264387666,-0.015415992101901288,-0.012366679929176023,-0.040582057013862714
681,0.039710941681668555,0.02438624507006862,-0.056000752554174006,0.007573840772148201,-0.022638821777139783,0.057297801751263526,-0.07647209400939821,-0.04133095991241117,0.029335219110917847,-0.05584354675435473,0.028732396150603953,0.006510847120062236,-0.006775426251856392,-0.08814951156671452,-0.029356777016818013,0.04269941529015454,0.07960560129642168,-0.05517422022238614,-0.004982501292392585,0.03477559777786396
682,-0.0019647116446822946,-0.002151134422946488,0.0693551956418363,0.02086891589506984,0.005611286510948909,0.00833550270631875,0.031489446311779586,0.02710459913997744,-0.040861743202080844,-0.0032730130741900278,0.018522748510287394,0.04620646144258655,0.009089538418100606,0.07183831980787485,0.036018074330573614,0.010477741667106492,-0.003342608622951143,-0.010142486317668118,0.062070295359525664,-0.014768939677494387
683,0.016707729388252216,0.0018036492913190857,-0.04630417646107117,0.0072763633912483906,-0.004755109543522155,-0.08062587186075236,-0.022457200062322484,0.02074293666079166,0.007763782262239865,0.08417575009862524,0.017228103653736438,0.025231895540880515,0.05120467003640708,0.03823647400073625,-0.0023305250488873308,0.10515432471280048,0.02045557166947055,0.05612491349443761,0.14120266652936656,0.007985440436242906
684,0.04075056620524746,-0.019970754789038366,0.017573610662603028,0.021169319031278968,-0.03423404186938935,-0.02325681245357001,-0.07294646873052242,-0.07026493066477509,0.05507129175683906,-0.005620259355688055,-0.03336227551541714,0.006923731858993888,-0.010410980175274295,0.02721361298096826,0.0393651409605742,0.059455673608421786,-0.05906704767258282,-0.06299295078913422,-0.04727414077004401,0.05230639876234501
685,0.0091209116872244,-0.012234570017021447,0.01121925490707291,0.0014554052216493663,-0.029862798699156264,0.024870235214026887,-0.02709389955518239,-0.0415548015412026,-0.06097457543878366,0.02855920224156996,0.0017661389778646339,0.031945791425148924,-0.026735820647873648,0.03639379247268992,0.037598097241077134,0.02928866154789827,0.04854577014754598,-0.0011745202648324163,0.015470958352014999,0.010335010193226959
686,0.02061106733668559,0.011224587758218817,-0.04906809427145936,-0.021958229441763764,0.03672881394672257,-0.03558007964052749,-0.046399046919187996,-0.04105254147267193,0.002991293402157198,-0.037297172014119216,-0.07124057575246412,0.032894849714664554,0.0015264402572924818,-0.042980581181353325,0.00384895507557443,0.010266350663437738,-0.029109425319114632,0.031145721603987906,-0.026549906415778236,0.01612824547159083
687,0.0314970944767723,0.0018193857480221746,0.0031631200937932186,0.03686732458906477,-0.027593608553596747,0.07285381138053644,0.10580593170770211,0.009147320909352392,-0.0227854020307392,-0.037911875578265676,0.027843510634486087,0.00135919507467892,-0.010853107413152228,0.00746588461839861,-0.1218319932128151,0.005802829812439694,-0.03555882388610257,0.03747147052370499,-0.005223087321573976,0.04361238587543312
688,0.054038453893184644,-0.0630401076326653,0.07490158169089865,0.012413747788743488,-0.020188148696570672,-0.017895938808166142,0.009016469644927305,-0.04283760223649041,-0.03744216439874405,0.00032086814855525174,-0.08837518061260859,0.02360137582075405,-0.03304284747414319,0.028317455099553194,0.003364115739121877,-0.02813179245783766,-0.06443662877110252,0.10948132155081895,-0.05210040599389537,-0.08408259546945217
689,-0.03737386186304199,0.01216424634837504,-0.05197924873093931,-0.03874775235171244,-0.024494150444657078,-0.06322850702219139,0.0005256056885944445,0.0010157893441760863,0.054622222790122216,-0.007234105152835348,0.021155822405856166,0.06497065034301132,0.004502305023743209,0.003904694262196021,0.0041850696704535196,0.04911540696529167,-0.010361554319039913,0.08238933246816026,0.05673989100330108,0.005553532722766788
690,0.03779052735150735,0.023140599074036938,0.009026618849389215,-0.03063950625389583,-0.0021778310262101806,0.03205529157725181,0.08676777095964588,0.04949029979795853,-0.061042595157325644,0.02632373575213181,-0.024544500866318507,0.06116615748101648,0.02229891624398385,0.014455033883097834,-0.06037266785096048,-0.011543104380080412,0.005297671067958132,-0.029574904611897216,-0.0474427183978404,0.027477902534545514
691,0.008129634688752238,-0.027116614311959854,-0.02731707145894471,0.007360016581021447,0.025989490561494764,-0.007142857752756839,0.03891316230106535,-0.04557794349594402,-0.058111875340268994,0.07796559725010525,0.06878306814673468,-0.01795160533776764,-0.040304452561611054,-0.020695186981236607,0.013952282018121175,0.02714329160984222,0.020318602313974806,-0.05322248202552233,-0.00698774526905164,0.04046135384344842
692,-0.01880477409860451,0.0730504831608411,-0.08107814143561633,0.06884020555536068,-0.046472112189806916,0.0633388085385652,-0.0717165591165301,-0.044027107165052766,0.05557936686601275,-0.07803473869032325,-0.03283418264065356,0.05775333681955381,-0.03153994571303442,-0.00840991808565177,0.010921739924791283,0.0571969752549232,-0.03074580374224477,0.03647933592948909,-0.018650788858648553,-0.027691331182673747
693,-0.049043112367543024,-0.003434425442567451,0.07050854077823764,0.08673908913311715,0.036487285910936695,0.12689061452260933,0.02465196974176288,0.005016665319178184,0.032470391755687555,0.06151755205373962,-0.06128506970625282,0.06616330061971573,0.056892301445710905,0.014253729616716478,-0.06634232248044704,0.021086475573032348,-0.04023465062424264,-0.018335551008764227,-0.03432214065717144,0.03581302751771439
694,-0.0666752944770419,0.01707298254556479,-0.08548913005353106,0.07151217314122565,0.05899830522332389,-0.000860927239185419,-0.01617476251231595,0.006696718319000314,-0.03857132669400846,-0.04005289808834299,0.03994724734053785,-0.01718469519457317,-0.0660398326858835,-0.03089466623816416,0.017427643277232216,0.015520316899608377,0.08101375182632392,-0.014650561977932429,0.12893676687624295,0.022638308084834753
695,-0.03238827384784035,0.07896100212301885,-0.03594106569420164,-0.02484986105026132,-0.025461893837334923,0.015497104331511979,0.04608432721044785,-0.028371697869441454,-0.03316365209223649,0.030248620793833902,-0.01764752064588222,0.06158152019184009,0.06077744164410963,0.06724883087895064,-0.016439068904300427,0.00515564093368516,-0.0030726465715347154,-0.04874940352210784,0.014364099124602105,0.00894558320498429
696,-0.0978597754153085,0.08755067680871532,-0.042618716952210076,0.007428737938816686,0.06387356837857129,-0.030989690607105786,-0.015913810560651435,-0.07087014569780929,0.02485773968813622,0.003352015409730692,0.010148070741965082,-0.016316997231230864,0.010685352159973288,-0.023261087852157483,0.0045552826158363,-0.011113420074307231,0.01881895750284176,0.027785751679770872,0.0032606429981044617,-0.01892803397393097
697,0.0743278258748377,0.0475955285887142,0.05260529997396221,0.02845851416120535,0.03491058358493818,-0.035935444349885784,0.04733394383791284,0.06990101441966763,-0.020036367227677133,-0.11865465657713946,0.021334458125965607,-0.010311326109455178,-0.05815708789427667,-0.0591624669744849,0.008326909564625683,0.002300549406179738,-0.0010402467152510787,0.022091934228865222,0.04727842979690381,0.010919716038215435
698,0.0002975245494645952,0.05228568931451009,0.05730660167901194,0.042940404863421336,0.03445465798000324,0.017319864392242423,0.013377637660407612,0.005280689242562519,-0.07330562953108762,0.039213829082111414,0.07498169462635577,-0.03012529191121823,0.02565749399278235,-0.004286696696806213,-0.03212251004355363,-0.04900418010217834,0.043006696215045166,0.04415871948162678,0.021571363551466893,-0.026828873915468437
699,0.03591658412897037,0.013168726061133494,-0.05866043252780565,-0.02866661241515937,-0.024576347176459786,0.05147546904116674,-0.036942666543374206,0.009439960597561,-0.08796840054662866,0.009066801221389472,-0.02779605947475591,-0.052728730514456736,-0.07667752249844356,-0.042557664051599754,-0.0007742442652263731,-0.022935168730018454,0.03621354443215502,0.0055466424018145695,0.04258401495542131,-0.03760546569078079
700,0.05951829579814489,-0.06141435668172052,-0.037927823167441414,0.004627690296066839,-0.022722145578895903,-0.001097296735624392,-2.253141987030954e-06,-0.02215001485296481,0.05726825776954165,0.07058691275378116,-0.0356418321571567,-0.03938186621657872,0.013960273223975181,0.009379563973714667,-0.0948253598269579,0.03091399588728003,-0.00897573764778943,-0.06389793868560735,0.05825242331221493,-0.03186360794266451
701,-0.05504173439239275,0.10722320594878776,-0.05402978043584607,-0.021887273830539376,-0.036068150898373674,0.03651228323301303,0.04154246451259633,0.055215662798623645,0.08151193512494434,0.07719942952945215,-0.0024109848293685445,-0.06729895198555226,0.007061966070813962,0.0663078781807434,0.013257620305465888,0.024257507910771952,0.0062373873274122705,-0.053009055176277756,-0.027931695231163328,0.0003717187488518534
702,0.036065850084332864,-0.012743255802390033,-0.0029423512266181615,-0.10750742052609404,0.015570229240548412,-0.006546473491228614,0.008179262959793043,-0.06449031641178889,-0.04928020615351229,-0.024646434650688217,-0.0044075514654740135,0.02136530548926149,0.03959908909613832,0.035944324124202426,0.024523533901170205,0.062012355546128994,-0.0009206367226050851,0.006925197458465619,-0.08707137777371757,-0.05198543530628902
703,0.005092138641649916,-0.004674127664316495,0.043542180461027265,-0.010773407021192517,-0.03901131004141951,0.09982200831053607,-0.05160404031378994,-0.05653973678908649,0.017993317527630476,-0.01613914793625166,-0.015779259748712565,-0.053991306815688304,-0.0073738707909977,0.028699809063555272,-0.05544042140952775,0.01402483435749575,-0.0018170720456584931,-0.0008968258704820907,0.05006045459748393,0.08035892354773944
704,0.0034521460125472264,0.022651625849069643,0.000361919021774191,0.0035145335407526087,0.005103573722268768,0.05914903393950978,-0.008832816401317355,-0.03592549031398076,0.04886820156232897,-0.022256030490842398,-0.007904475092504758,-0.009300898416227133,0.011076988668152847,-0.0982495377622433,-0.024277473087352855,-0.005740373466113645,0.013799045829515137,0.016455695669423627,0.12921904420343175,-0.0277416045599818
705,-0.04679769608787941,0.023723991230186824,-0.010938488012863495,-0.009756153046997788,-0.010863772094104156,-0.042857313917229835,-0.06749925849885119,-0.03242197623122209,0.0018213043180273698,0.001452349068254745,-0.09130342648532505,0.06076225530420298,-0.009984728746728688,0.01950048720542363,0.025823057032279273,0.01959320998443697,-0.016121547616294484,0.0017111740417041128,-0.0034023686036951735,0.0012171648440845277
706,0.031833485208006336,0.03045576247255767,-0.07541233665233416,0.024536545040038132,-0.024128353722095798,0.015403866900585025,0.09042698700083447,0.01776486910946004,-0.05009742253643578,0.07271721480745778,0.05123165278725438,-0.0007771963712417133,0.008195210614028083,-0.02805705004340158,0.03268615361445499,-0.028957063234469192,0.04952585326622533,-0.035981214396085585,0.026610849344181606,-0.09234946345436085
707,0.09560239127814285,-0.053576914471524455,0.004458452023028694,-0.025232023716507884,-0.02804697748039152,0.031164823910126337,0.02775869481236453,-0.014898770649307155,-0.0955965557601013,0.04749686090732353,-0.025934125148051265,-0.04346126407113891,-0.060306801232137726,0.03126492755061832,0.0223758635299793,0.02019426104140533,-0.09279875859407638,0.018356138571271958,-0.04350082253883295,-0.0011638867633281481
708,-0.03425088078739627,0.029165849622151945,0.03636493956538148,-0.013633990710797756,-0.015091746991846518,-0.020589898815500884,0.011027064672983077,0.028958148060653593,-0.06875971780366257,0.01613558064190284,0.03852175686548381,0.02272152933974423,0.0743962154241085,-0.0007197271749609083,-0.005555321566562247,0.029546329616267186,-0.057753881216537975,0.045985657736964745,0.06195110453926446,0.00692250322754339
709,0.030207772580755774,0.08775173148090168,0.014484727131161813,0.014896036886909096,0.017885177924935717,-0.07276983806738081,-0.0006744484337384535,0.03289518469228004,-0.06576315010735026,0.01041853676284998,-0.003547171350124778,-0.015235095836289032,0.05300014083418417,0.03645114533130853,0.11061183794778963,0.05972553969551848,0.024048395097608897,0.0008412149823563839,-0.006961178603346729,0.053712907343739416
710,0.07528549520004962,0.05946894225429318,0.04158294237206559,-0.07162511024691338,0.008750719876681122,0.0015939926832033487,-0.016994239216251334,0.044056676783743774,-0.07209648408285359,0.03139354134380086,0.024841047586509804,-0.04935499663716764,0.014823166020311413,-0.0036844217569954683,0.014649528199477875,0.006130566472121592,0.0021729681862723955,0.011993834883310368,0.01187174092303365,-0.03560000197110209
711,0.05003444570396275,0.027796210424649442,-0.00478980916663498,-0.034390608340839346,-0.01725564379702055,0.044958104091351224,0.0033216892100430204,0.03687813942136387,-0.01780752942752721,0.037421856236427374,0.037755028526548134,0.01901355158273752,0.017196411924024872,0.03330232357012374,-0.017358691749770085,0.0013098220922740577,-0.042840363385994076,-0.0015570014223715877,0.018358174669239783,-0.058860999878383655
712,0.0008887554625015502,-0.058275623165288365,-0.01671413050707044,0.0006691010105366606,-0.04046195580477716,0.0243246839428413,-0.03606730392898208,0.019400008285001664,-0.04821745580263029,0.10993146173645087,-0.006734690865183401,-0.073637654921251,-0.10058814221841315,-0.0030048048320772862,-0.00029372479773851737,0.024555660289966797,0.10500089837144373,-0.0013850501454295008,0.013840562671603593,0.054297813710612375
713,-0.0857099895411493,-0.00911870378612265,-0.03484477311379539,-0.06182998570847137,0.012382091745482646,-0.07546837912134421,0.012621460331649738,0.011556136925378675,-0.05465269391113694,0.0016214926778911707,-0.046541385644537664,-0.04103347340085086,-0.010628872786261939,-0.012737777641278748,-0.05167967632165425,-0.04420478420647507,0.005487652081096924,-0.030781268873329704,0.030167860452461014,-0.02442874462505799
714,-0.05287290781020421,-0.019408821119551042,0.010749781503415011,0.09037856203542428,0.03851183044970786,0.042438444417818376,-0.04370512798333319,0.06171154613498985,-0.003375267651963812,0.017438271838283684,0.008053006225677494,0.017066911422419753,-0.0244254227105946,-0.040834195671800945,-0.02315225300461641,0.044807560683895485,-0.002763836719268887,-0.049377352661405256,-0.01789313031774702,-0.0004452534134162981
715,-0.08495075358350226,0.004347541277145031,-0.0854584664129988,-0.016680711063302493,0.02351080080777217,-0.0005857180504789288,-0.034184404675835216,-0.015220289239597238,-0.04648243489428327,-0.04522602793979789,-0.07003533048871723,0.033206526117738715,0.03263882304380404,-0.03137506206863225,-0.058128876962182316,-0.06778648926050332,-0.0662407269620095,-0.010194020041437817,0.06676239297668833,0.0263891011624614
716,-0.05791922790837451,-0.015851408996597146,-0.016695105684174615,-0.035833870272718164,0.026386288664941207,-0.08322136487292343,0.032745670843790715,-0.009738795545416373,0.013988035208191672,0.049515664185715146,0.037910494493967925,0.038403936252587256,0.030776456652019075,-0.049196291173337896,-0.03799809246851912,0.0359303141629063,0.011794538019495183,0.022064303707896492,-0.03869755175416934,0.01994446110319495
717,-0.04012072573789648,0.05270883621663217,-0.02893195370257044,0.01955738863349358,-0.006078401289492742,0.05579380271557991,0.028919498164752873,-0.06974841399476997,0.018792885377507992,0.048570598497033324,-0.010124212846656986,-0.014053677177686455,0.05591355334642993,0.002596282479030196,-0.014463437544196938,-0.02352175300656024,0.07812306450081118,-0.037878447587995266,0.015381115464382995,-0.019533636244242484
718,0.057359731779616716,-0.009538390636517685,-0.009224717773837132,-0.009492146107134277,-7.53073053946916e-05,0.036057747424341174,0.025084154776305472,0.0028789338295885695,0.0008734161342290112,0.012680271882540077,-0.11125574480724719,-0.05966342688536435,0.047067692274211086,0.11524159523171612,-0.03058264857257515,-0.003229203800146092,-0.0241980754016076,-0.02295579768698695,0.03221379019966611,0.055477982802127464
719,0.04437261389542332,-0.06260950111344767,0.035169479568785404,0.09746374320572727,0.02314685495293017,-0.014460818533536025,0.015639712137390058,0.040654678975130434,-0.010648034245259562,0.04593612873372427,-0.06833046381464279,0.022826290055498924,0.0658994513332965,0.04198528827311076,0.02502118077688951,0.07632023912980604,0.04534748901400559,0.02740995584061906,-0.045079143461817454,0.00535518339572958
720,0.03008346539658039,-0.014213244198261967,-0.0028500707210636148,0.024486440653867188,0.0011022534387507023,0.0016423292570767146,0.012560108440375766,-0.02607967684270575,-0.050313522697205765,0.04731113462476317,0.007983607638676362,0.02991214052348915,0.00666689147957898,0.011389147561381308,0.03288914670154429,0.007004398293676768,0.07323664713373082,0.01187985058226135,-0.004955109277816964,0.08181432899925936
721,0.051764239722013765,-0.09920456453907228,-0.0012812538947752775,0.0455028648287571,-0.01567680717065686,-0.014003560265751391,-0.06143527316112569,0.02866465538484857,0.004402464830922206,0.12561993853101602,-0.003592637714455887,0.04221584267779802,0.05786304842004261,0.016028479065429566,-0.0036070447174908053,0.03445134011174143,-0.07726338602337554,0.05833171953604522,0.039422173151323826,0.03657540949383816
722,-0.01031307217773166,-0.02107465535692782,0.07578298045837069,-0.037710123682108625,-0.015754977151792467,-0.03795753100180459,-0.02862940167251512,0.008120467688485747,-0.060195544429479844,-0.058237659575867434,0.032761494105543326,-0.028080113248369645,-0.04697817799765829,-0.045246156838444976,0.07010496173218239,0.06789656594529393,-0.03556299185988719,0.07934806547865954,0.05187739720785475,-0.03269383593777715
723,0.08181054142136297,-0.025030268536815736,-0.026729257146907593,0.019613332266573365,0.008469473620242585,-0.028251987969334324,0.008337828983312756,0.012802792876860598,-0.007499530616883111,-0.036521395459974695,-0.008514735485459963,-0.005592449407356598,-0.046735688240462224,0.0018929359657247637,0.0898094582512339,-0.037159429073343186,0.11505886615079505,0.012238651755092592,-0.03859011063176095,-0.03812473773291629
724,0.12628112862645705,0.04314385042614162,0.032407273620540016,-0.027746847559532703,0.09917738291207963,-0.037036759415202486,0.052286861933958255,0.03616286133930705,-0.0400088387838755,-0.004399153423453046,0.051706353685198686,-0.059641674909488865,-0.0029719764915218157,0.01128487856114417,0.0036658011881442556,0.003755544429461267,-0.060745330895052886,-0.01089139147314737,-0.0006070169063836414,-0.0634535262831116
725,-0.057233547461219655,0.010558086784189078,-0.030620465014329853,0.013182859080604006,-0.0824575745932108,0.0044029973197243066,-0.06586932882561608,0.04709995806367804,0.039845943750760365,-0.006519298331762628,-0.003725328210177372,-0.004213364266316304,0.04520084769740575,0.0002183345124814031,0.05205657875172578,0.04506632506477918,0.012369495925640593,0.042885201273518594,-0.07118655409474303,-0.054547222791981965
726,-0.019242252372524155,0.014859073895364271,0.016119002693845003,0.022645661425464328,0.004527337512002251,-0.04903869841287557,0.02305810510287193,-0.07788923926300041,0.020117242936663206,0.005094831124489202,0.08667164719203649,0.001035340435387834,0.11732319540603413,0.08008200559122601,0.08521225536369696,0.000604153730703683,-0.05161597036910986,0.036056224627925806,0.015355812257508825,-0.009046335808253626
727,-0.021720588931390058,-0.01668271332022981,-0.0676355022531832,0.009149628117616267,-0.04440746742300667,0.0002325016520466365,0.013379780352241665,-0.016204354554158786,0.008853086023847035,-0.05773765004222973,-0.04788935141679612,-0.01639261719351752,0.04178075160359659,0.009046985215046845,0.09203891649224037,-0.007336768843717167,0.03374991298656489,0.008684199275895251,0.01209682429980396,-0.0017248917447827091
728,0.008453587197862104,-0.05200341963136441,0.027730298039988645,0.07693338473065525,0.051758154700324,-0.04912954602834961,0.06874246685663399,0.051818997882663864,0.07760530577314387,-0.013139846589740382,0.00044045459213257584,0.021317364585678004,0.011622588755955976,0.07542085067794352,-0.0063026500595632345,-0.042060857064683294,-0.04779704237351835,0.035218255242534954,-0.017751509144398946,0.006687765972749407
729,-0.04530401670974583,-0.05139929726321182,-0.014347124621962646,-0.045936259069706824,0.07404395057717549,0.02879883494969024,0.05377486787603821,-0.05736457617932744,0.03305623514993878,-0.058670677156945225,-0.10415269502509801,-0.031066392820628248,-0.019803361576606344,-0.02179106367454316,-0.1089579701904284,-0.003085870305810746,-0.05937492303167365,-0.058947843661580915,-0.05522637277557358,0.010927804714034
730,-0.04430854898806671,0.0013606975173744067,0.03666942785592133,0.00014127584551602485,0.005117051009592406,-0.015356075915179148,-0.04597455872653678,0.04620155510150095,-0.05473301980770821,0.05809768813599123,-0.011766972503367753,-0.022571697998377504,-0.008529990294798643,0.028198261193904325,-0.033052119602991134,0.048242872464821424,-0.056659252495146605,0.06072620645715291,0.03722769080797548,0.01871753109216036
731,-0.038717355772573854,-0.02060202410770011,0.03626111425398183,-0.020615215140293058,-0.04804296332194031,-0.016288403814918116,0.006442522761302586,-0.08083081058878809,-0.015265915538045396,0.10262210125579965,-0.10845388535885227,0.03704977438123164,-0.007579808548401144,-0.034715336836224804,-0.006693843791749881,-0.09059466290094405,0.0067429545090410496,-0.05642258104576198,-0.05643044513075574,-0.009143620583415848
732,0.032711463557789144,0.004168755591027373,-0.03445277859015514,-0.06448943124898329,0.05634264171696716,-0.008307186577320831,0.05777626986712849,0.014782730968833388,0.03780590989711012,0.07862266622496937,0.032420073456282235,-0.07061487960623546,0.047389622988051494,0.014973010080111277,0.02294029030975702,0.06302148348210056,0.09321703869876906,-0.08319718605910237,0.016527836877020658,-0.010348672677185327
733,-0.0470785570720504,0.002070097630158872,-0.007852783909511779,0.013229387660009506,0.0556896592718213,-0.009101803948681276,0.06038268643610312,-0.011921409559166844,0.007382917337299003,-0.016743382707633758,0.077227879715451,-0.047753158963224344,-0.05151447276630961,0.10547895442482079,0.008853334298758422,-0.03786711553345049,0.021155015411314728,-0.06893641822196676,0.054268186398898174,-0.061142447438427235
734,-0.007517787321408963,0.016278418368629827,-0.07410219788420136,0.04509951629809088,-0.07632609908257328,0.02088919783635353,-0.07698722445483835,-0.04423872057893014,0.002287814603620028,-0.0264738603350882,0.025821416151394497,-0.05483466242416195,-0.04275318552405702,-0.05533033266741334,0.014133593831828963,0.014318593906021181,-0.030634619489304772,-0.02664237351697798,0.007463934155945771,0.036509132690633925
735,0.04676187407930987,-0.03624851627471232,-0.025918057748864687,-0.015428261709690872,0.024941552252331835,-0.01306507557427184,0.08345785411190061,0.046073690051894774,-0.023086510338918162,-0.029056834380433143,0.04925548002916698,0.029797429769739786,0.09274849527906036,0.022753773413298258,0.09312404460944777,0.03758804350930626,-0.04457678841323477,-0.02749734831790125,0.03514600986683656,0.026744477968370834
736,-0.0309462991638486,0.056841747059760965,0.007364506474680812,-0.03174606924270908,0.041702528967491735,-0.04240210383250984,-0.024205750865221844,0.07195486049004697,0.05537538611330251,0.009578031916573339,0.03945045979868405,0.0016182489460758712,0.03538118334237572,-0.027368297826515658,-0.020847405843044516,-0.004773736281717773,-0.11394497519786687,-0.01609720782063004,0.11736445547156739,0.07434355879910733
737,-0.027732451391806388,0.01903970384783394,0.013223258921434763,-0.03883589979466567,-0.010642122740221723,-0.011418000411450642,0.050041871512689184,-0.024130992337930517,0.0796938593736868,0.006173047993696121,-0.03362028534270938,0.11884865836615637,0.04069106005071601,-0.012417355844468304,-0.06627342089924995,0.04065792680699347,0.027877127928061213,0.0542376991028074,0.05858854600951161,-0.06654924727190828
738,-0.01959050213587316,-0.07885041512092851,0.014367886851727178,-0.08554639079617815,-0.07920998287171578,-0.008997628883576317,0.008366808742500153,-0.04297853875037353,-0.0021150160898723612,-0.004379739836764217,-0.10694365023959371,0.018452793234552314,0.06721033110643718,-0.021972501882488258,-0.05342492731383234,0.05936838086478231,0.009159571134195969,-0.04111275609135299,0.039953322357711964,-0.0060373563802594635
739,-0.03163180546026583,-0.019068083273513687,0.02723645385667774,-0.049746117392188455,0.02136862908570366,-0.05826113387755791,0.03280225414965932,0.0978832962293631,-0.09616016488209886,-0.03668883796070992,0.000820018156312418,-0.04278363665587554,0.08054697354681806,0.014630851988022893,-0.03719034573840669,-0.0032643110505234277,0.008248210487435244,-0.0462304090794897,-0.04121779246456095,0.019450298310418678
740,-0.008532915756328226,-0.00010378788981741243,-0.10809116831986582,-0.014360085523592098,-0.031095861079026853,-0.005607989691730788,0.08720747168446037,-0.07348669925894125,-0.04110735264953017,0.022112285810912763,-0.022924126320007635,-0.026068438757065764,0.05083240402808263,-0.012346988877424598,0.0806078654915888,0.0035039028062310504,-0.013805974852225462,-0.022585301453663248,0.010707116318154613,0.019762153461529458
741,-0.0031180456508278576,0.018790726892061273,0.04247543889102304,0.0293439072228421,-0.052783474929849895,0.025830497878758046,-0.06222329601648716,-0.036513731966548404,0.00607097681881652,-0.008815314886832612,0.011677976392393524,0.03314387609116487,0.061925785902049786,0.044977551516434164,-0.016979422397046508,-0.07606815044356553,0.002676142916236492,-0.030060991225215036,-0.06152629108417443,-0.04886074289711404
742,-0.022687228472122702,-0.04595386787721584,0.03268635097574955,0.08933227485753936,0.10248701427259334,-0.003982675512545694,-0.03505649468720639,-0.01432311043216679,-0.029910157165918133,0.02408896363709265,-0.02392301208534375,0.025203766547809845,0.002421521332300289,0.08571324090535849,0.02563265859617663,-0.001505933226492421,-0.019483299332881007,-0.04371845980113742,0.02782364842818368,0.04634938767748282
743,-0.01398827676677108,0.028712683054764238,0.0006292446294988211,-0.08631963281466526,-0.011885704694732447,0.11158370576654282,0.048026302566883804,0.027144311513971547,0.029986468992222043,0.007334152603491302,0.015467676262354242,-0.03628706344362575,0.032773210861071114,0.0022496922946381266,-0.07433305313658779,-0.05387160706816159,-0.007230750376594303,0.0105048966143188,0.029074028869566945,-0.048928807826770886
744,0.031954206079584956,0.016253746810912937,0.02072593546010644,-0.04353270012972855,0.05008937127938797,-0.06071837374950017,0.011164776237841548,-0.01101241770352097,-0.015303179700295398,-0.042946189889247234,-0.05166332253310315,0.020481348627266253,-0.03669839882889534,0.05639389144260009,-0.03925325930071925,-0.002849674244722351,-0.025895308728590617,0.08289757040871855,-0.09092258983513792,0.051187275275273336
745,0.011837968158821145,-0.0011123231807857858,0.04272903808943315,0.012692190277406042,-0.0011041413412424773,-0.026467528788306934,-0.005572486329129315,-0.0008991475201449105,0.02611061510677182,-0.023966355910752715,0.051005045538447605,0.0630348015281254,0.003447923855797494,0.10072971272135695,-0.05190286368859215,0.04963860351617332,0.0530999408998848,-0.020215208406163337,-0.06035573251156555,-0.037137831701619425
746,-0.004082035581371421,0.06235816150977894,-0.00026494588086587356,-0.031359394128408526,-0.05021491731649486,-0.03600802236160573,-0.021952113544510772,-0.10340629901571702,-0.036092946862109454,-0.059675979975202006,0.05000834101988825,-0.06157822872936236,0.04082930678906125,0.005634382083305341,0.031048730679866614,-0.026761573419190065,-0.015341442052816368,0.02242404750087523,0.06574932753834607,0.004156217318803658
747,6.44172245487178e-05,-0.05100582379990649,0.0016270320054936542,0.0809957161419224,0.06017537872521916,0.08460015056858418,-0.039246156908527764,-0.03936442692389279,-0.014418794309118573,-0.05699996186345819,-0.08246930998139504,0.046913628481117624,0.0394783123181771,-0.0042302411536565155,0.006293724492861335,0.01138593085683189,0.05243264837840049,-0.10142726928837466,0.017560630935769515,-0.04959534127784288
748,0.023427507685834233,-0.017632036617144815,-0.06487112918308796,0.02425973176804796,0.010201510199112187,-0.005972796159779775,0.01780983069731844,-0.035081844555290904,0.0037966072525071185,0.01829522004972359,-0.009005426590107318,0.037999272411251866,0.009911192613314345,0.03280538323143494,-0.024828490492902578,0.034469867158758785,-0.040683810459635886,-0.018152344280320688,-0.015239335397325991,0.015077057790264395
749,-0.10169354096602451,-0.026400873847746236,0.014127629227340116,0.06934519991137575,0.01519385197107965,-0.04950525144788756,-0.01846289247043398,0.020045379730108597,0.06989147458487756,-0.010761662139773375,-0.05106401860892523,0.0059802896406675205,-0.0323474980757531,-0.018314987545282897,0.027832729328241795,-0.015881191179370827,0.008592575226944376,-0.023883028925231423,0.0038072797020317125,-0.03324594868144978
750,0.04191586695085514,0.08024641720418456,0.017346691174885194,0.03904995985090583,0.10378396135737508,0.04644854388980389,-0.012385896134016647,-0.07390321366929445,-0.012556350493694314,-0.0342665044130024,-0.06295708363751482,0.05751558990152733,-0.010721402897860506,-0.05962356383821119,-0.02866483578047583,-0.07800211317497846,-0.050313668043339504,0.0389865295725023,-0.024242980365646826,0.008082213704985207
751,-0.057928003284471105,0.03877070773126811,0.053750059942930285,0.02111183900178036,0.008948140939362349,0.009271466079538925,0.04213812301690239,0.03801546639453566,-0.01019272950593764,-0.050415301054841495,0.020148634252904047,0.012954836974270046,-0.01994413511868974,-0.015420273756951779,0.07169956578349121,-0.01381290785654592,-0.07707225494152674,-0.0865803746209032,0.03224928068352612,-0.07692417209293773
752,0.0375123087319437,-0.033844058306147846,-0.0465813448818017,0.014763201898484343,-0.0001969786427532832,-0.01781462980429016,-0.0036685740626481137,-0.052416505713072686,-0.031349985082437686,0.03205611319201558,-0.06869904985894555,0.008782411796154787,-0.029704962712286023,-0.08706342318072106,-0.0013548470092834828,-0.07493784036148146,-0.05196339904038347,0.025532461113070663,-0.008193444939879104,0.01011810104120407
753,0.019012433192428065,-0.05874356031464783,0.011052131492926633,0.03773999869463874,0.018670397004989816,0.04517078368672412,-0.035542702330701746,-0.01839723593842618,-0.05822530581264734,-0.001405378113581034,0.005588982893341019,0.007445772035701252,-0.014986418079298165,-0.0625068296652447,0.05694625661097156,0.010976523034775603,0.08772277186955811,0.010849844501029163,0.0009760502576995788,-0.00572176006602996
754,-0.0017936536294404187,0.09651454338528476,0.04090222795946183,-0.017378963441498262,0.013422185625399395,0.056845334349381896,0.014320887694290909,-0.0018127893263220815,-0.025956994420933695,-0.041388954755301265,-0.011771634238236937,-0.003470663263014429,-0.008504431349301811,0.03596355596513395,-0.062105888962370695,0.03368693218643282,-0.02272280349047573,0.012150916058495356,0.04576939993019853,0.0006539429066220991
755,0.0481591530125953,-0.011615639014904859,-0.020912785114968812,-0.031966251254739855,0.03171478377963181,0.03053443442999901,0.08240053155133861,-0.012936276380657771,-0.003187043265606143,-0.008362030270400188,-0.04677627864741212,-0.07579363698731115,-0.0074315022690526695,0.05296923155629579,-0.031094880838535805,-0.021989680528725873,0.0953999388260596,0.046482064017718004,0.08674688189375443,0.011522086101367658
756,0.06616118120474454,-0.02266622340036664,-0.08637167463843212,-0.02378947497214179,-0.06274894769464563,-0.07175478290371153,-0.03036938164876443,-0.09827567069722909,0.03331206836253859,0.024009729821853485,-0.027775126971993424,-0.04865661150362017,0.02188355263019443,0.01659980214125036,-0.04368049449058821,-4.3514949176088094e-05,-0.009984005928309976,0.0553692262656099,0.005119046614211354,-0.024972893540504908
757,-0.00018578220395606276,-0.02285453031127072,-0.03883329770023749,-0.017743513744607628,-0.014621038896470656,-0.07162685877313205,0.04285339817757694,-0.025733543056269556,-0.00882902318681133,-0.023735948592605083,0.028632865848225202,-0.051611137673796534,0.004159408083669971,0.04317935397893438,-0.009059490753841031,-0.06156235832960109,0.03263342477184425,0.0921524287700888,-0.07550511168557568,-0.09481118328972211
758,-0.041478721003672156,0.004082530890015317,-0.027169272668679474,-0.056080211012092755,0.06793368331320411,-0.01174002870398201,-0.038743232403574995,0.024633824314865407,-0.07794134361348029,0.0491485953852913,-0.029118844152788675,0.010617184709815623,-0.03180005570854712,0.00921311551677859,-0.009581074567846576,0.014023278540180735,0.02158845528785375,0.05709687417038723,-0.006074139104488519,-0.01330971637340779
759,0.012655350980379185,0.048181959085859906,0.015615609207067139,0.049970561243091405,-0.042884616277751315,-0.0013875143104212506,-0.0694159259712067,0.03818579168068308,0.0441474465809052,-0.010618332327533519,-0.021541976393320998,0.047570694022720225,-0.08638655433028718,-0.07195428137091289,0.020849633151968392,-0.02188787465019453,0.018913606252884393,-0.030903637479940252,-0.020372350012927917,0.03783966462746905
760,0.10029559617909731,0.12227561721566703,-0.05638453153970029,-0.05467977326741428,0.014186374652934779,0.02966627222982938,0.00027606365928567207,-0.016215939954674182,-0.0050121636611444,-0.0223271133514906,0.00911496898865667,0.02438963005642491,0.03484145717451311,-0.07582119455253696,0.0061119927189912365,-0.022128953818611328,0.006922715600975591,0.05893729938395279,-0.06824494162584963,0.03950707130881338
761,-0.007908283245796349,-0.0040579762822044564,-0.03535417648829017,0.0419190358845073,-0.0017290417818500315,-0.01946848818292496,-0.028566870812053287,-0.030955095101427417,0.04727657067950279,0.036612279509867694,0.05645528836467834,-0.06629917624255276,-0.05775813559000987,0.10198904514155241,0.046094172089332794,0.006737573475306207,0.02993845388784439,-0.01072362056569515,-0.03248229875170521,0.042300115864164066
762,-0.06206107519908572,0.004642518619613915,0.03298080138760866,-0.006291096899671658,-0.049942115407546846,-0.1092093757227223,0.02003316785295578,-0.04949042717267354,0.05454240480019332,-0.028977779677649414,-0.027882766017592014,0.028628990371230224,-0.05779806262277498,-0.005631105533026097,0.06508347932853983,-0.012125400145652027,0.002565983349253935,0.00600729400517019,-0.05850079797910558,0.10406605004525092
763,0.03521224655974969,-0.007601356185649529,0.04026569412986697,-0.045788452360153484,0.056143199170281884,0.06499949760919176,-0.038742611521411716,-0.021101611049310597,0.07141351260910954,0.00516075813567363,0.004601731778379512,-0.022606976573846305,0.016710616168556264,0.06390458550360761,-0.037803187913158606,0.022985771097434528,0.024022833367277504,0.04421677662832249,-0.012996037037275475,-0.003364902072636111
764,0.02412792835758029,-0.032007008326761434,0.008498979751235933,-0.01945843496408889,0.015426097051128464,-0.05653602956036328,0.01866385247503134,-0.04250005434988634,0.07295177047493635,-0.035892286130666376,0.03416259784827075,-0.025538703428829287,0.05189975754192517,-0.02165167074265028,-0.020470735164343515,0.09436584134656739,-0.05579663859603297,-0.007983942486213143,-0.003044770063132614,-0.05550295814097862
765,-0.06167172865419907,0.017739842671480054,-0.027324257325952197,-0.054276044859157206,-0.022933994378625977,-0.0033157167347915182,0.0135704091138378,-0.031227669099261647,-0.017242322148813924,-0.027584165235404023,0.02281764916347957,0.015631142111239366,-0.03497861826372328,0.024572587064086944,-0.048920071359928874,0.03322067797475731,-0.04297027967226034,-0.09916978907722311,0.003491737445236512,-0.03086663815336872
766,-0.05537698419959769,-0.014611747109520507,0.08431287985162356,0.0500926535082598,0.04498820413289769,0.014017537466035361,-0.025551967995461982,-0.028099173515395162,-0.05434683700673185,-0.009407158507286902,-0.037612557702660615,0.028832894882053456,-0.06796445152879707,0.029312494802516346,0.04594915051431231,-0.04828390538308289,-0.09890931665696676,0.040530717183795216,-0.07809995775968268,-0.031337730681855344
767,-0.021924137963031574,-0.07195373150291262,0.0011906933418756992,0.01325714049254332,0.015176565614007544,0.04971054711735177,0.03995496963657905,0.000711408737471707,0.020042335966149207,-0.017881476468024172,-0.012902017141740345,-0.03163823690124803,-0.025617735940218756,0.005031997147240136,0.07967418163087585,0.0137615315103685,0.007882000881210978,-0.11106839877384835,-0.03319787377955826,-0.056853046581400266
768,0.0035301411975555055,-0.03468203906984332,0.009464490574991352,-0.07156204881397443,-0.05743134740027371,0.05317668458336606,0.007963863107722619,-0.001521817025327238,0.02174587844391217,0.05676915882732964,0.026854294677027626,-0.026437405313195945,-0.019661983857175967,-0.03814354762946472,-0.00043175513883885125,-0.06381039560504956,0.05954866465794543,-0.024451322715624713,0.0014860224316060365,-0.023427880339515168
769,0.06194693142553371,0.004791464718789031,-0.05761752432437312,0.013179308134917203,0.05489778904038251,-0.01849306028624238,0.012301982700611872,-0.05444562286793333,-0.006143004138868575,-0.03695715802485831,-0.010605483354377679,-0.04813029523124384,0.0035822580242786356,0.0029501965604241073,-0.019928605333299182,-0.013851542103607603,0.0003347586329607028,-0.006207437497009392,-0.0011692023976532196,-0.05102787891341391
770,0.06405011019913315,0.024596279393937975,-0.027303955215757222,-0.058802472723238075,-0.001104554988189083,0.06442909389455567,-0.10137629138979355,-0.021775626455294385,-0.03725748089097366,0.05696590971886554,-0.04845837862194415,-0.07794422914001226,0.059377352533682225,0.0018068568454129598,0.06458898212762285,-0.015733304544146308,0.09916265588390791,0.01467682659027373,0.015917732583343818,-0.10417069474030873
771,0.012151583925915869,-0.01038039365287538,0.06985352401321261,-0.13391559210907844,0.04719728984020831,-0.02212222258670812,-0.04873738697879482,-0.05118934326157645,0.02441823019406034,0.04658143919641149,0.012496270323727174,0.0018686937707419885,-0.0791430090693507,-0.036284072271578725,0.021600584137232613,-0.005788643845383741,0.0446253538379484,0.0513176467390713,-0.0004442427986275339,-0.027718263961374747
772,0.07369899256743043,-0.029945224903187545,0.09080440287268916,-0.033560634712681045,0.030702549329240807,0.032941573578725326,-0.12837414697659208,0.00301004414049111,-0.06260498632187263,-0.07660835710208048,0.050800325691846386,0.0789718964466883,0.07695617786060906,-0.05442715995277801,-0.07587748854278718,-0.014202928693175935,0.017809505359805657,0.015916969017445555,0.05566183256307056,-0.10730141111893561
773,0.032209274812316085,-0.021207933736609248,-0.02502501502216321,-0.011644400039746976,-0.02050979726476374,0.04048013008061159,-0.013204865235776526,0.09101308980583134,0.005547090466986419,0.020335525434249022,-0.0030005187115449087,-0.054185995727422755,-0.07007248377793222,-0.029985355207123844,0.08944911451924234,0.028341159600978175,-0.002872988952632672,-0.1146936209754316,0.04459078823124712,0.04439868667838338
774,-0.03856056218009912,0.012996834748991715,-0.023543727716247295,-0.025462091079967088,-0.029836946364885628,-0.05679720962971053,0.052551252524800696,-0.0031741637041448876,0.0585190867308264,-0.08101450750990728,-0.07195635110748687,-0.02980978943411502,0.05597595393623528,-0.004692155647471767,0.10470605938531474,0.03256394045689282,-0.01328495824656411,-0.07292945396620541,0.002592296248436781,0.10776327831739198
775,-0.004375582431228887,0.005647760270076885,-0.06689515211383247,0.038619760779051014,0.0418437293808191,0.03036854366277688,-0.028282400740108626,0.053172999215148974,-0.004564951482341233,0.05105288756575113,0.052198807547949366,-0.02107746501783155,-0.14639251136374243,0.012573549802943677,-0.01756608212337572,-0.011078691580092656,-0.047243784212964025,0.05653451551272962,-0.018077546776145117,-0.0013854709903379071
776,-0.047668002506890676,0.005787111510669046,-0.07446928893628757,0.017469151777586258,-0.026351410984050208,0.05988277182738211,-0.03103460303834947,-0.024708048856726422,0.018259702562904857,0.03579726354502389,-0.03149045988231679,0.009296020965731112,0.02196330789848667,-0.03266102112386454,0.004297909381265485,0.03340347286834442,-0.02851291811820759,0.00888115190660569,-0.003945880158802476,0.02872543747418106
777,0.014906777286632998,-0.021392283791804946,0.024196127523066616,0.04467049459462254,-0.10853154287263005,0.06365178109735327,0.049533082319130665,-0.01681834938695214,0.07528644627956747,-0.07305467933241855,-0.01578578310950186,-0.06826774176090512,0.024585911137070156,-0.0062163766365270845,0.0022828513880716033,0.0406516825777343,-0.05881908296200021,-0.043600702202117085,0.003929907328697136,0.005622992938820009
778,-0.06076551797134284,0.08144415647060269,0.010838030881530226,-0.04187307616078139,-0.014419911923904398,0.007018946325618745,0.04995187221981511,-0.047466047023944906,0.0016988690673123156,-0.002241749605086125,0.013179156836888781,0.005805376282417949,-0.02593607311393354,0.02557057025279229,-0.010206049239531903,0.06363817091953831,0.027120368402619343,-0.020508693256156355,-0.004770637035004366,-0.08493296898576176
779,-0.024032740659485546,0.019397369154977032,-0.004038361265955254,-0.01298624702670534,-0.02411650043018718,0.03010359807337163,-0.02194189880832272,0.03957349971001123,0.007946601430569689,-0.015981797145801713,0.03758948075459859,0.0064931181702051356,0.0005953769437561506,0.03711064126895941,0.007585908367325028,-0.04160827940007115,-0.03425793508630237,-0.04741002853115104,-0.007298699686005812,-0.023989420856573646
780,-0.018541116085264025,0.05917040402445198,-0.051335922456303626,-0.003656945592962998,-0.06813434580652966,-0.10568630185035191,0.0005178846034037371,0.02732091883324556,-0.0212253657953099,-0.015384754549515229,0.0823831986923193,-0.011452934518718436,-0.009505977965668084,-0.0018685310520862321,-0.008387854023637932,-0.07309226807369282,-0.003844224981911182,0.02388847404744537,0.0179162164931602,-0.019744030229599543
781,0.037436610624798465,-0.03407916098412323,0.0505479005036738,0.001865144617290425,0.031521638647418186,-0.050588250562733,-0.04864882831184012,0.0077444783178072865,0.00031068924835808546,-0.0684452730004582,0.015834316634816117,-0.02344062410847192,0.06171421543023072,-0.01272201726847008,-0.038305442031796824,-0.012601353236710165,0.026438029478294097,-0.0012469164996088498,0.020671804688699873,0.06837626032340066
782,0.06260135082034558,0.019719885722106194,0.09246447901608965,-0.0022929309023038105,-0.03273835747146761,0.025610675220056067,-0.053475762869041606,-0.03650043368553279,0.0027258790411591005,0.024557717270852174,0.03277158562687604,0.03782867537952156,0.033905452063518485,-0.10691264496681782,-0.026118470689846237,0.05221580289540836,-0.12233590244342729,0.007263216788485277,-0.025457575915265342,-0.023685779372637272
783,-0.02769421839810694,0.016181627972104897,0.054148957200640196,0.020145827444223056,-0.028245718848201488,-0.02537660277791231,0.0311557592282644,0.045735339644413085,-0.09397213908271555,-0.0038682407283805653,-0.01626359822831392,0.03581527434401452,-0.027904230859274903,-0.005464520708972775,5.971368884466984e-05,0.04764107073578158,0.06125849309245457,-0.042455192456872466,0.05760380166866628,0.03369985870679934
784,-0.08404526003752366,0.09130772858266328,0.03564789799063159,0.011182956068746268,-0.0025169127263351128,-0.03064927474869331,0.028050480408484627,0.042675912224292636,-0.010210981633207496,-0.005172132861041712,0.049451565037177875,0.006356877911967228,-0.008139443338205626,-0.06778955019369882,0.010801852048350874,-0.026083081779249315,0.035315819296995454,-0.01644169842796691,0.0015669319244763873,-0.03776400329575757
785,-0.055055824473828764,-0.010543898084845094,0.004143775691929083,-0.08430311628502545,-0.016610380008934143,0.002642074392599264,-0.02074870247208967,0.09518546120857047,-0.008563366825367905,0.0029007324143285607,-0.02745632339260473,0.012359511380044286,-0.027366383354469524,-0.08577916727990267,0.043902548076718846,0.032638286069329864,-0.04763652805466451,-0.00661751537214342,-0.01156486816939059,0.017726047265582273
786,0.009899023456628873,0.03760138398775681,0.005883204374280244,-0.01174323729977327,-0.01344002412584997,0.04726173961359577,0.013318387621943026,0.09556079402482635,0.02008650350484592,0.014258548552509735,0.0484696004519481,0.10129751416435617,-0.039554205783207175,-0.041159868600372,-0.016124428421554135,-0.03024233230032301,0.012366050160365682,-0.01158606145624883,0.015639335679771625,-0.05133775414937735
787,0.04168653283337483,0.006868616070872508,-0.05476702411189279,0.07590461182285747,-0.014106183516173425,0.03724843015147091,0.0076815449194808155,0.036659673950820655,-0.0622513918078679,0.008382068660069825,0.075196566054892,-0.011724859218509801,-0.06065485874453302,-0.016964337835007788,-0.003984561169021902,0.045273187226386444,0.01637816721762599,-0.0016991201927813568,0.00813676701882766,0.0258469802716785
788,0.017164694688734113,0.09336645857281707,-0.05218160764872278,-0.007673428095359022,-0.018532247563988323,0.01851534671192453,-0.061401572336158075,0.023057979955904702,-0.09850607814329936,-0.05924375840680663,-0.05237853657018347,0.05739105038940308,0.024101350897958784,0.03799899085656475,0.02536553236505869,0.0012586393432347093,-0.02217941548949623,0.004776919259321278,0.008063580609660267,-0.01605467014850021
789,0.04003403414671094,-0.0064776776544181154,-0.0650087086783878,0.0184095809221569,0.005305612127170786,-0.15372723989960704,-0.047596538962433516,-0.02111505235656872,-0.09135296193999597,-0.08749387277411584,0.014413002129790001,-0.008714287802402633,0.0019633383199259818,0.028302065639637688,0.04391283646858361,-0.07337650793525441,-0.03272682091265958,-0.016711508228347872,0.053174365141277546,0.05310537918737196
790,-0.008778873245048252,-0.05189326231744038,-0.037773738515498125,0.002261577155735336,-0.06608199572984913,-0.0030844128610734724,-0.0024285024856416627,-0.024866667751595885,0.017608851866329264,-0.02504101623991397,0.01621779572076686,-0.021271702300802428,-0.09108389592821682,-0.003457879899636633,0.011191838775153187,0.0014236366331710664,0.031245221168842246,-0.0335640984568129,-0.009292794048755224,-0.06398689266147273
791,0.058245759940256055,0.041686679914957586,0.033731741728869905,-0.00963909052609561,0.054804431401351536,-0.07402215280018185,0.03146165239730664,-0.060107103921868826,0.00949278855611707,-0.08288474421589438,0.06721324951740894,-0.024500730537566722,0.07898284513082467,-0.007619542049438812,-0.03968253175233487,-0.06958609788666277,0.010867265870870248,0.04603944354029993,0.06704268019264488,-0.013571117487948274
792,0.033964242892600284,0.009755403535549816,-0.04514075131059987,-0.021706128897475488,0.06321812303514915,0.10068256774042901,0.03050675330432822,-0.019787394314505376,-0.074586468989231,-0.01417509931736006,-0.03206121504976021,-0.0240050888763887,0.05831672744517244,-0.021067845625926403,0.026410036082080673,-0.0017750165296862679,-0.010157453672175838,0.11981892715079044,0.0628334412094098,-0.027395167889235787
793,0.008004062812481033,-0.01708427231556527,0.015974204247859825,-0.014247204025297519,0.033430319693031056,-0.036358957272268705,0.001642402098157743,0.030333919786734633,0.006250429937737864,0.042659785465041636,-0.019075447274923444,-0.02552624933108844,-0.0981848000908924,-0.00400529451466988,-0.03958171037040636,0.07360115592115128,-0.03564942115404213,0.05575185744591718,0.039921001143777154,-0.029924952872704122
794,-0.02396865654771815,-0.022941961576114677,0.027161929560739276,-0.04534613671066603,0.04559150325962542,0.0030796040648404842,-0.03942164780358271,0.03279073277347165,0.0847145925889976,0.03614440421338755,-0.0009766652356958132,0.09445644266907122,-0.0044835598480202615,0.02358827748301883,0.00641537087976703,0.03134807321068791,0.08624601475067345,0.07235057073604499,-0.004741815022790851,0.0408283797939943
795,0.02105272855939698,-0.061392720641100504,0.040148973566620866,0.013623115823606742,0.08539352753613252,-0.027755732769970953,0.13103556884904224,-0.02322690792044505,-0.00100640759160432,0.08842604923626138,-0.03354180356124557,0.043186138381961475,-0.025471625440759905,-0.044596726502108615,-0.035045039972621955,-0.08024955264121929,-0.05499191594252594,-0.011712215519474385,-0.03202230113949012,0.008853470353190115
796,-0.020647649239837345,0.012239483642105487,0.10970784029970554,0.0013413953554693816,-0.021835914092218685,0.046715090008558294,0.08699545849936588,-0.0738648096026704,-0.011869282722257285,-0.019249639232175594,0.011710078175083096,-0.02819614317818742,-0.047655719592757585,0.04436927706089559,0.015022000264770562,-0.021237593584417895,-0.04508003861859401,0.01042112748714196,0.049454228984468475,0.001973882355398175
797,0.022431280360810945,-0.00640261146883602,-0.03368765551474908,0.08175198609442336,-0.00952662041725791,-0.01824709962915212,0.027967685185705096,0.006871959346246807,-0.03627383843059538,-0.017770870740568837,-0.05649521444304208,-0.03913578179001601,0.017397256830212923,-0.019861432365900027,0.05236369421744629,0.00012986413338424716,-0.04127087334997548,0.0010229772686005613,0.0746029123475947,-0.05731601806533076
798,0.029557168178479372,0.06422779294217865,0.004704107827879689,0.05111563780603772,-0.0168970109055981,0.14671490073281218,-0.0588051243010823,-0.0504066478833838,0.005698083458596697,-0.019740633071523978,0.03201129925714439,0.00961290491795251,0.06256588057006358,-0.002259177941444327,-0.09159026618764733,0.006325351970780165,-0.041589062537916215,-0.008713501572345813,-0.04126209529637788,0.010445090578141766
799,-0.004801530307436983,-0.005841251413107417,-0.016863359476321043,0.031373920633018436,0.03548488762197922,-0.010705587045339705,0.03018447529245773,-0.008087417830040305,-0.05156401517523529,0.04505900913528738,-0.02168334406794982,-0.062102059678260595,-0.022447971292913614,0.015558591392564618,-0.02156158983082922,-0.029248148193445494,-0.0346651287582645,-0.02009005139748331,-0.02536429132759644,-0.01660044156629238
800,-0.014356813525484445,0.043849919388301156,0.027321625682928518,0.06568530429177953,0.060687462280476,0.02764816209911155,0.02147536471223245,-0.03452810242819037,0.03526223067703988,0.009777136366221148,0.060514508789542766,-0.04768648262266095,-0.01268032844409497,-0.012929822876919338,0.009323265953153135,0.0199882580417422,0.019213436781702998,0.010158250465075003,-0.05742448297708184,0.06480309224628623
801,0.01919858471001691,-0.013910519016407344,-0.001365705316373458,-0.04188018840571547,-0.009060042750639506,0.03859928756072341,0.03599775972925132,-0.016872742502330222,0.016088432394721287,0.04048455153574796,0.029754592542078857,0.07818713433234763,0.026698065417435617,-0.02914543488580989,-0.04270026473654696,-0.02320639641511064,0.05995022903408455,0.03812928390595022,0.008321901372689134,-0.03114426221859331
802,-0.06022413602244528,-0.017685605484537695,0.0337428905098716,0.04184943058746253,-0.05413729349779431,0.0031346857925760286,0.016917191489082866,-0.028561657116817542,0.0022490151523097963,0.009163847322608483,0.00035334214846031623,-0.03761037188733022,-0.07532169471182973,0.07240106967869207,0.01275640549745076,-0.0036734962232116645,0.05874064481626101,0.031997240205063886,-0.05115091113970701,-0.0022534504379308363
803,0.02957146108535715,0.09333584666562722,0.01857634842334435,-0.05657641655295947,-0.08148799020224434,-0.024494117033967262,-0.02493170970610818,-0.046568552009216856,-0.025542052692683264,0.10008623954778204,-0.04781166670888231,0.005610114003718032,0.06900041216851094,-0.018874767017916655,-0.00018857361545761067,0.0250017117312685,0.013398824901561378,-0.014788658579393973,-0.023729999604891548,0.032952114381322395
804,0.030181104692290513,-0.019852623366097378,-0.022475815590039014,0.09023611859046565,-0.0058640595321987395,0.01042435698881159,0.04425015252208849,-0.053056255017234016,-0.10049019852148258,0.08376918536171916,0.04160291251087946,-0.026980211350077922,-0.0497703313461266,-0.07405778540887527,0.08315344136170796,0.00773570097740666,0.04791837243605521,-0.0027658843717622375,0.016259690112115418,-0.04881525406312548
805,0.09234196549602126,-0.02311694641563649,-0.045257021264640554,-0.016903584994829572,0.018357196382793168,-0.0667976989188451,-0.0649782881058229,-0.009022622204000953,0.03150056967605176,-0.0337606542995078,0.016010593694281556,0.020134317293936204,-0.043435124891905985,0.059004977088493185,-0.023556644737138623,-0.028966556172226193,-0.0117448806117839,-0.05105581412460757,0.005726221234302926,0.012071355831552968
806,-0.036636101741964106,0.0026291386620653752,-0.08820249867973402,0.016772434224494186,-0.063705586829724,0.0660179777243492,-0.04028167784792687,0.09732275377152377,-0.02463887779057177,-0.05279345553103836,0.019569565221480505,-0.04462415154083215,-0.01335073465031311,-0.038962555468294406,0.024682311629434538,0.005281886653941367,-0.00645998610652628,0.08984112487432315,-0.09330356078835757,0.06245804769543603
807,0.05494299921601576,0.05737333246322636,-0.027417415866144847,0.041743902837234975,-0.0022370648117097996,0.006966981391442948,-0.03963269118735782,-0.01984180457554088,0.013208656916856654,-0.04135508801431943,0.0409866631219604,0.006749231571541112,-0.0806400005611693,0.042233234369988853,-0.07451788438181531,0.02046950273139501,-0.011423033525664067,-0.03690244741989874,0.049290209659053466,0.0681751544959352
808,0.02654756202722759,-0.04885806308866818,-0.011133105533496413,0.00440492307991816,-0.04022873164360821,0.02478561743728428,-0.053609526333642875,-0.031172174785898673,0.04881482109001524,0.03777201235801337,-0.009065746437753435,0.019005966985800517,0.0016949107384587694,0.019884661192395053,0.09619904070380073,0.03542748541892973,-0.045441180879989586,-0.09970585276441053,0.10653588438434945,0.007531347702399123
809,-0.018472863953709347,0.03682936376184746,-0.10000111316531496,-0.019422434830451855,-0.04564167179905611,0.023095362256960888,-0.02014676071733677,-0.03757947677000493,0.03959141612938026,0.03388545259258798,0.02467215738759231,-0.003937789051022161,-0.05751816060252871,-0.006266299489881034,0.06158006164054883,-0.07594253663732098,0.026806325879688304,-0.026473113236675012,-0.08016145055903222,-0.05239662424071734
810,-0.031894560936265005,-0.028356677320700203,0.050499441267340565,0.026008889039666274,-0.020758916745875225,-0.007553124153764782,0.0024028974870151567,0.0606164091009869,0.06407234191191143,0.06633322863353308,0.0009891710952952405,0.056887530275282275,0.016747909578020217,-0.06442707826024673,0.03978273960243005,0.013735093323060344,-0.00957864887298465,-0.038547674243648,-0.004289028662029896,-0.026732799382993534
811,0.0004587606921153964,0.04972597779916019,-0.04677741562586253,-0.05516966319842398,-0.060306299287610804,0.017907007219310402,-0.023630288296236167,0.016663966509051255,-0.04918990251309767,-0.03025522185220399,-0.056547618257837724,-0.006959073816902916,-0.051710302850507144,-0.03032782602302559,-0.03862669594605335,-0.030414330986384845,0.0075881697908194105,0.06480077388694304,0.06268145641079645,0.03462367643405188
812,-0.0009306443409851419,0.050250491475213356,0.028119021513642695,-0.01111976114324494,0.021756139820218918,-0.023405810566984396,0.08311491340598867,0.029679738919112377,-0.0068607786373156366,0.0038301078492446535,-0.013464959288044418,0.04332857188326486,-0.035203438624571974,-0.036095218686013474,0.014043086564706314,0.045335715882159094,0.026856642390879024,-0.08717422900006642,-0.08792774864145823,-0.031040959274375408
813,0.011575678110684676,-0.05282157029139937,-0.039114004988568596,-0.03140910481797017,0.018818659866152325,0.03132124377012051,-0.01621930892498463,0.025959357939753173,0.0058921274219823445,-0.032566237156347766,0.021818974772502487,-0.03601582969508019,0.08185589593938078,-0.05067784669441602,-0.003958577059444749,0.02839496597693877,-0.008520280738410015,-0.003763530876119291,-0.060771058462369375,-0.022042644851503305
814,-0.01516888883733124,0.01855292616374177,-0.013183545355052255,0.0421706797813235,0.023277665661021248,-0.020406522605523173,0.022470150508862606,0.025874607427921113,-0.026570695466166985,0.03126934340274263,0.026662315695135365,0.01259176266102837,0.009602368642895423,-0.06094910869171375,0.01720006127774461,0.09506136446044956,-0.000916968726012971,-0.0011908725751932172,-0.09674317871834541,-0.022003631959148937
815,-0.04787103279050543,-0.04017689468949275,-0.056002201867368526,-0.021736290955347057,-0.04868895059167007,-0.02111848065254882,0.04722975651306515,0.028675251255512856,0.04950951849679067,0.03852655670121728,-0.05050253718415389,0.052912191475753406,-0.03740936290385696,-0.046756414345467213,-0.10316078454031859,0.03653852499902765,-0.06394821599975563,-0.016252875695805143,-0.007416165492434674,-0.006641978885231803
816,-0.004970684594285674,-0.027634992981268553,-0.022043196390654232,0.013291171553058966,-0.0031245187498206554,-0.029862273757740053,0.017807652268772078,-0.05888097438242121,0.03470855288167207,0.09586314340019213,0.002854508122578181,-0.016743373921014947,0.025181430630804892,-0.021276015998663633,-0.16352227438556077,0.002788895353357147,-0.03276902397168891,-0.031233990875902035,0.006355808288024366,0.07137764343933492
817,0.03305500749512389,-0.007240640372675387,0.018911967655316046,0.03341521215261055,0.0034679282959179793,0.12421421672706592,0.0029168166882923663,0.010313011947861307,-0.03256471635643329,-0.007803270039566931,-0.019171845675768955,-0.044424367836522,-0.01832115569483364,0.06786613386775826,-0.031119708282365526,0.006841980142942267,0.00045748622933071615,-0.08693498354570783,-0.02197116829321736,-0.032917492773512955
818,-0.0792797299350336,0.04601281639288406,-0.00825971627364153,0.08381451238965965,0.005340467751466715,0.017732316971420675,0.025513899433908253,-0.006147699112011492,-0.11437612990662552,-0.07367634369760293,0.033058414633066344,0.057995842793236344,0.01776942168743513,0.011189938485928141,-0.025151108950712243,0.004780159221942091,0.10065562802923256,0.06015684802033527,0.05211651426810804,0.002990178576509247
819,-0.006973458003727182,-0.035672189234062505,0.07867578681327735,-0.04593318122432482,-0.01548395930647704,-0.005396139562949368,-0.06857483993534924,-0.02154831568594525,0.0011195287379161388,-0.02101928251361663,-0.04236563248521003,-0.01013528863624381,-0.06386894460318729,0.03684132116234752,-0.02311282213411346,0.015258154985972588,0.031136744121723698,-0.018520663245877624,0.013941146126003666,0.10950617588752254
820,0.03203269071309561,-0.006887877726705598,0.008196403976516817,-0.03683892580783435,-0.01327700169143615,-0.02741089895637072,0.06659489957319623,-0.007470237500241593,0.003408088032610701,0.048621149512102474,-0.06931259368577833,0.05861448613819537,0.006137503285826785,0.025887159425232693,-0.03590780330351916,-0.03589619387601515,0.0709954164040862,0.002497534766964728,0.0428743961917838,-0.012545623419898143
821,0.04631231228275694,-0.015232083301792966,0.02026115906911943,-0.028873336328673196,0.05424557070401146,-0.03111992306265421,-0.04477416412014239,-0.12268171308077652,-0.010853724805645604,0.12164842957498875,0.031264974238921786,0.018777361978863403,-0.0521970338541207,-0.03243312738980673,0.01690186180635517,0.05027792525600363,0.06020888939403819,-0.03625390061318952,-0.014510922816759452,-0.010296311981832642
822,-0.04370083962410037,-0.017454362023657917,0.04015630815360047,0.04413558392398888,0.02531329782779837,0.07166756559395628,-0.02657230141739171,-0.07050432313678164,-0.07761832322939421,-0.021612417749794607,0.06998686875238891,0.11553469635206647,0.07018689804458113,-0.002195346997255816,0.11223052548062076,0.043975409392690464,0.014795990404134785,-0.027741294528506426,0.01977857662459318,0.006612333399589603
823,-0.00839412978170086,-0.01654550124951693,0.015041522148319813,0.020125155378320065,-0.05212559069909232,0.06734711185546081,0.022089585107975873,-0.0063534901837940805,0.008958031744135045,-0.018595397092971738,0.005973066814505226,-0.015431994924853393,-0.04474866773320601,0.020325175076797392,0.08163790825099229,-0.010200944358324828,0.03175887942699129,0.06329696609431057,-0.003840302060607982,-0.05578532649404239
824,-0.003979194147247126,0.03865539282670465,-0.010477951654065539,-0.008063294472509438,0.04498018117890045,-0.02376181980610815,0.03493593218992789,0.0947567642751967,0.03514958983291288,0.046410435453760376,-0.06036561943436116,0.012096591530095568,0.07163732238922409,-0.04188903688061003,-0.04457251993196501,-0.021442515237825067,-0.06683449028143465,0.006427190366592711,0.045340227554339946,-0.03751091203473877
825,-0.06336602821885713,0.005641678125017548,0.027731872547005237,0.014273616290693661,0.0034256584247118072,-0.06135825131419836,0.05994476074156418,0.06845230529934054,-0.054395018424869115,0.09048443343986275,-0.025662991245465915,0.06117672038523828,0.011698087422964677,0.030924254397551285,-0.03530710534057057,-0.02792199882630779,-0.012992139803740416,-0.07605894588761905,0.014253741879450681,-0.03529900124244277
826,0.02363195406580031,-0.02322980297957533,0.02696927792365982,0.0021916592491369054,-0.05645183092742925,0.04707751161371675,-0.010510048854905706,0.0014407383983038207,0.010164357244637644,-0.06580537951304838,-0.015370186495389447,-0.04999494540971039,0.03026909035157619,-0.028368960503250117,-0.05992906227162106,-0.0681456443148099,0.010406836785280963,-0.0712141648338683,-0.040642928471082404,-0.0018128914960778156
827,-0.11420489663413277,-0.01103999596764117,-0.006311034611919112,-0.000163032389648277,0.018225101275595804,0.0035221148003827542,0.023999191476808897,0.028512055839531043,-0.03247833477124979,0.024151978930492014,0.0054362266451712035,-0.04573300645554025,-0.01651582143744598,-0.005990069289063591,0.03285655684563932,0.005504332509685771,0.07227491125555949,-0.06447542298802919,0.03861391255688579,-0.08174827417226005
828,-0.023558691955813664,-0.01632903457342883,-0.03656279834417029,0.02535185536034452,0.004031187209408892,0.0072402621210969275,0.03909719088328785,0.011542046029378491,-0.019534909153946407,0.008508707635116549,0.038493723537116366,-0.014700016317761027,0.01260024780765679,-0.025042469129747884,-0.010969219697559839,-0.007249886922803006,0.012899342820074837,-0.030146404017558803,-0.007830960506146626,-0.054274046052469396
829,0.002157348578247088,0.08363948015989708,0.006836640423527684,-0.02207022229344781,-0.020605670633006144,0.053435505510170636,0.0743428091293604,-0.0032879810701540563,0.0361999972989541,0.04894514935749592,0.029487940887243467,-0.006821883740767145,-0.003316505930174984,0.00904287018991252,0.028954641166539147,0.09087113132795084,0.04342850431964865,-0.0534003900008831,-0.06723832264261075,0.0026775629220370067
830,-0.01671664402402289,0.0509579770029922,-0.005723307036977604,0.005367852114371887,-0.01304212398741927,0.04870968250415434,-0.05806836078284692,0.010045167781868581,0.027479581860424606,0.04460335432272422,0.03629982254448567,-0.012949296269454945,0.007620553939954703,-0.12722181000753743,-0.031162466423022298,0.009986472642276957,-0.08637642166629923,-0.016625371492568753,-0.02887339873739989,-0.05355672239651999
831,0.006348821818428087,-0.011383687535994131,0.0685258998751781,0.08229657945651972,-0.022191478781028597,0.00605217293152427,-0.000208109327313676,-0.0699087728344817,-0.04544957945232558,-0.04355990013017726,0.004090316942079042,0.0021952945929976644,0.07014246351213653,-0.04897126434580774,-0.032697231504074865,-0.03206173514795432,0.04151797071587306,-0.08721531481183334,0.007238103071988401,0.02080906395216433
832,-0.045358802510275804,0.01649747333755014,0.011590903931304892,-0.03520776357159831,-0.06726804276946892,-0.02704017657235384,-0.04290135376844192,0.004588960697989447,0.050692725242263426,-0.0752365292818436,-0.06782413757535091,-0.004807978028392027,-0.014962494234467631,-0.031165168235817005,-0.03745974829052285,-0.03555171152993376,-0.04106381661617536,0.014446048525376566,-0.009858551775807797,0.044372920066528085
833,0.08189375890288562,0.02635169573759191,-0.012478784251387234,0.011751766710743784,0.012609514516507134,-0.07613511572594193,0.02454169411797022,0.06138490898601688,-0.023258841950627145,0.04292449498426223,-0.04318908912814583,0.03282919800879098,0.12098962491519404,-0.0538414256414856,-0.0862372945844551,0.01746400684851103,-0.061718410071735716,-0.01480069860291973,0.006394273274580683,-0.007386823260518296
834,-0.03132387911650112,0.006559023093275036,0.05648945970364102,-0.02056794514182405,-0.0008038516855663951,0.056859204242102244,0.057872021947236826,0.015101700164320152,0.05917710872746161,-0.00029307624858330577,0.07015898103689756,-0.03705160134589143,-0.010160305621003894,0.06953907320187272,0.03076817536558624,0.02591906988791626,-0.09666435916788127,0.10681910571454466,0.03733281620641716,-0.02995123527975908
835,0.05175210702723845,-0.025804470168846107,-0.012063394722882832,-0.018813953530295854,0.012697049638917955,0.06566388149601741,0.03461353688488785,0.0038280816975104852,0.022275627971897423,0.05581797746878945,0.00726013005269817,0.027639094628425086,-0.02000815022204557,-0.02606503572282557,-0.000707782068777775,-0.06765826422988888,-0.03621118684664017,0.035527395493116995,-0.013897983546503102,0.01649427497000042
836,-0.04135628666118416,-0.01495783164080902,0.025789806472627373,-0.01571091628880989,0.033757736882330046,-0.044875588867676536,-0.0023214329680160237,-0.043696319806147785,0.019485189678520542,-0.005083887355825203,-0.03103605821179712,0.04485631081272205,-0.005338323853498458,-0.04885302407554928,0.0768202748341385,0.026775788190621614,-0.04704737824188712,-0.05180112998801071,-0.020123092323339652,0.036985359128061425
837,0.032515401180732276,0.08190754648936666,0.04808074739176412,0.08007019822219251,-0.06468896529391809,-0.050872486092022155,0.021860890523930598,0.08423852979247891,0.03605612160779152,0.051164332452126156,-0.014768224225014578,-0.02468792787713267,0.007344168295513223,-0.015592541357360618,-0.012424693705848635,-0.016575875901410582,0.028461563585437256,0.022815535459448786,-0.04989652765863724,-0.012720384852903934
838,0.024688456791152415,-0.04301099831394391,0.0029776187830329566,0.014317596742729824,-0.04434660267908613,-0.008937177437082826,0.010737927755704799,-0.031948870727619164,0.07614602439459879,0.0036282448504248105,0.038591688484338416,-0.043887433172969004,0.003577689940769053,0.049035260510962915,0.03323430689114034,-0.0019517307975845549,-0.0006240714118757267,-0.008460026775965544,-0.042445599701583764,-0.040797727508378887
839,-0.013695248628886977,0.021939073283363086,-0.12149866450112577,-0.03464068741576217,-0.041620149510560686,-0.09932533426053886,0.06907251630607894,-0.09848488772180614,0.013112748015902747,0.017427347447675205,-0.061515274369242014,-0.014976950517073321,-0.035549142905312824,0.009393920487466333,0.005693424606340604,-0.022910462991960968,0.027949009249516613,-0.02546201471897632,-0.007029195312457921,-0.021289429764864212
840,-0.011471192713748968,-0.01847911637160866,0.027524282768189877,-0.013072912265319583,-0.014123136469883847,-0.02715544827097502,-0.017166683320976962,0.03151993073077704,0.0255241897149114,-0.0704616424330654,0.05253366105533529,-0.06543780242670724,0.039354600051284876,-0.05058012802897202,0.05517983945557357,-0.00552274626376916,-0.03931950582601104,-0.032532568826198045,0.0030995084304288913,-0.03513916271175594
841,-0.04600743590283563,0.00023912249473672387,-0.05055386782641075,0.029116807077458923,-0.022477524067588225,0.03650995921568608,-0.06273557663338414,0.0560068939315755,0.016575779434264026,-0.0030400085851230866,0.05257727030842768,-0.0016150844155817944,-0.042533335653457245,0.02560361733954237,-0.0146758058325753,0.004053495940312636,-0.0008893206921443042,0.04890341110436094,-0.048058627853938406,-0.05887937108387504
842,0.06806456206573042,0.0424091028086804,-0.005045231814401628,-0.06643700637968328,0.01795864687927532,-0.010406069290977005,0.002801681099744941,0.053189953337263285,0.01862866281612186,0.02825511242811167,0.03635191760388208,0.03823217518165125,-0.040325711168088266,-0.015648987763796408,-0.010023326887684697,0.017214313595985086,-0.0234179515527433,-0.024659397386161266,-0.06892569019823905,-0.006362126651929588
843,0.031189793652199815,-0.012767355562564264,0.03141316371882614,0.10778630333066788,-0.0420737530559873,0.05955212946837142,-0.012061581234807365,-0.04035513637606793,0.0020896246656433963,0.05828521008701156,-0.0296818497208418,-0.028155737551502438,0.011604623471664703,0.031186967382860715,-0.0030119899640949944,0.014776957551351163,0.029200706269889076,-0.024730597578627347,0.04930820980937561,0.008250506995362868
844,0.02226486066183501,0.013593719087316141,0.056670370453568576,0.08970013395559058,0.06703267340501073,0.009697079379374824,0.0017429378248560363,0.006086997146904953,-0.010319772947018867,-0.0450472738118379,-0.018918977844474636,0.02214278341096719,0.016722863480316628,0.033814895211782006,-0.020520882317195878,-0.018521571227148443,-0.0602862656902161,-0.03869344822815152,-0.0624356993974186,0.08240095532940636
845,-0.05104094947736059,-0.08057301944213391,0.005923385810603263,0.027696035391358544,-0.012704349260749655,0.043803796829976274,0.025873884190050475,-0.026559938839339183,-0.05037153249564528,0.012711024426206433,-0.014814219946805342,-0.0020652221577200846,-0.061147883397477606,-0.06142845733812995,-0.027643285821193086,0.001786886889605823,0.02159324661692285,-0.044152858277661286,-0.03375002963404289,-0.08247554594380464
846,0.10550834369756379,-0.03684240550831814,-0.03267609004521648,0.07011838729419471,0.047700122622944915,-0.008834812936085637,0.04697341490710419,-0.07287076615936329,-0.06437326555538013,-0.02028682560032446,0.038159659678108276,-0.04248266179470968,0.04522501585053958,0.004419634448673971,0.0011904575440027125,-0.011409239801598274,-0.02254184926320391,0.04205275136715432,0.02163927682058491,-0.017534569367593414
847,0.05690141416983631,0.015574043269904319,0.053684362084044736,-0.026714054289099218,0.05005523837154478,-0.016275323882484503,0.04889478835863186,0.01962145401203505,0.04378362732369188,-0.043811916157013145,-0.04176268847065814,0.015412139381205028,0.08805297983767407,-0.02726563051207908,0.015854267003635434,-0.023231498183886836,0.10006335969851772,-0.06836221256813407,-0.052116485418656995,0.012051279581964374
848,0.035711819978109356,-0.018136161635315763,0.07402227942720527,-0.012594897396888032,-0.004707651056876455,0.012652293492011918,0.006291627073963205,0.008140710000331694,0.007371250479247144,0.05280890092080941,-0.0024134408280336687,0.0700162023075423,-0.055925726196380546,-0.07740871553103224,-0.08018731681260256,0.06588932556467958,0.034111527168752966,0.03605649632899597,-0.031539734247521975,0.05536821485904403
849,-0.004394909113175814,0.06049173374437495,0.05981865722803424,0.01200915012933549,0.03224763832224657,-0.04417708053265097,-0.008192097397970596,-0.054083375074430964,0.0002451236747158194,-0.03732944111957992,-0.061038255986526506,0.017426836915605363,-0.03406533909770991,0.08243084092096402,-0.0008428613068840234,-0.0019586593679044428,-0.03395259614177719,0.020430115516695834,0.028936363441557193,0.08778906366977209
850,-0.024158230774179747,0.03883475746941248,0.051672822143040045,0.006582976164099947,0.05336574652423458,-0.024915815460043123,0.02876889956710326,-0.025151574067562653,-0.02061185003231217,0.037122042004993513,-0.031132953294520333,0.06412216015075611,-0.01967903525456321,-0.03183461722607104,0.034868777082885334,-0.017513223902465014,0.02382148127099886,0.03125758436748644,0.038166790464475554,-0.030723429510528536
851,0.025144383283941255,-0.047078954973253435,0.04791203652577042,0.053352399729518676,0.02681354053441523,-0.019558382334132148,-0.03994731303809726,-0.0030226550331865078,0.006360456281464828,0.009140091111156878,-0.006746868274240319,0.058806416829108,-0.03934031169739725,-0.03237114652872299,-0.04967298304203536,-0.06988220100708453,7.667581834445052e-05,-0.054661438357796834,0.02662667151027297,-0.03495244477414538
852,-0.005920233797830242,-0.02128383847210624,-0.05353994769997773,-0.09644968839046116,0.025917992741516915,-0.017976333026098808,-0.03695268888944839,0.023340979647063657,-0.009857502777439688,0.020283795383331887,-0.007460454117339247,-0.048902612535682635,-0.00864907889152306,-0.046666830893844054,-0.03485287157069228,0.017817911711690136,0.05840135327617984,-0.05721035112769455,0.014069862779311349,-0.004692589528737338
853,-0.0012458106802434009,0.0695454920162182,0.020164955110635166,0.025514423166216986,-0.035748458923653824,-0.040705547750664595,-0.014344453761283966,-0.00018171459491862722,0.06697516287208079,0.019740051041051972,0.008216801011447946,-0.0333609146783867,0.055560268540296505,0.052886930714516264,-0.02816521349210653,-0.028137760803118562,-0.01193892666905941,-0.017036852244896494,-0.0008048987650805115,0.010440366428400537
854,-0.03473938024697637,0.030958986950874595,0.08189810340173262,-0.0312919734934915,-0.050710845479038064,-0.03723909557752482,0.0049289992654945524,-0.0684850383098601,0.05840414751142609,-0.044961974846724366,-0.008403249285767094,0.055901449852330566,-0.005669800731780599,-0.01676821971040787,-0.03502258830393206,0.029291713771488263,-0.023499911438082475,0.046130450124210125,-0.02071599484609878,-0.004562711423423087
855,-0.07693353425744948,-0.02738546046806598,0.027857692814618768,-0.00762166254779314,-0.08629907595305568,-0.012335177574341277,0.002351863004525907,0.020477893477653095,0.004037609870343034,0.04461440939719549,-0.0282986163895413,0.05355623313391026,-0.016740131660592635,-0.005019460102535392,0.04658260925187322,-0.05557116726522191,-0.014594627512290613,-0.005172651167488782,-0.03649793777527267,-0.006294645934393924
856,-0.013153366986577226,0.03193531465772569,-0.06480845447775677,0.044588480397518726,0.012008771814899614,-0.005365639932974777,-0.08047635984380834,-0.013225613187545778,0.021165601967321902,0.08705052922742504,-0.057825782991265215,0.03181881897515157,-0.08383990777318956,0.021051443496897297,-0.0158441031211458,0.008909451264612712,0.05933231891488508,-0.04765152479456809,-0.002768398916601851,0.06475349669361613
857,0.06287618999475375,0.0685348237694198,-0.023642951513767684,-0.017530710162529165,-0.021370021196489255,0.04002045011526454,-0.03128745335308903,0.027456793699288756,0.07565499990689938,0.08010302112952489,0.04150256618411849,0.0011856099893366367,-0.021757912034022255,0.0013978952175495386,-0.0009999469957246722,-0.07153940909641794,-0.006637673824739201,0.024742479158005537,-0.016927103590305765,-0.07115413165147023
858,0.045917107545105196,0.022116662783831273,0.011793966671999346,0.06663092013945653,0.04592422322556896,-0.026940060008147165,-0.007123749932094522,0.02152761148457315,0.022147059364420674,-0.032747268764066965,0.04301873892657719,0.017659317516838153,0.025381183587139592,-0.04781773008160549,0.03882243700601647,0.036104588884088254,0.07549337521751529,0.04866683728758462,0.11859213563633292,-0.002868789914192824
859,-0.063266292573795,-0.05995306567172235,-0.024530521074110138,-0.06641521885971023,0.04243354342260409,-0.04773802065146158,-0.03466217378660403,0.02570960367837347,0.008969954347061996,0.006528823363875576,-0.08651164347996167,0.060486747249897305,-0.054049764355569685,-0.017182256105591553,0.05481551721529338,-0.1009707685954807,-0.009798969814017872,-0.07791640177041648,-0.07627408591711374,0.016049066826857222
860,-0.01613925035077456,0.06448767202331017,-0.05572058204701894,0.08123611621830516,0.03114090244060717,-0.055181025751193914,0.011932151849182865,-0.04852150605667325,-0.10155786065769395,0.01703179707743755,0.0809209223639068,0.0163295364559837,-0.016339729950800207,0.11448088343857345,0.12713697150408942,-0.07741411111861318,-0.05093493295534698,0.044465299935148944,0.012653980647000178,-0.011576846891910242
861,-0.018405991118746346,0.04121214701933784,-0.020987612011316766,-0.011241122276557075,0.039621897724771066,-0.02236176566921977,-0.07074663344140075,0.005405954852773941,0.0720034749244946,-0.045891973283644805,0.09716093216973627,-0.048174541029313185,0.02918101305165052,-0.018066882914402574,0.018017965733244566,-0.010363387628305505,0.0053302092770130035,0.07384819484788155,0.030678307758448767,-0.06456277877930428
862,0.03783655278940925,-0.07209242879007784,0.026302313505764018,0.029290549113963,-0.02336696538225514,-0.019751737063149387,0.06684948695632892,-0.00327940877952067,-0.05781775975733091,0.013948451585816785,0.0325626752341659,-0.0007669137381639146,-0.018702512793022333,0.09498479292794706,-0.01202922875797218,-0.05879695420809233,0.03432368536192299,0.0025369797290376458,0.012527789675332628,0.04663016919683355
863,-0.058712679144719476,-0.04359651993242023,0.051730169311589275,-0.05611112390995233,-0.0379867892749749,-0.05581263407337181,-0.012009013934165005,-0.012566034849919076,-0.07661699968482354,-0.011085886114649229,-0.022868262070841517,-0.0583310737817199,0.011217909862655827,-0.07429437687966962,-0.03520573959903071,0.11519749343832135,0.003684902509101969,-0.023380598267499778,0.06188670074734898,-0.02507233473551597
864,-0.020612204415745478,-0.06990446881007266,0.0938704676091704,-0.10885829068288763,-0.0687792500140626,0.05278192583655936,-0.049108611853273955,0.03033858426990965,0.06488989547710063,-0.056474543730168046,0.0033386320519374585,-0.003278789390230668,0.0768950909472876,-0.018965859408989167,-0.014407037346194527,0.04800726890903972,0.004218790949732573,-0.01678468995658182,-0.01939383372147323,0.040611075837815785
865,0.034148786545777396,0.011168839561614826,-0.09834863659751282,-0.012979854107794944,-0.040197449094385745,-0.04576883711250722,0.011298902904783456,-0.07632586877026896,-0.014959584095164782,-0.0020252454064731114,0.0501491389239777,-0.00035541627445333387,0.07121705050299162,-0.02205629272492166,-0.018989475095508312,-0.01567934220572621,0.10697807047981225,0.043285584260429416,-0.029735313623134654,-0.0146306358598164
866,-0.0016538139050477929,-0.04940034552556264,-0.002779902960931265,0.09892101298930012,-0.006861160773832445,-0.014184968167719372,0.04270329060708015,0.009221894857742961,-0.06103158370908333,-0.07419219289024419,0.04609234026449966,-0.04771516938743079,-0.04546030040580411,0.06418174112349564,-0.044731198767364415,0.056975300714609524,0.042402621680837436,-0.004423787777795553,0.07435011554172555,0.0179450541524413
867,-0.02210150397659935,-0.04574073503340399,0.01245890343944282,0.060349427636661485,0.06355339969589668,-0.06742277594025138,0.03915465513992674,0.02860414036860362,0.03830810975022427,-0.012467346762027357,-0.0951337588398773,-0.0010773083510601052,-0.015074462240831758,-0.0972796931390302,-0.007197143314415052,-0.06643533963748409,0.05496249831780471,0.009035780750907108,-0.07254783909711304,0.00569444695349123
868,0.027862254693755584,0.05653126495007059,0.07203687373217715,0.015873842086364612,0.012896781743471296,-0.06489851859859266,-0.03239694892643833,0.08665904336544178,-0.042822978624123265,-0.028888258470841786,-0.08253120911561738,-0.020064285317631703,0.04516209953507535,-0.053014055340661594,0.035382149064330196,0.004018926084535159,0.091571829624233,-0.004981130703780756,-0.03582426384530179,-0.020003247040825428
869,0.06585583972234375,0.021064864733937424,0.07496316003860791,0.06144854002640966,-0.07683071054870613,-0.0685766860447394,-0.08133070011063327,-0.025615350255367427,-0.036803575477363445,0.02159492631444515,0.03882364925237834,-0.03294061455660571,-0.046720101721186444,0.005225007366956299,-0.019560319447173034,-0.027191299627154365,0.07592331923061775,-0.018286277990238256,-0.00027823854555935923,0.03458182887489489
870,-0.009767509497140343,-0.0860061583277553,-0.0606228201965047,0.042747469159760416,-0.01856482381514115,-0.006897030124549438,0.008012311074688612,-0.03163443594238262,0.03421265430404314,0.011636129137793647,0.052686137140845093,0.001579076481474699,0.029516485691693465,0.05408961211252756,-0.00663141480879011,0.017125186410593633,0.007593275142525202,-0.006156100638193074,-0.022512313071640783,0.015532345148748091
871,-0.02106592552250174,0.11746057175476586,-0.07211832383267294,-0.03274461075885953,-0.04600788301985326,-0.02084539189354973,-0.09474928494458183,-0.01981998131957954,0.01474061295465216,-0.038130254173742543,0.09443976625473526,-0.02101262255238021,0.036302413769092316,0.008115668576462265,0.040374389779179294,-0.03823183814221144,-0.022577913930484587,0.020454904995167177,0.011383885062799734,0.021716342843676403
872,-0.054259684081374694,0.08427019911742356,0.015390332646426537,0.004966833627764313,-0.01094369662315862,0.046484881234981214,-0.0005545473631347022,-0.016280282347078717,-0.04219467353430795,-0.029746829068711483,0.0006427204988409478,-0.03345436879979166,0.005707491244757478,0.06263885239561304,-0.004713593429587135,0.09638972771124324,-0.04516288786701892,-0.040232823910110335,0.004051915923541764,0.05352083096014671
873,-0.01809139624507897,-0.09532391868608364,0.008661391752762562,0.01980194872288787,0.0377796979713337,0.025799311436549805,0.09261870213230745,-0.0056752895373468806,-7.51657408149765e-05,-0.04489865345599054,-0.025292059970728736,0.04243640104532981,0.015831931234622554,0.0023823442715305543,0.04661668898020769,-0.06261349283567288,0.011021276244471127,0.027191877057966718,-0.016705228521514456,0.02265085925176658
874,-0.010934497793526501,-0.0032343767508916264,-0.026724785381022402,0.09979326445111222,-0.08015376053679543,-0.011327642436454878,0.03382770392428559,0.027175627709295935,-0.03663184300217153,-0.03728443888838372,0.04276431752313545,-0.025384128575716168,0.04533130952454463,-0.013818320584710712,-0.034615269861194814,-0.04888293510502044,-0.07704946577933199,-0.01757495881800984,-0.011061466155939535,0.009464548556100735
875,-0.021711907675082458,0.014065150671199343,-0.03796536541276534,-0.08886491190054867,-0.031749275274058006,0.005859529197493535,-0.026460301187864802,-0.04371442155269549,0.03178710616699841,-0.05515228092571846,0.06411920211254618,-0.01621995591611552,-0.0346471818813037,-0.006322114192361815,0.0004321336358175517,0.03183656212710542,-0.06856541884533221,-0.042502724657558485,-0.06616895975492663,-0.010123817280699382
876,0.017973547980392187,-0.030614612187243855,-0.04432320291350042,0.0041798074001309915,-0.0012332837371687318,-0.03638402205278196,0.009218292099095672,0.010464395117013985,-0.08902735065625242,0.043401159401659235,0.06548398858659978,0.01616641904266102,-0.01379446133335469,-0.035456977099660565,0.02531977217143729,0.03363395393762892,-0.035177178123102525,-0.032627641223494847,0.12499981757912232,0.01069332148273687
877,-0.02163067949807182,-0.06125393404192144,0.0021813399978430664,0.02167443656375874,-0.00036862937491230464,-0.023749912677238437,-0.019438364285792955,0.07270467982998713,0.017865263514304043,-0.005554061072207937,0.08209909133473627,-0.031889761188505186,0.06571028972655045,0.010333732284723056,0.007156926903260069,-0.020097117079700175,0.08093053471630253,0.01429007262555312,-0.01609272446278441,0.011336161307716907
878,0.0038045079421922664,0.08251090154355138,0.07109967393933316,-0.0006287948148403032,0.02325609067599884,-0.029841131289625063,-0.07087230829433293,0.023895401582972497,0.09592400014499225,-0.05171737129671575,-0.022845185569321098,-0.06544168090184378,0.012609579156848306,-0.04926194530176332,0.03517340370809298,0.060423490603438997,-0.001162160792970023,0.12974741393743427,-0.014356758307273135,-0.004215637661373163
879,0.04420967741702827,0.01992108168758537,0.027526110349491758,0.060494547374064345,0.013277735586992488,-0.028292621698441312,-0.026335902962611183,0.05672756452913216,0.0013392721842237678,-0.02170569772678442,0.04392634799432131,0.009575352232088793,-0.04811649371691666,-0.016557362408337634,-0.019593106316566987,0.029398608220645862,-0.06154560339097942,-0.02057969512658922,0.051868432405710874,0.007303334356841872
880,0.012499561968209012,0.01930110132580006,0.029111308057921444,-0.054511601075364374,0.012161739772578742,-0.05751340109926752,0.016640936049273223,-0.10669160372465009,-0.001821158936324367,-0.012649876660954218,0.015607691010132289,0.05510028356456079,-0.027047253746886657,-0.00399573354290781,-0.006233576540904836,-0.001103887288180288,0.0007014173744185572,-0.06359858392890241,0.0569672212615184,-0.08186748902261777
881,-0.048434796018141386,-0.04758493463188412,-0.030154330855686185,0.015461919328326568,-0.002672055298908439,0.006678391512677823,-0.039486964149823084,0.026768713283396882,0.03214620439341518,0.009812157720210815,-0.023800488446898478,-0.0032407689206501553,-0.022192599390306118,-0.012864595097855378,-0.008061362801986787,0.005161755204367081,-0.047004725647399236,0.05997268875228499,-0.022437526625120583,0.02068414856161261
882,0.03654537462890063,0.06266302321585346,0.04250692031298057,-0.03222790773107161,-0.02693704886508304,-0.014355559457854616,-0.10165844957649693,0.015794600253887892,-0.04327950693141208,0.02642638421292068,0.018757388364100583,0.06501183159122628,-0.03758493741302066,0.06763029330854874,-4.9398249806342004e-05,0.014224608434687477,0.12047188670484259,-0.013221688764478766,0.01816843588534393,0.04318701995790572
883,0.01143999146791049,0.09518512375111371,0.008522670283273257,0.004322972295724062,0.007313507839963407,-0.04937104249612135,-0.07311969658929449,0.039162717367796265,-0.05251704506673218,0.046418308346857604,-0.03440944417656925,-0.07210167699032138,0.0115230875660101,0.009340176853603164,0.01286457296931814,0.045546007541847525,-0.0771857858120934,-0.00784566071380031,0.0043613250117929955,0.020002468528505776
884,-0.008351251144732147,-0.058189387041193696,0.024122340068157885,0.10770315176735457,-0.0032182930225871237,0.02397078365595492,-0.012128720229443234,-0.045062245005504285,-0.048060296393345935,0.015306238718247857,-0.006953708263209754,0.032753300153887374,-0.003697832307144199,-0.045793787360402904,0.049503990602777166,0.002525147706286292,-0.0036049922935955866,-0.03024690006641468,-0.007444275889930477,-0.027446660604950275
885,0.0001664366785758517,-0.03162401901537378,0.05023788286973587,0.01978833253230179,-0.07096937252423423,-0.06317294318284407,-0.0030149969929619725,-0.06023112463598575,-0.06349676239366506,-0.0009499448431608479,-0.014051655911083625,-0.07078126498187666,-0.003000429885122214,-0.00698680423675393,0.03947704786222028,-0.025173097589020484,0.04129087577241424,0.01882803918096922,-0.024997183334416542,-0.017313780844120674
886,0.0512572690286049,-0.0018231181932304031,-0.11077687967346267,0.04384541550833665,-0.0280276032549458,0.01843904565486075,-0.020309785272894187,0.031313005203246154,-0.0163509312186305,0.018406251454662795,-0.0926040643019231,-0.05692372984219892,0.03832176909357909,-0.08549739391343833,0.028368939327220708,0.027859421769686744,-0.032953094839139926,0.01400314678421629,0.0407988446065941,0.03458542974678675
887,-0.047073681285784874,0.018697608760077693,-0.06416869827080982,0.06049602084257882,0.03408134691389149,0.04607163466416391,0.061400586874878295,-0.021397391544566696,-0.04111926446970196,-0.007649877740065838,0.033926553509168025,0.0026797972313291735,-0.0037386840207851188,-0.0968587090339376,-0.093859285167674,0.05042866885890224,-0.005385322714437298,0.09936128114014547,-0.06226921190260222,-0.043773513201992235
888,-0.052144801746482845,0.0030164031964683984,0.09550358101496108,0.02298175229752332,-0.07861838075637353,0.03966736049861837,-0.06922940162245782,0.04212624456798776,-0.010966827255606892,-0.06576992721941591,0.023718740998305694,-0.02180991773069274,0.0004990878176782809,-0.06720037395431265,0.036532314452168785,0.042277522224472244,0.04599180813116935,0.020920620982035093,0.042555140358659836,0.01889709522556305
889,0.027678616065071916,0.07568318094001579,0.01249103360607485,-0.017340347131469393,-0.05907849978477562,-0.07304415050314747,0.03859749363182736,0.04184121363608172,-0.0918628140217244,0.07536239962884925,-0.015516192216519387,-0.05453157142925219,-0.03656491457478919,0.004395913846792926,-0.05662329311788441,0.07926258033444475,-0.007165429171935309,-0.0076845429966646865,-0.09304325230330444,0.002209095217626676
890,0.015962159143412865,0.012242150907843141,0.087169266677717,-0.00602583994740603,0.0842588364255954,-0.012118388508542174,-0.03500391465857143,0.011723130097323049,-0.003165028609352325,-0.030124065638376153,-0.10510155049312696,0.044676089696497556,0.020651133586971442,0.011166905694054402,0.03717501269209961,0.00099189558568703,-0.026848000949721583,-0.010831591687775935,0.07581819542531862,-0.08010581201292029
891,0.016560719555618598,0.09527621291683472,0.021197927222579863,0.04118071317426664,-0.055994762139140175,-0.014838193424849365,-0.04235032285690377,-0.06836877672134617,-0.04529326578621775,0.035900294718113485,-0.02686558373202151,-0.022064487012454347,0.010562539698483621,-0.10938004081311677,0.00881564473109785,0.026106638698041404,-0.04283180174098471,0.019028779286701263,0.05880892341077873,0.027395077575411046
892,-0.025881782374591364,-0.015101313177912665,-0.007118070789748445,0.0021540942033268875,-0.03737734736040111,-0.04362073159656051,0.07901808042520107,-0.016581713213015242,-0.008454190344070613,-0.02443077407210636,-0.02986353242184657,0.05397099871103484,0.004825516974112632,-0.027570139901742976,-0.04874090495581701,0.011496866644430736,-0.024620648542544574,-0.024746243583671924,-0.008602336689541443,0.035784632772745156
893,0.046029743355816166,0.07292238364837193,0.014625169267738436,-0.027803674959906172,-0.02902302857491851,0.022878034966699923,0.03142461552793564,-0.03015812941431501,-0.04380288547930419,0.05419616235731751,0.05239543822192402,0.05674406964518918,-0.07528793303148816,-0.05781424688705959,0.08084662286041602,-0.08159124547219603,0.07728193072881194,-0.020682032227776814,-0.008580563206164607,-0.0005257545098818087
894,0.005100573941068974,-0.06743493426170638,-0.0361280372640054,-0.016667522280775934,0.01615768941907931,0.022614306547025474,-0.03478064897729795,0.010084220576284044,0.06977187443692766,-0.023709322758522288,0.0077269798557963775,-0.03511131575288489,-0.05193351683207702,-0.051318074546315415,0.01804684313216414,0.04615208693701377,0.07995862897200921,-0.016096123701144893,0.03783483910830178,0.013391675183995557
895,-0.026495263021673113,0.010393477169319291,0.02783242408061992,0.009422501946162789,-0.032099180917037715,-0.002396848044391722,-0.028254343594119633,0.005648537476072807,-0.030283374002200294,0.02358163336296029,-0.06932384785787138,0.017102703524069063,-0.007164984109305735,-0.09612347563493209,0.04639082007331633,-0.021201115594614982,0.0040782815357794005,0.04395134438954283,0.06903550858434135,-0.06177309130103567
896,-0.03528686128818753,-0.004798193283970895,-0.025725171564867675,0.03771114431544627,-0.0009902698974174776,0.012324500187097187,-0.013212955119616475,0.06610949241980302,-0.0014035686961336342,0.008016889229198451,0.036157397248055244,-0.01599799664911782,0.01915268071314705,0.0028970942106676797,0.06791019438467294,0.04575203086330147,-0.031036365838968825,-0.008706701804656103,0.09627779857422888,0.0006007612121491911
897,-0.0763727219311934,0.00842377412745979,-0.05507375846095002,-0.024054834143578695,0.03220359545787264,-0.015832372157653738,0.004328316662811834,0.02414617904099062,0.02091193880698573,0.068540754139537,-0.003279006364623155,-0.035217184324711534,-0.03909416464365221,0.07258394442583317,-0.05492582098847397,-0.09056845795660097,0.07328097922419298,0.08755726116515644,0.010700027016098328,0.0190468294596126
898,0.08883951445332165,-0.005727680212353683,-0.047917962540954276,0.038418133354723584,0.011410965860957644,-0.041432465067324765,0.021369288209024825,-0.0362796882704537,0.033573682869219655,0.0037546030219161967,0.0004989179087770172,0.01385081450434929,0.029948197233223867,0.04575469782323962,0.07452515740429717,-0.008602837565904478,-0.01161515129810434,0.04171198644466753,0.0021147029723821,-0.0747717633293325
899,-0.026926796101454334,0.010681493993993294,-0.015055224132121962,-0.047923107312491824,-0.08112045287722845,0.06692928102508569,-0.0397839447984861,-0.016604766661706297,-0.02039607284145329,0.0346893689968506,0.045372011232806264,0.05077188897328687,0.016267188516237596,-0.007020473893263077,0.07030749893418559,0.02245756937568474,-0.10766192759770557,0.023788744044760023,0.03065058774517271,0.012611614535757387
900,0.03969882185888425,-0.1183345112993486,-0.07271923147725382,-0.026895818761673834,0.026547665486344817,-0.023419297227959997,-0.012295160306663408,-0.02950857802208498,-0.035621830402684525,-0.017481437240502752,-0.025909018319861483,0.09537735317376286,-0.006044637010317191,0.08303111197713253,-0.05840261647465912,0.011768927784026148,0.036961099496116936,0.018073283496371516,-0.0010707568994669074,-0.04287020557480897
901,-0.010059337235668634,-0.039218473776251164,-0.03500528991648903,0.021365424573514022,0.02143108272588757,0.01632604701926198,-0.06984218631269917,-0.024331889157261904,0.09569305737874195,-0.0944182537685314,-0.006519040278419297,-0.07601932885434236,-0.056195804774870094,-0.07495272670964978,0.042296263795424574,0.013259754053400578,0.01857083757685086,0.009928000710936516,-0.06082693076368188,-0.020470209007085443
902,-0.018795865093427278,0.02313423035090036,-0.06255339130840977,-0.01739150915397309,-0.011691737024753374,0.04430576893736718,0.025409002122174267,-0.012235990945396548,-0.09452534400339732,0.0319001755396214,-0.03178439252116676,0.044611491688478305,-0.018363838316334775,0.011138125151669473,-0.004999414710999383,0.08022854973356762,-0.04140562857299945,-0.0383147330264737,0.048231669444288125,0.03578410107520282
903,0.03527628119905765,0.006029373298568399,-0.02046224984475243,0.025162806369745536,0.04592591120364041,0.022258945490198696,-0.05584379906311866,0.049506142451739,0.01817626134084172,0.05186993599602952,0.028728058049035988,-0.013562529689977197,0.04698852092741271,-0.025405595885413516,-0.012986419835278302,0.05609227179726584,-0.030457977173455133,0.013942758428765923,0.04257285979788716,0.02882996774010336
904,-0.023104871902751914,-0.04731684154353813,0.02654489952246839,-0.04413128023650994,0.026407326130024594,0.011581141429876575,-0.011982974058606884,0.0014192833354011467,0.06455089644797173,-0.05513963439816148,0.08771235797758065,-0.025316257665277894,0.03839789042752415,0.06632743417443532,0.012416741744485026,-0.0019570871076087714,-0.014874464522157071,0.057497108827030796,-0.02736847187429309,-0.06032957650393941
905,-0.04631326151493377,0.04995439807370219,-0.02410111653429868,0.040073170739210816,0.05433843967508442,-0.05178757731703083,0.05880098593721018,0.051398236973312646,-0.04883900462419433,-0.025781346479156395,0.016877164857999855,-0.03466528130824767,0.02448266419331644,-0.04799414747222357,0.00892876413635875,-0.0724500280004732,0.03331678761231309,0.022856195750111812,-0.023484961868984574,0.03238178849747418
906,0.07310125042706772,0.039769056957953505,0.023115083986125814,0.03218646604707923,-0.09342668024210876,0.012330996157970753,-0.017232399814868817,0.03980762591537381,0.04747121279888485,0.00905900164242694,-0.0010193307478435442,-0.03908310577348579,0.020992498789733843,-0.028329330851951773,0.008338680527909067,-0.012581409549883174,0.05408029706628459,-0.003563131447312651,0.01086409426101028,-0.02116069144492629
907,-0.09046752786197053,0.007343281866563534,0.0090220143227608,0.037681846397442,0.038330882796786675,0.04206692646686075,-0.04551212908150017,0.009084911086734758,0.06424119560256178,0.003120762862483335,-0.011651969135336804,-0.022276056238999795,0.0019487005317540057,0.017336673902114276,-0.13858640058887606,0.11682320309223815,-0.07063192114781094,0.03820051541724976,0.01405868064422917,0.01831144795749485
908,0.050385106313291295,-0.01950445724806344,-0.040387308796198035,-0.015229653880239606,-0.07807164221833501,0.013266666216085809,0.03485532189219281,-0.048981828874787664,0.05505196918511168,0.01873793974614572,-0.030534254517970517,0.06569391594452442,0.04040772780661876,0.07649874073519528,-0.0027042100914019197,-0.052253758764806334,0.04913085727740796,0.018988385768893324,-0.031234263209578318,-0.010397487697138842
909,-0.0826486470100084,0.04733529965182094,0.016326079810793606,-0.034602254672090396,0.028929806151737732,0.00500145101952252,0.0357780738175836,0.016963781088970172,-0.07553868972938946,0.0123767837709251,-0.025035222367555746,0.0507698017242323,-0.05483681949967393,0.021814209233919246,0.03547610346234757,0.002754581564208602,0.015255986013647893,0.05516320399025494,-0.007134893927365099,0.0395615793975016
910,0.02447404428797684,-0.032460067524465896,0.026699377628803905,-0.08223721533103455,-0.05659830305871161,-0.01815457609744705,0.015518530029397612,0.020341965648355505,0.016991070159477494,-0.05369545125239071,0.0407443758050693,0.022765178055250967,0.05350642625933518,-0.03262741788946436,0.08447799203511074,-0.009393957780238915,-0.0024748460233482614,0.02503213904362401,0.021283129507840056,0.062245022873321426
911,-0.019987438530057855,-0.04675202099331302,-0.03040327440786043,0.04110913125642772,-0.0783610580125306,-0.023867384397376783,0.03530921892990427,-0.02909121932878964,-0.024339482656136148,-0.026530631094182553,0.0006434441282123845,-0.0005437053589440807,-0.04802595586208037,-0.04527987575571328,-0.03164645439108529,0.043889046320815826,-0.026103118809760982,0.006853399713843342,-0.012439771300893685,-0.02081939188894762
912,0.04680209424554501,-0.018533312799129044,0.023301605677295587,-0.048550193536968086,-0.07268652979916622,0.01448495141190581,-0.06373723081471437,-0.008343679454240936,-0.011252009399914262,0.017917894497998993,0.0021479526452150835,-0.005408102940361151,-0.030108913206699558,0.016539104897686386,0.021624069147172523,0.022791830754621045,0.03876310933392114,0.024321274708397046,0.0376878522688588,-0.05887284540446296
913,0.002854296370801612,-0.011817576879075241,0.069578169046186,-0.024881916704788357,-0.08320821209454435,0.008907111098677076,0.030932951929581308,0.01893414883732743,-0.006951407609107019,-0.03932526415924393,0.044396767745769415,-0.011791080650191884,0.028056153857234308,-0.008972185259827358,-0.0013036007854757567,0.0476144697987013,0.10733732561307172,0.007137622763467232,0.020544154129956145,0.009171167874065684
914,-0.0732750879801982,0.030154993163606106,-0.026710151558343512,-0.013246102634039237,-0.01961048070409937,-0.06213622744131653,-0.020528790558697177,0.06239190215293803,-0.009606729739941061,-0.0012323490905622075,0.02545554456283012,-0.03328266586902357,-0.017412132470814204,-0.047233809983692004,0.04842373329104299,-0.009599985498643345,0.014331577345014713,0.03871154457289047,-0.043987202106909096,0.0017099693335855407
915,-0.06436449172566357,-0.02184496067056613,0.041368446587244194,-0.012297452597664701,0.08992505050148694,-0.023184316444903798,-0.08150126274728535,-0.05024666170053523,0.021797885498617862,0.03303804889437995,-0.018534428958845096,0.025801716556768745,0.07837784363129947,0.012942707968790676,-0.01443322212693989,0.03145991475450553,0.06728040173680723,-0.002729181060036713,-0.01600439123243529,0.0032486895557488813
916,0.007013153251756435,-0.051654407349517324,-0.004648169047316199,-0.017791216105198602,-0.06269343311751653,0.007808675104183697,-0.05126612389145239,0.004773239260300708,-0.030753429457495474,-0.03673352894217649,0.029447007810435532,0.045835487605986,0.047948075335006266,0.01470365054547149,0.04337882211942443,-0.08397400289585151,0.06636648006200056,0.005224219689288624,0.0008482566235052681,-0.04176650098554604
917,-0.008421283246835205,-0.05361217106484354,-0.020736955967698225,0.009607554460403022,-0.05197476769071476,0.03237128461278497,0.05392443168957084,-0.021810131626896323,0.01539156888982592,0.054830188041186584,-0.009430156549877375,0.04125582180726103,-0.02538018016059332,0.02832354024819092,0.014927314949380915,0.01559632721524085,-0.02998657603732747,0.030774830385275936,-0.08461452080465998,0.024702231751956953
918,0.032593958213096776,0.06586194086091064,0.017543146509795392,-0.04250084340272896,-0.009922653931572475,0.07995526769300267,-0.05321886265757113,0.028567435294476824,-0.054698593915310914,0.025233666389243178,-0.1064919455678028,0.04161915427182543,-0.048651177344353085,0.0922583434170085,0.018942606523012124,0.05604128781818672,0.04906695521934024,-0.008935642085120685,0.026673591077115127,0.049070361115294635
919,-0.02613957554306807,0.029243975916673038,0.06970473625767971,0.038896014508343055,-0.012490906035202969,0.07676774437362864,-0.02903135061834074,-0.04071560393843057,0.0456282788963163,0.012624901212043987,0.008497527325749148,-0.007320948766453012,-0.024269598565152706,-0.09290770872367808,0.03713855675660458,0.02329299407495609,0.0028219309218444023,0.006293287514412928,-0.033665419847971806,-0.03879329274770376
920,0.07199014491996643,-0.05895519613605752,0.03204520847089192,0.022182491423595664,-0.0006224149140968713,0.03914441617712405,0.013368452492827159,0.0819096458610086,0.035396126733656816,0.0531278235867894,-0.017875189482265397,0.0004046975578797593,0.030986666805326895,0.0024831510711134934,0.0028640702098923134,-0.02811614000225031,-0.04364440124179302,-0.05219547818790328,-0.008157600970479942,-0.005543597973379301
921,-0.04485902928187959,0.03325827994430984,-0.05126885509428379,0.003178893644359382,-0.0006072135605550533,0.0760461265413035,-0.004862951863457483,0.031055354179900373,0.09732246311374225,-0.048721147190912646,0.016770197537862092,0.02922660124312056,-0.06796776544235245,-0.03875265709573378,0.06436205594204893,-0.033450379722458,-0.037454787120439995,0.0012875318532343258,-0.019242774659245163,0.0077092777335997995
922,-0.027223395198850177,0.006795288908641864,0.023478769163791904,-0.005674132329552323,0.027639418211251616,0.021871360658521383,0.04514416629284156,0.030778270125521614,0.007691700596454067,-0.013639991090689583,-0.0038115417064684205,0.028092962576669725,-0.08899463174639635,0.015408898194656481,0.0009334010620782847,-0.039941659400434586,0.05440104068640526,0.02052535890172432,0.013984127986786792,0.004889937519337486
923,0.04232367325747673,0.04507612154844548,0.057217521709992364,-0.01494566291197214,0.0021312703299515763,-0.015194364804104367,0.03244955960972804,0.020105819576467364,0.045593019416475554,0.03768207815768569,0.025090633437547458,0.00010392985866799704,0.06384726943941801,-0.00363552393984145,0.011326960160577495,0.06358988012291593,-0.008034315181353861,-0.04967181025585633,0.007967017517188162,0.018586998200121743
924,-0.02711619732908492,-0.0049015488049570935,-0.005324445168810887,0.05687381448626527,0.015588385793107494,-0.012307564442241337,-0.033499519240056466,-0.013490853674843413,-0.002768840082330474,-0.06950767881500765,0.06613517745981867,0.02084633590573087,-0.009270376764185474,-0.014564879194006777,-0.013728206634222365,-0.033173140979919385,0.08189658237757046,0.06050904837048248,-0.03301083493162117,-0.07464443191517264
925,-0.06759373143576915,-0.004042744457031546,-0.05809973916698132,0.03483270653851758,-0.0012134618999043293,0.025733168509253064,0.028589904018254845,0.06294654985480076,-0.010984852439912025,-0.032359704746652646,0.01947456369786182,0.038406365289155614,0.0734845597037038,-0.007767099501394117,0.06609998802963207,-0.014639222371281516,-0.04223725323881288,-0.03342206403199157,-0.07629593253070269,0.02546852668916913
926,0.003150837707839621,-0.14424791780223814,0.04191607082580602,-0.07454212992579232,0.0732974575110017,0.010148947274069911,-0.005201852950296588,0.0479271388928429,0.03858939051162914,-0.005401766877572347,0.08801721485756119,-0.018289971761691014,0.01782503096720923,0.026237132588746163,-0.012737835232606399,-0.007072264541163871,-0.07858440108203305,0.04509705049194417,0.013944722701752432,-0.00959275902634944
927,0.0353529556204385,0.010681009487259904,0.02933980155362432,0.05182777992536998,-0.013902235097776534,0.006789637377023841,-0.0753928455073869,-0.0038995363913931834,-0.008952356614468329,-0.034665794948386223,-0.048938710378413616,-0.023594176487344347,0.009183521682688264,0.01712301050781957,-0.030519498606831355,-0.03345731877632708,-0.026946504116853693,0.045261164232820957,0.0074546436058554166,-0.008357568165627197
928,0.04113838511225395,0.06574287654287143,0.010816679907572704,0.04127489433318016,0.03161923687188989,0.005075077107947874,0.003678463528456703,0.030807162923588614,-0.018282825017493204,0.05915472078255254,-0.007683213946634875,0.013839717426528814,-0.026680310511555973,-0.069682716776296,-0.007149922117996887,0.03518653658324829,-0.0425180099088905,0.008857787584129617,0.05742649439880165,-0.03069698500148114
929,0.02179206718915052,0.02679624858059504,-0.047265313770762915,-0.050203280305566714,0.0015177390554946047,0.00608432559516754,0.05938676876294528,-0.09685571397629496,0.026392377051421126,0.04451945442135625,-0.05276699490197273,0.00039844576315333207,0.015216607406099454,-0.04545109128834551,0.02331597518970035,0.019082903915104324,0.008696190998222816,0.0008999611991339375,0.059962869698332616,0.12903074963735997
930,-0.018658928840063153,0.03306616153236802,-0.010301429460537241,0.039126478719073106,0.11564709624163622,0.00014656973837227496,-0.06220225081407102,0.025250111210702014,0.0917516853203389,-0.0340888677257166,-0.04348005645884442,-0.0980675270942144,0.025262734555991918,0.008088654453612384,-0.05223605860359502,-0.05454648387287437,0.025145138802454593,-0.08085012495688262,0.009275051048559173,0.01123220666820602
931,0.030620509279546276,-0.013119730664741548,0.05879685203497267,-0.064125677881068,0.004239500067366698,0.06191190659924691,0.00522818253819237,0.005200089645638005,0.04408202174420804,-0.019358566460295233,0.07046451186075542,-0.006554115949063361,0.06592374075724061,-0.014061311004573316,-0.004489717064618446,-0.019320024788184044,-0.06673517694375171,-0.030302991521320606,0.029211848014516532,-0.0010875477993036852
932,-0.08786328025906742,0.10044711304893619,-0.01454879996991743,-0.004111714917413193,0.04788209801768407,-0.06721173049025607,-0.11831712572864837,0.03514937795409331,0.00987537775433107,-0.003407253277261941,0.024665469628124072,-0.02149530924953263,-0.006301951392805813,-0.04397985137366594,-0.1198159676655575,0.0006334222935034124,0.062458307474710005,0.00584494825082992,0.012737805257298044,0.06571167819214822
933,-0.010982301389785289,-0.01259273827427122,0.05523583225970427,0.04161143517153168,-0.03478516435612677,-0.008132340957346116,-0.03953837329926734,0.0011512271843297079,-0.06305342261676158,0.035270962488089475,0.04850457568783122,0.006016396768583387,0.008499117938323066,-0.032904311394174,0.04997280621719326,0.0238089688520257,-0.04259781712073266,0.0253547550889941,-0.05915206370062396,-0.00171573628712488
934,0.07405903876457007,0.0994718576681321,-0.010244811278852836,0.008043508107908794,0.03511442661834493,0.022282500946684155,0.04285920803832554,-0.020083930139983955,0.05342666544261817,-0.02872017275153667,-0.07746091698040244,-0.00985427184707364,0.07798379260722386,0.041066275829393144,0.03271543981000503,0.018105579819563504,0.07577376451438171,0.06364705322077059,0.0032487258773239705,0.01823470152549549
935,-0.08079737083464729,-0.03708325641394751,-0.03822624953596831,0.03805506328834207,0.04070574122103513,0.014725925435591711,-0.03766762355776183,-0.014022368835194088,0.010695836747808822,-0.005636964412759352,-0.06179764170525794,-0.05165215635777948,-0.03983305232032464,0.09619862407374861,-0.058596051292876594,-0.04821510879763313,-0.0632160906647367,-0.046993198174708616,-0.0526572272603486,-0.070389868571138
936,-0.055173454554135234,0.03282586543423938,-0.012018817899231834,-0.02896655243562312,0.01672773390014323,0.035480516546649896,0.06043212296043138,0.03202184435335114,0.014096077587241893,-0.022981211062973614,0.024721299141317633,0.003990017247852443,-0.07517758554994065,-0.03465226868037682,-0.0316439928701634,0.013165615879481294,0.023539981055180785,0.006117074124490263,-0.013321449201197898,0.0002510421635916177
937,-0.034114212658017576,0.032020318288508064,0.014296759269726532,-0.03540602305408984,0.010082396366492254,-0.0022135639735852758,-0.052985523365909254,-0.029693335222043985,-0.024904158349888177,-0.04908333989706983,0.02560379230685749,-0.015027355659553732,-0.049599647835657186,-0.009528450249642155,0.02387039476756769,0.01261929722046636,0.09514661213377844,0.035252347482023064,0.03925995038001243,0.05783562128807475
938,0.01072491915286268,0.031708795624718455,0.054331152844361796,0.007238129641718795,0.007517509789053997,-0.007615934292706202,-0.011072994222636209,0.04570488798653302,0.05827278496299975,-0.04337700415855987,0.05691759521052266,0.020093052201405805,-0.0056165552628936995,0.027999249669038457,0.019877711701544194,0.05350077693373905,0.0639904148305254,-0.08216226495824862,0.02717269176899254,-0.08133100096865559
939,-0.019014320676078725,0.014671610727901928,0.05542605874217321,0.004939630916207919,0.03782077818838453,0.01603892062888392,0.0027344789868082387,0.02020686994542081,-0.03289519997711451,0.016413003086029797,0.02766878670899056,-0.009058176062017175,-0.09839561568910636,0.04594561652840362,-0.04932177418374664,0.012385093991160171,0.013003143019645547,0.02948698631687504,-0.012901093100387402,-0.03475588955492971
940,-0.00540867949632757,0.008605867141504532,-0.01746880747763796,-0.030664598635255776,-0.03661231262076221,-0.11787958934313157,-0.029954264388805656,0.06206800835047379,-0.020777046442519743,0.0674390921274183,0.03803232780493954,0.013559013929917332,0.023295524253900104,0.02476426614648835,0.012122214729212375,0.08920798891142097,-0.042901836720440484,0.05917092496129534,-0.08659760156716594,0.0046518401586811385
941,0.013705040978263068,0.03565759167516521,0.0216156417982722,0.004663368555140124,0.03729783710194754,-0.01688462973071111,-0.04215884077833914,0.017545276952028285,0.04480318762738448,-0.07845612551174246,0.09015679319480938,0.006945819450722749,-0.048669453200353124,0.031954969377126004,-0.05130235649671112,0.002830816205040348,-0.011888093701789492,0.09167453944268149,0.05527997884235227,0.07688849675594965
942,-0.05389686502538413,-0.075070522388017,0.002724074685026613,0.024558545244026803,-0.07041545472179396,0.03690435056717761,0.03466867244335447,0.026582549235262005,-0.019160913681876602,-0.014636816803032488,-0.05739236943397108,-0.034429937618295915,-0.030016189705365813,-0.007953644362583345,-0.10568128210721303,-0.01785801400340236,-0.10632056881252058,-0.019329930000205324,0.048261093907542414,0.08410285302268332
943,0.03591980976054791,0.02034327274752428,0.00923667576906282,-0.04912627592605062,0.034155669045828355,0.01807704757150927,-0.012698848656363008,0.05160762182253816,0.035019959274172945,0.052229703487954734,0.013792706153683576,0.035032446741204586,0.041027979963544,0.08199241205858586,0.04383910967761659,-0.021398776698159306,0.030780431366689117,0.12769549700547345,0.004896467098450197,0.0680348472434504
944,0.0154409522794479,0.018502522915874706,-0.023847914705672556,0.03279463534565969,-0.04920701144966145,-0.02314211631255016,-0.11796308679317488,0.04841389909083932,-0.026323507458335095,0.016828905648716058,-0.04571707447783458,-0.07946497906400155,-0.0012198775618373092,0.002860782010639587,-0.007793318538691683,-0.0013065318674124722,0.040622489520504575,0.059022052141437895,-0.041232889439597215,-0.1201815310364577
945,-0.033226434147806266,0.1308909560232071,0.0446280929555661,-0.02631052428359217,-0.004497964311495166,-0.015803369029410236,-0.033026627227490626,0.09438430714309204,0.030485490625790375,-0.006474126981875574,-0.015275034994365055,0.1195419182501319,-0.005373091441415993,-0.02203355599635106,-0.046491290212865334,-0.06130595350398322,0.06880078859910542,-0.03508694609967007,0.030537086495980765,-0.031116304157064362
946,0.0018858406464849296,0.09271225258751567,-0.037269567261534874,0.03928646464119264,0.06048014428979311,0.010726007495704471,0.04462467490094561,0.040527261117763926,0.04990486168659377,0.003832078216759873,-0.06150534991338354,0.08275915213504846,-0.038331771618121076,-0.04063073198029017,-0.0353758403777317,-0.025408333811254378,0.04868238767409756,0.02842851011459017,-0.020233637909921567,0.02173780551336497
947,-0.03466486813004055,-0.06334593496216337,0.012613654124680967,-0.00017451964616459884,-0.03360589178933439,-0.0546256768579741,-0.08030598427481762,0.015610525636008801,0.006110855426367204,-0.024028688137443927,-0.03408272305186893,0.021610987573531023,-0.053471223326016525,0.05799072424557221,-0.006650624960167276,-0.012714416618933185,0.038761058109891035,0.019804294709926666,-0.08515643362797846,0.0480652704963659
948,-0.054377735567796466,-0.01953375360008212,0.019761553627477817,0.032780780596961163,-0.06747525330507942,0.008136440296091594,-0.016654654208914203,0.03702930311003346,0.14018724055852982,0.016937976694237716,0.0031048725039226725,0.014206920597825719,-0.022495605701056107,-0.0714943774027227,0.004787215167512598,-0.028164831388678896,0.019513911283182733,-0.028005161363616148,0.07643147284226344,-0.0246023058608521
949,0.06371474051957321,0.030719646088290677,-0.11693015741411283,-0.04332625542311043,0.05396224149918859,0.022949808714075023,0.02124588411771213,0.10466133475194936,-0.04549191577045683,-0.00912405769520341,-0.03703667768435978,0.0018265154921769916,-0.009139422740681418,0.027124896627736487,0.02562738811707582,0.01183574382930949,0.026962260436015267,-0.05165915260803778,-0.06962050119403046,-0.019859596932498808
950,0.07813714892986542,-0.045897650109788676,0.07585982713821986,-0.05551091880083313,0.05718707603194458,-0.032408830187425346,0.04593620217778869,-0.02570267839935438,-0.0085273031898324,-0.08431412416536303,-0.06916315564926619,0.010599796059021685,0.020159920781953545,0.022400472023068843,0.012187352229792838,-0.062131503908139096,0.016618276530433677,-0.05743420684220161,0.059344897311576286,-0.004674289049862531
951,0.07240725186252384,-0.0391014512674013,0.0012942444002648737,-0.0265105579134582,0.003643152543696182,0.07221095330875504,0.00575437437748838,-0.011037399422078419,-0.0012200757518130907,0.02106873572903665,-0.038583849424295866,0.11946404482402045,-0.02215950197682929,-0.023861161178826196,-0.02376035973671831,0.03547156666223702,0.004557779485639223,0.041693785053227655,-0.06489780119151299,-0.04168426347112418
952,0.09250539684353852,0.006003123744255736,-0.04268039991629124,-0.014386742250396158,0.01726447111264635,-0.11019796857070224,0.04275979989936461,0.026639181391324516,0.06660682293911935,0.05378663581143615,-0.01904384274080917,-0.01837299262138518,0.06271807085584165,0.053531709747053006,-0.017064243934675576,0.03846013766070729,0.04255825830783007,-0.04802428974956232,0.06097033241024013,-0.037130243536615544
953,0.03458997970446361,0.03042749187416304,-0.0401186249150003,-0.02998554374482598,0.040290704839652566,0.012439125564791455,-0.04438332198446793,0.014494601842656704,0.04973136717831369,-0.04406971488984889,-0.03111835112630164,-0.06504783799922668,-0.03848836808584117,0.04494733584195506,0.004394456849281378,-0.023151944116806034,-0.008578389518743424,0.06955745717089488,-0.018398350272548717,0.003028486074593131
954,0.02679412812316406,-0.02835037576914263,-0.032642416076260956,0.06425837811638477,-0.013753068194516003,-0.021833882815263737,0.025489186388298817,0.0026548395458684316,0.04500063541958528,0.02008980481723954,0.06888169992486795,-0.025231110757936666,-0.04121833188186447,-0.08041363363588595,-0.06217071428215722,0.045656266854400655,0.021727616343620082,-0.035029554624140924,-0.08049941907926068,0.04338875465147255
955,-0.0007168412673734756,0.009879919327349449,-0.014129279725312784,0.012018137838526977,-0.04297461026968265,-0.09739456278756478,0.006319418951574174,0.0018136181204366356,-0.056156352373736576,-0.01626657484388611,-0.006959049403546737,0.020857931551034496,0.044718870479456406,0.0012023683197521355,-0.0128439495002417,-0.006597665163496741,0.024603025895102694,0.09498735983019004,0.044354024600202394,-0.03486133315802633
956,-0.033030944665694825,0.04128644541182225,-0.008009064659722044,-0.002665201282795854,0.04005972276812049,0.06586247580921123,-0.07354828462470153,-0.022425832556964485,-0.06409174043930653,0.011238127622793257,-0.007425070070383687,0.012731078642180128,0.028651717941178104,0.00770694047213387,0.008366376945541654,-0.08809925875278139,-0.005358778960314817,-0.038450876234360436,0.01396515839248628,0.054198349590046026
957,0.014240763649194249,0.03157026714695466,-0.008140850852197934,-0.08844959418250609,0.07698600618772726,-0.0076652594580392,-0.027636720332150942,-0.027930013114928785,-0.04773384221497156,0.0016009890825089599,-0.031194978195823203,0.019890934064560693,-0.09119855488492937,0.03546780412064305,-0.020679391814716414,-0.007187625822865089,-0.019614898424839152,0.02995836267352355,-0.034883535759109414,0.0679128100935767
958,-0.0516842709357159,0.01912621150522903,0.04052863809894494,-0.019587557132433066,-0.06125547760433917,0.09574522603581223,-0.008238332257905481,-0.05104646263841956,0.014492154182596173,-0.015426632916520579,0.009540421984438175,-0.043816384383944564,0.012432829344360397,-0.05296201185684984,0.02379244424328935,-0.034979500095002794,0.0045864012951740245,-0.041693589436827036,-0.02680611210824208,-0.017829332507572366
959,0.010622282949641262,-0.08956200343805609,-0.015023250450547638,-0.017301363092143328,-0.023696772241987577,0.06145010849786059,-0.07779112837693618,-0.06374520927306583,-0.01408850667451353,0.01210260751576285,0.026580787452152064,-0.03848517967582399,-0.01274164910784319,0.03137969792380444,-0.0043829376183569125,0.0017654490111651691,-0.03993900839069662,0.004345591457734456,-0.007505298984140512,-0.017921068087801962
960,0.04772103838756482,-0.01806898050086076,-0.029064498018007052,-0.0017356883715770903,0.01998384623326032,-0.10871072243401157,-0.04152863079248301,0.02620522297628177,0.01551404517542283,0.05802384196955677,-0.009416836918638346,-0.03272405285180934,-0.020039460349187858,-0.10291152530518183,-0.017717832639870916,0.000630365989486359,-0.07994986671370968,0.06706664580754533,0.04673734820696489,-0.002967247103467413
961,0.051817652864981335,-0.007545424235377283,0.02925428099224192,0.14540320868684445,-0.0362239447411334,0.0719914721586811,0.021539210124215735,-0.03995869683736577,-0.027100644992931525,0.015747122493706838,0.013252875712115393,0.02822895127968709,0.01905387072238049,-0.006057669264168213,-0.025064761806502054,0.0022943140768382627,0.02986608842092316,0.019933017836715094,0.0035623815174613375,0.015639073789473948
962,-0.056249936964651234,0.09328696723278285,-0.013070387719066122,-0.05887079880353562,-0.0027809297253733184,-0.03592960023194298,0.08526548175234792,0.00783209201884029,0.028881999819017994,-0.0017161954304906193,0.044383657562421915,-0.009433810418198813,-0.019218358872736645,0.023262543684624104,-0.06971302369861142,0.0813499919892282,-0.0766501882161649,-0.03982417599776566,0.005039987893600573,-0.042906092517068034
963,0.03241160839976039,0.004275953796816434,-0.021062241944890817,0.04187604301570738,-0.018673659302201263,0.09585561677148025,0.04994082154185799,0.03010831250102176,-0.056992299248118446,0.0003173365803840373,0.008313227677911938,-0.008233615026515997,0.026917590216806984,0.04232424996419422,0.04196333527031651,0.005561366168527408,0.06104425429567554,-0.08011321480559969,0.07119911076248253,-0.013003438591548446
964,0.033142551744943086,0.005424720830653092,0.01716023712122829,-0.0028527046278119085,-0.011974564894462948,-0.03162244452572624,-0.00577791777141472,-0.01404296836483413,0.016079263516172393,-0.005391942065788377,-0.004920353702204143,-0.04683394925047636,-0.03267768774597902,0.08483585904194396,-0.047452425359307104,-0.021076377170995975,-0.0005253588266765646,0.08635475647325741,-0.02889284656599182,-0.02773773383748746
965,-0.10380539285761384,-0.029754981431371515,0.07026978541194696,-0.0024785124769305927,0.019780280077535458,0.04207935017795706,-0.029534451875486412,-0.06608734708695121,0.05129758533794334,0.019716735219107596,0.07905928683606755,-0.05977038024228104,-0.11170457903507042,0.05789683284780561,0.004211328759111651,0.04964255273123891,0.049839322103714404,-0.045231678723431444,0.09964830167403585,-0.009048588598585126
966,0.024560165254405818,-0.007886932071547753,0.0009524418671383405,-0.03376761988624281,-0.018134638041525628,-0.031965170527613426,0.012677666490089303,0.048495125795912586,0.08559495137979257,-0.0495610847012972,0.03796461093742374,0.0218871320517583,0.051735056083232187,-0.05073870796735642,-0.03575851267656043,0.07408304920196965,0.0007199696482932082,-0.03318626535066766,0.06717565694361943,0.010037921577574155
967,0.06328115829676798,-0.035821954902594766,-0.03416165087749234,0.09781580594993536,-0.026732227478423992,0.009389712699123058,-0.015391173931777986,0.011585565249300173,0.05946301811595678,0.02786119191701108,0.03260967085181235,0.00960465244802917,-0.00416977246266402,0.03590963748364539,-0.03363616373456325,-0.044278511021733864,-0.010409845968741081,-0.006948717397732895,0.04884548089161527,0.00541100700589257
968,-0.028203259378788256,0.002052591456228599,-0.024354039607181667,-0.00982453099160692,-0.030020506170428708,0.03598680259741275,-0.003243239903769631,-0.023852087161416062,0.08328382389195675,0.017442614431765844,0.027837445443200576,-0.028657155357948157,-0.005774649006080643,-0.03983663400425495,0.016654150518329518,0.019173622381629757,-0.05596377032673728,-0.03587743479095342,0.029230231880507895,0.0033856807615615402
969,-0.16169288062745554,0.043447680320989064,0.022215583189409336,-0.009409942266225706,-0.02253680843146038,0.0816765344597851,0.006374255750934637,0.004035632317950039,-0.006164999320714738,0.02020106747121516,0.005960065271089808,-0.060836801262152906,0.013335944239003906,-0.022397764669214587,-0.01464920721379088,-0.03713066927612823,-0.0023391662762264143,0.019135488875446804,0.047377502511739264,0.024357141346639095
970,-0.016713848037594077,0.07118881329891949,0.023131527954724326,-0.012301095052452655,0.08159600992431097,0.047058500599671114,0.006976023181240796,0.010318414247259437,0.02966567851064555,0.024626620870922503,-0.028638827980849192,-0.041819597072774835,0.016481678860440933,-0.005191597692052173,0.026727728200601028,-0.02286834809550344,0.05888218087833274,0.05733352113499334,-0.12452689154614811,0.015738223177057545
971,0.07231344544982843,0.11985942680516683,-0.03778300198935058,-0.0112292742405254,-0.08948013376557254,0.031316020214454,-0.000629568589185213,-0.02140917300163229,0.06542080145622635,-0.04096028406081101,-0.014231466891196963,0.032853237849986346,-0.07164840255693794,0.011550684230494743,-0.002855630085999767,-0.044183748231444546,-0.023658640056419933,0.009965251900939592,0.04517479629478545,0.04487588718030793
972,0.007269128336826018,0.04018302839875638,-0.07627533350760313,0.07663732105142822,-0.09615201331813573,0.030002036622483495,0.005479807636502358,-0.09958768958322747,-0.02443356791181576,-0.02924268200663146,-0.06385128611046899,-0.012881644255675256,0.056109181127656116,-0.02088926135713608,0.025614127908683018,-0.022779540048335482,-0.032449085507031995,-0.0021886868842527813,-0.015075075679476859,0.02063880711003343
973,-0.027644431726354775,0.024424927766444355,0.03666755502690238,-0.0004655409296163719,-0.009594230072631459,-0.07052305898063811,0.011577836392939115,0.008732729768102493,0.00870443352744142,-0.04714866938525199,-0.006234216660157388,-0.023961955061982225,0.022115157737877787,-0.019638960761973287,-0.05474523838698477,0.06632392624470497,-0.022160490472765446,-0.017660961440520394,-0.010583146969786605,-0.025519149468199994
974,0.028745286743252413,-0.019294042079147315,-0.03973191010197794,-0.10918753450618221,0.08386806248792551,0.04698316613276105,0.007549265936032607,-0.027729616833811564,0.006294664709806839,-0.017064203210088214,-0.0673547053564068,-0.016801118435673685,0.060078388235422574,-0.05750527659980383,0.009544694992925236,0.033924438618035305,0.0585607120564723,0.025871370791986162,-0.01391337242101558,-0.04941697635795114
975,-0.01802524471935595,-0.015102672450369744,0.027025905316184755,-0.0031777930229340617,-0.049486552513510904,-0.029360517641510233,0.04348160172701155,-0.036749101900455085,0.031167482883605113,-0.030424051796154643,0.0019215066703866769,0.01156235368282663,0.05305125197909587,0.06038169126031305,0.03856333930629419,0.005459973306031524,-0.060562452729974646,0.002382906452343812,-0.03799493100061333,-0.09727366061928648
976,-0.012378272110599284,-0.012967507292317685,0.025575104913024196,-0.036767737666375,-0.03077594790083514,-0.00334416043341354,-0.04270185549459289,0.012125432258477991,-0.06510799686003474,0.016785813922098127,0.0790188365552524,0.027771169766577262,-0.005760348399521591,-0.0098012446838777,-0.018348941258883873,0.034460486439784874,0.04641551032063491,-0.015861957945572585,0.00011667981812373362,0.0034207020562138342
977,-0.03965600933783618,0.01633702491532277,0.00991513949164175,-0.10487892715162399,9.458977558102586e-05,0.031495378970584374,0.06493546221041424,0.08250030089984658,-0.03584878995411772,-0.07704390699645419,-0.090580221232459,0.04473776604275555,-0.026842282470871507,-0.009294534636074886,0.029469393345127548,-0.0815176477524607,0.007581746544018769,0.07019365596645881,0.02410373859691591,0.020691266914692554
978,0.01826081538426676,-0.05160638529681088,0.05824385399839248,0.010037960081658479,0.01770630015099605,-0.014551323899996542,-0.06717225584403827,0.0758393612784355,-0.026422797535954418,0.02912663438281882,-0.043240437466945426,-0.016643507877718795,-0.018212704889706072,0.023796338452664597,0.03472795891628716,0.03354557534914675,-0.0756024711101528,-0.03258231079372043,-0.06584786895391258,0.017441260133328123
979,-0.1217066074300439,-0.1241149892171073,-0.035123269490955844,-0.025673122637971727,0.032422344480582434,0.05177773548554372,0.01480338027940289,0.045515669504951416,-0.021798686791371116,0.05180344906224827,-0.015592436737989436,-0.010385061590766406,-0.019421745250493203,-0.03644485252229398,-0.04300955220916772,-0.0681774634690483,0.009669489349975906,0.050500256504786414,-0.051776997306157764,0.00277609980558084
980,-0.015158593665095673,-0.05449817197348991,0.018361897905014295,-0.003850033084208406,0.03613479349628487,0.07255302949380256,0.036956781928895434,-0.029923948674657846,-0.016211968569782173,0.010706212628913313,-0.02208720841416873,-0.04285386252309568,-0.07924644468817876,0.020603530880477554,0.009885208146296861,-0.05830383587239126,-0.04366160982090425,-0.02087639801061497,0.07841548774793193,0.024907138778061708
981,0.027088250283177826,0.0024071977043182238,0.0012483516003588145,0.11426971337903898,-0.11906639860987167,-0.06125689408087883,0.03936927239727222,0.020557659804650456,-0.028743208422436814,0.007127467477705265,0.07131390804334872,0.026915876654630216,0.04359683308003007,-0.04353485550653453,0.07235164563736587,0.06637198314098018,-0.014628869420969533,-0.04058294460038964,0.003145698747535191,-0.053444217464108615
982,-0.0530152146326824,-0.03596818131553725,-0.015844626076281555,-0.018424075807437615,-0.05595972249684163,-0.05171587031361896,-0.02820409494246901,-0.05587785291370601,-0.06486705861691838,-0.05153501280657632,-0.07173860615094825,-0.05719736183449601,-0.039345932391525194,-0.016165011566803493,0.021341710347553392,0.023553722051579924,-0.09784607029474307,0.016996089274720173,-0.047881197037835846,0.058845955631470444
983,-0.051460880987861536,0.02015182800862896,0.007897204872787715,0.05832732450303539,-0.012015363361424608,-0.05102897912803456,0.049312108746575024,0.016124251954757154,0.07205435347377363,-0.07286943988965841,0.010730394701236346,-0.0020559650788258017,-0.012835273264447207,0.03841566667472568,-0.08773743049016179,-0.03734320175320461,0.07457170604128065,0.028288911961434272,-0.0008838332179384264,0.013200616362749067
984,-0.017894424137691135,0.04544092567999611,-0.004749694000795295,-0.05133696264053695,-0.06204026451908927,0.11996394339463891,0.025119005289137804,0.017773251230179775,0.046632559603961274,0.011503089743142415,-0.03629083016251443,0.02997338892498235,-0.011541802589062787,-0.09159727139021824,0.09302664500989256,-0.06398910390962542,-0.044455398409522784,0.06123889488214081,0.008599588373434835,0.02690802018436117
985,0.03981337869284461,0.061925772503955284,-0.0024390876365162906,-0.024044228987490063,0.039141701574349576,0.09434768152495199,0.007836541668297692,0.04172291947323015,-0.04136216031452867,0.04592269952699714,0.03472409635564526,0.053819773436963744,-0.05627384317851927,-0.030369593994487035,0.0506682987676373,0.06809671715165824,-0.024878353226153022,-0.07636163234218205,-0.014698423173039231,-0.00336935576250108
986,-0.07770801055048308,-0.07790548074897923,-0.020293408886935694,-0.08180798457194978,0.09674996989168956,-0.027972271464290797,0.006253199714790277,-0.0047614867108658025,-0.00595829089210649,-0.0027773677936145046,0.0033337328252500296,0.030634526642146328,0.044654229592039296,-0.0051765761678723345,0.07057315759666438,-0.06851660919335363,0.05175568954369474,0.0843377697552021,-0.034154311788278116,0.04485760773379373
987,-0.047799618227136034,0.034256981787409664,-0.025518496529475368,0.009244306407610505,0.0047567170619906615,0.029108900180305822,-0.031406095225157124,0.04432907481665985,0.014750145896028775,-0.0347702235700995,-0.03749002954052879,-0.04086342871306597,0.034809662350603406,0.008074715684664344,0.0022421157292063986,-0.07574306483595501,-0.007423722331140192,-0.046036190376951426,-0.013895508870657674,0.026590414265886767
988,0.017391682297462813,0.05139261431955946,0.038762246786263506,0.03232769488134088,-0.13566623732331676,0.01272308731900696,-0.018255621532281427,-0.04759578513711644,-0.02222234315256092,-0.05005729025322724,0.014573686816629381,0.03213166210571132,0.016812483164457378,0.06487096477754908,-0.004606242992506374,0.062251246465883085,0.0001798566630364989,-0.039827094640954526,-0.05243429691580668,0.07583064411440846
989,-0.022024440983090192,0.01738504046607699,-0.038338902445137296,0.009228506674253558,0.08725646539822593,-0.020744494286477202,0.06440793737965307,-0.026114666350603073,-0.0016090076576538161,-0.030882219788190078,-0.03192899898656721,-0.010188373898194537,0.06685013461071879,-0.032808470388058605,-0.029021957533953407,-0.03618732286361125,-0.023142669460493877,0.011224018718041616,0.03046308631734939,0.03420341647335178
990,-0.06495010757587352,-0.10873528726261576,0.026621494323995156,0.1160157683072857,0.050006682138923314,0.03844441982148193,-0.002840597460930499,-0.017265051490562927,-0.014863153021710202,0.010115526299431505,0.06384515588823926,0.01906134421117929,0.0241733746633522,-0.09478923476962009,-0.06842178726145123,-0.03748530610066389,0.044053838909336826,-0.013279589608159633,0.009154132344800472,-0.019647987743825868
991,0.014989222687338457,0.029389567383091297,0.056086158114413,0.008520051609415363,0.06311644956448055,0.014588140960617984,0.0579699721208302,0.009432784429926325,0.06960305290545227,0.01450129049178607,0.07898404209829599,0.028164703525483593,0.10975613477028767,-0.013066780454945403,-0.019561904931808392,-0.039292388336437355,0.03126671206267872,-0.014386120796537838,0.016691206452001714,-0.029874753458246618
992,-0.03847072815063921,-0.028697521092333908,0.04889722348115461,0.035219022882613985,0.03387516761009529,0.008896204816093087,0.047324925778847504,-0.008164385647600874,0.02542089784164622,-0.044662719451765524,0.04739061990894983,0.020207814350710507,0.040009841394477476,-0.04244758664217906,0.06433978949748757,0.0009020881585639115,-0.063939531308028,0.01866987297414171,0.05423498804709965,-0.002404430501825765
993,-0.03816646024201687,-0.0877246952779515,-0.043613634085505344,-0.10192531008640061,-0.022386476645848176,-0.07411812331415522,0.02176419419029596,-0.03714362022180442,-0.061871136297649426,0.04226526245949125,-0.05266587557066165,0.0329447123235085,0.09178546547010612,0.00029978803280988957,0.05306868700774163,0.008587713488449793,0.019959725593341898,-0.027471157793470372,0.013794231355886689,-0.004462085964179834
994,0.002685497778830442,-0.018192774976733037,0.023349562857167636,-0.03645942436790961,0.030234887820082084,0.03289398244984446,0.014403934973408649,-0.08854955406200955,-0.04768858980127106,-0.006214721359112198,0.03745369441371598,-0.055916754847653995,-0.046465269244241734,0.022596363473317865,0.0018762645121072237,-0.019833497120308744,0.08070640401929087,-0.03815039160274674,-0.0844405153559926,-0.04080573182154613
995,0.0068866461839084785,-0.08719464739830673,0.05936622461255915,-0.021032269610936342,0.0397995743050885,-0.024688882227078896,0.04374005344734646,0.016094304534459276,0.022607882754235177,-0.0018649729354835083,-0.05053009147958118,-0.07415225910038065,-0.00040910734416339334,0.04036512673442919,0.012248468712235288,0.01849486642179946,0.07115168779102443,0.07453841754495738,0.003917834554258019,0.008121135437277653
996,-0.02991612851343525,-0.0436008941086582,-0.02291227553843574,-0.036613266892885306,0.026980607915374818,-0.015870245101518136,0.047297994446810356,-0.06545750970096842,0.004537410323274664,-0.01468378497642342,-0.021782072399779893,0.03344950094969361,-0.02544709091535123,0.04332890599623904,-0.016574644286678687,-0.011157876274321405,-0.00349505153217829,0.039492960671933704,0.024335016863311982,0.044958499873153715
997,-0.07867695940439182,-0.013604484239957998,-0.0742761782983559,0.047757756103017836,-0.04843166806195627,0.022225769252000305,-0.06725097194075866,-0.0021020796452863267,0.010494572086003006,0.06721657775664419,0.054361908230032174,-0.08158497285711626,0.029467222852984132,0.03999612095733008,-0.018777408539448273,-0.03477266440950214,-0.0717154599530985,0.0711899588550516,-0.0639807171578835,-0.06019538849991533
998,-0.04794547345331989,-0.01564531464515867,0.0569864870009849,0.012652243841437993,-0.0064239675686054145,0.03733466604904309,0.032521764042998454,-0.007898616220373376,-0.036729942413980726,-0.09684200929943297,0.04816552104237597,0.0016422811529610316,0.017017069974855373,0.003214986890771825,0.00989416589667855,-0.012251831659478752,-0.005721837761621945,-0.03680421578626188,0.02599570974516102,-0.06590120893211626
999,-0.08867737823602702,-0.09727334933578197,-0.001862892703757795,0.03762338769643983,0.06427222266422257,0.0788602034702667,0.015977969696857545,0.0456428788479982,-0.08257098659915643,0.06198724084280255,-0.015607149144861132,-0.0022742540849886943,0.05220568915637814,-0.041881494500545936,0.016957624350584965,0.06385444856696017,0.006586432955653916,-0.06213684365727497,-0.06243429828370771,0.01198356515042586
1000,0.008679600661883731,-0.02984664677614899,-0.010130578109930935,0.027933981018748482,0.042671099646458044,0.03664174788321608,0.005828882852205941,0.018631732272973798,0.06800469253444569,0.04091331692769883,-0.005336928514264602,-0.0022334160826495376,-0.0005626280582498767,-0.0847742808139446,0.04797556833414986,0.11187499405577468,0.03709762938097216,-0.05692130247999537,0.002764756684967332,-0.06781051384262103
