,PC1,PC2,PC3,PC4,PC5,PC6,PC7,PC8,PC9,PC10,PC11,PC12,PC13,PC14,PC15,PC16,PC17,PC18,PC19,PC20
1,0.138169302579406,-0.09718437230411577,0.01402699661408653,-0.20739731756504812,0.11839382678205679,-0.029744032651579204,0.20037208918876054,-0.040779439499382876,0.02715547755501472,-0.13186278862021478,0.05485368041443579,-0.16047864472020956,0.022934126093004718,-0.12087000151760968,0.1646673278628351,-0.1622524008796137,0.18899747992634303,-0.06184098684936289,-0.02043693841961206,-0.19102634929375784
2,0.1289024272477992,-0.09557001940199326,-0.15092086758876386,0.1309700886428262,-0.023238482748544603,-0.15514354058747873,-0.09193405201339887,-0.18984716619646397,0.04235458531801178,0.08820291037584077,-0.11009377748138155,0.053124919836892125,0.04557178622462898,-0.03159469969252092,0.011570481210160471,-0.10314435269988081,-0.14182073512634774,0.0761600746971493,0.18547849044520626,0.11457670152289771
3,-0.03349423927570265,0.0640148188387521,-0.11963104447018177,0.08500642629496316,-0.007549022404778328,0.12512944373489393,0.10357279703318512,0.01677780265410766,0.12061372833119212,0.0368827857889227,-0.09375015052185409,-0.0001676594325578878,-0.06901393144423645,-0.08350776834518475,-0.2392611012247352,0.05837541162382607,0.07489955248860963,-0.12998107908361467,-0.13734790008527478,0.15170559654705554
4,-0.1058285615078558,-0.09695100324488906,0.23744997655228947,-0.12473652823180463,0.20388578239523755,-0.08334464232640529,-0.025126666038469615,-0.09121887984453583,-0.05824463221928813,0.021130968607885357,0.008341743790627089,-0.08331599508112356,0.08741069884708537,0.036073085984088524,-0.10686859520352213,-0.01760404640277066,-0.015381486393888873,0.07595372216010969,0.11055103351848954,-0.007299775288328617
5,0.06539126404113137,0.09248380874878549,0.04640252063041367,-0.05165197821244951,-0.019931912318790868,0.16415976650217148,-0.30183886454871284,-0.010469780235964166,0.04472605510888273,-0.0326979278475974,0.18014090289380083,0.13151796225210982,0.04723122403828927,-0.22182118560837621,0.02976553253148254,0.0007180833611101813,0.10749964507425189,-0.0735291504703169,0.05391804613509139,0.01004189766340052
6,0.1208758855559478,0.05413112446133937,-0.09254230485798647,-0.03609176012941996,0.09057737831618484,0.09219398040066899,-0.019767290168584643,0.07760593152758963,0.016478573024807076,-0.012632198671512248,-0.08718253183258876,0.04171540908328606,-0.09072413314491318,-0.24669053264209478,0.03731637516368672,-0.11060162879584833,-0.1579260328213883,-0.1269890360282829,0.16519114324869738,-0.13819111928194128
7,-0.07111374312030642,0.0421144214861104,0.07309464992978963,-0.0704344125643952,0.07945018960963401,-0.02137331652843595,-0.0796093895194849,0.15201842915700156,-0.12026158333020677,0.12878950433967012,-0.08758213582556475,0.0024767607733829776,0.18989269926200825,-0.03949097277555136,0.005202721958597244,0.021594503604015446,0.09694482358334675,-0.023851622247480858,0.052785926319225615,-0.03487466487085615
8,-0.1020416707291796,0.04798953998401006,-0.1897055124814901,0.11046549519147497,-0.154232257416137,0.05152731374236283,-0.22814581012153767,-0.07465310553766802,0.0693188937669319,0.07779781806489756,0.17119633405711454,0.006344324294148625,0.13147454750691906,0.13264689863740398,-0.014951172077712998,-0.10435026233656525,0.06469300113212409,-0.030571396205624192,0.11608784799867776,0.043140891014143555
9,-0.044345841859859604,0.08685647548086749,-0.04639479836861564,-0.07761042355069558,-0.13127836482334762,-0.18095197955792386,-0.04023147574209012,-0.08087712597456094,0.13684971206479876,-0.022383091081212617,-0.06764951288161766,0.03314837576827931,-0.020462617507213253,0.0716941253830208,0.05541431789044841,-0.07602292371426918,0.05795010096707195,0.10465734691353464,-0.11340526024854973,-0.21997761028314325
10,0.019748686205906158,-0.04703183075595918,-0.08610035151414644,0.1558797179173097,-0.11134489427314004,0.01124163234063551,0.10624330692085507,0.0916920633155013,0.030426850566217703,-0.1363821071776702,0.19772934280005441,0.050172633971544166,-0.1777586968235458,-0.07728067288260558,0.07459189906047829,-0.12593693724214639,0.016820160463161215,-0.12993817129632199,-0.06704237797911156,-0.06487788845414656
11,-0.008590532407046603,-0.06742876280432464,0.0047865365999121045,0.08829287834114775,-0.11634139579198818,-0.03699307867517329,0.14618714656499301,0.0005300246369620203,0.24586627110910064,-0.04756631526393635,0.01883097168570946,-0.05971542739179289,-0.17381476481463312,-0.07259720882512229,0.029130073572857827,0.311188922354702,-0.11091596086579394,0.1264003214655974,0.04139471948978246,-0.018920510522731995
12,0.05009523825788426,0.1792791269500794,-0.2988700391466399,0.07724128426370673,0.026918052042378415,-0.1776278820036452,-0.09262214557485712,-0.014871101576766481,-0.03373331770134435,0.06691517159527342,-0.09980793191628118,-0.003696544743285869,-0.21373253068130477,-0.03642904523032468,0.14981010298273326,0.00013809790650636176,-0.022854462683269676,0.18151475638225084,-0.148797181379598,0.08904264535405472
13,-0.07184406653307222,0.005040117792640352,-0.08240419946952048,0.1308466106010722,0.05958016637299018,-0.18643045847255285,-0.07128185041736115,0.2823351574682235,0.1209757026552152,-0.056570408669227294,-0.08163330562364014,0.09606947865431029,0.026302057803843162,-0.11377070703941311,-0.11896111499193425,-0.09583814864533394,-0.038923433203199055,-0.08719024967207614,-0.10629793494703878,-0.0899118703241506
14,0.02343042083992726,0.03390082140966411,-0.15040318939885758,-0.08392224839556535,-0.1346562757537585,-0.004626193196434788,-0.06307780859337106,-0.04911378735884596,0.01968252484498089,0.044660176942992014,0.006601384576807572,0.21091416691712836,-0.10181266544627043,0.027180374130498373,0.1614978853110995,0.02584231330500327,-0.033457141934917826,-0.10097210207588204,-0.08531622414308927,-0.040915073690418545
15,0.09282745497794273,0.10010523231164861,-0.0329895107273961,-0.11020681727732991,-0.16187011473742816,0.03437620766514644,-0.051804788517355024,0.13286193520635517,-0.10881714985474333,-0.04086811682583852,-0.0798608956678155,-0.05032165318988234,0.06272064512263183,0.25011758707249454,-0.2568256330466333,-0.08278580107523925,-0.06231388727224709,0.1992980562855609,0.019192420692497148,-0.026586267133367855
16,-0.07536584123343651,0.1357239403310559,-0.1872275193604121,0.14553070072937516,0.040845389311081975,-0.029692585917196746,0.002327708204939413,-0.19010206298579027,0.11552627763959893,-0.1982669043029118,-0.1493206198347818,-0.0023232847533621198,0.0016568852436233533,-0.10013278809502311,-0.10067720034635007,-0.03692116700698256,-0.10012243914202723,-0.04400524977403521,-0.0913760918057685,-0.021870565395396443
17,-0.03865835230256979,0.017186137889651208,-0.15332001545542595,-0.08083853574447453,-0.13962517200512284,-0.05435886048275522,0.09688286445283631,0.14729938514339522,-0.1318326575155023,0.027024923620049955,-0.07621339360508007,-0.14155058041987223,-0.02554522563824268,0.04249930090292265,0.11286660165052127,-0.05170303285888358,0.06675041382766886,0.029464342494014834,-0.1365597056647029,0.03253744489174414
18,0.09755075878298987,0.03538262345468648,-0.08303753236696007,0.01669302153065922,0.01625524696167908,-0.01061476203291422,-0.07564624977986374,0.09110443730220141,0.10200105808073848,-0.20657162684808586,0.0940290826154724,0.10775878790896344,-0.018063699969383923,0.09234728334822574,0.10488162780604483,-0.06424561460713434,-0.013565024298374194,-0.06728564617334268,-0.08695058826364366,0.023825811141866264
19,0.18076287633857668,0.029277358267359048,0.0683897443622584,0.15010875807352408,-0.10240979633836307,-0.15271229966462008,0.22766638464206734,0.19677169020940427,-0.07768246440246394,0.030892641675089892,0.0541321443189412,-0.018114462688765466,0.0666522423606761,0.006747902190053449,0.13112615854840554,0.14138454016032703,-0.24266569875333752,0.08456142053795764,0.06320593526265822,-0.020023466993501726
20,0.004753360348358303,0.14474408893400695,0.016201308573175022,-0.1292758479813706,0.07014088664653646,-0.07873272488407299,0.05521443814704016,0.06462442948060461,-0.026085591560685246,0.1704543092038619,0.06621226386975336,-0.04587941949089777,-0.06360785643470418,0.09189357166138644,0.05527682986995423,-0.1310556515048273,-0.011256370011809153,-0.08615771932547113,-0.01625277078376332,0.06497437756642184
21,0.12467915604959988,0.12406200938152954,0.1262999262206088,-0.004221620186708391,0.05317865501689035,0.013759103687295776,-0.04905822719573763,-0.11941958267715702,-0.0006242588170596296,0.09176952892587575,-0.04282115132218206,0.07495284468858818,-0.14205449912474974,-0.0965397480332889,0.11326642219012441,0.10423245049847946,-0.06408115175299454,0.046754427175417355,-0.22823630437063777,-0.1735213412534774
22,-0.020504481801165517,0.004383695607746381,-0.04842752368483763,0.039780941956009064,0.054002846673755815,0.00958269198247966,-0.15391437030674818,-0.1312479371173376,0.17346870904849804,-0.09323673203350023,0.09436621909413598,-0.11550885793015242,-0.17782589647056252,0.058859349445986385,-0.16211312558637342,-0.2157902119927427,-0.03798571001948397,0.09102212353950341,0.029652956937672104,0.04835157360319828
23,-0.03694180890055522,0.0968790013106316,0.11972779267830741,0.01340096706568123,0.0048706526323078975,0.03372700029455467,-0.10941954451289469,0.041410857378430595,-0.2874855709521244,-0.08394675124422295,0.13860835677205297,-0.29616074218972716,-0.07994878271628589,0.12582644835623835,-0.09587226170234817,-0.09182648075593597,-0.0458858787298087,0.16478043856031996,0.10792835746879206,-0.17701594893352193
24,0.11235142539816509,0.15457612231903853,-0.12635711601437874,0.21175724779444616,-0.0009270658533379062,-0.14561433219164,-0.013310663553527982,0.01718288599418234,0.031733521036818216,0.11895371509586247,-0.1363884057155278,0.012088201741584833,-0.013185700841679828,-0.054373013236185014,0.02297834200349061,-0.09601901938244133,0.01747225747732417,-0.09737983931713168,0.1417247291793459,-0.02814165586706632
25,0.07840195476291588,-0.12359984758310603,-0.07394229587260323,-0.02895807628813144,0.06262431492980106,-0.00698608158690897,-0.05770561174017378,-0.04008393903814653,0.020074677091381405,0.13545992096912082,0.10790591515215134,0.15730148548868564,0.04517714049933506,-0.08484902196936545,-0.08119610444961717,-0.08082803359662735,0.14709425282637745,0.05149497492551474,-0.07548488805006394,-0.015486696709601197
26,0.11871945250082543,0.05309961491956965,-0.019849908697357713,-0.045378591474577026,-0.0212334736013248,-0.072573184577048,-0.05615815418405738,-0.20528859045688824,-0.04723260857854738,-0.13715973590052097,0.09875502333688681,-0.06162478918041686,0.1516967953628246,0.032321513652575275,-0.07970184806366838,0.013848049526969629,-0.11964797132474618,-0.11968926306911792,0.02891285290959716,-0.01033119598569171
27,0.1733515917713884,-0.0459462817802465,0.04935860561646369,0.2724459276148183,0.04890875720468892,-0.121290863683027,0.14668913580564544,-0.004307567527470439,0.1235291489078775,-0.017073571334279135,-0.15270984273579893,-0.037838598410955576,0.07821401579586834,-0.07906039657411136,-0.14900181825103173,0.018769078477170718,-0.0021659917041801876,0.09655066402618308,-0.115697086606215,-0.06398494886867334
28,0.022647959337831095,-0.026350626999932975,-0.01903478224635923,0.0590647080423828,-0.0526254324705955,0.14905155317720792,-0.10401459370609098,0.029932181676442914,0.029182511009790017,0.07765024177238838,-0.011636083993227249,-0.09211998000895659,-0.006750323860964302,0.07116296297056834,-0.06117764440342668,-0.0643023016044657,-0.049755485084916166,-0.20967181554046965,-0.04376841549522589,0.03639333447410219
29,-0.03883899031658749,-0.07581582663128308,-0.0003761636951212289,-0.09971035468865427,0.12053020083528317,-0.0947524171054964,-0.10660236632699079,0.04616836318259874,-0.05675801464465748,0.012672774739778483,-0.20101940636969753,-0.103202014373531,-0.33597001585185726,0.22431914995613436,-0.01287939498520521,0.08674338102291501,-0.0478242287634229,0.019502819585218836,0.1494694346527683,0.050936431117685664
30,-0.06161401549438683,0.11000187304887299,0.07744328443671059,-0.0312297073799944,0.018734516937773345,0.07818865951050823,-0.09516820248004626,-0.14240622853745707,-0.03111703361569456,-0.09234430239639038,0.0605224201781504,-0.25784063537817964,0.05636770661389271,0.08975133226188911,0.02199630853605925,0.03543050733591361,-0.042641956602043965,-0.06388322936519905,-0.04890842521239758,0.007869937645198236
31,0.05796127639145779,0.09225817667778319,0.04952359072904231,-0.05116770584098755,0.08191413677619733,-0.12298536573881945,0.042133162134659105,0.05674548737900553,0.09915419365158822,-0.1224358383971758,0.05796392808023607,0.11480592914173379,-0.06201788803185782,0.1613307613285866,-0.001918636919226154,0.10151793059162953,0.22425962865228152,0.029507025135217396,0.0021355989793957857,0.11193500313266598
32,-0.10262174649780341,0.04426888770123205,-0.06886595650613675,0.16995277190264405,0.12029439042094806,-0.035164868133425904,-0.09912552141401348,0.03962865451142325,0.037202873925399504,-0.08327504925125595,-0.08066310449526744,0.06439169038243789,-0.029196621517901176,-0.1279826789910965,-0.11439599005526371,0.14247664834145643,-0.09518066914444842,0.02134066890318022,-0.14190225091734368,-0.03006057880738792
33,0.06696629676145475,-0.09710447222480825,0.08509739248938755,-0.13701291150899203,-0.15932463982066672,-0.011627552325780166,-0.10647519595979096,-0.016391276920080508,0.01847195488283176,-0.234637293435573,-0.24019072370588262,-0.02132670060604597,0.11525530230843746,-0.18914840748424416,0.011681142308550805,-0.07967889078867796,-0.021764582950501512,0.13127257523184413,0.04389590007111459,-0.03231362423364609
34,0.007483017491789134,0.096949396845492,-0.2508642414080263,0.02899647378386963,0.1454261787234518,0.061369926899129575,0.012999851212756685,-0.011947468463713933,0.006842155268254185,0.06430700722985735,0.046598513056507335,0.058246960065349046,-0.12463553759564226,0.07186655412611936,-0.01081841094091732,0.10531770686943479,-0.11934870856784066,-0.09009550850362101,-0.07605694763498169,-0.05929186135252537
35,0.12739247587179078,0.04521323110247075,-0.015100388223029114,-0.06111311880957994,0.015784412766540225,-0.005738073760983489,0.11552167345609476,0.08671999707611205,0.1655453311870929,-0.19570009311345538,0.05149516098104431,-0.07266921600762095,0.05470394587498921,0.23595114094619357,0.12400088935544805,-0.09744140211178452,0.10704009916173211,0.15183633967432494,-0.08202616598008665,-0.0430014377936552
36,0.09528813873972346,0.05172591247097679,-0.1319498457119,0.009833561822287113,-0.03552826164816217,0.0711975165705319,0.11313411417169791,-0.043294275500399944,-0.00565550979301718,-0.05204189608455006,0.05671622431668041,0.0021451481745877366,-0.13096871577975036,-0.06204699807894145,-0.06561772582042319,0.096345351522602,0.11323721405434191,-0.10170903472577135,-0.16855196485431093,-0.061373891703789644
37,0.01737708193294447,0.059108445873851445,0.09370054525655475,0.02611424281937457,-0.18624888486217964,-0.05460209048567921,0.1830716932928969,0.06499355848279498,0.13658377947039052,-0.054256033956620084,0.0387622930554291,-0.05107408963316963,0.051212334598988454,-0.13706142645141706,0.13779818309538272,-0.032186135842845735,-0.10538954797483589,0.05547609157780647,0.10455019650482278,0.18625455670390173
38,0.02324054538025251,-0.0929527822978447,0.1448159517540953,-0.08154009038428123,-0.014291023728597174,0.10805492893102236,0.013386847613792871,-0.026893086459559446,0.09616077733156357,0.33350251626226196,-0.049193547895323965,-0.12486706652305946,-0.11566630844235841,0.05110766213019103,0.24567134724834003,0.1501691861519325,0.08490097481235698,-0.11303513724055538,-0.06552744736622451,-0.1629031352690323
39,-0.19226889125715027,-0.01291572228156513,-0.09257436165081662,-0.10344394322055382,0.07516734002368804,0.10095399594773297,0.0645164448795198,0.08625245445356466,-0.16984872369718404,0.04077397107092778,-0.17254863279372315,0.1826103836801408,0.10055711232762293,-0.15908880518220703,0.18258595005597947,0.09396695098599964,0.12215882968586032,0.10447453562886848,0.09020034058399147,0.030628574423371486
40,0.035474241936664874,-0.025230016076168715,0.07545213906170728,0.16027423953336103,-0.03612292514759571,-0.06595440472698207,-0.03550417403095207,-0.08448906964500127,-0.003614026162165259,-0.008238957035401664,-0.06000568127678207,-0.04297143881036499,0.06944030553414417,0.05108472893137884,0.07786618909577897,0.016041315023617123,-0.08706846393084935,-0.029402108048855898,-0.014135849781415527,0.04168733126727985
41,-0.13517279547056732,0.15021001552911273,-0.09394012710177045,-0.009069102229745196,-0.06779782500269416,0.028865868827699398,-0.1037595535310343,-0.14063705639115096,0.017853676282024916,0.035045207935379456,-0.04073813236491174,-0.028185505185591833,0.03230644860122114,0.029060506495895238,0.08554853568942995,-0.11161840866697062,0.2869555926420133,-0.08681199626358556,0.03719304656587306,0.046685405054658485
42,-0.10234549255451149,-0.018037822692314572,0.08181187756697618,-0.01343110152046021,0.046291571881989284,-0.13542794348423678,0.026430433322963846,-0.025062087732730543,-0.06634491762608932,-0.030406046418742266,0.0709840940827877,-0.06050931533664187,-0.22947714051539142,-0.11436164684887494,0.043826110930596796,0.0605674801825287,0.02160400357475979,-0.010029055254762704,-0.07111099093174225,0.2016927224015793
43,-0.04042463409256614,-0.029385278511095438,-0.06263684864285142,0.16182625681823895,0.08399906880486235,0.03242107740774522,-0.0031512555631814237,0.01104811878941892,-0.007453798893863622,-0.042345201818171314,-0.05338544371852738,-0.025609421570279674,0.05804602648774678,0.11808261621953271,0.011342355008759667,-0.10876312333837536,-0.07659312761699102,-0.08078000645222413,-0.14283367542431055,-0.048217201951512974
44,-0.16533839523218263,0.013338372344107487,0.08687344505462485,0.05800717114605743,-0.1841650258504983,-0.10217064331057335,-0.09056901944709565,0.18944287596110432,-0.04828083151859741,-0.012675859485615443,0.057529062871067516,-0.18617005101952236,-0.11524686817362323,-0.0508725732924053,0.0447240736809705,0.09587437384589503,-0.10141337035097514,0.035179889128234464,0.03606352733378808,-0.12000337887612492
45,0.08135854127365484,-0.012700444047223888,0.13343144069120544,-0.16997411267992424,-0.08085082670852407,-0.06382572426454283,-0.1336669589023566,-0.13738778729383316,0.01865593520861135,-0.03572376318001583,-0.08925634139411832,-0.048281523604691685,0.10498699315619359,-0.046801873755094085,0.03498885365814123,-0.03980578433905767,-0.07910776256114167,-0.03922969316540885,0.2096295730996096,0.05635680528848737
46,0.04527257539882779,0.16614616914859792,0.0621665940274873,0.0024528182493434056,-0.06777680805351168,0.012772159841314502,-0.07155538910387108,0.060143016230980076,0.028398112450744365,0.0039006811566124123,0.09380179629085546,0.10760817653131374,-0.19869689663478865,-0.0318890016424452,-0.25938443694809943,0.14588883979083378,0.02895102339918495,-0.06414351950964951,-0.10272562770661957,0.14867744343241135
47,-0.03374440426190106,-0.06045566059522375,0.13376976938635352,0.036655415297399414,-0.04529790424268053,-0.07321673729655975,0.09784590266210397,-0.10700243834367724,0.02231241224361341,0.22990482194454978,-0.10664741806846573,0.05790239811061708,-0.02410409367948448,-0.0870972882980608,0.035993263576872235,0.20236061209539363,-0.05460413675292279,0.1244520350458537,-0.09126388637438991,0.06543469448451361
48,0.02843526166943646,-0.06113156389608664,-0.13090143428915754,0.03364732256746179,-0.021522279995441446,-0.05423779508702237,0.03680781721117821,-0.08174251965077797,-0.13642074184034741,0.01382541073594311,0.11322647851989572,0.26785010904990525,0.015120167029470381,0.10612603164239316,0.08874767636582509,-0.08226127437074837,0.1545385780080556,0.015736412443944872,0.06503351458585524,-0.04348695332745375
49,0.1722518638991043,0.08211961093935669,-0.286472410568068,0.017305908154971187,-0.005606923364409038,0.18777818484245445,-0.05233483414061546,-0.09993997541292941,-0.10983639052664156,-0.09213894727354002,0.05354950295933068,0.03906488230005997,-0.028687807670400717,0.02968065309671393,-0.09275498449326744,-0.06814271160583679,-0.04608607338943732,-0.09982866285313728,0.10814136118660371,-0.007659454764170769
50,0.061710406864040016,-0.021205443113369922,0.11648552772158884,-0.11202819634455013,0.051618521765258975,-0.12104228639384368,-0.10465224975572551,0.0466777882293108,-0.0288724921951406,-0.10327185511414981,0.0634818183734605,0.0880642953638546,-0.005786881889314877,0.05019260924960265,0.21987395240528623,-0.04236221015637472,0.05756149511978351,0.07226800214838461,0.1781164688391947,-0.08579863237847375
51,0.07833517961361115,0.0619548486123513,0.0635652653916108,-0.041357658880334575,0.04451841628481854,0.1333466545074222,-0.00026630589632864064,0.22057431203648026,-0.09241723376049917,-0.047968392949314945,-0.03208253046720891,0.06329417384155138,-0.0583751584699221,0.02734729656842714,-0.09600392074865195,0.14250737742507508,-0.019567758833214235,0.10012919235797929,-0.04286641893627153,-0.004480438541487102
52,0.03706395057459366,-0.14868625901071378,-0.009555790527751908,-0.10635043738290624,-0.046997921777779166,0.24096510918322447,-0.17633109699621893,0.13394025573330975,-0.06935797913042191,-0.1874274935905706,-0.128970591888817,0.16186010235357637,-0.03354643246919865,0.09364175533368646,-0.1800404555970576,0.24532557336637628,0.06913383510361971,0.05114307061387733,-0.0988648543197076,-0.08791216577118413
53,-0.06338578114570186,-0.03412035611995207,-0.11375598616884526,-0.1868378560131313,0.09235391468369764,-0.027659945160834774,0.003060558324356257,-0.24778235997410777,0.1002132671026267,0.014526054754302246,0.20699104532744997,0.1859531423571385,-0.06415152521541904,-0.09887975391057721,0.13592643711041535,0.06676349659769842,0.14071863905254992,0.09927101167962807,-0.00955444211315064,-0.14177059250881943
54,0.0043824840629863755,-0.03479864058092009,-0.02416256625457458,-0.08358322418913736,0.08788982904381341,-0.0562359343025492,-0.055442043257865926,0.02107021948991206,-0.000554359570152007,-0.06888687803233785,-0.11195567261133939,0.09297518817532942,-0.06538713924479626,0.021589664283130937,0.069449432571242,0.017173461233402056,-0.06173108260325289,0.14904772390531798,0.023724760799921387,-0.13918803248045167
55,0.12940942870746217,0.2550151888230467,-0.044009123217514635,0.07722271201817299,-0.03651100594489397,0.08643727124874369,0.055777816439750535,-0.14897364768983973,0.06989035821532424,0.00800960377229727,-0.1091977927312192,0.05152744222963971,-0.03517715948336325,0.12680487197869336,-0.0860716508718211,-0.03723527042991687,0.14157859192102357,-0.023972942450059785,-0.07777094380385881,-0.0266672663579791
56,-0.11261488651856291,0.10686503755899292,0.025190287931303058,-0.07720531673857171,0.05106010184993127,-0.029150827770982973,0.05353919207121381,-0.07823526741266253,-0.07629288976409443,-0.07816610780870444,0.024521315324851856,-0.007009658783147644,-9.302309788175399e-05,-0.07168129314826334,0.23857453043114749,-0.07282583336568035,0.13548681340973137,0.042763439524610584,-0.07245350543723669,0.13709988967890044
57,-0.014953373176123465,-0.04342622465049671,0.029275135721907528,0.12324395312512965,-0.05294793127687832,-0.010006369444665075,-0.04901295433064108,-0.001144779993275347,0.0005186736765691479,-0.095757653988345,-0.05309075530357797,-0.1325407760657324,-0.009347238514608502,-0.09637841035350822,0.07928295999893414,0.11473851060436936,-0.034820113395059235,0.2571931011825359,-0.16232664259104046,-0.10923616329143154
58,-0.02068978090535317,-0.030028187359647275,-0.22964639111536803,0.06681349281356815,-0.08416657378596279,-0.060095806680480986,0.05979575282973607,-0.28388279792469406,0.020638410151921548,0.005572286763294771,-0.30099854102290535,0.1363348820394248,-0.012054711515988513,-0.18034967836369897,-0.022177224906502178,-0.09244757031425896,0.04155387233465437,0.16082656949963525,-0.014830929394109104,0.009462161159606733
59,-0.0896777192685277,-0.11179881564986499,0.029085932251955,0.3559003096343237,-0.0430186667825719,0.05354508088893171,-0.0029009883244233187,0.10452968724108798,-0.25670459061377426,-0.10423553447776485,-0.05078115406036727,-0.08812232362927808,0.1124852484525041,0.1749093881112751,-0.018094931354976057,0.003415034881885369,0.017339054459286997,0.10693854377990798,0.08954490118430986,0.06494766881252205
60,-0.02664547259976843,-0.03299508323964699,0.07930415375723272,-0.0007943796957702723,0.12777741895958417,0.183236200973391,-0.025751765019941638,0.004370574868131989,-0.1595917513004521,-0.05969675176842452,-0.07096243916229679,0.08693422911157098,-0.04598542329003015,0.03648510677974232,0.07377250513874936,0.1072014239498924,-0.034813714666138106,-0.13432792482603048,0.07995691359144268,-0.14335338458854427
61,-0.02457754162210839,-0.002521925102361672,-0.14559967783566277,-0.014581203261841877,0.11677505386443898,-0.0412899420496478,0.07798797750399668,-0.1822844473047798,-0.07317128202994541,-0.0076051045747125194,-0.12821726717859933,-0.08391214096876265,-0.08360315910974019,0.10377032661350014,-0.06926164715457664,-0.030637361627881568,0.0717514543160524,-0.005476621241491283,0.0506797820352238,0.007370361714418642
62,-0.09848304304342494,-0.05431372554177023,-0.14069966941644563,-6.066802983689921e-05,-0.11490308680412158,0.12069831233103148,0.06774847310191016,-0.01558936326444675,0.021636462851023018,-0.018745533723113758,0.030724394494799512,-0.02149019749423784,-0.06558433856530092,0.09127478326137033,0.03692852269716285,0.12435567828859308,-0.15533707292195295,-0.09941653331051829,0.15466937393178665,0.04071983580598371
63,0.02471106572554058,-0.07815720418155456,0.14058832301443533,0.11860959861422102,0.027378838343564315,0.181950932529658,0.07220082545268422,-0.015626456023683115,0.035088285585526964,0.05476672550314169,-0.22982318594767545,0.08970105574338634,-0.152683192419624,-0.15300651207395247,0.07008912378154608,0.001984087950520531,0.07196821808147334,-0.13647966994086452,-0.1316979756290777,0.07393562700634433
64,-0.12327454556067108,-0.08915274203174679,-0.08823525381713791,0.1460390678939086,-0.00832171736635159,0.07897968645524835,-0.007846256916088534,-0.17070943225776117,-0.15186974735521336,0.021819030673930793,0.03976040755410466,0.00477711089321162,0.06452415593510843,-0.06556770866494244,0.03762733115737099,-0.0009506667189992174,0.10952754955638541,0.0016527660371753073,0.032823814121918,0.10197483005988886
65,0.00013541513159011538,-0.07139453889396216,-0.2671357747164828,-0.12794794316507602,0.06002631447390588,0.09905249464440834,0.23833360597813535,-0.04566303472861378,-0.20974923330740441,-0.325018482241236,-0.0806609918994134,-0.1136356592962411,-0.06711158335418549,-0.12564235692464631,-0.017121316035558453,-0.06956869881323562,0.18753793252113296,-0.12743333959809922,-0.13793822346492385,-0.18791002863543882
66,0.008536446069059319,0.06758440778316072,-0.04707455109480139,0.05134187574851966,0.06934191972903128,0.22698100283699368,0.1121512064820961,0.2584693300494407,-0.09145611686533266,0.1633585473847217,0.0550525698042107,0.15824087090373565,-0.016865297425926098,0.052497157596481096,0.09311547977074809,0.06710234658202109,0.0824664582782438,0.01564050476875034,0.022088011173898133,-0.10970349096459382
67,-0.20019324082851747,0.0005277338043212643,-0.10492709284444711,-0.06734559072648093,0.011960234413345984,0.04989407129583272,-0.2146240593189629,-0.08603555173283327,-0.23097041793086645,0.06058537044692634,-0.13693040503675036,0.06410526382378125,0.0040123215963095305,0.04338855039977143,-0.06527243939346535,-0.08108009592474336,0.17798053368355668,0.011600293725459059,-0.11852253127593364,0.005436296212371321
68,0.1431969726925036,0.026013175971298427,0.09085267407297343,0.2329920097457425,0.11330686615392978,0.08924542235066633,-0.29609791541398134,-0.13719551082319975,0.03389655579780081,0.008541671320466251,0.06737537659855188,-0.21864236729758366,-0.03227806985522032,0.02780033869041506,0.20090216750897835,0.0509173270544116,0.08164935191751999,0.009258850252077023,0.04484536333731246,-0.0427239989620488
69,-0.009750587071715798,0.059945543779081255,0.01606594079489479,-0.013553470119050311,-0.2183894363396895,0.07300659967556175,0.06868404717059651,-0.0314181038677321,0.019609547042047513,-0.05415677248639636,0.10322528412565884,0.01810096810670645,-0.1266826983198491,0.13394340031709323,-0.05951868325476236,0.12559597019098867,0.0010417343981684864,-0.048368704269671894,0.08970634109811253,-0.05716781941759737
70,0.0974001695550105,0.059718993287879815,-0.19136589437014487,-0.10891897483012863,0.042936660672371056,0.07301033070588395,-0.021666863962700483,0.08944809934389839,0.07929957909031209,0.05957319945144555,-0.019323959979590712,0.1806210421655127,-0.06943781031202596,-0.04253773525768331,0.13908050776837602,0.01608912624856804,-0.04162381347941346,-0.005480279396577319,0.1532579402943769,-0.12359875649143275
71,0.042309309124228464,-0.11028005553047608,0.11756672796522019,0.09671999419072141,-0.11938518696434426,0.1329646799959354,0.051134692864671386,-0.01921623004854343,0.014630928482411883,0.15542198071885466,-0.1418734350188653,-0.1143877253966201,0.11124909598391747,-0.05125028028531111,0.1272755343180771,0.0524840275214285,0.23740687853839462,-0.1117713274972957,-0.04081510380818932,0.16664228967013975
72,-0.11049867657244064,0.10022031594389794,0.06651082274625228,-0.1338299981183863,0.20371484375739407,0.09084077303233842,0.06635125355494532,-0.04915158438823559,0.04615613085105812,-0.1504580512120347,0.04017599486038376,0.07602500519054026,-0.10976467238567042,-0.017350201600523602,-0.059615990390692646,-0.09833735040973335,-0.12702432245507334,0.11302246155119203,0.08602706084156125,0.00829603473982901
73,0.19396473757927035,-0.14234940751537128,-0.10064975935766936,-0.031362173247391385,0.003420138193536154,0.06239937625806515,-0.23915133433998018,-0.08518992451810171,-0.028340048144498343,-0.019137393390037272,-0.014489737093616645,0.13665708269602767,0.0428954857434399,0.10183643104774547,0.08192139427098405,0.17672740078592838,0.08202024619022343,0.022134425688664142,-0.09188532119216916,-0.005859254338470851
74,0.01658205190362114,0.046988941926440146,0.007065083984924931,-0.11311112626895066,-0.07835360055703822,0.05304781844724085,0.06383418468074042,-0.17284568108409254,0.04385864848205685,-0.0403293568813792,0.10461794367905992,0.08328194944913775,0.20707342330644937,-0.1718865096457311,-0.03490315498782192,0.20597692773626522,-0.00866383974884395,-0.08297643146622927,0.14587686732921462,-0.01801073279084633
75,-0.1261156017792424,-0.07917811044988289,0.17771949812116983,0.07447133835826877,0.0515267895467714,-0.09638466492359753,-0.07525715700640868,0.09537586263058657,-0.09532011411352478,-0.06691625816961286,-0.04298549780531293,0.07682670004738314,0.0014338498391453743,-0.04490751119623915,-0.09288821514455967,-0.23770617205955472,-0.09731142360467722,0.04742402138342169,-0.01459004590856606,0.006750707315199595
76,-0.2668293881750769,0.03155481733203274,0.10894497347488123,-0.04807413436428669,0.005823071664640436,0.11076376727932151,-0.25370145710444597,-0.020924187650860064,-0.10868776593040591,-0.08080111211464044,0.11142790081847347,0.006733806638955407,0.02485511464422008,-0.0021299181480199793,-0.07990123321593708,-0.06863747470814922,-0.033906791823355924,0.021307746253228815,-0.14052273632045947,0.1931875729759527
77,0.047421336660791714,0.19238452720173296,0.04376310180335655,-9.100327132979724e-05,-0.0609271914634123,-0.01174783393450374,0.1292569678873352,-0.12172535427796938,-0.09660816850673316,0.020107582584405207,-0.04725059496138183,-0.09648437283436871,-0.16380419680035724,0.05489058570440014,-0.030280045859169474,0.15248979315500621,-0.08149801842798844,-0.029444127723072578,-0.008182572175710235,-0.033152153419750356
78,0.13038203566100406,-0.07583345143052637,0.10351440232881572,0.008928726176741906,-0.06169037488568728,0.10223891860428505,-0.16660409660182932,-0.030238646126172986,0.2356986963487028,-0.03849255183499261,0.06913422668003064,0.0042957585648953096,-0.1574934180653005,-0.024552487128951583,0.08996222215720096,0.03347915532239539,0.02184526427435843,-0.03513282222443149,-0.06624509248760828,0.2180038205854007
79,-0.07837285226904261,0.06679140944731772,-0.10670523115449805,-0.0004221090636870713,-0.01942192193260107,0.06067114479061217,-0.2852375537182172,-0.01905201578576461,0.12452981648124645,-0.056987935188361184,0.006133342735822403,-0.04234899352351067,0.10890919653646196,0.10764727439284599,-0.017283550111703478,-0.013177267159824946,-0.2831450398143144,0.0042494342010378295,-0.00844879227440412,0.09201694020867791
80,-0.1329886650643719,0.2235440163465773,-0.009168439545563971,-0.02262040250201219,-0.13473043658339628,0.024913318957170024,-0.12438898720736248,-0.027635798333816162,-0.047529461204932705,0.0516670824848778,0.030925669900104143,-0.08627121038878745,0.028266520107773033,0.0006498310289513905,-0.14299872670051827,0.09680598398854172,0.08687853268854595,-0.0913159158188737,0.036414336201021316,-0.04417465410712405
81,0.03273087838329191,-0.02851053153629731,0.1658949225982791,-0.12635133955267963,-0.1463830940095909,0.07695970371078929,0.011633307994624765,0.09640608941277383,-0.13528289699706578,0.007412717036403833,0.11693394161500757,0.0049815636209960745,-0.008766070203552957,-0.2177764199698903,-0.10338325349172756,-0.07965999248798922,0.17099814119957576,-0.05727750622186105,0.14286766559518163,-0.12064724323451817
82,-0.12882289992912882,-0.09365831818161403,-0.017408802794611742,0.28369920874784893,-0.1209578984667514,-0.0051888346327035526,-0.11748942021055055,0.14184360725599676,-0.19343136388443843,0.008141609740499363,0.1017262368210315,0.05419459543663731,0.07646434066148784,0.118289209574296,-0.1145611010940827,0.22221207662879597,0.1328895575942005,0.010470084252470101,0.16999788866660512,-0.02072111113913255
83,-0.12774166076550955,-0.0035158486600443076,0.008882819247709298,-0.04179831232241401,0.05972029087257544,0.11393592094347955,-0.0016060856120168902,0.002839147091425169,0.009768379684315428,0.1769060503857751,-0.017603160391320885,-0.2181554149833676,0.041404230983187545,0.01510672572848997,0.020185269164823653,0.12631442322294664,0.22700366523016788,-0.16955046942563348,-0.039308330364452304,0.04723504936934052
84,-0.15899652865332137,0.0236453738307893,0.017937812399773122,0.16568477017611058,0.0469077806085259,0.09293980397893917,0.08088993632965451,0.05862416534699759,-0.03452224706018687,-0.18310863931534396,-0.05193207220583842,-0.06709056201288532,-0.010547745044374912,-0.012253115944074142,0.10541733768953725,-0.23589769508824537,0.08925029035304424,-0.054657083881241894,0.10722083195447883,0.11212085692729093
85,0.09811600239975181,-0.19417540855642035,-0.24761347373190293,0.09025265287788371,-0.08994920665474114,-0.05740555383423248,0.05739950452455205,0.13398894602031686,-0.09385076330197359,-0.11380820774539084,-0.07327419513196096,0.10073426658360916,-0.031058208940520474,0.06087134722423496,0.0734993959144814,-0.0244027649905656,-0.06874404357613542,-0.002364873915025334,-0.13129442449755482,0.07380002518904445
86,-0.13291902366341962,-0.024557928631952202,0.2283728998021152,-0.002669992874332758,0.06567289719225687,0.16913225417640776,-0.1746241100860894,-0.029111024713946863,-0.11833960259830807,-0.12723744899837164,-0.02359763070916824,0.056469538280727545,0.07930852378948378,0.11551296326468917,-0.09489190591465775,-0.04751671317843942,-0.1350504652345504,0.13062413421145108,0.16494929797052116,-0.042634730816639495
87,-0.09089237636752298,-0.24591295927856055,-0.016618578368159748,0.079166268637472,0.10091045645042633,0.06699787301851853,-0.11321989960832546,0.05467420184558432,0.010803391125479503,-0.0718250996903122,-0.08991294101232271,-0.12089557459296402,0.03399937462587594,0.16921824763499083,0.18459090891150995,0.047527401314884594,-0.09010862748719989,0.004723814939274613,0.04608951039764298,0.07262199812426136
88,-0.09538751793962334,-0.007291454956420618,-0.00739569703780991,-0.023367189626461057,-0.07427211063954309,0.04875192214312988,-0.04943753315063909,0.13528484844526106,-0.0004320849366473216,0.290657033721816,0.10628573030768182,-0.021321318726994408,-0.042029137084010085,0.1342538229642528,-0.02899923304345757,0.03714275759838737,0.03087472817047135,-0.11169799253752062,-0.1566244752485919,-0.0378007106495907
89,0.21951824310170712,0.046840980638090404,0.05844136016665195,0.16615125817411536,-0.16856840991336156,-0.0633958491534618,0.18380952894241748,0.17617198065439926,-0.03383278264757365,0.0553248840877763,-0.11643244276966333,0.19155456407767554,-0.10866571422738097,-0.06630287812330293,-0.009907593766894828,-0.018634860622841143,0.12001046646889786,-0.02297717581317896,-0.04211619903937522,0.056016722704277544
90,0.10334531498433978,-0.07445357491543614,-0.14376591319595008,-0.1215907081335588,-0.09316714134700879,0.12036080311583743,0.049475131284776847,-0.05807942634004728,0.012160125445303802,-0.04899742965361281,-0.10411826650704029,0.21498170210271567,-0.016956867605196452,0.0871056521718129,-0.055845768924121936,-0.021321497517561728,-0.10977857976536497,0.01285366477764326,-0.12450293946491031,0.08792209122710576
91,0.018988855520791968,0.15162197449942671,0.08789428255377289,-0.06744601237776056,-0.08955894716666137,-0.1198267536502362,0.07097797830068228,0.0546299025162492,0.08123851815297195,-0.01925264069206475,0.05819633424488833,-0.039461021930656995,-0.04597334218661243,-0.0914667602675597,-0.05882085087517549,-0.10135262180053786,-0.052753241340827435,0.20374282411816866,-0.002479247978620838,0.1140330768670372
92,-0.1527487771849274,0.06822693072750095,0.2948667760823601,-0.0463900729916088,0.03445095485870347,-0.09879826050844356,0.057338872817726864,-0.07961156669220777,0.10414944891865216,0.06604139432379341,-0.055416930336489055,0.09266149840173106,0.06638042452639685,-0.08944326827994556,0.10886186488820308,0.10245979889532944,-0.019959950735959867,-0.03215256549010648,-0.0095502687318445,-0.048310836146943294
93,0.04722627456219856,-0.055042233790144,-0.05067284768656369,-0.06686806812453323,0.13913647849984961,0.03479194261959726,0.004820835041964511,0.017714556149542416,-0.04002982112442333,-0.09498097283912091,0.007888176509029298,0.05815597253261161,0.009992402723017784,-0.08295287765642127,-0.20541736684183937,-0.05300473073526785,0.12045613085525739,0.0422736245167295,0.11912920113396436,0.056204156308836996
94,-0.1530096428535377,-0.035965747846622695,-0.20296843629201303,-0.14222286720389438,-0.2375693489977121,-0.034859979937593336,-0.07749047721582401,0.05325249698101087,0.12968266716232066,0.05795399468367167,-0.11716571394262383,0.14636442263683697,0.009835851969568314,-0.10521465587091024,0.12078680214499499,0.07740734142531075,0.09554220709336596,0.08286670173839582,-0.0815824151139754,0.10403815767499353
95,0.02375196818029267,0.08129127116339842,0.09921788980003354,0.05819909889745807,-0.05676549378184468,0.061543408722822206,0.06339334808109215,0.023474071374115293,0.010945825562146358,-0.023413317218963663,-0.008065411617362796,-0.02501187037003915,0.20824214931637958,0.03901580649032427,-0.1574542324714727,-0.14955184201008648,-0.061678357380060105,0.04679855760206053,-0.04172088877076953,0.10461174367485142
96,-0.12192782138593317,0.06591812240919498,0.02260388261429276,0.08544323627584471,-0.0981092410687604,0.09271317582462373,0.00660073290504702,-0.02898283679599032,0.04685901920323245,0.061050147255124546,0.1561801344317601,-0.05021123088738132,0.22475876317607008,-0.04957669767240561,0.02644488947243898,-0.18530534451310807,0.059236896966328285,-0.09272582293841024,0.0933842410068784,-0.1097955530859111
97,-0.05438307294490788,-0.08421438587891591,0.023879339682409635,0.08288548639758112,0.13798089157347465,-0.04589098135228106,0.10014110575397726,0.10840016981482528,0.21553051111348098,0.04992709170532723,0.11468248512749583,0.037501204238806665,0.30768104788518486,0.1055841622767308,-0.19302016063175556,0.15658189238260514,0.04014039588106003,0.04809664083337415,-0.08595033037734384,-0.11411656234456176
98,0.07669527683621952,-0.05544054629374561,0.15862361043959777,-0.15645705816165242,0.05687959154992715,0.033448140681232974,-0.09271729080502188,-0.15514158146253898,-0.0023001776075939847,-0.012584950176492294,-0.0016225083724377444,0.057281243179672016,-0.05466781533090496,-0.003464643398864143,-0.1454143617128926,-0.022571417302785,-0.043184790117531034,-0.1390829310169453,0.018877881101056412,0.3085008351745654
99,-0.1423371194784551,-0.13404968643574658,0.016031828379328893,-0.1507091126917368,-0.058823606889506094,0.08416343588776633,0.0659166935461314,0.1893206788989566,-0.049742375626150984,0.2302818103848483,0.06220023555801208,-0.040989815678237305,-0.14379638487714422,-0.06441403838507878,-0.25382837378267586,0.029648865948155776,-0.10468459113159986,0.06360801283724515,0.026497402484130936,-0.0366588217353405
100,-0.11194436059036178,0.07036748131241118,-0.21560928664393972,-0.037655838270055364,-0.030006062689906913,0.027210210474839715,-0.06313738096198396,-0.0041045993525767625,0.026172385495468832,-0.08571779426882695,0.08620582908308891,0.09195092083440837,-0.09090590937320994,-0.14015751483745575,0.00727006990464343,0.04808485224886118,-0.08242366385520344,0.1381963556982333,-0.050269232215521306,-0.11509633320362064
101,0.11931332291745085,0.029976494717340364,0.06303157208299619,-0.0006204975610878266,0.08143758972116562,0.027246308086500207,-0.09493034738101247,0.015331961360115698,0.15904565074267504,-0.019018638061478608,0.1075923391711973,-0.09278132046231957,-0.07358164238756779,-0.0010492177690401337,-0.19415526989746104,0.01314146853619636,0.08282063836660043,-0.08992802331641507,-0.036005048929391124,0.27681865614326123
102,-0.052949485340020225,-0.11275557813055156,0.047412146291599816,0.11197910159542418,-0.06693621771384341,-0.10898477971362684,-0.08389629789019916,-0.09424029076441848,0.01993664711098296,0.032464767077094885,-0.06961512608824769,0.1548210514408376,0.03058418792457791,0.1801322207542169,0.054570375762426314,-0.10606707840486705,0.0373599010172723,-0.030693245556274385,0.04528271478078812,0.08677815740025548
103,-0.021644675884059404,0.1014412419807009,-0.02256169769175844,0.05274666953997126,0.07158608915558325,-0.01002671044362032,0.03448469136960755,0.07603916526289645,-0.050957055713396,-0.11283560640435535,0.041604654941592406,0.08711405034448885,-0.008410859491026126,0.011883600885900463,0.103660997346409,0.03429888451589812,0.15806474144079416,0.032768165588831354,-0.01548517495304986,-0.051914637961569636
104,-0.03852464211757577,0.020560554732962935,0.14847141053503446,0.10362512233207145,-0.027191441870291343,-0.01846989369866182,0.09117257959876536,0.04131923364904082,-0.01508751967233771,0.07188455997028541,0.016901645153962322,0.03773798430322022,-0.005183214647928087,-0.08327743146497374,-0.09141523496845937,0.024852243794490633,-0.08675359653152509,0.06342502322056405,-0.03129769322897832,-0.18558437289167018
105,0.05471321062034383,-0.013991545862642032,0.04619922675054414,-0.11847096136212491,0.0153521744461932,0.07825230269227751,0.024898736967021273,0.05020270747214825,0.031030924194019857,0.03808165376890853,-0.10015488669174115,0.030541835851094108,0.017395243464755863,0.16667874235983038,0.028092509379421437,0.12079969941832938,0.12049119124944528,0.05728227013614036,-0.05260075459559006,-0.0952219468706379
106,-0.09516767729484725,-0.14853741715379784,-0.13979820065978854,-0.014488413925608165,0.005429401439831849,-0.1933089150315893,0.04405410668320265,0.007614397564851055,0.11881719600522384,0.023748074611481308,-0.00804286136678269,-0.04331274481866715,-0.09181076165351004,0.0012120450725888875,0.04453823409129222,0.11581324944438821,-0.07180482703058835,-0.08593341319030158,0.1351653262979925,-0.007766125814717816
107,0.09220869428204634,0.24197016568494853,-0.011597853414533305,-0.04795927823296518,0.01718983788962378,-0.04621003455472312,0.04071286751180214,0.19279135859496596,0.005758134385329278,0.033296258189553576,-0.029698827982773773,0.07682212202380785,-0.01305810390877256,0.033474103472184324,-0.14019387334843383,-0.1635924951257696,-0.00821598756109859,0.10346750402091437,0.11120688819218859,0.005192191201716591
108,0.07290172837618634,-0.0009776336634858562,0.011542689503273394,-0.17088897631141062,0.04050679155150029,0.04119033493124688,0.12691379109819717,0.13364963642791158,0.05583480740321663,-0.09008441798250102,0.10527560631918463,0.0842003316303476,0.014358788627601921,0.01576754705258752,-0.025602986972814427,0.040987358224223586,-0.17770484248833912,-0.12968671121832792,0.2523829611081565,0.035639906588436736
109,-0.20019952333406305,0.05410522678919219,0.2130512121598212,-0.006463178996111969,-0.028026175527601456,0.2112630068292162,0.007113405007013649,-0.094456473173293,0.030571982311215704,0.030217936895421082,0.07716307671311093,-0.11730353129624481,0.13963176912203504,0.05541435778181545,0.012116391523098869,0.03645521690386933,-0.13704897817030642,0.0019325642009597607,-0.05603214392896356,0.1658878956977423
110,0.09207366880612901,0.08442539967499714,-0.05852667011118774,0.13591573789711783,0.006053323710815008,0.04230603266011402,1.0368799923340203e-05,-0.1123912813552863,-0.09581901703049533,0.1696460605944008,0.004655840058801585,0.011421081274811078,0.13187842711373823,0.18655964084443807,0.11248064680209302,0.15042231467851047,0.20226136443975157,0.14932865457312203,-0.12377587025637513,-0.006310400006645281
111,0.022030062448075087,-0.00788128424105933,-0.011502551455341471,0.00039349895952453095,0.0011566610797943125,0.08867679482877763,0.14824138587203922,-0.07054240120553246,0.16254912389656523,0.010607984212618436,0.09216453054606674,0.08325085508851791,0.25457268909469083,0.059542430448607,-0.02681415183398541,0.09456365957542645,-0.05465166270889504,0.3229955062119585,0.10388888315250361,-0.04274242369000379
112,-0.11757049469848864,0.07715313367641617,0.07811223067579977,-0.01824569947633357,-0.04529281817315288,-0.29207745459964607,0.15304118674354303,-0.05073548664436286,0.1042302223570403,-0.04608710103350822,0.1730375439392332,-0.08087256967112165,0.10065329397966677,0.02804418669367406,-0.018229427285382252,0.09824454696295272,0.18398232779081136,0.06357339525873835,0.045089891501771236,-0.13505549984752882
113,-0.08074586655900842,0.03457324152656677,0.035067447768503804,-0.09965504148325573,-0.13575509655091345,0.09424802204336365,-0.06868056269969212,-0.014849821074339105,-0.06207485403848533,-0.15893101423425018,0.06164981140018655,0.03066478400242413,0.057495982265098534,-0.10242195424033346,-0.06249189344611934,-0.007900752333671456,-0.024135352298639435,-0.0018632012633806008,-0.11561823034021247,0.24455851218800315
114,-0.1252820701344682,-0.11113735654481711,-0.01705155863680311,0.11970130462464287,-0.035089101601034005,0.005292413886029157,0.014825604857958289,-0.023151250619525266,0.08092616602452946,0.05234423003027691,0.13056193821910336,-0.09111598692840386,-0.07980711600377628,0.03897785010506846,-0.0647981779183338,-0.010390361137874619,0.0018156091522719367,0.05867816811319586,-0.11832840658886142,0.11076425688126804
115,0.032515392333400915,-0.1885744543004552,0.04298113462560172,-0.10137687226039598,0.004352169065907542,-0.027572078524679928,0.09142430124851436,0.042213424740068665,-0.19707659553971907,-0.06945683682375406,-0.0523735764390781,0.004348135184187579,0.009988806540111268,0.08457274042932053,-0.07940567002007813,-0.0606683836375227,-0.05718631906387462,-0.028729108132270524,0.02331153590195226,-0.04157711974443303
116,0.006406049284474818,-0.04987572108982189,0.11521093122920575,0.0576748776956253,0.07936440687825322,0.035491239305021356,0.1779157961664473,0.04835445397160932,-0.16065855178165173,0.1890958013217326,-0.051067918656937536,-0.30917221714478466,0.11543199753358545,-0.09976637599786525,-0.11197202073522482,-0.24147635084687158,-0.017553552555178025,-0.059229232763148655,-0.19275315833058018,-0.23381480846376756
117,-0.09029845767013574,-0.006513442485492425,-0.2168291690975701,-0.00862953867605916,-0.017608778613153405,-0.10708975663573084,0.09937925181734183,0.2560230580066235,0.03225149901377258,0.06375568881373735,-0.129007449312254,0.02616779129625962,0.041126335098027655,0.07069468900117734,-0.20176566706606888,-0.05609377523642888,-0.003177391681064206,-0.0667984521782667,-0.10405572540210593,-0.041106410979334956
118,-0.06700002919712937,0.06991234286278648,0.06716348447085937,-0.12361766278409221,-0.010781745549881046,0.020369988533622863,-0.07685434724547217,-0.00499867437616238,-0.08521983045969327,-0.018613125524177487,-0.09404384107113907,0.06578986248422225,-0.09048770036324194,0.03241730177460884,0.14568385331056452,-0.20663261988789894,-0.04724905186125265,-0.00023690319350610028,-0.06472521861718095,0.0888118698878236
119,0.05249774358890824,-0.008819484331122526,-0.05876398482424733,-0.0621387426472257,-0.14271409250134126,-0.13145068403474267,-0.044030883091645476,-0.12838960206316788,0.10922971568043104,0.09238899369626025,-0.023435314214666558,-0.06917532151759652,0.052711831874193114,0.051752750695547606,-0.1483787969517679,0.042096031871024245,0.06110797467465969,-0.022546331546295695,-0.10005739017419103,0.0998366922876258
120,-0.0003433405499855552,-0.00913522658415468,-0.2170617415389163,-0.04922719461116834,0.15621471129364886,0.09535846539798241,0.07008681783226375,0.10206930260892477,-0.2549948590113161,0.1432318563941744,0.05611035686727666,0.013382645131008872,0.013484268959466018,-0.0313039387054366,-0.10225822150620403,0.1103923008977329,-0.05584894260489522,-0.0365018149499538,0.12328613127389498,-0.006118408908389832
121,0.11622362237488881,0.1394578821504975,0.19854210431255115,0.02591406931096048,0.022413773933244046,0.054382259589586576,-0.1132568553348791,-0.06395821821427929,0.03906200083843197,-0.046516573307675134,-0.05459673195155566,0.046255573691609896,-0.016954669671798473,0.06184786245240289,0.04246485660806643,-0.03665687573116084,0.07425687611580233,0.19552443943691222,-0.132863028939477,0.11437716297452259
122,0.11606000320375466,-0.0892685009455842,-0.10223499599591936,-0.0004147625148132866,0.12032321958036829,0.13743763794360297,0.10447699894960599,0.031096390897525344,-0.056885876867752615,-0.10558849837045059,0.06224521749244131,0.03807055480779462,0.10956698773874973,-0.03314231383609153,-0.04741366971710915,-0.11329113865679702,0.00099460248022186,-0.12108758004268458,0.0048248345569127365,0.10626365512974224
123,0.016143514058817168,0.12700404051450417,-0.09410878353103548,0.02181686569023016,-0.12258714991290257,-0.04301072798603329,0.06405654768348018,-0.002636258450563177,-0.14717802410724928,-0.05833270915742066,0.0021417543011771267,0.10131921018877907,-0.0541455498548019,0.10461513311426546,-0.06064551545552621,0.047285995386722755,-0.1581416597593189,-0.16907050369962345,0.03025585412383622,0.03816245073757822
124,-0.01514820912034606,-0.030395361623010615,0.11846726941597362,-0.07487089906585961,-0.1313729443043623,0.22692138549446633,-0.00047125424350212856,-0.17626040780226168,-0.04620801733811001,0.10567353764090623,0.06107538183765278,0.33565541848968905,0.14104796133067796,0.05031883811777006,-0.20925757484281282,0.051203761220266014,0.07818088312001378,-0.0818939018346102,0.005196022428525921,-0.034771197356192905
125,0.05123419507403969,-0.024194160741561856,0.013292311561397062,0.014528463943402655,-0.22869777730622007,-0.07204049313481092,0.0016894804035008798,0.03921146691044696,-0.06673826755648121,-0.02955170617446967,-0.041408767409511,-0.07807499893547741,-0.042162465630070534,-0.15667164384672436,-0.021164546207698382,-0.015525479455404551,0.15488544930606804,-0.13771509231753182,-0.03244923977260191,0.08681689542775715
126,0.012684765710513078,0.05470851294991199,-0.09266665145304018,-0.1638860371013531,0.027945921004601096,0.12712071848748405,-0.15661696044662352,0.21500184792028973,0.06762122384610542,0.07332737801928126,0.004947804273489005,-0.07338398349090529,-0.16630544154772706,0.24235426401974797,-0.038416338794803793,0.14605670934826426,0.02172281447009628,-0.06455764084864758,-0.0322616688577997,-0.017831598136691943
127,0.08836597185656615,-0.022973704315618796,0.036223859924273384,-0.013105009851515036,0.007123135189750851,-0.023193924166737843,-0.14195854650663803,-0.015270052040320448,0.19012723808105483,0.07671161253324799,-0.09408013981696468,0.008718992309558384,-0.019073597228962177,0.01758290781565319,-0.12029705261929308,-0.0016513674271547206,-0.06400231393247655,-0.009143516334314289,-0.043287235116283296,-0.0032892006457090083
128,-0.03779169576018061,0.07023567788046872,0.045711575469761935,0.018395603074855167,0.005586961382300027,-0.06248031866044744,-0.014176664606855417,0.15463132226436485,0.11835479755610602,0.08720749726649896,-0.0825250110754529,0.04214830649096142,-0.08993586879706489,-0.10688017006155046,0.10492413614532653,0.03495594680405051,0.04118870338253614,0.1715132245486662,0.21715929383546073,0.07789547922141492
129,-0.11000888416510013,0.007425675931760644,0.02976408479330351,0.016585207986421668,-0.10479428918973566,0.16909054101604976,0.01607604254472314,-0.0035710586528162943,-0.008025350720179285,-0.00878466936142861,0.06964526596578434,-0.05245157220968443,-0.12148165519309337,-0.007062198770825136,-0.02994106883500919,0.018517405217569734,-0.10654583254199936,-0.009314776606474597,0.039225037449535635,-0.06626028258074972
130,-0.05027782192699543,0.11054706033303002,0.05533769542997549,-0.0719857471896646,0.1440982212024062,-0.015898726476806128,-0.040937673687918036,0.14161576545773122,-0.011381060066904713,-0.04296917870482424,0.039219290402694826,0.0807597349280526,-0.07678515562713083,0.13086011482987664,0.0006720854915817183,-0.06590387950074476,-0.09633995058156482,-0.013899347622528863,0.11336360926675675,0.011680648068197767
131,0.0457592898060396,0.12072597797606918,0.11789655151218595,0.07297008061648384,0.19440791145663663,-0.0068172946947739725,0.0656371284050735,0.05362845494017206,-0.0001171058489436252,-0.011941739207595151,0.0859459981267321,-0.07868974782738651,-0.015592647218663788,-0.037499142383227914,-0.11278189121064125,0.13391693292065854,0.0634082087863406,-0.09306856954193074,-0.09797998432627869,0.06964238130801007
132,-0.0349499854866088,-0.18573674193135592,0.10238263382921282,-0.18915566840585332,0.032794656416225414,0.04705072541501143,0.1284135583779202,0.06004725273041525,-0.03574252964893055,0.10060756300092587,0.0038645684051660583,0.06129276841566457,0.06406192066383129,0.0870009367290327,-0.06037969513500361,0.11222333816290149,0.048699267351605145,0.08996854599992103,0.11647709322058612,-0.0067706285590340455
133,-0.16884624379401586,0.1415503775906689,0.0633817459975355,-0.047454123948265536,0.09692786847734908,-0.11307555427736865,0.03587658772821998,0.24075021455443243,0.0031532479523447535,-0.08222483689469574,-0.12626830802586342,0.045437954674422694,-0.00925280528154792,0.07486600238764012,0.07835547690936066,0.11946121703324879,-0.0015667870403078808,0.18629356875617803,0.04073342020650421,0.018410373423968413
134,0.15336532521729102,0.0737174144970435,-0.12976923183475367,-0.0582596148401038,0.11587053769633089,0.11880774511377218,0.017643997054362325,-0.05962409567159546,0.08711446126028312,0.02734303451610328,-0.04626180782863251,-0.10883450433640378,-0.12065678846669392,0.21810623660542863,0.02820999913457574,-0.04550580951191011,0.03194733752463139,0.013681139859673197,0.08477431888879534,0.023101832307842345
135,0.04660769525317232,-0.14343289991822358,0.17762876661523444,-0.015940388855046783,0.14665639208998757,-0.07893936029366068,0.028963748975468752,-0.07048654616766939,-0.01692269464488265,-0.07703368458703776,0.14471869343391253,0.021388635741551906,-0.0035523854837492285,-0.014681447715866046,-0.18685587382842772,0.07340567611109755,-0.01576674748847041,0.05917111147552988,0.13454072789700428,0.09764901472166684
136,0.19539162578193825,0.028306866161286706,-0.02162187754264543,0.009076724235485297,0.05199372674202598,0.019016321615164027,-0.21451558466059129,0.07996047445448763,-0.19835297603764054,-0.051378052519639825,-0.12887673417682463,0.07658769766171139,-0.010555524186409456,-0.12510383839270448,-0.07198159161126712,-0.1319353541466316,-0.00227839578018914,0.1313824309133138,-0.16613919943459338,-0.03430380844902154
137,-0.10380662062205638,0.08841386070889155,0.07316177969907858,0.05700982188985466,-0.10623710285534607,-0.10742883204359945,0.011299270400062102,-0.04450818147806416,0.1994481878856562,-0.006367236072861363,-0.128791165588669,-0.1471006740010956,0.0333338581954629,-0.07909728953830526,0.06129111128464459,-0.03956800563551826,0.12293843452395437,-0.025250604588369804,-0.0743249905976218,-0.10749034530571745
138,-0.17944801294765744,0.03615692772231572,-0.0004992736096604992,-0.12069592301617825,0.10715331093570085,-0.08551186799696577,-0.01610431874713288,0.08859097125747875,0.07113259651757889,-0.0377311178350826,-0.04451308694445419,0.026750806767936657,0.007716210769241928,0.05027931642155479,-0.2281602040572097,-0.05699125729162649,-0.09781768340394582,0.08464408108161695,0.09332137133123967,0.07122363038593764
139,0.08571112882318864,0.08920035495110418,0.059311477199338505,0.13401930295491682,0.10278306446530718,-0.03267043767138079,-0.013497862877229917,-0.09814236061230165,-0.1505374298442003,-0.13313478749588684,0.04569517413900355,-0.009207128410184914,-0.1061919152098069,-0.07623603078733385,0.11999856509446281,-0.09622535969974051,-0.12746681156582212,0.10717186017580034,-0.13855141364304718,-0.16845950387235845
140,-0.006791354174514744,-0.09105338156137238,0.11051073486006122,0.057017202820007336,0.1372303207587611,-0.06582544810619115,-0.13327052353686586,-0.13442249974012582,-0.10359463772727744,0.1449488273165623,-0.007088197298215686,-0.056653772518699484,-0.12140851694442407,-0.01930152063334948,0.08741657575634683,0.004357416578649746,-0.03816629595318,0.11180059911144755,-0.04043573601166301,-0.052922698379099735
141,-0.08655902247147455,-0.18203078605882955,0.019221133353432198,0.06729803804948176,0.0629696729801822,-0.003385540279612683,-0.2514820445383881,0.007675249036422118,-0.013912274495806476,0.14153710490350305,0.0901423475660385,-0.11044818123248748,-0.1580255518856676,-0.049222477771691274,-0.03506881211096189,0.08691430749708307,0.1513124985733254,-0.061571619791625475,0.08156078351862125,0.012522545070194421
142,-0.027596154747153493,0.11454089559288559,-0.20649601527748623,-0.012076734013426889,-0.0730484202537618,0.036806786010437076,0.03312884861028944,-0.01643898435201687,-0.03838095234201809,0.03968732106683358,-0.06755757707089671,-0.11533241199731256,-0.07254014550179234,0.018193481897353855,0.02759863538781521,-0.10392193305303096,0.02349103062308257,0.05993106277604436,0.1320247604536285,-0.08256878308684207
143,0.23172225468969793,0.04517809946294081,-0.032906199448131515,0.04401292479063403,0.03178466427593736,-0.03567414901612842,0.024824784389331535,0.23168515238964682,0.05187219456862048,0.03462258959071566,0.13825908782429272,-0.1723283583205986,-0.019154659040952215,-0.09768991057642845,0.1543666643558082,-0.02767890429882158,0.198263263340271,-0.01512364308353724,0.06602183427566448,-0.07361255973027492
144,0.0316380204937662,-0.09249507260327186,-0.08602527102879598,-0.056549221923186524,-0.14240328749989617,-0.15279149674175627,0.06685864446778247,0.12391392066834567,-0.2648582849339044,0.11851451090427927,-0.001975988889080194,-0.03661973891201226,0.06553019482963643,-0.04799750951595367,-0.03164198741648671,0.10651630008805585,-0.0901327689302177,-0.062181631557891616,-0.03030384924524311,-0.0043719251747928985
145,0.1836942721321965,-0.009462330242570802,-0.13615254254504675,-0.006879886226295303,0.10702492578084802,0.14365408443781078,0.05811987077074604,-0.08145946505183455,-0.009524406764056224,-0.03188946441339829,0.10655204732044586,0.2412548060263307,0.02894986477225795,-0.02478694583550397,0.08437192874565652,0.055838370434590716,-0.0882875413028072,-0.08997218292104467,0.050949042653326,-0.03144553134429406
146,-0.04616553887450217,-0.05915420038323587,-0.03524223353698872,0.0869463428306876,-0.07860487604269742,0.0060672274843270035,-0.08067178315499215,0.032641623458190175,0.16773980866468768,-0.006721640228197897,-0.03495141540214734,0.021689175864692295,0.010334706578292524,-0.1582205334402734,0.025382264095205713,-0.2467089011414736,-0.15554236910605868,0.1424613366340192,-0.19848231161765334,0.09131397873892048
147,-0.1062974704175687,0.044193629345545916,-0.043113919249261536,-0.1811102787887098,0.007563437771595975,-0.15048717715752466,-0.07206824960169132,-0.09173142339148577,0.00962960845214779,0.1965409476291413,0.08349611788764016,-0.02251686821558998,0.05969918511679631,0.02395531718143182,0.040195193610256946,-0.20474037184553318,0.11705211154450053,0.01727656101450065,-0.1567164660126505,0.06289216445777475
148,0.032869065628587435,0.05320471460515833,-0.11816266281501893,-0.004937809178603968,0.1336266834967633,0.05572922181491318,-0.13644850706431472,0.15979816724834114,0.035109902439106305,-0.05418902388754383,-0.12217118517757879,-0.026414797659821295,0.05399376056788318,-0.07084181577748225,-0.05279198693432847,0.00562579493147451,-0.07954775796408185,0.05161009739974278,0.06560119379512294,-0.09503131529946048
149,-0.2455078301182408,-0.045408637142728,0.0023273679012747496,0.11625644565199787,-0.049681760654917584,-0.06140553478644052,0.0383467868013096,0.07249861681849057,0.17681130990664407,-0.021683358207157465,-0.0514042605633365,-0.16141953784695884,0.10385387359794729,-0.19714294988570444,0.080439274162898,-0.057848681820007346,0.059699331732694406,0.13999392946883077,-0.01990577059766217,0.060049284715835614
150,0.1864543252862815,-0.009151871751028235,0.08458766280214432,0.0561826312708604,-0.10826557558342449,-0.17494696805388207,0.20100961838378884,0.15926745872563397,-0.14009395153462342,0.12782944547635725,0.2295835971617365,-0.046996570607689366,-0.01783658001870631,0.1676316335029005,0.005645822042770791,-0.09336238025312128,-0.09365232962795368,0.048923123780009126,0.12834248349106653,0.08478454450988647
151,0.2222869146489397,0.09473862149772856,-0.1155426031823697,0.07457612285586797,0.002571311474971511,0.06140009875882334,-0.09036965480013802,-0.17625276170548676,-0.0513431726280765,-0.20489204004461983,0.24059453072876302,0.06042152273536585,-0.07237592109007819,-0.06956106778656745,-0.10314527963029653,-0.07694170615418434,0.128021258996911,0.02330269396571746,-0.11544017319466428,-0.13691699248808775
152,-0.10668844658359869,-0.016721834283592297,0.03970314576260861,0.10087642443571837,-0.03463189405460928,0.04929774366200387,0.09134550187575446,-0.13032270186455266,-0.059386939115805726,-0.0308827908661531,0.07539744280004311,-0.10708993476996284,-0.11309598417592046,0.12012973735645768,0.039430728335865514,-0.2100956849838755,0.06642108287197633,-0.20405808168136855,0.011268623802331084,0.010020644797436444
153,-0.2144522005776747,-0.06611251311609218,0.17234915978750098,0.2810846696540712,0.02148042869048045,-0.08361667397206425,0.10301549534728666,-0.026359680819772743,-0.025525255920205242,0.149636910780585,-0.25630292724111137,-0.198231127060045,-0.0054736410796097255,-0.08592999903098707,-0.11524158025941088,-0.11724554641464646,-0.023473783698338597,-0.02675302260095525,-0.12393064495879706,-0.15177578195548205
154,0.021682866465452727,0.04060342747064942,-0.013021859963151632,0.03636427406419001,-0.012389736050133616,0.019586047901997215,0.053647452699545475,-0.008873519725405359,0.1975874377205426,-0.054077242229198,0.07369745532967527,0.005947589438415122,-0.1433419832418063,0.11763169693608014,-0.04316629754064559,-0.03897555790833242,0.049517613284272885,-0.12022489667600678,-0.15983879731630293,-0.052895875616526054
155,-0.020182386158605004,-0.012751957352544172,-0.09393137156134929,0.0362713131235066,-0.01999571914975452,-0.006809611013496474,0.09698229024811346,0.0367623434075289,0.15115689398019538,0.012497381957221682,-0.010672567951324697,0.34222630421626277,0.01188634761193447,-0.08824585738836202,-0.054462940687840966,-0.038953441594293196,0.1003630661786531,-0.04932446731656767,-0.01636504151828927,-0.09921923780042559
156,-0.0547363559512067,-0.0505510017605531,0.10577171710533653,0.049623599192768715,-0.1281928860945381,-0.05171769132757889,0.07766849182644373,-0.09413953154702455,0.10543201813798192,0.09979292529898716,-0.14897082963040015,-0.0633061569541951,-0.019329771721854377,0.06751349316117213,0.16546246410055723,0.08287554765261491,0.1205887611257848,0.04966945709052002,0.019549546447885074,0.1827859798046058
157,0.17925354758324838,0.21356879318288016,-0.02989909756942743,0.016959066762957976,-0.029252206712837164,-0.012389798321211867,-0.011914875304080466,0.09116010389847967,0.2689914323693768,0.030517547390268934,-0.06196853786586025,-0.059044677213628355,-0.17456675125589455,-0.019027843967950625,-0.013389363123278606,-0.06571303051132325,0.0715313667325878,-0.08963036059525532,-0.02946781386974211,-0.025810008694148005
158,0.1867162025436772,0.24053985861268135,0.058365280856473356,-0.06161972294379448,0.05111261437883408,0.00868492494137365,0.07391008541562728,-0.0715795957461765,0.12947298778630584,-0.1025950151481525,0.0012934470751129268,0.15477522880355454,-0.006207977309471836,-0.022566236554127074,0.22264187858590692,0.0633809193521041,-0.010134651435780186,0.032963977879179124,-0.07440351895871028,0.06748840019060591
159,0.06862106906158898,-0.09601842128438912,0.06438187482977217,0.02510499700250522,0.14611321981820546,-0.142599273123834,0.1565750587924512,0.0391972111784407,-0.034692969874084406,0.041487434664203925,-0.13296553091691662,-0.1398677794578288,-0.12368365801512983,0.03415715342896901,-0.06592521120698151,0.06624215409474017,0.17017160777085777,0.07227428592345457,0.14380567408091652,-0.025477457007404166
160,0.05902606208983506,0.03953543210454815,0.1366648230920624,0.01293128204645711,-0.027222651776165382,0.13914923802260862,0.059374923631816484,-0.040445992504125526,0.015888318141008516,-0.004262544254541143,-0.20771375699474076,0.05191540848357907,0.08630821590328563,-0.16709909944611678,-0.13493376251713488,0.056828403908307644,0.0020028553622406346,0.15327003959199295,0.06675754109062093,-0.06865781125194312
161,-0.05825841744000186,-0.12482588064551911,-0.09011901297996636,0.1550400040194928,-0.10677577465808157,0.039667250110382586,0.08539710844917496,-0.01852321257610453,-0.11770447281995065,-0.07819127739567805,-0.10253358572854111,0.08850536967117006,0.09284294695125746,-0.09774659630578549,0.10892905142763486,-0.07859091198588279,-0.29675534271566273,-0.04145368264303036,-0.07515889402177243,0.030399912787319332
162,-0.05300222984821476,0.09252828225697576,-0.08620645371860883,0.04332339109785592,0.009788497701254662,0.06302086062957951,-0.05079764946306223,-0.07854830021283299,-0.07190236493869848,-0.04750409771509424,-0.04715099966911623,-0.10610936845131944,0.1462399749836696,0.08943924829927341,-0.09517980948707883,0.16226918366765844,-0.09126003664290121,0.06716696086148186,-0.0683077599864396,0.0024033113237265456
163,-0.13640372091470024,0.0861777023097649,0.05820606473977858,0.16157609658349223,-0.2880404671742483,0.1851880114089954,-0.1100302338622675,0.07100113151872162,-0.03197631061586406,-0.01033934047368166,0.009705600499099612,-0.07465005964011608,-0.08464055981524697,0.026987360768786852,0.03838994727167738,-0.049742176590979015,0.05327183352390042,-0.06835013852185624,0.093618490511248,0.09364124768019264
164,-0.06613800293550645,-0.02928953863602464,0.05111230070109135,-0.01626280005588849,-0.20001745736162105,-0.0873561755890847,-0.1714475658293119,-0.12999029439445145,-0.05076747957356482,-0.13935703705806826,-0.06547966206718271,0.09877648751747004,0.1629156137171289,-0.025924125287112493,-0.010547298415406515,-0.13448777445656626,0.14838566539568124,-0.304254898205712,-0.04987411068365037,0.004549042475155875
165,0.013110524882991281,-0.04059987745169599,0.08120875098983274,0.0065661382400630216,0.18293065126957578,0.07973742265043436,0.07326165547727102,-0.01561470995198481,-0.12038606834244461,-0.08747565964695378,-0.01871633533104072,-0.0209467986460165,-0.07629822161546797,0.06259604278195914,-0.11735195542758524,0.13621291183982379,-0.15042035598440143,0.06490082658102705,-0.08448077425665533,-0.02218362300784562
166,-0.05060683501614555,0.13317212293269523,0.09124416829585917,-0.0888126744349997,0.06847740760430462,-0.053813242400886876,0.10723103064822913,0.14990490891520905,0.01228101200818816,-0.08146077134678988,0.08044531861210166,0.09916469072563328,0.042930986945736674,0.03222361642792369,0.03799276098842343,0.02639869253585666,-0.07384747949639604,-0.07856687151817608,-0.13073658810717692,0.12053961909610399
167,-0.09438131140793819,-0.143187716337856,-0.05377919427860205,-0.04187026230699434,-0.022101436884468244,-0.07223237745126428,-0.03587046108023743,-0.02935203152796292,0.054507440005683895,0.07454606584272296,0.04330854206690848,0.19974719227603013,0.09894300590228053,0.010103460520548689,0.16283138349541904,0.13919921941313948,-0.010080134623032047,-0.043996745356700916,-0.030774996927032384,0.04842911967521461
168,-0.0790519047587697,-0.025685617806629698,-0.003958859606964996,0.15455896267076252,-0.18647514247069075,0.047253252036513,-0.06780784962755437,-0.04461959532821164,0.12149766556581047,0.06227730307534338,-0.06783014434090305,0.047139772280437864,0.03029912757316745,0.12075318149668461,-0.06417044256163708,0.07768409109289544,-0.044853584945202744,0.04301216430337961,-0.06817831791747474,0.04162485186828807
169,0.06145794888168098,0.15018129981303474,-0.16762774774915812,0.035271788700411665,0.08394848034471135,0.01918030430337219,-0.1089289878764894,0.005293089555986649,0.010512680033591053,0.1305769133460462,0.2208027581213652,-0.09367532419506039,0.024083002039560267,-0.030236373980984124,0.0331906463967244,0.07200108070986808,0.1601721519335041,0.14454017457259344,-0.17014458923383222,0.41557858447482604
170,-0.07333504050241466,-0.03155893977617114,0.09690390811155443,0.15252317970524237,0.27787223291578833,0.1543992240906433,0.031472296320570144,-0.09485479549776318,0.11334287308706406,-0.022512541294071636,0.16644155574521263,0.06560152356847856,-0.07471935521906717,0.063311219400924,0.0701560052979065,0.11559462662370665,-0.13233675834847689,0.06739924186934505,-0.22996964085919747,-0.061867279408501265
171,-0.10240874224891505,0.12284979072725083,-0.011872603637061762,0.174225886074112,0.040727209496450166,-0.04907330471086387,0.16470617815952726,0.12028898704199731,-0.06329488278433869,0.04608074396439583,0.19844503328894167,-0.007149842953364231,0.05189711181526109,-0.012259602059041983,0.0983997791902779,0.13231416134751342,0.0746436210392307,0.08192919342773594,-0.08398664895797177,-0.061630319618414815
172,0.08858112057013846,-0.21089448189851193,-0.1310135244715112,0.23315518369088464,-0.0891956709353802,0.1491150817940682,0.06806269529021294,-0.05783841271826107,-0.085199281171747,0.07077941928115625,-0.08990777302346245,-0.08165021841788371,-0.3434293471643498,-0.019917553111182762,-0.0007434247224383988,-0.0470534211156281,0.12850403028714197,-0.1771495440016956,-0.08205929379040387,0.06297487278537527
173,0.0014812554683348322,0.13190556545274124,0.030640341957628887,-0.049491357406052205,-0.09706222158225174,-0.11417599107134462,-0.009916768784892423,-0.05100333587452894,-0.19166377512121996,0.013575102191936368,-0.08943099907753138,0.02230940934096021,0.03495889982038932,-0.11221270269784855,0.05107861898737897,-0.028507226316412705,0.13947394149757184,-0.0197551664962981,0.13991796070727153,0.14176939155721618
174,-0.162321951562016,0.004680979578412119,-0.033797210973511384,-0.06274410318414791,-0.016576530185414686,0.041960805907302653,0.18702719528984932,0.17306307153709952,0.13017694163912136,-0.03875065913945222,0.027157037541808933,-0.017227249378932507,0.09825911394373468,0.14528655847175448,0.11960704766097854,0.018091565994861593,0.08351620761018082,-0.010860098729950588,0.0253475393006297,-0.18485015255917378
175,0.12988498932804196,-0.10054119495659698,-0.08449738555549016,-0.13782009952433055,-0.022016125354466357,-0.15031797172198932,-0.006541148502032524,0.1209581540357516,0.014016926018811663,0.04261713892850652,0.023941718406487535,-0.09709415634234976,-0.11621024290974151,-0.00161615539840384,-0.008272245615298431,-0.030058530284000354,-0.016505061067536776,0.0194538505413951,-0.20086327074635504,-0.06881773950179822
176,0.00022463175298115894,0.17273097711728677,0.0993998365297249,0.1585008380641967,-0.07351661039903375,-0.03474103174258864,0.15131997026376656,-0.04142404825380557,-0.0012818957607968725,-0.08612504980979406,-0.1256133572417247,0.25088175931792156,-0.15291918207744612,-0.06539728380155105,0.15045390984099027,0.09359653826838646,0.0316484224953333,0.10559247974848673,-0.03857748909895695,0.042673569448165485
177,-0.01775549810836486,-0.07230194032799082,-0.012261514876992317,0.03858951859953707,0.02940606970523924,0.025775360493318862,0.05125126299344522,0.09751683097294417,0.04285113216179483,0.04508538587604564,-0.059329993353240205,-0.061351429498418646,-0.13955050739722807,-0.0410972743973979,0.042138035284107506,0.01395194556512074,-0.1669375130446561,-0.12274548443472634,-0.12809593650084297,0.22466643767879188
178,0.03493206539424952,-0.04556670272291024,0.14287119153371833,-0.053213246107101195,-0.08654379725569254,-0.05525717413995843,-0.07132860270721572,0.0285244959019482,0.11968498160043957,-0.09246994938055958,0.003882820047627829,0.04921913114707847,0.027121773440792633,0.06080173984575335,0.09244055514397828,-0.16507971757522394,0.09328752856105771,-0.03139943202434466,0.18568807360285655,-0.003523670085383603
179,0.20297825845041995,-0.06279724775286545,-0.1384268613575732,0.09724275961284948,-0.18284149820684106,0.0720752786403128,0.06298566935774635,0.04583353886215964,-0.03394391504818159,0.18600279587726104,0.039048469830355516,0.0425385451090064,0.15131559838032096,0.042960848965225784,0.0976234725198556,0.10135469148009135,0.08166570090186269,0.15953429461783494,0.09600896763681123,-0.008656681797101896
180,-0.1430941276931895,-0.07176175889177988,0.11821730315949946,-0.07328446682258372,-0.011712361312776432,0.05271911838389469,-0.15727456892984956,-0.012000184480554649,0.0033460066704729553,0.1620724388603201,-0.03773969496606475,-0.0729846741994034,-0.044984987888930635,-0.21344193015736065,-0.0015482789949252849,0.12101572648035992,-0.07174258656909209,0.04608290041888557,-0.016315174278508395,-0.03938779606815293
181,0.11460686913759296,-0.022298376287205938,-0.2473686343661521,-0.0331532167150226,0.04741400211508971,0.14519996972869134,0.03829558081965906,0.010884026175405218,0.14153366204643705,-0.05777937252792897,-0.005680889933081371,0.032820855095861204,-0.07459533101005524,-0.1263489228399139,0.1758578558577424,-0.10216442994859032,0.08249628123646656,0.024427857283969984,0.025561306848493125,0.07134525093425316
182,0.099993949047146,-0.11128892419750872,0.1103881050786391,0.06150273595143405,0.1559105793654293,-0.16167280044839707,0.13309792971550496,-0.026709940429063724,0.17663478399773655,0.09415188931707064,0.06394219640640336,0.03326895689575286,-0.08143712218491868,-0.0743764315393266,-0.023984937418934656,0.06889659014738655,-0.11827741681477341,0.00558119396023033,-0.09603798649105455,-0.004087129182284971
183,-0.06568026838547568,-0.0749440906674063,0.09969111004576191,-0.03955528973767137,0.05725906891129874,-0.09656760663172594,0.08149905874819803,0.08549005743852718,0.04757375166408826,-0.08678479518839351,-0.00856422738184899,0.04317553860114792,0.0650792923749656,-0.06313241877206474,0.06252818141820424,-0.20599368485507466,0.09592501964177812,0.04856605454831639,-0.022413551515081297,0.11077823434578582
184,0.22330753293078398,0.04763914010727026,0.025119147417374112,-0.15993463731576568,0.03440368476717435,0.004251289125609512,-0.03263453002567387,-0.06722352176656926,-0.06934065313614818,0.10148026677651782,-0.09910391394681647,0.030405502469135558,0.023380866992985434,0.047870203993776936,-0.09707256140786809,0.1222150429814483,-0.009940939681071397,-0.1577417584396105,-0.11648471215574252,-0.017078704906375346
185,0.14455673499029098,-0.27926937085265374,-0.13964972142011317,0.04321463791139898,-0.19415055721145574,0.032198691654037555,-0.07597701741797287,0.012264853946511044,0.015878432984830448,0.0978918754999092,-0.012620455944895788,-0.01697762057658145,-0.12600659120902866,-0.03566297022619423,0.05049277376462492,-0.031030489433507717,0.023221302125658684,-0.059979944403765736,-0.049068676750305955,-0.052164266041949736
186,0.0064919371380275145,0.0009845210081675896,-0.1344902777753135,0.06440958951041685,-0.06805689680555199,-0.025404851571688203,0.09887497277262673,0.13325999133590122,0.11508434925547348,0.19222497159172972,0.008769831071654145,0.09288436374919329,-0.03242833858486329,-0.03427693031922892,0.1012789448481189,-0.024369566215837427,0.13322784697356765,-0.2133762729588604,0.26799822940145,0.20973038944078598
187,0.24057889299378918,0.033993017852807256,-0.011466408282574898,-0.09529646448779325,0.0038696318880734634,0.04547876515687277,-0.11564172128212097,0.22646308461965303,0.05118571285207308,-0.17740233973858655,-0.15134406977062637,0.021632683450838693,0.08837457125512686,0.035459869752244126,0.027602648372515595,0.1522657214470861,0.11499071920904552,0.028123859560492435,-0.04974477949526996,-0.21883507448632203
188,-0.1954232698358853,-0.005973946772214816,0.04744812309378489,-0.10727807469077691,0.12868512047794647,0.0014921475255205332,-0.04066634301996485,0.04065779330957123,0.17156160833255643,-0.14496700952778666,0.2531042788838465,-0.057585704582315725,-0.12965085981965,0.09473625005881141,-0.057835379460556315,0.02857601993481403,-0.020456859144474884,0.05006718952279681,0.1695235081616374,0.02870709712118899
189,-0.11289527287723201,0.027332983769452996,0.11440826424173355,0.15094032696013898,-0.0585955868102927,-0.04110047217034066,0.08323425137942937,-0.1430305590762638,0.1606388597422376,-0.010787782599702334,-0.03685360245859496,0.034528591936574676,0.0549379901007991,-0.09709864204189891,-0.07001461594219677,0.17962047314790755,-0.1392666296722054,0.0937381337272357,0.011225061389942406,0.030817619230435675
190,-0.03598972009326429,0.004115770712103198,-0.0500090171862341,0.09182842096950027,-0.0002843565499335059,0.1390996434660483,0.06210468516427492,-0.25695460373987966,0.06999189109340587,-0.08352450607004894,-0.0521708327321466,0.007197786900510414,0.045060373611252716,0.21219249283746183,0.012747040529894558,0.04771898315402488,-0.06031224212378255,-0.18321093105370914,-0.03349267010506158,0.09028123984579595
191,0.15430096274500113,-0.048370862600114875,0.056665493750961374,-0.038250345411262036,-0.00578629799034042,0.0498537048043311,-0.06294764520483463,0.13014743259760128,-0.10867452399001416,-0.11696873986660243,0.0491785395716347,-0.05167449268043876,-0.07899251454208456,0.11193876668169883,0.29411530049201157,0.08474799070577234,0.0341001794726935,-0.04056563004459939,-0.13384323628802786,-0.1176132154143587
192,0.022390970764185975,0.015116290294299218,-0.14992260462348578,0.04016436250492214,-0.20943851486985235,0.022674670955799652,0.039607912024325544,-0.04777218563286905,0.19632155319090655,-0.0510600095767075,0.13529132347976894,-0.022160752348485687,0.08593748617869229,-0.029659455096380547,0.057911277390592514,-0.08144994443269406,0.12018489818737003,-0.06444607764144845,-0.03788940704136167,0.039724501300589646
193,-0.05829567743471568,0.02333565831361383,0.12421290547776581,0.023468995470257114,0.14390696697351274,-0.019837328608141715,-0.03343892897897187,0.0247766703165616,0.03674266819035062,0.07745381731051255,-0.03826714365246287,0.3571711830055096,-0.14722442381158632,-0.040759615243649856,0.04716268733176672,-0.09847399288236033,-0.005765503756842672,-0.05590599063572798,0.05245630349514825,-0.04720183482984593
194,0.0806775164277422,-0.00901822619690421,-0.031036522774972854,-0.030801230620856313,-0.02527360582908453,-0.1465561780620313,-0.06998902867192651,0.005302971028712292,0.09576257115465106,-0.02887904669088122,0.07406641182507064,0.16843873279571964,0.17766130797271323,-0.04871993344787305,-0.01281144565355059,-0.07893684276535386,0.018640427997240756,0.03157726626793571,0.03480377971648252,0.13424458327241515
195,-0.0011110039569617986,-0.09465653975795034,0.07868428997660294,0.15225691018526943,-0.07415086690325921,0.04853564925221899,-0.11159925163109076,0.0738555731120745,-0.033699862523168915,0.019177043151826965,0.06910515945738008,-0.0864000990850717,0.16455963820685443,-0.1600596346211817,0.06507014119707911,-0.23607205571451154,-0.04715509597148719,0.004952498736812968,-0.0365071708795967,-0.24652490116089865
196,0.12439396290496621,0.07760007679663375,-0.02393025986785979,-0.0028181486749180454,0.0428976123776185,0.0867767509268284,-0.06482128945885146,-0.05959392624230758,0.09616796124676717,0.14308538280248453,0.14008480717879024,0.10388609128574439,0.11065193429289515,-0.011851375868718258,-0.03933756998813944,0.1699653873863919,-0.04464161216434632,0.15025641020425556,0.012696589536012565,-0.07367868131623188
197,0.01926180489510441,0.11216568186954017,-0.20613470732507225,-0.1661569926381535,-0.05979706646267656,-0.056086249562484265,-0.0876645051552609,0.13248957276092513,-0.13145145318199614,0.03612539687492352,0.027764174985503726,-0.1658493356689998,0.09228916542955852,0.21745244475585662,-0.0730967697496956,-0.09410203772230585,-0.0851872667428588,-0.008002198480017339,-0.07617285219367151,0.1147821076484699
198,-0.07259649180439819,-0.1932860160896701,0.03148154227456352,0.04220705122900107,0.03580909274704812,-0.16935930762373738,0.056354095641582974,-0.09188908876495226,0.06272922067699355,-0.08942869106342247,-0.05559789745255752,0.021741955633135253,-0.015031230140820435,-0.05530717566419973,-0.023690561965914077,0.03804903406479558,-0.14678198453808702,-0.0038405899643935834,-0.02126778132532301,-0.13392410154522438
199,0.010412811646591962,0.04333123418544734,0.22827450938257315,-0.004598816735731387,-0.152406588164391,0.1373802935851671,-0.036754819191869806,0.05104365701777537,-0.09844947165757756,0.02105871138533509,0.0738689857136966,0.07388075667121251,0.05194888443109299,-0.08902469804556899,0.21345732290101543,0.13954137712144288,0.06799735869078949,0.08924366401199642,0.06192292523736554,0.07466486537702743
200,-0.07942120263304996,-0.15818896929559698,0.004077690205981879,-0.0008044149564834081,-0.15232190834897608,-0.007868852078854738,-0.05077080632495194,-0.013939041631437186,-0.01243181841617261,-0.05837051568095553,0.07395556821383782,0.018217242055634318,0.06872903053479067,0.1199080153354708,-0.0028136900928833683,0.0014075876595209867,-0.050079307810914714,-0.001516418114263137,0.039125122123010635,-0.013747676024595095
201,0.05606694684016102,0.03182066802764998,-0.06233023290481724,-0.18159763982394997,0.1772379741311608,-0.19702954387913924,-0.006564343731201293,-0.19458249355142274,0.10484655422960339,0.00756655652253274,0.0790198605715114,-0.0006369287589226848,0.1622662915204513,-0.013447324717317542,-0.02517107916348824,0.048732255164766126,-0.17634657013527996,0.016217621214182475,0.10956978366024654,0.06536285102684491
202,-0.10457736282973724,-0.23059293713077575,-0.011589001220143324,-0.03724307623751478,-0.12012681030383661,0.13179256631549516,0.13009039459709798,-0.024276329869223824,-0.07778111443982248,-0.0715034524357309,-0.17283230698615734,0.20417262015372642,-0.06037532644521589,0.050688031107911646,0.05772654467797295,0.034673620579658795,-0.027735247471636977,-0.03955581530691278,-0.03403688852914695,0.10557067578839914
203,-0.06683939577779363,-0.04871323513195191,0.23257801563146324,0.07327543986631668,0.029522363413980648,-0.033299890170915336,0.051743824000630455,-0.013734915165312153,0.0769702742745443,0.03173607162150851,-0.04624234427350613,-0.04858176246196341,0.10294084915731302,-0.024591858141022188,-0.030732968659555725,-0.11794790173777427,0.06330075601984252,0.025576721862327678,0.011158014718041663,-0.07252910863751504
204,0.07885407822572789,-0.2136089917919979,-0.058367152578068494,-0.07838438435528745,0.10120355015910086,-0.08098819755050193,-0.2097600159060663,0.09744666861363722,-0.041778978825066704,0.00913030031141838,0.10573218593565774,-0.09057899146966869,-0.009826559595073461,0.20099771221826873,-0.02016367857253096,0.03337207452877388,0.18391573651117998,0.3383291806696263,-0.008844337480747085,-0.1464616662965668
205,0.040022126372559474,-0.1105487316274391,-0.07177320259210666,-0.24898524414012474,-0.07495713842453744,0.05107843416954427,-0.008981339338632374,0.16735506902263816,-0.03513454803270086,0.18244701553397646,-0.2244947468665495,-0.025361226772141917,0.07866399687218047,-0.0436381100985781,-0.03096582992129131,0.06820508249385476,0.0077629131623678386,-0.03351273622586912,0.0323418802767222,0.041920734904510676
206,0.007532252761148336,0.11742748959064293,-0.05917632861663468,-0.03989025083532411,-0.008730619979626642,0.1269327029518531,0.013723573050182855,-0.03296352770388505,0.034099023318007224,-0.1585297485274957,0.010867496846643695,0.10815457077850521,-0.16429258844451583,-0.1405677079338237,-0.08504790116539739,-0.18743034575327236,0.019450559496506238,0.10200321601110485,-0.09919325699733025,0.05916631286232017
207,-0.029223680036439402,-0.1750059473620436,-0.12842076547807343,-0.09130556204800133,0.08354387013410514,0.11035064690646411,0.06872760325871415,0.04157618724322051,0.030238603137662166,0.21755277845584042,0.15067480520015245,-0.012805856523711589,-0.06963090667789104,-0.16327024215217206,0.02943994984904875,0.10930892828922452,0.024940466326898718,0.0427727915416852,0.022587980487369742,0.0790380268573124
208,-0.0033671165519636426,0.027845827587316362,-0.0663042836776808,-0.03724738482912057,-0.06206715667830522,-0.013867781657999886,0.016587317739517007,-0.1814726996824813,-0.16561561171254408,-0.02042316391857214,0.009635962091448196,-0.06604782661771601,-0.03447407285413334,-0.006449408584810043,0.047640195502830905,-0.1091485189445153,0.23874990078545644,-0.14102883338190889,-0.04098113864446982,0.08934778588731482
209,0.13432676730595802,-0.04896919287416872,-0.08231316024606447,-0.11704486977691396,-0.0005247812076974766,0.13933812679461902,0.04055077653725967,0.09077411450352822,-0.052939463793018,-0.06595638795736106,-0.0929857119001865,0.055924314056582866,-0.20578015505494035,0.11950771791455785,0.11572425449083222,-0.03466252543921558,0.09353898521412754,0.07213000727355126,-0.03153253219686918,-0.04006963401747964
210,-0.002543253611035433,0.07063521516490381,0.1575502900786595,-0.11540832744437649,0.0302452470424183,-0.17790582237298286,0.06023283740739227,-0.015403122050223884,-0.20617741066231576,-0.11270430567433323,-0.05959860078257997,-0.17383731745609676,-0.12426797052479233,0.036071625923642305,-0.04101731304113983,0.021558512662352865,0.048463171867090094,0.09343427401239983,-0.18633736384913177,0.20406256133902947
211,0.041442061565391555,0.026882097577300933,-0.03982250966099389,-0.18760447325736407,0.055629873823336624,-0.057871860643237516,0.03712962508947034,-0.038955347707675336,-0.009141872646979923,-0.12350521115830455,-0.09112453892004042,-0.008420811831725352,-0.14528159622327647,-0.0846017866112755,0.1337852146861575,0.0658124232799052,0.07760078967420903,-4.6992726070731204e-06,-0.07386388345015166,-0.1111219365983806
212,0.07033269664979583,0.06506036937481302,0.21708192405823099,0.20314130216096915,0.1457203346740079,0.029202353197341505,-0.06305421045671367,0.062290533168687434,0.038295912780074985,0.0672109692040217,-0.07956110759774378,-0.19922703887620014,0.16965657982810972,-0.02486637998492279,-0.15741131980455356,-0.009401433127774373,-0.16242333302482542,-0.09282127546997426,-0.03683903236721812,0.02684873953411659
213,0.13145405432658858,0.0200676395458469,0.13093523531594628,-0.15925509286508105,-0.03418721681229247,0.09416091493401083,-0.04551028873887974,0.023327197054905487,0.12287039852369662,-0.013490484627074922,-0.16382747292538521,-0.2091827645617079,0.056211230491415555,0.05837415630043405,-0.07176022010205299,0.03232228326863942,-0.03599642973609601,0.11619505296033675,0.03260684474261494,0.07796125218082517
214,0.08669247999410006,-0.04250204617084332,-0.03542467038751679,0.09429562482221879,0.012658099663021732,-0.07566168244792783,-0.1457521744547952,0.05147796334046422,-0.029905886863626108,-0.15922630875166383,0.09529811455685747,0.11059006001012191,-0.08968165827289674,-0.07625168348289957,0.07948977333898387,0.09460769196827219,0.015235743224336299,0.014324457066895066,0.08196667847948366,-0.0747035514799104
215,-0.001316846939666053,-0.22881092330966948,0.03892303716240643,-0.022819036591539915,-0.011388120395387042,-0.09966716942916695,0.08376738898573971,0.05529362432562586,0.019431743096820508,-0.013150173325910109,0.1029034365333019,0.09183282480516251,0.05579601818842126,0.08917776284972831,-0.03452351488146918,0.04467187121061759,0.12153748461348605,-0.06445188446338365,-0.054148523598748846,0.029643673779214442
216,0.21212443882224424,-0.10871041850611927,-0.09503223876264245,0.07501580731011417,0.02009586614841872,-0.038327303622718537,0.060250155105414045,-0.09934296833362825,0.06910703954408282,0.11304853578486974,0.19231622136415186,0.0827480269157698,-0.07051930859125993,-0.04787409267869012,-0.04690483225057247,0.05192639758732097,0.047448428653518254,-0.02087311057592461,-0.09085185122335246,0.10765761860696431
217,0.059432183191573486,-0.04149830268678662,-0.07341085278200195,0.060411296171249594,-0.13202230236162354,-0.06797531330001484,0.07189242633297216,0.05336652930768667,0.08731503423766049,-0.04800596025490601,-0.007605776634064672,0.17916452462376922,0.09953895721952226,0.07222119048714637,0.00551717084136696,-0.05730414701647733,0.0450065361589909,-0.025994013716157355,0.15507972574759574,-0.10136202440495946
218,-0.10528515582310016,-0.0730885204491339,0.2187946406372419,0.0475973502796186,-0.09615695388821197,-0.005731333679859181,-0.01333984110550993,0.02188298979327141,0.06350090202625627,-0.08409596393904409,0.02802500492029562,0.12245370835453172,0.14901458000414633,-0.12685978697323286,-0.12053355395959826,0.045979472817784535,0.032545987747079924,0.10072024208000585,0.023291561138766608,-0.0737957635085756
219,0.11205683099288437,0.07114895550135271,0.09839981279224999,-0.018580740083108775,0.0017049760579998978,0.010656421042055077,-0.008066830259530292,0.022284640360788817,-0.07456991368252028,-0.11693408618935151,-0.16912566819269764,-0.00209275993270852,-0.03257905763597189,0.10199643750333122,0.08067937929619422,-0.07783192250869041,-0.12073417279180121,-0.20429232123541083,-0.11538678244413043,0.08562253474105237
220,-0.13485348189342292,-0.10280034160740259,-0.12451895237717558,-0.1158118068148095,0.02636319185038015,0.0644202357005062,0.09304080250718907,0.16675981630002043,0.078850892207475,-0.13724602250364226,-0.12759622180656968,-0.09217552665513752,-0.046047369042486325,-0.09149538912141553,0.09640626342950721,-0.010378348702761064,-0.014184913317625995,-0.10989410672551198,-0.03715477000254448,-0.01467688365906279
221,0.07267957925689669,0.13646815551439967,-0.015719966642350782,-0.08820300318227302,0.08469085586648055,-0.2006698157075728,-0.0036570265095266933,-0.053985730494148,-0.11400802285602807,-0.04321446572190879,0.03445115938809395,-0.04430301102576557,0.009757797968845183,0.17690840399375415,-0.06551661010429223,-0.06737517019679884,0.02822825562954504,-0.11213040450353416,-0.0577591687679048,-0.1267601083798638
222,-0.11818899113601457,0.011882825855900182,0.04955376721618951,0.12329985779400922,0.0152033790579749,0.03867129644970096,-0.03922376859678142,0.03567109736657921,0.02549691703449091,0.024563833270344042,-0.08884534937622215,0.02223118817989905,-0.10970431222414893,-0.11147499385093916,-0.030791028098884766,-0.14889494509042592,-0.13625927559872325,0.03444829325404478,-0.09284477614155608,-0.011993355616240634
223,-0.10235108593479861,-0.01294475646985132,-0.08310335755935115,-0.11174803699826862,-0.10540834665477013,-0.07243360054165084,0.18456643768842318,0.07071047295900844,0.07942575179090205,-0.03654196391642805,-0.06711646405794308,-0.08284633374083873,-0.09706463474990275,0.052247632716538324,-0.07498854884654681,0.11493783668234529,0.06471564080389752,-0.00955442508918635,0.055986680436478975,0.1208659902240197
224,-0.023520303932784516,-0.12314819306092138,-0.1214970146654349,0.16803439404912668,0.15099298474689912,-0.09562552123911688,0.06208548478003398,-0.06764252404107571,-0.13869920385254617,0.29159879275764305,-0.031082063387558867,0.1495629860814887,0.06105011322181456,-0.03427165576410016,0.10028270250496663,-0.303908954918842,0.1510080865455581,0.11749286127766505,0.13168967001669396,0.15494150237807877
225,0.03337551455281376,-0.07153584160928983,0.07494647959872996,-0.030153304676045958,-0.07920192659385393,0.21098792906707678,0.08339757171171569,-0.06138352814268097,-0.14718880414191146,-0.0368984997303303,-0.10370395590384276,-0.0911539944788483,-0.11897312296988677,0.02807333200503146,0.056872922843480334,0.07031830623940716,-0.058223585466324966,-0.0860456077337736,0.09922967998770212,0.12327292478515335
226,-0.06297053820368813,0.13169512988459775,-0.06776938833600016,-0.19546623887854359,-0.003410007553895449,-0.1776268450944193,-0.028922175132936913,0.08235856406563359,0.07934059004226422,-0.012620823309382873,0.030957718020486177,-0.005976806333554348,-0.005566587475051648,0.17731980347399956,0.18146096696337458,-0.08748122862858708,-0.04378454326844002,-0.016440784499555425,-0.14246369478714838,-0.08112446948780958
227,0.0014313206594129305,0.16365773833998282,-0.0010010888950838421,-0.03162462749427575,0.06836758834223992,0.0577696978462505,-0.18593192247984208,-0.06261703416808208,-0.09020146112444033,-0.1716432359662168,-0.05388263246417328,-0.060331337330366615,0.10760787800538872,0.040409540664389634,0.04216436866503712,0.033126050254456404,-0.08589344852093826,0.10039471906798059,0.035647733989894397,0.07212247371532471
228,0.12758215470458997,0.11960239399981884,0.23588737996582929,-0.08462219212347277,0.03363743655187174,0.01194122043819296,0.1374369246121296,-0.032933033892553074,-0.13025538315974913,-0.048208046013848,0.148362597287791,0.18390828356811253,-0.08491961586381855,0.03510321072546679,-0.027076700185369885,0.0064787414740281974,0.07966829252109793,0.035764256344255556,-0.058888520232321134,-0.18268809126332047
229,-0.020713275129845003,-0.21075919623372374,-0.010004133363110216,0.06988784340182436,0.025885514539282978,-0.06531571080676897,0.14025930326214833,-0.06467662774069774,-0.14356354503128058,-0.03561958115429092,-0.07866622820363638,0.11100666947922258,0.1468381823962838,-0.07304648162333288,-0.012995396859194017,-0.05807920152827388,0.04272558627952759,-0.02695322347988617,-0.11881375630796734,-0.05212592254875101
230,-0.0017068516638426966,0.12564533752917317,-0.015595538457061438,-0.07895284494827519,-0.026482401776173704,-0.14779538119871338,0.1364294225201554,0.05648060587950087,0.09265259241645259,0.15329005933381276,-0.21207051317709835,-0.17857732859854197,0.0688652854055312,-0.09743624132234419,-0.10301546649232324,-0.03922777637259842,-0.051194751525757344,-0.08794871833154787,0.105321513834322,0.18325040202307136
231,-0.011757019229962603,-0.012271488988441888,0.05322816211657698,0.02961294481294516,-0.11116125407662611,-0.16515640137778348,-0.025742923894648263,0.09803793365428638,-0.008423785451495384,-0.05989343185348478,0.14224719985833684,-0.03517410830438479,0.0007075988002946165,-0.11956809104332379,-0.07637691456469595,0.09295883837301964,-0.12055633318224243,0.17782882442747333,0.03366192698203449,-0.03853890680266974
232,-0.028199018197206806,-0.05320683135005427,-0.013857362110072111,0.11024411751815293,-0.011697519320985356,-0.08625141620005314,0.2043499472648624,0.06449758061727022,-0.06602433426003887,-0.021311225958953017,-0.09868320191973655,0.05381578447103261,-0.20543460744511613,0.027494492117042368,-0.004434155441450698,0.04281093922409679,-0.21622221248132242,-0.038310092469726824,0.07351403157790248,-0.04674650614931069
233,-0.08608539222219065,0.09723188308439885,0.034557301584872184,0.03411917618560135,-0.005972573857339746,-0.05872073493277169,-0.128360431060053,-0.01549646993316438,0.0021760777309875797,0.17368861029833846,0.06671005294016115,0.11681243578468112,0.06165773026456557,0.13534675089906362,0.0023767411569983843,0.08462066985040452,-0.029017483239508708,0.12480593849678082,-0.1868353788589757,0.14421619365148614
234,-0.20508088952696482,0.02415726084299309,-0.04073452702261929,0.15411454411056982,-0.13871606939372516,0.051123911114128624,-0.04385786866262058,0.01924992073948629,-0.05436822552251514,0.18110396422348565,-0.1472113095498399,-0.028776425842138135,0.1680684958709451,-0.17007844795441907,-0.10859276820947546,0.10586356500243642,0.036638298570720956,-0.07397155579391004,-0.0950186049173706,-0.08140265606265058
235,-0.12137881468790712,-0.008837313511393469,-0.013751605422366813,0.07221808059950394,-0.008826959061636165,0.07752003308200481,-0.20014543763703507,-0.04669574123272688,-0.1277256986740457,-0.22318967849484275,-0.02850854498491768,-0.18852468204384842,0.031669412528914975,0.035339411391534827,0.030288773029527094,-0.06569090771699321,-0.1491852381116852,0.0579014717364785,0.08736116022113341,-0.013571113424623166
236,0.02127855768084105,-0.06528163507199575,-0.0526357684195468,-0.0025374170557780394,0.1240570327226516,-0.08035491238756026,0.03283088046621092,-0.020824412384657237,0.0502517022226938,-0.06516315110788978,0.0392508052060548,-0.07835285423758155,-0.08302179265103554,-0.015332621114500355,-0.13494838378607213,0.08412033466065037,-0.13414522456534805,-0.09791756519265152,-0.022187505099596425,-0.0009911414669790326
237,0.12382635079079753,-0.05459838979790113,0.032390378097710296,0.15672215513330948,0.0030145519118247,-0.054964309755591266,-0.11407796453703929,0.28608621536526674,-0.0779453488491926,-0.048464826603266134,0.06218316970895598,0.08965239391868247,0.20418977973300684,0.005030896719995559,-0.00024300336984625317,-0.0326541949780425,0.014311019632695841,-0.06783679644698205,0.002790589402940807,-0.04380566369620595
238,0.08231152748198113,-0.0704640110060381,0.04455142306011092,0.08658573790268195,0.08709703228236762,0.13957388097635132,-0.05167826951879371,-0.0491798178020982,0.07086026458831098,-0.08957369911785439,-0.09541222591901038,-0.07097543277012987,-0.17199691117181315,-0.12143669773585558,0.024101017210997683,-0.06428379991529683,-0.06547205559108053,-0.09795943147756023,-0.13561773940542782,0.15795465012874393
239,-0.29025222732890293,0.06655201587332313,-0.008688588730350099,0.13139372384075773,-0.07327739086669674,0.21052504366812558,-0.019783485002150224,0.09238207107895029,-0.05142740031336227,-0.02562141059523625,0.14881051274841497,0.021157437527431478,0.028698083000777818,-0.09214690840856553,-0.019894690464615603,0.05887882116033213,0.09018833762476842,0.11287670861781242,-0.20877549959907526,0.16807003999017522
240,0.016650135086361605,0.005076600405201993,-0.1321627691585502,-0.14021768529214454,-0.09367986949190969,0.13302038475454556,0.09501405921055871,-0.0027600003712659974,0.028860468503793674,0.10083316525325264,0.12770127019535255,0.026349837037766957,-0.06627857622331033,-0.027137767284191577,0.04539508369061291,0.23220575547865996,0.011435990697933017,0.11022796552025903,0.044040836847504136,0.0426604919922263
241,0.14464248170134994,-0.14672597653967556,0.03561357081127796,-0.05737805386074712,-0.21713291473053303,-0.06002874558529324,0.36322167854876436,0.01716828304203079,0.005516709424760626,-0.16289865692876773,-0.06537388657094094,0.002087965629903321,-0.18529355849431423,0.09701797144513737,0.08645876765397473,-0.046811451994428474,0.0021105834088833114,0.15733763819723023,-0.08841681992837883,0.11463731927384195
242,-0.0004584345931656481,0.10471907378828701,0.028243269180686977,0.12905927990562124,0.16986072076313802,0.06165302007407133,0.21181534587500717,-0.022847595376039323,-0.17072561440243073,0.10692154087543382,0.007866059060250886,0.15190816801523002,0.1133632082173296,0.24366360407442994,-0.13972958946359887,0.032381624601096316,-0.014741434879794074,0.11538214075945985,0.008779984799754906,0.11843911282998996
243,0.026053638209656796,-0.13911034577149547,-0.1475789091110155,-0.09258124282858914,0.127581098852536,-0.0309856477075138,0.0009200350208454062,-0.08840699594245748,-0.008153692435387582,-0.10742542469819942,0.16324294419605756,0.024496741841437863,-0.030323372736603422,0.015356834483260645,-0.12503477405279403,-0.04811565047463899,0.029928117335669913,0.02842412035728363,-0.14687443710136397,-0.1134339693492877
244,-0.055045555040540484,0.061495345461864935,0.06723972600574027,-0.05419129502267714,0.20537098142467666,0.05731654628539518,-0.07838071915821829,-0.013334356382110934,-0.15399796227167661,0.03688041100854464,-0.011462227765250695,0.08346619095201693,0.052081654880105965,-0.06519449027260363,-0.04331124079949071,-0.02256533651227344,0.11691093994208843,-0.05478130373038236,0.026510456134392155,-0.0013866205481284188
245,-0.008652687786399589,-0.05152817105907975,-0.11116543595701715,-0.07349079484766202,0.07188241780748428,0.06261973295263053,-0.053248497953983724,-0.012636540039447567,0.0414078355526281,-0.03321285008523283,-0.010146948910866224,0.08759726124262907,0.14505790100129728,0.024857152585758074,0.07686856375073095,0.007838060392321513,-0.10231843990149833,0.0622450332448211,-0.03198897630854491,-0.11856574798993685
246,-0.03331792550809517,0.16544547333005244,0.027260974985995622,-0.04289079927286844,-0.027997294724231837,-0.09285255019062798,-0.10146765479763496,-0.14365408586728057,-0.14152464426285094,-0.15027576295474765,0.011267328620968837,-0.04379114175018438,0.005588721354891589,-0.11597429789649397,-0.05387905038112983,-0.08760379867372786,0.08331437532825076,-0.10609522199400605,-0.12448940276531739,-0.008031237108803739
247,0.16950741940190678,-0.025410271090153733,-0.24400600519893742,-0.14498977884002273,-0.023316918946049925,-0.09045013366127182,0.010626563203404493,-0.19295025788657277,-0.1512471903988164,0.06044080447232393,-0.046122405494372014,0.04260248838555619,-0.007501333375715729,-0.04770226238751555,0.022657022900613895,0.12774363935575508,-0.08825182427139823,-0.026180685165921112,0.0727649703086785,0.10298528334706526
248,0.04777936325147858,-0.018944533166699796,-0.0556722686105081,0.12083015978375335,-0.06782764086644226,0.048187775787436306,-0.07397690666456962,0.05599846820338014,0.2288996594808331,-0.12067394994483197,-0.03966804655970053,0.03534842099701191,0.11674697718824349,0.18309828573938386,0.07630248718817054,0.05333738164189316,-0.028531720931783015,-0.16893338089027296,0.08338764152053502,-0.12041090016432204
249,-0.022293374280750816,0.19319328211660344,0.009409771173479466,0.04617059783646642,0.006753761682636451,-0.03025245210277528,0.11475663597838452,0.04900890977552408,-0.10173217894376854,-0.16127804081633437,-0.006478630255736892,0.025982956900470627,0.051395291012901606,0.03618301914318998,-0.1501187570029998,-0.16567120641268765,-0.11931301651325862,0.0958448670014493,-0.03130446761521023,0.11175270537147881
250,-0.1033059408487748,-0.026417478792876425,-0.0064749363651422365,0.08400185223077312,-0.038314424097342634,-0.05121299574668401,-0.0005294735788437382,0.0754443560400329,0.1007436667740417,0.0919505303681819,-0.23879458693535774,0.113575228986403,0.08428588424715529,0.05454055217643361,0.10636848326351163,0.10602007672956945,-0.15505223684142577,0.073833422695529,-0.029454232966013093,0.022756367294091348
251,0.016461367574662725,-0.12231428180094327,-0.16530030861355186,0.11050375937233187,0.01361428336236062,-0.3266008385189387,0.010648593574151247,-0.1212434246580011,0.1365607726675759,0.08655496547623918,0.049552139247131505,-0.01492921763715908,-0.0905530968214844,-0.06769626255662606,-0.09772335712327714,0.13949568575129,0.07340868837322098,0.03140700559311738,0.12617128306481112,-0.03218387923248425
252,-0.17097378707483793,-0.058652904099424336,-0.10195817145164406,0.054416719277123216,-0.05004126216180117,0.03302960575646511,-0.1300823170835452,-0.00928870178094069,0.004420042672065525,-0.11214100226328425,-0.05059407958343659,-0.22078752666415666,-0.0384080490325854,-0.031069481594540788,-0.1685415201673695,0.12373021731040251,0.07408947110468778,0.12516537794967825,0.026691786676536166,0.1670420147523903
253,0.12126803561692548,-0.27909216647216445,0.04712071910385966,-0.06654087002766125,0.24275177420646238,0.06264647694676112,0.17080431141515495,-0.05739077571999228,0.09723842696705758,0.10726918030597032,-0.09047659196575963,-0.12302061984675686,-0.04156648474285367,-0.044046169387608296,0.011397154347348703,0.04254655240937744,0.0013275150106517503,-0.027007142910519723,-0.006668402036048786,-0.03201101637917758
254,0.07916876400262753,-0.007748302675094883,-0.014403061342399473,-0.07652805940859946,-0.03048635384014839,0.011937561185946192,-0.042330069196018436,0.09070571336294309,-0.24422566862254413,0.07482618330795644,0.15473326126821252,0.10146144778483512,0.05890674780953831,0.13541163327403916,-0.12456365835689812,-0.1514970627203821,-0.0372077088020028,0.003872202326437422,0.12048772266054344,-0.25641276544156383
255,-0.08036463701297879,0.1176777500830162,0.02530322228882317,-0.10626392038854386,0.19101585914924576,0.2538268268033412,0.10516420995754204,0.04038749430794024,-0.08742732024370962,0.1111044005214272,0.03945611834261699,0.10148334844884793,0.039715908637606046,0.0289866368843207,-0.04253015799369518,0.015563980542783929,-0.2499709094375287,-0.037601020764327565,0.07086673321100043,-0.03981981468608739
256,-0.058450705104470674,-0.07536991396356912,0.1427696188378776,-0.042620365998032116,0.016299929846072026,-0.13898890806887812,0.14046390773823028,-0.002253525317158624,0.018920048484362274,-0.15786571383882125,-0.04555528077180788,-0.06038701451082761,-0.0381792091373857,-0.026281138493943097,0.18883694941413348,0.11014347407357629,-0.03460186982188758,-0.0321885678744419,-0.05103604127745929,0.12688479458894408
257,0.06518151512677026,0.15182527127302492,-0.022117687997976077,0.027963941124806702,-0.1305496830849829,0.11785476287412953,0.16783360272662806,-0.04747292015513198,-0.03308951042532211,-0.06047003274451589,-0.09726704128269424,-0.07791962906236231,0.06902538224969894,0.09923092475787804,0.00997503258459769,0.05700875032395536,0.0014410796072384777,0.021373711886399683,0.019859463380171086,-0.10852134346895899
258,-0.13028492485092766,0.05947915555893556,-0.053347565467886555,0.055519065178003285,-0.095883484517847,0.019319449163310264,-0.0631400916852865,-0.20636597006400764,0.03225894751794968,0.05842941568310155,-0.10696966294043085,-0.12576910098372585,-0.01532440254374301,-0.09626948624154429,0.15628472827269316,0.007714301404662082,-0.06034657437476241,0.02694594715916544,-0.06549526562512172,-0.010177934239425925
259,-0.028421132030783964,0.03609258124016617,-0.11770083916576668,-0.04174191495357579,-0.05254141029895169,-0.03914673762389776,0.063123247900307,-0.07084327177781963,0.10381452663283099,-0.09207629375487715,-0.19496844036429992,0.027711557530430975,-0.0007657036037307865,0.1325172419070517,-0.15298715660651865,0.1185914768713804,-0.12493087317413354,-0.04124881572178723,-0.0405201504116508,0.109171225745687
260,-0.032391003019031944,-0.030082407614557317,-0.009280247959886672,-0.1828220578167965,-0.06233870090072645,-0.24522686417779976,-0.030961360223101395,0.18376404146531233,-0.05487034651431168,-0.14930853958869605,-0.05820734750841108,-0.07613117575795567,0.028722865640716078,-0.04245698865477705,-0.1516947809682582,-0.041121476134052176,-0.08320879299674494,0.07539297051420274,-0.060231253826358355,0.13820343957804093
261,-0.21347668630250063,0.08328087260392053,0.28445919640783024,0.08566307061315344,-0.08517974504335574,-0.046057926768034205,0.0800416547746284,0.034582718737861465,-0.011282321385725056,-0.09777431215897267,0.08604527158218003,-0.11772455653786601,0.11989903651548305,0.15152624809329357,0.09301618900614232,-0.14817160827739473,-0.08560347925177457,-0.08911367777242665,-0.0665646588229786,-0.18533733889204593
262,-0.11897901796349448,0.03093084863908157,0.12415568932900857,-0.1652205023524151,-0.07805622556361692,0.01734196941568972,0.07029483393851516,0.17273103128103637,0.1458608452045889,0.06620199339471444,-0.14820845458215437,0.0520708989179778,0.08358652839787899,-0.16697996812511584,-0.024529102806787894,-0.13161984149348419,0.06281061832965315,-0.06889456782148584,0.11666395459773692,-0.0751207083660188
263,0.12227392187444772,-0.00854000692333833,-0.047149450786799156,0.09390433697618845,0.07963756174023894,0.051679230498250406,0.04819510801996244,-0.21872015439479603,-0.03346625339818918,-0.06324966208132614,0.06801391209481604,0.03366289263963326,0.0011230673170737496,-0.027748981233648547,-0.03571659989262878,0.046220408253727266,-0.1510075053219529,0.002284038775816098,0.05886638205424077,0.12250389471090577
264,0.053364894212175724,0.04652365164978074,-0.0863771930202457,0.09683041925611666,-0.12491654761032922,0.0476739222797448,0.06522724260050461,-0.06570491052514346,-0.14452085692587177,0.04430781730124056,-0.027925564177811557,-0.017303786157493017,0.15002118448690013,-0.23049918653285875,0.005633679335411155,0.14190584056146485,-0.06542712333741992,-0.15047041354721652,-0.1310602284996577,0.022215002989582223
265,-0.07703460362826645,0.07777348709549713,-0.05786972542991487,-0.12088963432237888,-0.25860575813496367,-0.06121831432953566,0.012699453579051846,-0.14697540171585108,0.10435626735108315,0.13729935643262964,0.2668943679303995,0.03913150045510933,0.16522272644242783,0.029036563978744823,-0.0542476332452334,-0.04848060684004195,0.06244001597140489,-0.14240658589444716,0.0169097541979367,-0.14324221091980074
266,-0.06714016801566532,0.17596140951223724,0.0630678877231363,0.045597246375010864,0.28729894458052924,0.0037095286722715263,0.029398613788971812,-0.1253983684613566,-0.003337201647353625,0.14073994364292136,-0.03022623977880297,0.18890341375878777,-0.0038865809230022846,-0.08272251642100349,0.053135998563756066,-0.007322626213422474,-0.10759068734169625,0.0007729238728985782,-0.027953784171666714,-0.009231316532031629
267,-0.034944218991810556,0.0973637020911243,0.07581240136975802,0.19478554244834495,-0.013331141117585028,0.26370205494552296,-0.06623461439760961,0.018254229321323152,-0.04038021458926941,0.17105541980268527,0.09224799187987558,-0.061320475413138044,0.05665853540066715,0.017539819702286845,-0.030050585313743057,0.058710766020515885,-0.07712631968811158,-0.03500157645584198,-0.005952211552086103,-0.19197044770538704
268,-0.10905075817949365,0.10190779012603783,-0.1824060031184633,-0.07893058676085955,-0.00883503902728487,-0.13521000435798958,-0.12968766742962307,-0.10021410638074749,0.13394559090607044,-0.07326274312385475,-0.09483302978114336,0.11463855593066231,0.1529899498534407,0.04509172602584161,0.11967308070965293,0.146897584841043,0.01895301325576478,0.18778195718481647,-0.181510072452712,-0.08432760062949297
269,-0.03515206307422304,-0.0580006704687771,0.1676480536489745,-0.06848313389631218,0.07403192815699741,0.0506348484304283,0.07498389504601662,0.057484356696493294,0.01928029916287219,-0.08292367282657746,0.059654820700727654,-0.011018487400914854,0.07158950062741792,-0.0305988894356183,0.06268800752625017,-0.13146121929020876,-0.14833877406360219,-0.014043441222065429,0.18373184113848853,-0.18075448531197558
270,0.09543169871213528,-0.061939319091612016,0.09739829535840736,0.008722125350705198,0.09024873798012849,0.08242483631048309,-0.03040740404005297,-0.1144729027731405,-0.036341261435107526,-0.0662298822455991,-0.0207655167831954,0.05790349904382958,0.07404893304710199,-0.1507696939591655,-0.12032374118649068,-0.12631177178277284,-0.03378375039592217,-0.017759287060188898,-0.07794435915565888,0.24141988431438952
271,0.09587106584407085,-0.11863130441405519,-0.04168279187848026,0.0073941921911074735,0.12244606639297313,0.012337336363891099,-0.030686967334397856,0.028278887130952234,0.08233383521769352,-0.06153373251947643,-0.11680613206459717,-0.006907452985599482,0.2422838789805311,-0.0025496858218470885,-0.024731960457647806,0.03337638655346573,-0.062341006471716975,-0.13290826991820276,0.018539449871230816,-0.005287861596591828
272,-0.06754260732479207,0.0815087398768323,0.022753269892532554,0.04134292871948927,-0.06492637936279974,-0.01684540786707437,-0.15796931591052796,-0.2682034590832545,0.16200446525432224,-0.049975102150801955,0.2390438676581367,0.12917240998444166,-0.09081923214368487,0.06260492371712066,0.0428393537774772,-0.014132444879262343,0.05994924739217748,0.026498683375689468,0.16187245261052052,0.10897196129551978
273,0.15326933164498668,-0.0321140661729675,0.061038405991305014,0.17581252358529637,0.004200146622032006,-0.1378997933506971,0.0723231838336217,-0.06771294866494214,0.041464413450764334,-0.027491352742621013,0.0005307010670714309,-0.015369951551281956,0.19748757494644353,-0.2268653041554307,0.002553069722682578,0.202128954171568,-0.04608124391092091,0.1479198622865786,-0.026698536184160016,-0.046096438687870826
274,-0.08288912680799226,0.09091199623717597,-0.06834798684054441,0.09156167898771406,0.14448855190130258,0.136592448235953,-0.03954645429899882,0.09758665222793103,0.07915233543408993,0.01452717798967608,-0.06871122580002725,-0.14537465975915667,-0.1771988260284246,0.11810160464810374,0.1937142117903603,0.09293497257742388,0.08121565986021756,0.05359912336490918,-0.05818732861711827,0.1400764608802438
275,0.09205243544921256,0.0975915925519028,0.1560957295331239,-0.023651347580163257,0.021075659696859827,-0.08439044284962455,0.1548202977080999,0.03269069683222075,0.14269039334528077,-0.03857199228044373,-0.0727392529226076,0.26626384283823745,-0.130622825238569,0.05101433367252373,0.16983502428648972,-0.06042116628729712,-0.05090071332441438,0.059114484381032735,0.09835400638345732,-0.06185207925440841
276,0.08261948748473952,0.04647126544913759,-0.0609868847608791,-0.09937207009033211,0.042481257874433596,0.05823793450839301,0.08965904714607095,0.004941873703133854,0.005252536186464016,0.09451199326048516,-0.05779163406170919,0.01806108090412718,0.024697841285957766,0.015154993608773084,-0.1856873536748578,-0.004175315360423754,-0.0029267309803316607,-0.037983482138543856,0.029501280060454788,0.14012070443444974
277,-0.10303644945383561,0.19297015249044294,-0.1251769849501929,0.1016630761751124,0.15448771680560944,0.0651396483754278,0.05194462019417399,0.08909781302177351,0.02825676301939209,-0.02092819251169395,0.1429973277273011,-0.1705410270673222,0.02812520159150216,0.04073282283617567,-0.009136014475540065,-0.12472457834967081,-0.02873305320834004,0.12284254376703746,-0.09632806759349127,-0.21419725288256816
278,0.043429988633233885,0.033380173689735525,-0.06638870361563638,-0.010341892404855748,0.12204829948617174,0.22406251316545772,-0.005734395504594938,-0.07112316193638457,-0.017137422622541122,-0.017058891257498415,-0.21742343903978512,0.15300952742366375,0.13795054683141572,-0.04140599555970605,-0.018830494168633218,0.06146873412584111,0.06681523096984196,0.0007826473826427841,0.06045044035155982,-0.00024647166170868866
279,0.03653640069395285,0.19243173865844165,0.020728953045990352,0.007245319332020147,0.06795109184668476,-0.14115125416820337,0.02599319334269159,0.02872513879728588,-0.01583923873226795,0.27130305330740845,0.1300610107451755,0.1359308135995027,-0.07236712387618342,-0.07317895714908142,0.007540351995026301,0.045963464295185726,-0.04777374691453652,0.03333975872574341,0.07192789627922427,-0.11824410332013904
280,0.12534959175045834,-0.04477672981333666,-0.03767793684833319,-0.03585102164128812,-0.025807443935555795,-0.08458168831125548,0.16161426713899033,0.1163977879326844,0.0481270298695379,-0.20826906516568863,0.05022457212053508,0.0176406149657832,-0.1186185138882388,0.018923722266802223,0.08216327833572255,-0.10188928971174963,0.00018601596872104293,-0.11368226154586449,-0.05320979235395795,-0.052659322142190386
281,-0.045946389067247205,-0.060591713904051096,0.04033760300907368,-0.07655663708132504,-0.08497475792606034,0.10929621743950874,0.01752639152830607,0.12195224935790529,-0.04330047300979703,0.1602476107980772,0.023948581618610434,-0.10887400331792708,-0.011924383603246278,0.08329231240468765,0.009119155654669262,0.06948255040022631,-0.029019541731949823,0.029876072143858425,0.016566697257733222,-0.10241595688634779
282,0.06418235498192738,0.013368605221740576,-0.12160256591375479,0.16844765949202037,-0.0883412506421922,0.09743078624604311,-0.145057463056074,0.1358182505027962,0.06060559397592252,-0.03487698629505774,-0.2435936887333167,0.04828886980432482,0.18435134711764198,0.017736468380099728,-0.17717201421001014,0.01014175971776393,-0.015323609315989261,0.23172592901511518,-0.16652593570266802,-0.06824719896022219
283,-0.05035750493118353,-0.01847403600151269,-0.18006170251700004,0.011147207358999395,-0.14328258545930667,0.04333171845436846,-0.14682137972022083,0.07407618390592167,-0.055321670321614995,-0.051328521475777246,0.06848285485012957,0.10338160959149482,0.005605644445505409,0.002692545351432275,0.01983311917837666,-0.057399534169338455,-0.11499402224694648,-0.10163609956146162,-0.07449741397535098,0.028382329647195177
284,0.08674231427837904,0.002288437419259394,0.16923294172810788,-0.0863107474135742,0.058492822270459904,0.06332288883927153,0.02875622411834859,-0.11571283816398077,0.17026025039642279,0.05319599027370534,-0.0853928596245038,-0.03736922959724832,-0.08491909744962364,0.03253393324757545,0.007113186091213391,0.12190970974186376,-0.137060249811804,0.09021226426730655,-0.061152804578750726,-0.1212216544115472
285,0.19702400341295065,0.131187375225213,-0.14086592639602455,-0.009688564836564158,0.1538648437139636,-0.08734610055758661,0.2197547456062388,-0.20177374603441683,0.047854101743113726,-0.09046271184975567,-0.046801743245884465,-0.05704640478552116,-0.025997718949792532,0.044002584377535355,-0.1552433781305958,0.0010965561153914634,-0.12444326882751676,-0.032955644239389584,-0.09597444973336439,-0.062345444761865904
286,-0.02620558333782089,0.11570399363041926,0.08504682932581104,0.04647215144952019,0.0002630381398611447,0.06294658922392649,0.09571844240868597,0.11327204860662533,-0.04827010019818567,0.006578711787236154,0.009565366592418712,0.06814949609123311,-0.001344073435678982,0.14500456192656327,-0.03878965357685329,-0.032357999853037625,-0.06048124131490888,0.033665155139292045,0.021027475455377614,0.05093669785915092
287,0.03483852436574073,-0.22074633976864347,9.18012726341984e-05,0.010837447539187473,-0.02498715262668723,0.08246138086651596,0.10839313494650625,0.04048993055244455,0.18255715331287103,-0.0051441778836298115,-0.034104373366959435,0.011882354593465351,0.062122366251926804,0.0522081518184907,-0.04735483520639205,-0.03024093480773102,0.021810273996809893,-0.10830605846184274,0.04369672035034419,-0.021043621366260024
288,0.04448937092395433,0.08248443914241525,-0.0030452102173948344,0.04135361903403506,0.08680268243469948,-0.042210444052326275,-0.13171913052592826,0.18177048575075613,-0.013954417842579597,-0.04173872043317267,0.1336714390140556,-0.03136326673954757,0.0417521895290601,-0.07772139714122077,0.16214481648067375,0.004492397369008717,0.07295995792434308,0.04663477127872349,0.11246168373154034,-0.06983694475190087
289,0.1426593301318394,0.17698103781760133,-0.0852712472973759,0.07552628154297408,0.029970510183221805,-0.06324561468745084,-0.06397385366309437,0.0019210043088716835,-0.11777688876538282,-0.20676429311802486,-0.018542463375617976,-0.05454972015932669,0.026121206408804436,0.08350206534182376,0.051573343234102065,-0.15393998296971967,0.015683029193925297,-0.06260676273243174,0.2856057878672382,-0.12676869080151648
290,0.027004465838385908,0.0901089028925986,0.004470989153947742,-0.050129608374204014,0.009983520828837304,0.021997762124876828,-0.09754417627485205,0.15224323304070353,0.09077694254234177,-0.17784944668654115,-0.021914672522814975,-0.14917056374449578,-0.07552746636907068,-0.08557633023137934,0.06838021416912346,-0.02590479028082999,0.07268323401383488,-0.0879882061122842,0.15542417514052614,-0.00696421329880645
291,-0.03961971439279817,-0.17863822421207312,0.18113727066072555,-0.03459009341642325,0.15795595993416245,-0.09321998800797893,0.07474996464521279,-0.08251054895563456,0.030073921644170616,0.15978317265861558,0.08962543558417634,-0.18655748784090267,-0.06880405657095248,0.06782592240165117,-0.08008365010271383,0.10126025528800729,-0.05624294135208547,-0.050513903169576026,-0.07513964753459061,-0.003215268009981374
292,0.08959260701490507,-0.016335218563004305,0.20469540808275416,-0.3001240696823549,-0.026110776433330454,0.16500587058166835,0.03378095211692871,-0.004538444753731917,-0.08174499988061484,0.1449729732077717,-0.0548329451174555,-0.05723769203613943,0.013567100460081966,0.027911810256444985,0.03710563299974187,-0.021874249322721133,-0.019520856165918934,0.04915244633748022,-0.0813309631092819,-0.0719500341227686
293,0.038604910106902424,-0.02105663558754692,0.034461134117958786,0.13627252794520928,0.008345074678732111,-0.02361057741273353,-0.03354757858379917,-0.15750186030168875,0.09853024021597824,0.1642512478715756,0.12796773600421035,-0.0276363318543139,-0.054506074633150964,0.15510993494697614,-0.15653529220964116,0.11086780518885007,-0.13385573899120534,-0.028583180172694792,-0.06401491485328696,0.023837316616245545
294,-0.14324463555870234,-0.060392193125102266,-0.10601569716248811,-0.12383039148223833,0.159847968849657,0.013312089179957728,0.01585961350534645,-0.07056154119968448,-0.0013930494835951328,0.022727408904161955,-0.10543883739217853,-0.014208319799756536,0.04943422649984367,-0.17312435712726876,0.01730742246988349,-0.2232181841413359,-0.0921170517115624,0.1576949586255142,0.014828463769329538,0.1328664615654571
295,0.010568372953379744,-0.1396218147497088,-0.025209851475327016,-0.004922525551676334,-0.03676050831587113,-0.07427794617562795,-0.03889583227835604,-0.05440818703015358,0.12516716080417037,0.02919665934354014,0.16678009637131228,-0.17006487262705317,-0.023402070526997082,-0.23196293005769544,-0.09458289111285932,-0.14513762449285691,0.029905257317260785,0.08039722825366832,-0.06551633211139071,-0.04372203124016801
296,-0.0964107777792516,0.09665716600709347,0.16312125332094796,0.0813350985904178,0.028355576411337607,-0.010330663102951668,0.011413371266497777,-0.07733243459107095,0.1786106715512091,0.005351659593871287,-0.13863171341562558,-0.07585569220744703,-0.17340067597121786,-0.09860066132142667,0.1701498062868898,-0.0015181088312178847,-0.006589193087495998,-0.11052068181930597,-0.03740614422603994,-0.03066176251825143
297,-0.016816770665617507,-0.011089586522024793,-0.02500733154488659,0.09719825158117809,0.08325291073743732,0.047060055628676024,-0.12118971694061864,-0.1405355837120144,-0.004766104622348139,-0.032137211039809294,-0.06646561005434683,0.03255902481307136,-0.15082497598949124,-0.12073282533142872,0.03520993813311305,0.01587413527064333,0.04072089357596233,-0.1668024730962611,-0.04308080967708986,-0.11822321865122908
298,0.1163759285994136,0.33136247544194086,-0.0035732228249370636,-0.03168955377411016,-0.023939324640965754,0.08752669340450933,0.007315842745004627,0.06448734495770701,-0.030967066919413862,-0.07312591675104237,-0.11400909563727459,0.12951901031611587,0.02142221291134384,0.31609854972760026,0.05216928692043232,0.12087201256917317,0.08691558310742756,-0.021422214398308784,-0.031630955974649676,0.05613427826301425
299,0.11422556467891468,0.05884580091662025,0.06193890940270201,-0.024213426290136786,-0.1157415800126609,-0.1387626998931305,-0.10758531713174757,0.05332403477423365,-0.05567513363567165,-0.12003644616324094,-0.03776203536616075,0.011096361427114865,0.049220538862505436,-0.11217585417792442,0.03236342107868059,-0.03494469605338503,-0.09059548165760722,0.0647740962180719,-0.005860285316385868,0.03745237859461892
300,0.14758678423172175,0.02758562380524811,-0.07112843306220891,-0.09817855463827328,0.1172076855023184,0.08478157194116877,0.0858410094574436,-0.10808684953114778,0.018656057125818006,-0.07518512816115479,-0.06319344990485033,-0.11348701985575668,-0.09233377569066173,0.13281476007429757,-0.24886283371129062,0.0803464690400783,0.15018644620987803,0.14218153360285637,0.0687755288193319,0.07398351103077926
301,-0.07060275512002558,-0.03020557828012606,0.10934274063209738,-0.019396959433585676,-0.02186326394152161,0.0204943441014028,0.022734858754596195,-0.01884592708706617,-0.08606165447495398,0.05029832143627964,0.23066393231159588,0.03924406539555701,-0.02859794325290835,-0.03789760048110375,-0.17934799459086143,0.0580306280815214,0.18299693902853234,-0.09952403138957205,0.0660672912650902,0.09681273060546239
302,-0.02766149324352323,-0.13183817449020047,0.010589278453995415,0.006847901856026719,0.11788862760088653,0.12071911508906538,-0.007376589395357655,0.14114385427511825,-0.006158589147829784,-0.04414526045641477,0.07507811809003516,0.09218197720304229,-0.12861326126751538,0.18414187663102694,0.027295366822607258,-0.12111669853868498,0.07299803488599783,0.10395113644626537,-0.04087627941868455,0.14016677561012755
303,0.011399854134676661,0.012064773006201367,-0.02028279585459141,-0.057548682323608394,-0.1457941298063497,0.09334617311538554,-0.10691869458258867,-0.04875197394005808,0.08113557785556742,-0.012012081557757572,0.14526507031241018,0.10630896370832604,-0.02696006796608094,0.08944192898522861,-0.02132176438796826,0.09416615582557407,0.14888405222486317,-0.029356070615440173,0.22935647855908223,0.00605831378877605
304,0.06552518297886994,0.05580654740123886,0.00013965350395395653,0.22087010473122168,0.11098122158378393,0.14818958876713675,0.1578831875951286,0.13573288646809836,0.14038098114988196,-0.05238693476900934,-0.268377103750044,-0.03933210806515378,-0.02836075647420727,-0.06106963472895999,-0.09210446878254935,0.09608066126252947,0.007236499971069063,-0.06441488605592895,0.03265799362622034,-0.10078106599146733
305,-0.0019705519868865383,0.14766871137258983,-0.11185910762518,0.08574653166994374,0.045074476104129096,-0.08271150508873858,0.09908063433225774,0.040478154943971244,0.16008828965313723,-0.01365679500406517,0.06363289119092498,0.2384706287123491,-0.14471969168349547,0.16701083658347934,-0.03067208533285745,-0.12363341309779978,0.2649653509710359,0.10097099764825532,-0.18624371920494198,-0.016578785641255263
306,0.0045946856566831925,0.14309062079845197,-0.004083370488968538,-0.010395669112158156,-0.017968746136258228,0.012692064347512005,-0.09201880520075387,0.06457896331102575,0.026424616202443577,0.16144665949218281,-0.1163175446165249,-0.06613456089940652,0.0644089199844777,0.06077714027375964,0.10164317017710763,-0.029077108122729137,-0.04184327684034355,0.1466904888507401,0.20235253907723563,-0.04409338905391394
307,-0.0006263951605044601,0.005018582174507398,-0.2328800020058417,0.042584906512464805,-0.016064636806287527,0.10854429038149803,0.18513934060171353,0.04180010235863821,-0.04488480342181122,-0.015262053875019816,-0.03235842879874971,0.13216793911516408,0.013860200380794361,0.05457198775737116,-0.0810413311679706,-0.08598909769122888,-0.000574773310055252,0.1515773009017381,-0.1632944292063401,0.10627486893392007
308,0.16663999907989577,0.051786517269049655,-0.1545472414042549,0.09864722984969929,-0.08495568286282172,0.035731113844275034,0.03223371843726774,-0.06358654373686119,-0.013337029534388707,-0.1119983933794832,0.0683054967390127,-0.01662261848342322,0.11787507422800324,-0.13555579335871976,-0.06320176394592888,0.0391339760737245,0.08918518086737766,0.02901550896315177,-0.07660634239534951,0.020182929198155623
309,0.008483454763200783,0.0968532102908042,-0.10069477106164465,-0.10891288466730767,0.01595477233988389,0.11984226996321375,0.0749483744056356,-0.006772585488349704,0.07359297409914947,0.1242233002262019,0.057592524691913775,0.13478898575456894,0.03263000255571667,0.08352752416078221,0.21980988791513204,0.08393487589729011,-0.2287843801690982,-0.14387696496907007,0.09268905891202796,-0.025439540092269498
310,-0.27217642125880764,-0.0008933475431550631,-0.03886640762838851,-0.10428789257933414,0.15977021470733027,-0.06791340597840423,-0.06917057468289377,-0.06412636360377674,-0.03180732877073138,-0.034903024664268964,-0.12109623650436721,0.0570687804430846,-0.11369864485943497,0.10613489661545004,-0.02441698141618209,-0.0057997393049719365,-0.04507497409509312,0.04789708059841844,-0.19269916421462066,-0.02741839553456661
311,0.029601665774386172,0.014061378326382963,-0.07546575941653537,0.09772621255164501,-0.048186394251373166,-0.11076678248478256,-0.20898491376606623,0.0243264004229999,0.08463388716011855,-0.06567035267751448,0.06919482924273263,0.05126258849797485,0.07326525864286039,-0.027384199603354913,0.06666766917624693,0.1540709920984017,0.10222819616834324,-0.01947841013796393,-0.10469203235603103,-0.08754718981116955
312,-0.12114830780137976,0.03470145297458577,-0.13184006602300644,-0.12537635457220375,0.10256938096548264,-0.07120247672031378,-0.0061730755736485576,-0.09472889754835281,0.09808935090887977,0.0699484237012835,0.13370904452280039,0.0318870107625105,-0.12279226140520415,-0.11081996418472165,-0.03432082184798893,0.05327904194231699,0.1240224810327087,0.007323156808608693,0.0575372931348894,-0.03315729400209111
313,-0.0184388819445829,-0.01576636404060491,-0.022190908131266868,-0.0716184832792282,-0.1585618283449585,0.1093592088165615,0.24417433386863518,0.0013547706314655545,-0.01721870842028726,-0.10901699295224479,0.0667670768804798,0.09521624330042033,0.04307681707304986,0.060916070382617114,-0.06004010867890464,0.1872400385034756,0.08544352392397082,-0.07195466627706558,-0.04071114977410578,-0.11809865765514273
314,-0.01759609985043035,-0.10487040696635302,0.07777874221283111,0.05051354104420782,-0.02194065835164953,-0.11516078796628525,-0.0794457293278157,0.08188901386276835,-0.05527241963593327,0.10965829212256029,0.10665896663302948,-0.1060341354944159,0.038731854330123085,-0.17272414592420424,0.06443453032298617,-0.14154448172749012,-0.05044340706419287,0.18979257407467592,0.1336690467249304,0.10301649574073628
315,0.08751024595604756,-0.010738549197619237,-0.16256623737896644,0.05948967126691538,0.053874488474709006,0.1195068205265488,0.1541763777083453,0.18605631873123168,0.11108918472694522,-0.17351189411837473,-0.1034019339385038,-0.13170400941569282,-0.12260594984112447,-0.002761120196933799,0.15519385257189652,0.07929183080506925,0.14875137635770935,-0.01991406708236787,-0.0038207795289740653,0.06071855722391397
316,0.09141525295892684,-0.16534293856058405,-0.09310352535059982,0.1189224785699331,-0.025805686944312196,-0.04884726520174175,-0.01088439069490857,0.004729682742020999,0.0694136454892969,-0.02147979200073285,-0.06585029304626572,-0.08380677828156559,-0.16822500242129515,-0.079212652169833,0.061755512471998765,-0.034707849872688205,-0.034080994850058055,0.10477313501921873,0.011462588113307038,-0.05963268544215591
317,-0.021926697203041332,-0.14420859847692535,-0.07533298255833583,0.0744080301234807,-0.22480711345910392,0.023590990020184097,-0.14808309291278626,0.015560575273427347,0.18682394656203885,-0.11685442309288545,-0.17676489296179485,-0.1358934939986274,-0.0017542321864570764,-0.14197367048949483,0.0890807933379484,0.03703469370328209,0.05806590197278219,-0.07051362937025935,0.07821783501669953,-0.028913228973656554
318,0.18022901422570525,-0.09623405500352723,0.16308966797348493,-0.13403700918091244,0.07563074691965449,-0.07990811983716961,0.03871461511179244,0.08820675444227913,0.10116545250423131,-0.048347204450141165,0.044464450329944796,0.05153902735117193,-0.060181159504692494,-0.0361810038784595,0.05724994513467637,-0.020090067010217753,-0.027953885464019064,0.05857560493031334,0.04238956519166792,0.01883902015602885
319,0.1265251265288274,-0.18249497468992615,0.03797977812531853,0.09088451954866286,-0.02192581461277841,-0.164057785404561,-0.07348411420677721,0.02928960554918045,0.10724019087939321,0.20921729712698853,-0.13661208403702527,-0.1139623856091225,0.09429427040109863,0.09890034116119692,-0.005027700553017391,0.167834511886958,-0.02192939477770767,-0.033278391093543164,0.12506024183620446,-0.08968027550985244
320,0.06116621123126205,0.09198449850523106,-0.023269225610259417,-0.08763964132227985,-0.08404708111422156,0.1866923596886638,-0.006213144072421654,0.04664235217766706,-0.021041532517367706,-0.08398832113921728,0.0015669084796645976,0.028599900740610244,-0.27911350159356135,-0.15036201094344784,0.012387311527674612,0.10751228450460232,0.05797466149069551,-0.055184991645957644,0.06029339729212121,0.03504494654167982
321,-0.06809410458495153,-0.06470790570281719,0.17638008061020194,0.016009451636895104,0.1605280417411233,0.06254643157664078,-0.14611450990469255,-0.031748868701929014,0.20423588133491077,-0.06727519635717556,-0.07568898847245029,-0.07964743331957003,-0.02187731704248066,0.10565028943136172,-0.1746085788671704,0.029611599475570367,0.09099928307819474,0.05028169913229127,-0.03383242364701272,-0.12627670609738326
322,-0.0803341143069698,-0.15967161144919859,0.08629204017408829,0.035497561724464735,-0.06157006523491606,0.011934398658029984,0.048659861028741744,-0.21648819658147855,0.056819786024171835,0.16080972150193265,0.04763319614744555,-0.1893447501854695,0.014623044483227508,0.08627454964878561,0.05252858641343349,0.1727814332642115,0.18026739850943457,0.027873879224732306,0.03178913802312509,-0.0040941582416395015
323,-0.21475966032181773,0.028383884224835263,0.08177127566824545,0.1362347906414056,-0.07295265299704681,0.1877198473182892,-0.03766099737965092,-0.04578465280694028,0.1336390367663213,-0.12886468908795273,-0.12016097901164578,0.10611695627808973,0.025183433262743703,0.15841739761110044,0.008965256500093064,-0.21792893217886095,-0.038344605668274905,0.12494977481286179,0.06354838341218438,0.10696641380225148
324,-0.029398856763796378,0.012837767539895996,0.004103934728197028,-0.1200004550320587,0.03152414650220114,0.09043876324139245,-0.05122808345953428,-0.029304283711988455,0.21488319438654258,0.03226468643637682,-0.02841598408265646,-0.15901569610532804,-0.03611785949612134,-0.09918115022571343,0.01880886022982845,-0.1863684563058545,0.05323818803850839,0.0749506135258461,-0.013613188214106448,-0.04721488053730276
325,0.09868576352750033,-0.13277106014479567,0.048722780080106914,0.02172686671007928,-0.0908044953077283,0.24186475041046532,0.1259918408714822,0.13451200265172586,-0.05497203708690311,-0.0674586349870549,0.1320387777989563,-0.1737018132827492,0.029618581367823128,0.12489849223812306,-0.07877266419637027,-0.03549009278559994,0.13585917354315163,-0.041203750618844626,0.14919465194126336,-0.03717153015256974
326,-0.03817279412200184,0.05573031863586266,-0.07825173636404144,-0.12843715306922396,0.06689455302060301,-0.09434374385762993,-0.12406394607018159,-0.04399863544269395,-0.116335821782487,-0.04205302459624612,0.012420514534056806,-0.004276843672441666,-0.07427400318479137,-0.15093191538301176,0.10933692243458072,0.013907809893381173,0.03658576985087818,-0.08894597710719596,-0.08300491368315978,0.16566753810466356
327,0.1955702452328227,0.005797559123522774,0.036414521803146985,0.022840292395797636,-0.06670980994803138,0.020514646142512014,0.09227539064227983,0.01689067992718847,-0.030453110957622855,0.023999361590063877,-0.039685061842657514,-0.0722163789740015,0.043774683280604756,0.01143560768705563,0.0772958658710165,-0.07063617708099526,0.010099548963923283,0.03973288822594061,-0.020687191781835767,0.06275470336556103
328,-0.20962949062340272,0.05144967005159613,0.12678470761484964,0.025669451912776465,0.044332116620369656,-0.08542843747968375,0.17859584731371864,0.1924424594697596,0.11024308155451931,0.11059360358845441,-0.10753144464695846,-0.0972329923947465,-0.0656107644602021,-0.02930647948253699,0.05045004571795434,0.08903874312426051,-0.10640730601463817,0.0012401793701120902,-0.21449575652322592,-0.19136485149334703
329,-0.09292408173920834,0.05502245756613938,0.05881421972165428,0.10945453686038145,0.0021149094600964,-0.06268227927778978,-0.027225786378525525,0.016839963171988836,0.028307785499804124,0.16133030119134917,-0.043365072576730314,-0.026703500562925513,-0.048873560425416095,0.02676153403656219,-0.16181335740955066,-0.1704157103147519,0.07516510767658949,0.0868108523585144,-0.048175385127179816,-0.15625920304508462
330,0.047115286417784515,-0.07081315647159994,0.10921570583258931,0.13668637382530005,0.34057650719469734,0.1570901601561355,0.24091887927723893,0.006753233176467001,0.04788619043667892,0.09242354133367639,-0.10350976190688467,0.004634136063268327,-0.10221474814020812,0.07166823534905499,-0.07049020639150676,-0.08105476214404066,-0.03000579808443462,0.01619436380564617,0.12738315272835818,-0.06814062976129133
331,-0.036683591614935236,-0.10429822013774943,0.06931765229548857,0.022905713812426128,-0.13295761291058045,-0.022290156781653477,0.2275163632914407,0.058518404080638645,-0.13666939821370433,-0.14229570408544562,-0.018514380915600454,-0.018777488705653947,0.025015051053440374,0.06955984865589929,0.04862689353533744,-0.004721339550374647,-0.08465460131058845,-0.10458733176941305,0.12225652239894823,0.014497049091894528
332,-0.04502257050006925,-0.013867540714040949,-0.12330066886544176,-0.06942373066448387,-0.014395192288825718,-0.04852269674422531,-0.08453166927458569,0.02242845099442656,0.11292900180595153,0.04495255291870419,0.1203905846886294,0.20215933625489088,-0.002639952781899427,0.13126943038290692,-0.06490971659958732,0.08467491076242703,-0.02981554835823617,0.02919443944750135,0.10799306589486524,-0.021238325178430488
333,0.05372442324033551,0.008922103384403145,0.07333667861528351,0.015217425947333392,-0.04800460725371635,0.1467573072056305,0.07238762313905686,0.040172793883392566,0.1828627233123864,0.0160291436677589,0.14897464107129507,0.0692458423299544,0.018749468728192865,-0.0407556777468879,0.013080961035489915,0.2130520310219662,-0.047596401319945095,-0.008870508357670398,0.140756295128933,0.1440798532497794
334,0.002319600157593712,0.07514717021762467,-0.08339552667150198,0.030868086176326155,0.07011162477402573,-0.10643619116659546,0.0919148371572603,0.12376001518367694,0.0918939212803074,0.22274487596458015,0.019618876592746453,0.09533129031432068,-0.10548011435244324,-0.035698599080741966,0.015125784831238024,0.008094261852406472,-0.14681756913211738,0.08645958851902043,0.0005947974441733903,-0.05862131539685662
335,0.1463822672814406,0.10002335624071733,0.027806685903064964,-0.11542319708506404,-0.13400195910863913,0.1404228010398563,-0.04492317278866512,0.2115119386327583,0.06925508280633613,-0.13113816706153117,-0.01664510766631845,0.04118090988520657,-0.24182678388723966,-0.21348940439775646,0.022707831694101687,-0.06571464817553457,0.027054428169267737,-0.04386030361919187,0.013449598392957346,0.05822597609333544
336,0.10468469976229725,-0.09720758329943063,-0.11389152950030033,0.1488054952138658,-0.09002321313956893,0.13888380013806845,-0.0461397336403656,0.006425619540108735,0.06422225280501352,-0.05562516956094096,0.28893411877152264,-0.14549999827122037,0.11777405845326855,-0.08647873084030591,0.03396611969843255,-0.004531370513724398,-0.1423468269173074,-0.05641239855649321,0.0177475320268983,-0.05232207115516201
337,-0.19905505723009034,-0.003916393138169526,-0.07820234622632674,0.11098636894587494,-0.14145427394681634,-0.018947631314216305,0.0926721552236885,-0.025197285999120404,-0.009278833309559677,0.021545174446011468,-0.07215391728926226,-0.07669832185061308,-0.14208863949278663,0.0956067477606449,0.045896560849516724,0.234524525190456,0.015147617109475289,-0.07840004017511953,0.13286595261829529,-0.0326294220335189
338,-0.1253625795839022,0.02897191405730014,0.06423902587310096,-0.13987882842949528,0.09552267009633443,-0.0185105831404192,0.07360035622451197,0.10919440429797309,0.006605194325007934,0.12192450249465266,-0.2449808371364843,0.1649796110829588,0.09068197774810777,-0.06821611768243309,-0.10742074594288849,0.22656894748140635,0.0016869023110718479,-0.005713091876533021,0.07564345797892735,-0.04430387094163638
339,0.003306889393300126,-0.052313472277151545,0.16561367533914106,-0.0002505453641643202,-0.11417810071349509,-0.21953713058086674,-0.1374004880966456,0.05435500602989931,-0.016032111307696967,-0.06105903270669434,-0.05252126298869448,0.044444951785698836,-0.017990344692731135,0.08722820987239865,0.0010673981803445453,0.14715901398732556,0.04280491622962236,-0.1203224080826985,-0.13634493802409425,-0.0037520979926805283
340,0.09013851149108833,-0.016991809390598,-0.02338827270914346,-0.09017072831125462,-0.1237339979869274,-0.16352885123924296,0.10470441082250329,-0.29203602616468055,0.038958805553171286,-0.018306436071293494,-0.02298941637287447,-0.09934119840904473,0.053423502033994555,0.05096698287722904,0.04112318961478889,0.04419946926709585,0.006713024782439101,-0.17644380956274383,0.18893389996302487,-0.03794782055905397
341,-0.22515034979485293,0.05514844212617405,-0.08686679858495372,0.02334900345299825,-0.0007123854315391788,0.05387498851267126,-0.07961190631723948,-0.004393328077848164,0.07356004517145931,-0.037692816982550545,0.011521912601881184,0.10686571049221494,-0.029389995539774668,-0.0026001530082884875,-0.126891709841723,0.06298725915329217,-0.11877662418372467,0.17547355617941005,0.021860108957692283,-0.14534081513257324
342,-0.043906944466169676,0.11685515027684817,0.10811866877993334,-0.24039774749353418,-0.19284429310709708,-0.09774931635925954,0.11868890347818088,0.009640088145166701,-0.20088223467813426,-0.05168671320556053,0.05685766813343895,0.08306351039500655,-0.17618378795124764,0.16894047184741176,-0.04724673552498741,-0.021841317410710166,0.0029791553390918143,-0.020577684214252503,-0.17363452431658288,0.002315260940730993
343,-0.033996972582116244,-0.048752388143254374,0.04097691791582765,-0.1383435400267991,0.05733449815073606,-0.19079544352173222,-0.05213200488152573,0.10557415073172319,0.09525303119030971,0.07587219798677934,-0.006201346131518087,-0.031130942791471397,-0.005009504332407835,0.15252034707676906,0.03343620828882596,-0.042113035742252815,-0.11207780440863324,-0.294544440961245,0.003989681612172627,0.03552476904085759
344,0.1319863915791321,-0.1758827184452927,-0.06695930251490162,-0.08566130317658537,-0.17491722045955468,-0.1045650832066802,0.00973697751755696,0.12775850779720319,-0.043742424338141454,-0.06015958317831253,0.017463590100796775,0.0773249860023706,-0.10980550755037058,0.1421254458052406,0.016812746374548323,-0.1247705666356778,-0.1864277190311587,-0.0005295366770567301,-0.0017604311286420079,0.02521822049210888
345,-0.15209277700487944,0.08874882494558785,-0.07563715222621155,0.1161370637139926,-0.023846183024648436,-0.09008565448919043,-0.09002777142955365,0.05064843336227331,0.018192066641393244,-0.07516302996083789,0.009268016643517354,0.0077492773014952035,-0.018632981837095244,-0.054211362507922405,0.05757114490301775,-0.1681921023090279,-0.13456726512150366,-0.17950895640173775,-0.06321097825961573,0.10718542175636059
346,-0.1974647712354291,-0.049042596346725253,-0.009031371299143807,-0.19520771591405678,0.12379622163173616,-0.14267294826877602,0.23704657856270775,0.09044866413898621,0.1395871891386387,-0.05960150875350729,0.0513998096694583,-0.01365134277213953,0.18094710671614042,-0.07249941067431746,0.038827645124192595,-0.02438378690353971,-0.029035478608606474,0.0596385883921325,-0.10561398006656704,0.09692318726041638
347,0.18790648733306747,-0.02396005028976654,-0.04801051444594576,-0.004630403256199979,0.04943841850087971,0.024831620230161448,-0.20370350612295499,0.04932113235975184,0.1260797399393354,-0.03536734875069709,0.10553547735270023,0.0863870790207201,0.018349216597730214,-0.12340118062413827,-0.14561674607673086,-0.14110115731313483,-0.02952081095826669,0.17097663882866984,0.07184052693133938,-0.07749638131313097
348,-0.2519205068621504,-0.049768145268566016,-0.06351997067142404,0.10683009712254095,0.21807774006578148,0.16330947491400122,0.04330051819892148,0.04014434726431665,-0.026837049541839478,-0.055292554309361266,0.14144425238142252,0.26992623039907077,0.08810110960234138,-0.09619264175295643,-0.05825983034116065,0.035781648248592805,0.006279245935452812,-0.05127546662692376,0.034627131652665226,0.030371595389508448
349,0.03849995232500511,-0.15422687852138958,0.06468390811626029,0.07058727973386535,0.21018364823536748,0.06191084711000818,-0.04973592846886304,0.06985600256022084,0.023830562922050675,0.12790307690941355,-0.11773244076475622,-0.07496421375563933,-0.025365266219148388,0.10229653731992795,0.1485877509163098,-0.018627530028146964,0.016937386222848873,-0.05742198142816545,-0.05321319223620852,0.09310950093720637
350,-0.04162849178152915,0.06455370585508567,-0.05815367010206739,-0.1996091097587455,0.10914541103289672,0.023127500306052626,0.0507826810640858,-0.002493061499187869,0.0020176493160548553,0.09264717066334398,-0.07101866709249727,0.030903014977110538,0.23152979689202904,0.017094165713246803,0.2743307672083639,0.06769840332890954,-0.12550374659125826,0.12912084836849827,-0.2507920249266487,1.6723699309461913e-05
351,-0.04513467353961971,-0.013960949544614836,-0.04196530403749531,0.06554222666929682,-0.04121364432919314,0.09732865465543246,0.13409189090726306,-0.10668684538376792,-0.01900657890736878,-0.2538981544533079,0.04435817154479395,0.07783244281555024,-0.044144320874879114,-0.06517293826085004,-0.004437878638135624,-0.005859857942305831,0.13723183772865785,-0.0010587883113306006,0.13917976529530185,0.01234260527952461
352,-0.13707802883727774,0.1264503620885219,-0.12581863232768045,-0.05648459041969494,-0.011276436767084523,0.021568260380610414,-0.060244800069313584,0.04291193952129825,-0.19052283516404672,-0.002398506810144259,0.09102168081373756,-0.08590756088567572,0.05180314615374919,-0.04373373511704999,-0.1950480300870626,0.02650858011876756,0.00282668385522155,0.02592727564032218,0.017378247273397388,-0.024684467558853968
353,-0.17915981089643138,0.0052391595467355945,-0.021003696115333485,-0.10779374619229841,-0.18576709772410033,-0.07598794546866797,-0.05947850612465476,-0.07186046832487025,-0.07426366812128016,0.09266742942063412,0.009943422407687552,-0.15248875995454267,0.020389195073649793,-0.0029326907667640368,1.4356698126697925e-05,0.10424516006579153,-0.017826633737530077,0.16128043532728525,0.001749091544332346,0.07144873507863275
354,0.16096752736552328,0.08459690205476955,0.25373086384770294,-0.058867840632305324,0.048356694954734034,0.1960233027732333,-0.010264582828528192,0.12714668190965797,-0.021255698319360614,0.1203043156652552,0.03961482945930993,0.009798737045758465,-0.17218070044463527,-0.06483089201635284,0.08969907697850771,0.0724878923604366,-0.11229246182324755,0.08123793656229818,0.06740863479034928,0.22490596932745538
355,-0.041869107031933694,-0.08975109444676647,-0.09333323582940811,-0.04711850822976069,0.0956113213090214,-0.09966508834280684,0.23083035014804748,-0.039029979012782656,0.006135584358488642,0.1921859623297929,0.09272453452269303,-0.07049353776129526,0.2091628008838366,-0.05639424490577121,0.04551537011972137,-0.0510602080560829,0.04660207743861278,0.10396648785333035,0.0073662162196017995,0.05930049779276002
356,0.05558705679053138,-0.020939564652017875,0.06553831477965183,-0.033032768521854924,-0.23782452391761394,-0.09415085651135821,0.028912979050541757,0.03777877041760658,0.01842289134869032,0.17825704183560165,0.18356660279242434,-0.0047745062254323425,-0.24428482588681708,0.06324515597707193,-0.06711912013338377,0.04864638469729768,-0.010979974256703133,0.10503322512908567,-0.09288308773374522,0.13752342775448342
357,0.048430704056924845,0.041121274690511724,-0.046289653980073085,-0.09364143992557454,0.08775320937400838,-0.005891185542376994,0.14053542548589276,0.07454365898170852,0.08834184043922358,-0.034660481780366285,0.02678720441182263,-0.03701076335268279,0.06781108265189638,-0.2763160325323399,-0.019009389900437917,0.03915848017032002,-0.10839547879505768,-0.027270331206940522,0.08638991672337167,-0.020476975571251887
358,-0.24000985636811326,0.2351657243769752,-0.12259325477445829,0.16264624018775592,-0.02194370479754249,0.00479675954122873,0.04423548083122519,-0.10056001129991264,0.11567757699866107,0.15510148912393104,-0.16867638444531816,0.17789707749936443,0.13396461113893599,0.030821280222778535,0.008103108612066066,-0.27389657020919167,-0.07426732772990358,0.07831560856372839,0.126533169980725,0.0004478085536139009
359,0.12081572370948417,-0.04582427426977993,0.07203850488442565,0.00883000837353908,0.0691817054738177,-0.1632593015256654,0.03334529745620516,0.11403023488587502,0.08145330350798624,0.011633454698018759,-0.02577374055388174,0.18140766675069336,-0.08446819047216991,0.1128334393783848,-0.12027237004954326,-0.07111524782974091,0.12926483930272747,-0.06404851641528299,0.15337515976561727,-0.03183448517200227
360,-0.12142680718201582,0.22276782820343805,0.004909739557114922,-0.07179221142739255,0.34146702024579345,0.05551380435310666,0.16252763605101947,-0.1863967236047202,-0.03523635370561481,-0.0693321763656057,0.09517391905346873,0.12395285263125713,0.07214660386290467,0.05137759523280955,0.19027922840515357,-0.15236390409071512,0.12615772390179594,0.20289760035642773,0.07139586832447391,0.02028144121787917
361,-0.062689169382021,-0.08121117219025727,-0.042225997551556524,-0.004714310917415664,0.2687158497872892,-0.016134484444967637,0.07850388254013776,-0.13277064459500867,-0.14978490417205334,0.039493149696737305,-0.06672793919422147,0.0710626906379453,-0.05404998273198375,-0.06773912164519531,-0.07227112074191322,0.04980578786330689,-0.013047600832564722,-0.09399482269864766,0.08917161078643322,0.25844288721466435
362,0.17364807955970452,0.1661381596114225,0.09683391952088463,-0.05865364678873276,-0.15392229573607705,-0.03448953556811065,-0.06257725048970071,0.1129503692767584,-0.08164267979700675,0.13153967214036277,0.04395502134035577,0.03288963565202005,-0.031385914545970346,0.1512873113729236,0.13746348848895268,-0.17676726574474144,0.06541506630571176,0.15035422916038563,0.09349927809796446,0.049952583841634195
363,0.08804444569213027,0.008532906703086833,0.03873581790753474,0.16667722868373142,-0.03455604301688637,-0.04341053506503254,-0.05138398375177702,-0.0894596633822053,-0.047251680764046705,-0.08069431279960453,0.11371125819791902,-0.03577491424207702,-0.08201726968291854,0.0022300297388964767,0.04876530602934744,0.11490912069421066,0.01458374029578568,-0.07714092814592963,0.0705423737408978,-0.032646524331356716
364,-0.11408212189416378,-0.17985752081916734,-0.23939064049125972,-0.05264088959353256,-0.08721641186269131,0.0010914297045757182,-0.07027431255026644,0.1746832371142224,-0.05135055451767229,0.14176476011999448,-0.021695461157795075,0.02904746355273637,0.10687287087421916,0.022309696152393275,0.041834561869691166,0.011961117722462316,-0.07060281374815025,0.11937428482090218,0.11668929525930614,0.17020249686672606
365,0.15349454273824584,-0.10110440348392592,0.023682678548403627,-0.10176393228525768,-0.003439236763969855,0.03133670786792482,0.0223829451953483,-0.05445066427096801,-0.05729560584251098,0.016196948100332374,-0.11187389198613812,-0.04563147676230965,-0.20072861772773318,0.24045299318047447,-0.0012021037609913107,-0.001570521752728072,0.07359189264347667,0.11567910890075757,0.09602218280768503,-0.2093922662518052
366,0.03902100797397203,0.23682552776209112,-0.041304817842645086,-0.12263977542297799,-0.0024495284866262327,0.11590277899137384,0.06927289927303922,-0.2639740650470237,0.10277217587775218,0.07274798725646353,0.0833796257726029,-0.1505076762719671,-0.00019470753146509314,-0.10600690388216708,0.07531581709013048,-0.03718372297618882,-0.04054723503781157,-0.1531094225661774,0.034708009999486894,0.10839078658553301
367,0.15245356943170438,0.08885378916261198,-0.0034426408052422035,0.06698203309555718,-0.0018846005088031263,-0.008234539923583516,0.006930752163058777,-0.30454400188352293,-0.006063425587020688,0.2598043791065234,-0.02591271783763365,0.04295497437643613,-0.09357019272503243,-0.04110492326686494,-0.10660346508451417,-0.04551155359574426,-0.1043163565450765,0.04650500444423727,-0.037795107562372955,-0.1896514257185103
368,-0.23236616581988806,0.04197173983680769,0.02892135156978901,-0.10210364433632241,0.03802346534771603,0.07604479836990632,0.0012264956460796169,-0.03893078784062,0.17424190442566234,0.04174583155065322,0.011880447485390558,0.06375302923664229,-0.12480945784376772,-0.01803371700414692,0.07011982375756087,-0.1038535220735382,0.020603554770105063,0.06148048019773228,0.07040534239085887,-0.1610439669975897
369,0.044358820224415035,0.19130875341222345,0.10776231263966855,-0.014493372194996936,0.08928595085063933,0.08265558113249175,-0.018891705467016618,-0.058421916734971435,0.11777841762422041,-0.027767314967189392,-0.013527737376837575,0.04555462656667199,-0.04559574600793616,0.0027863448662923404,-0.06038572979367931,0.19896388608385188,0.10487972462048575,0.00552772384059857,0.26800223476114066,-0.1180709698944981
370,-0.035315551719560266,-0.056367311194709016,0.0031380950894001835,-0.12031112010031539,0.06833242474617034,0.11264356527497037,0.04510896264673052,0.04938505431495713,0.10649560634365106,-0.08211764686086986,-0.1341515725723554,0.008948870089689859,-0.035637940272471774,-0.06103303972704544,0.13994925813915055,-0.03763692862819376,-0.10369193619501645,-0.1195367402459084,-0.04444966765807426,0.04910430080257202
371,-0.10689727690434137,0.044018502274850616,0.14753506300244035,-0.1685656474610733,-0.013920085097298859,-0.05381647331732864,0.1324235038329571,-0.14574500587823055,0.022725355486308593,0.12600764934615177,-0.0583397173802209,0.0039078974456878066,-0.030254345323239427,-0.06203615710614511,-0.13473316430756324,-0.0037482412146420917,0.06062255346395452,-0.13826087020226993,-0.0386828581297604,0.04300827381633935
372,-0.13591387119876405,0.02657642598978982,-0.16410477710078905,-0.2624793947205592,0.03254823221303022,0.0622048092407525,0.07879222425864733,-0.19128445288883167,-0.12920956233178915,-0.02473676071079191,0.06829834902911891,-0.05574217297912606,0.05328540500080813,-0.22998622147859132,-0.11179515378204893,0.02198999873798841,-0.1480333201084476,-0.08673760690482485,0.003207036095851139,-0.04414546385271501
373,-0.017583168826267606,0.005692420695917354,0.02336114981674551,-0.17748613031534652,0.06491602684026705,0.08297375991381839,0.14506113192390502,-0.022857460844622993,-0.13113911233676162,-0.038589437977376996,-0.033174305803901065,-0.14486205252559556,0.05397955993379002,-0.1591498705003975,-0.03352935751123663,0.0778099900210264,0.02873638318247653,0.07560530677472208,0.023463413238336773,0.022567984340657887
374,-0.22790309136265766,0.10647674495927155,-0.050656036225199694,-0.05465682191147564,0.009627235264639508,-0.08882407756683063,0.11284439949734897,0.13543414898451403,0.05656775045767687,0.023142721827802776,0.03046542623553679,-0.12662812588729955,0.019030746077228457,0.030005870460745886,-0.06915102928930511,0.015536235947248938,0.027281390765117104,-0.059796203172819175,-0.06654258607954076,0.008560211357100464
375,0.06551993562139591,0.028763965475238996,-0.09625593906787061,-0.07774929063780114,0.050249816478763504,-0.07986713655234429,0.050641235708013654,-0.10596208025920417,0.05484444946705177,0.16499262816883403,0.0685320845782043,-0.14085761587891601,0.04718245677410271,0.01805039398049327,-0.17405700352912573,-0.015910801447916532,-0.13102190892337648,0.07929512336973632,0.12830135138297283,0.02290586633375429
376,0.12309786099602366,0.015458056228702978,0.031659502834593074,-0.2925009529794784,0.11996081849154124,-0.20005758764522083,-0.11443939603600202,0.043617290613561316,0.006080803052400844,0.27941825030784606,0.15301393765859647,0.21009507161368657,0.18600727432872607,-0.0060050350254083566,-0.059254477670994676,0.002429455605530661,0.011933340245639114,-0.12891833390452978,-0.10496399281752242,-0.08345230786664788
377,-0.0017245427845540855,0.13343409096397457,-0.05389796564551835,-0.07506380383055267,0.00498934221290233,-0.031054171250079445,0.09050279655408047,-0.048223120364771783,0.1056959502155407,0.05605367228765429,-0.061102831975525594,0.12039231376613918,0.22810643048479023,-0.11393619976402893,-0.08439412223652829,-0.018546141655609114,0.10638875435722414,-0.15476372827969828,0.020213742998579923,0.009653432721208399
378,0.0386662375724053,0.08947324802181167,-0.01056607847499727,-0.16462118075222631,-0.08604521872161487,0.0019421527304051027,0.01642362333708265,0.2045466702294054,0.049993730585683904,-0.27198394568341333,0.1721645178673665,-0.03655425995502711,0.0010713974039935023,0.006623454771161692,-0.0014200680106026791,0.06794700726891573,0.06126406471277818,0.03366237866524928,0.15155216460961463,-0.04526812988592402
379,-0.1896850227663289,-0.10670907288559811,-0.07969387524994098,-0.14537144907450927,0.06634925253663367,-0.1019634863038564,-0.018320562301851785,-0.07992505621904544,-0.13105104994941258,-0.1675723451289613,0.09083189483525142,0.09926999811882269,0.12194355088366898,0.06633724653204345,-0.0022270362131170543,0.13183517807186204,0.04335408772412051,0.09681297645271182,0.18717776048052362,-0.11541944062108372
380,0.04991116102058377,-0.117726235729794,0.24250455725544073,0.1705161579425106,0.07450577253720815,0.20648156477660215,-0.02347077588345574,-0.003642281790769262,0.014435228488502466,-0.14939855681643927,-0.04432785525844892,0.2346975904635589,0.005940364760355142,0.12553462665630344,0.0006183003395531186,0.035695969121803395,0.08781688918882598,0.10383440855731078,-0.028406724179286726,0.06245123518833978
381,-0.00435837757045278,0.05804921622627602,0.0320983838532153,0.10185453341147391,0.001837583090876635,-0.014588727390172425,0.06941656122633522,0.10093253992054191,-0.14443903476926193,-0.027269880035517863,-0.12567837371595808,-0.0735865539766455,0.10812566361217503,0.05543571633225844,0.1599655511549841,0.09968837923039689,-0.09510687783828878,0.16606090392039366,0.05238156738497453,0.14905959925184892
382,0.11488341008328525,-0.03466853773472644,0.020618036088860363,0.04355711452641457,0.21832272487136567,0.01704330519324304,0.1341370655742136,-0.06498815425344256,0.09110285789903319,-0.07296236423466505,-0.10575202596059183,0.24309365116794154,-0.24727436875688122,-0.07689284615554487,-0.02975869489192567,-0.0006396068034258428,-0.08961783966522247,0.03951814094202779,-0.006293972323981797,0.12547718987850986
383,-0.029873498582010837,0.06644062372020558,0.16489315328372764,0.008825779322025017,-0.11654975961489422,0.210701131241455,0.012220369513105466,0.1765720802220614,-0.06590459698680158,-0.043055342936740064,0.08059211621414537,0.0930776573801332,0.13687190965538643,-0.014568404377370359,0.07017836023837631,-0.15749086177780577,0.07280043321612752,-0.0893946522118207,-0.09030865360527743,0.09365723750197232
384,-0.04779916299123522,-0.14886954736328725,-0.09710091395147843,0.04507579014404806,0.04784928879391718,-0.08959633735540813,0.07950831159553134,0.33814084532183813,-0.10709373638398492,-0.0933602306410612,-0.06482287432213003,0.09806036259274778,0.04772927079931122,0.04915599694117621,-0.08207022054043529,0.14544836567379793,0.05852433748796128,0.13442106993791927,0.05201571157710279,-0.04829137321867117
385,0.022440248933511264,0.11190496982308352,-0.21908927653559038,0.021488806748863953,-0.07567744089858289,0.04327044255322433,-0.013909417314729963,-0.04505570541106753,-0.04867509404221422,-0.1851965372021141,-0.17937834005291414,-0.003382586209334876,0.10492625032064427,-0.10913524249583954,0.07781036759329243,0.009055574170636628,-0.0811614214983041,0.27245072502056056,0.005502706185049514,0.10913619292336177
386,-0.1312084115284793,-0.04553014042009883,0.05656962847339702,-0.10875698300148627,-0.13241716303145953,0.026346241425773832,0.12770922654771405,-0.02322239089627139,-0.0187411905778573,0.054382308155029306,0.14631959039006626,0.20031614146248208,-0.18535278707256297,0.01345148065968707,-0.06252492705965437,0.06036425879015871,0.016555005369071975,-0.06790575052628149,-0.10329870334138791,0.023026775482229957
387,-0.07576421508319862,0.012927393947166561,-0.11571517061077863,0.09282329986539813,-0.17918118035643532,-0.1455676545982966,-0.0008134950316759904,0.09229275677053425,0.0015956726840894052,-0.12001661228622976,0.12735947461806202,0.03548297223160386,0.0326239627862921,-0.1230713743103576,0.08629821583482582,-0.03960960651403519,-0.10485312280380624,-0.058559595568137404,-0.07728644522841646,0.016572043583670863
388,-0.002987882493901085,0.012393685205411223,0.09154285684721626,0.18954938135264948,0.02729246045964887,0.16376581472197407,-0.008478848765415953,0.11945091810370183,-0.0668217670262072,0.08023104007450611,0.09511836319108896,0.022108680495539962,0.12154589249813989,0.045730304252125265,-0.10487235249274614,-0.13978022330914022,0.10683250611556158,0.09598179354662795,0.022869527426459254,-0.027716321648972732
389,-0.13507686296370083,-0.14246162412778038,-0.08763672136256245,0.17286184010581682,-0.00743242388354857,0.033260956208811,0.07321804748894957,0.1612795422495905,-0.011159560569132983,-0.0015603771629014015,0.027709872823993672,-0.23010206745831477,0.03784043028694567,0.07479476242732501,0.24215524816777553,-0.11695762250462559,0.06849577886665206,0.023012467389768376,-0.051859380881170106,0.19770265494386102
390,-0.05560980478913385,-0.03562062374285199,-0.044761137149247565,0.012448490959644884,0.06097160025590503,0.020162654842093047,-0.11912627219212164,-0.07772362208844406,0.008942089788364714,-0.047351075213424264,-0.02262459885297657,0.05692203795427895,0.12028750638071956,0.09163877996219404,0.04499296686810181,-0.05959710622890697,-0.01496153438258009,-0.2294149210710577,0.027381218163433925,0.1289023535900753
391,-0.012305299051563554,-0.002796907297455991,0.10005723284709203,0.17714000516036627,0.047268810672666556,0.024533391188895113,-0.04235820133609652,-0.19650601045728167,-0.03121872682064089,-0.14282313235539884,0.050174980830002006,-0.0209097430852389,0.047897274320118144,0.17252398811292297,-0.06037227950494233,0.03834200344842581,0.08730420564882797,-0.0953376827526694,0.1732298305972417,-0.11613116036585856
392,0.10897003039103213,-0.06910010015369049,-0.09292913712085088,0.019392405160758974,-0.10649502881138924,0.0022153826894615453,-0.1974553403739755,0.07241497782638241,-0.05298491742459439,-0.026775084667113355,-0.07492374609695338,0.09530688562615855,-0.01503918906519079,-0.1946516401449922,-0.08311048614764442,-0.043592755678693265,-0.12292209776511821,-0.06683861207541845,0.17827295707882176,-0.19427636156441946
393,-0.04902129134013413,0.03878412349203649,-0.1953324044090663,-0.1045268451314706,0.005880829454266077,0.13547118310186163,0.1793743182665159,-0.1190774759633897,0.16424827766939892,-0.023720333056056916,0.07220254935279476,0.14323248793212487,-0.01575096190915905,0.12083247507423556,0.09135291408946257,0.008511544998993528,-0.15786840386434703,0.09514182741320332,0.05080375395286997,0.00046703494131793415
394,0.07335335517370535,0.08981595046534907,0.07232286972505948,-0.1682279250221927,0.07377311086760678,0.02551710475034482,-0.13037452420481782,-0.07165947590674045,-0.07015035713753438,-0.045948930587225864,-0.10130801680429638,0.06633065762580032,0.10025258564298738,-0.1757600351014223,-0.09646443068007225,-0.18568683757306056,-0.03365890323324578,-0.060742624455222535,0.08051852874270866,-0.10301005607358517
395,0.09126542894519657,0.05836963391771159,0.10751578439638312,-0.004587339593614641,0.05948562322655858,0.12670538609767906,-0.11282220211034676,0.0365742905989778,0.11588264230919144,0.08093778947433375,-0.03561597006102316,-0.07001663295910365,0.04651678025132427,-0.011479280623327067,-0.1175405048089488,0.06918347004649879,-0.010142943193866391,0.05484877373931866,-0.09238018482763599,-0.008826542161271543
396,-0.15377813475364188,0.05684090635851093,0.006676683108127335,0.07227394629181293,-0.09496214306185871,-0.02704912700866888,0.07917500785992951,0.0730064506729582,0.13442091048576876,0.011304064721211432,0.07329702261109697,0.029147901228073647,0.008572672954513893,-0.14450476576160104,0.1570476153963747,0.007620709089379168,0.15050695601392336,0.2029553093307305,0.032684609338425784,0.12313551463271054
397,0.04864674644759982,-0.1596369290065226,-0.026728837783959455,-0.02606997840725161,-0.20529144229339732,0.2573298693719368,0.010866554821229023,-0.12317900630401199,0.020490832263240513,0.06784763200477252,0.01490837814355682,-0.07712049402556728,-0.0764666777679867,0.10653344225806823,0.07722307960779783,0.013035355589712512,0.0337700782793233,0.18846431488684692,0.1027222350673325,-0.27499949681413316
398,0.16035313358506323,-0.016381009520378464,0.05674613469820503,0.23416607926074223,-0.1661956586888944,-8.891028646320772e-05,-0.08274109672513545,-0.11600228025174486,-0.0020136585876022223,-0.012602024513204078,-0.048161133362258475,-0.09943669687365694,-0.03021979635825907,0.058660690748744235,0.02742200545368556,0.03375371075383202,-0.06712999755332597,-0.13622091794085173,0.04913903018334033,-0.09356131508239302
399,-0.0905786046661302,0.125262566439196,-0.09021211934458592,-0.0175725214466296,-0.13970093514392135,0.007771084778793995,0.12006357777291794,0.042744770812297085,0.035488690091240484,0.033118729161518035,0.06698429178010822,-0.1299527189218365,-0.09018389214442672,0.01952437939963335,-0.08246645086270413,-0.13544193483569145,-0.09035130139677504,-0.03608879765458196,0.035246929342236145,-0.019275164376069104
400,-0.05750373673691613,0.039422219175687695,-0.03928939375684428,0.004527011314827539,0.04135305303187938,0.01816378053382035,0.04326240013860764,-0.11648226363872766,-0.08826723693803187,-0.16680518657521354,-0.0024271647320675467,-0.09670285437559248,0.08617505956754097,-0.019520729183632225,-0.20002551839891192,0.0249529010276731,-0.04096958125812793,-0.1974603074495418,0.0557706605770721,-0.2398985268122038
401,0.02595041569672758,-0.20586515100220082,0.044802352836893156,-0.054367113322209136,0.029224490347984473,0.05206169358615903,-0.11701410517611925,0.03863062755550757,0.019098194570096892,-0.007668416710550034,-0.04871476359017442,0.05044149671190964,9.924542941255695e-05,-0.3119422111976454,0.09811866195869229,-0.0792762172324297,0.024071348760278537,-0.023730233500775872,0.024343673573635746,0.0759512146589569
402,-0.09265231175653982,-0.07238839184595774,-0.1699072585926599,-0.05992333331383403,0.00024066837775443424,-0.08023696318358063,0.269313157446959,-0.0006578418241807999,-0.1266873930263339,0.10939356119667731,0.024901552775807148,0.00768753732848049,0.15776322084658762,-0.2312833269828641,0.14910674926317632,-0.08607851951742271,-0.019905976571027013,-0.0711846713630414,0.1769458143466631,0.12532188487679882
403,0.10424378830917772,-0.0011085234514671945,0.14066142281915486,-0.025754264620520932,-0.08967315607590766,-0.03289109464727701,-0.09695095926019473,0.08093789813969035,0.027414425429462402,0.0017958474247555614,0.06490689249004324,-0.019285173563812437,-0.15816038375463876,-0.24904070164227496,-0.11982050877169027,0.09727773913003103,0.04774932512925768,-0.0010369257154202655,-0.06988237930086375,-0.005738151487396385
404,-0.025187710806428575,-0.009854118185376015,-0.06662982834187953,-0.09135504496537843,-0.23655281666211728,0.025304986190085647,-0.19335145524468098,0.06518086513726519,0.0843308444753633,-0.0012706463862163576,-0.16258447411629634,0.04283458338930363,0.10430997562437919,0.02016665191351517,0.11266074153205297,0.06465818884001359,0.08928557565532544,-0.08305396687794694,0.00940384461276389,0.013090537504397152
405,0.13298049201894052,0.1616643145424953,0.0012672187728045756,-0.11517849280760646,-0.10372651902455748,-0.11646040970636526,0.04341523982394815,-0.10715021490756892,-0.003586224874526419,-0.01062408632777759,0.01269912089837626,-0.038442543169470274,-0.03964125429541018,-0.002322428892210143,0.00813445680058141,0.16267122833667597,0.12525201690614007,-0.18983011761403645,0.1679933408624578,0.06122734385645516
406,0.011279592793700357,0.16567936588137816,-0.05920880078242872,0.0713325928617118,-0.05072536543713904,-0.017667756456383996,-0.22456721778339137,0.13648350610937643,-0.04564133007666655,-0.029413799173789817,-0.03702119412004014,-0.005850185454356961,-0.08734138070833611,0.20624279301790427,-0.15711602935706592,-0.03138242739768122,0.05951343783986124,0.003827626859021354,0.15977590723163468,0.16257797776542304
407,-0.008503462026178276,-0.02925162658900325,0.037722424354178455,-0.0197048998635872,0.17808036086419785,-0.1945900581558987,0.031174178505939197,-0.1868902346755467,0.1459872420344583,-0.1694439836261108,-0.0827539610456791,0.08404504903674166,-0.2109220310141808,0.15348593936581642,-0.14741086450887356,0.015136074516480039,-0.038762240692013124,-0.055274577646118324,0.004786007177787961,-0.05692340935815136
408,0.06298962243730273,-0.024803303256759394,-0.060793050424758764,-0.054231383956716006,-0.12063714410817361,-0.08274126094071671,-0.12810876822599232,0.013089368653630688,0.1837940620820093,-0.034332994485867345,0.0516301931193324,0.09980939112372059,0.050381749982495554,-0.07955383543709496,0.10292886584833764,0.0417878320601108,0.1720065912116833,0.08807287214338289,-0.10874632605864507,0.049716251589285276
409,-0.03659511772164793,0.103089628900188,-0.07273884916312083,0.16841247692129674,-0.02240024634276502,0.18367947379809194,-0.019703271286514532,-0.008117340577239722,0.15221558401313945,-0.027844312474805004,0.020138334506148232,-0.0038032661477727494,-0.17882534544663362,-0.1770652457878758,-0.20263819628728452,-0.005802356234996092,0.1830663218816211,0.0892652050220925,0.06084967623092079,0.1027974972864059
410,0.04157314564169624,-0.28473475873942516,-0.09559963531841262,-0.15620927330888873,-0.011617218341080163,-0.04492862510627187,0.09998147527981799,-0.07644526917055276,0.009746970123055188,-0.20140298577724125,0.11158466200705641,-0.19097485914378204,0.0498600614933641,-0.02055422739929514,-0.04088846966334868,-0.03590483617742414,0.008403095853935017,-0.030893967787422618,-0.02041533791312062,-0.00692204821784737
411,-0.017327272569020686,0.15478032276543488,0.16396064412206773,0.07839469808220394,-0.11495304679998047,-0.0029727292787732926,0.007438803540266302,0.0074557256301783295,0.16606934184717326,0.028206860538164565,-0.19811334775779743,0.045461627029259155,-0.13192649577910298,-0.13212469222034562,0.16821309942010124,-0.10829687839216161,-0.1832579051407328,0.03720380170464396,0.17073643662768415,-0.13021892489808257
412,-0.23831532202858807,-0.10328652338351488,-0.06878536637675395,0.2662442542741356,-0.04078761886150979,-0.09785926840500314,-0.012352570687392069,-0.044462541751141796,-0.20596417004548598,-0.11804415754825909,0.068422618106722,0.13012300383141548,-0.010960477402294494,0.08805102181863059,0.004542893937821375,0.21178291744452665,-0.020395654219283525,0.001687280775135447,0.009988850029210206,-0.06873064837526366
413,-0.03819405823207842,0.09329701543763232,-0.2334257252270883,0.0485232727669535,-0.0399785215638744,-0.14517924169735,-0.18867339119627902,0.02739875689441685,-0.24935405607070893,-0.028083342627654037,0.019656076030811046,-0.01295058046911506,0.11765933153127844,0.09231397510217401,-0.015945075263613773,0.12117588161391943,0.11696847532258761,-0.013596700456287523,0.13387149601904036,-0.034114091411140454
414,0.03604149964951819,0.014608143576705371,0.019316585411710677,-0.05114896585239581,-0.030926151895955715,0.149161285965396,0.023389150299982096,-0.003955126308577386,-0.001690574932765543,0.019308832535476377,0.04601287509455784,-0.1024617844428795,-0.07602079874737058,0.03289865621642831,0.06121022629079146,-0.047444221385098635,0.022646507735356897,0.011702428001721426,0.05210943468083593,-0.14757615437917412
415,-0.04770121659204564,0.02384047467487088,0.17839748075977013,-0.17356872999764458,0.001073716058155869,-0.009445849304734823,-0.12499671655390426,-0.10822647071785374,-0.15925719303957203,0.04180607976084532,-0.082739138701672,-0.05013307798354338,-0.08244781153378326,-0.1638167446833165,0.19692124432245872,0.05427230857741648,0.05019458347292297,0.004623956036478543,-0.17438462265195653,-0.0019256998576074975
416,0.13709627932839552,-0.15268159489502076,-0.13587384549954784,-0.02659776877971914,-0.037217706546943674,0.009722261783869464,-0.21200433825824305,-0.12178696022658898,-0.05225904768164598,-0.016725590909252453,-0.12547359787828202,0.028377810144215795,0.018102370002353062,0.05301177469774675,0.3140614809963162,0.016772869914088228,-0.13880656871207475,0.05004289055509924,-0.05503667726727693,-0.07611873601343884
417,-0.09552666217379867,-0.11422944684914384,-0.17848165635366314,-0.07073707350636046,0.08345712536479369,-0.15259093990216535,0.14220301846757424,-0.03482975963222981,0.09619734197591198,-0.11943845843449184,0.08479983943863247,-0.024645102009327378,0.10525406835195167,-0.039182847244266523,-0.07177840823086756,-0.15132087161750285,-0.14347918400557894,-0.1607731897846548,-0.04504610348709531,0.06205240280095864
418,0.0003151628545165682,0.11453927966493138,-0.03594170142367531,-0.08617529798472466,-0.16080101307029268,-0.1103954280095339,-0.1425636051004675,0.0782921880269851,-0.188089011638665,0.07348085382082727,0.10965614163080575,-0.15645980406397,0.17637802225680033,-0.1297778224611535,-0.019146863050653936,0.014291643565494175,0.005075679634604372,0.04406694996429261,-0.04402192713844044,-0.04658698222935352
419,-0.20626610600928252,-0.041780340443661086,0.09851480867752818,0.12640640273191645,0.06579304532672497,0.02773028681615055,-0.144942896811151,0.11669648054565408,-0.07629586116498395,0.0056923438359864215,0.07567805383322414,0.0692415417306027,0.0025146643855502404,-0.07422386527496387,-0.1413043730133344,0.043240129113774776,0.062214632521157665,-0.10324846887000275,0.1957975191808207,-0.045984414738871306
420,0.01725413427273889,0.012946179996513022,0.036613982245076025,0.02667131105261478,0.17899476138155002,0.09938248030585035,-0.07530254238782964,-0.09245806831119255,-0.34229461476263595,-0.03345653290138052,0.010229657224695609,-0.2661923416417114,-0.11902279258943592,-0.09132450170134146,-0.13449404752040098,0.06957018916454642,-0.02683179700378871,-0.08617138545427774,-0.009040102784916477,-0.04744963131694474
421,-0.10744691735448283,0.27951129797719476,0.048115549113580965,0.061957578483347736,0.015370193206343044,0.08177766975716223,0.037991984034795936,-0.04567330269739412,-0.008936630053076763,0.08810764215981434,-0.191705110647653,-0.03640366501654069,0.10390726117865778,0.06943654458317645,0.07439276641485855,0.09306407384479352,0.018846800025050646,0.17343454501380023,0.0720905591412454,-0.184658821968456
422,0.08802556075283374,0.22007873962290306,-0.05766133995149021,0.034273370784185256,-0.041451839239418066,-0.09470034813404334,0.1723366431606925,-0.050673981215215005,-0.032156658816851175,0.007769111640086806,-0.05376006099230204,-0.04234864892392593,-0.058375731048471324,0.04718823789918636,0.046076897437694705,-0.01534251403284669,-0.027491628259241088,0.17064695829792267,0.0790176696152599,-0.014422578841735737
423,-0.10763631525952942,-0.07727401411945638,0.054759465575930893,-0.024366501657790886,-0.03884429572560071,-0.08884563132225987,-0.046358683624053966,-0.05441612909080404,0.03401156221207138,0.12443711870804071,-0.054260907976376484,-0.04340747738692853,0.025948652637585737,-0.029627399038364605,-0.08360662158418064,-0.1326199760714872,-0.030840827919182443,-0.005007963266149764,0.1633527536243551,-0.142898646481457
424,0.05698009165885257,-0.21709182190152174,0.016763493367404594,0.11239732895721752,-0.08409467765571614,0.025354448641827218,0.047455226151724365,-0.007715457187346376,-0.12760263115442266,0.06636456787489833,-0.02311943668639499,-0.011184496943523591,-0.2124989091518636,0.05653880015552025,-0.15877955523750195,-0.019412693787814725,0.055862940627788966,0.24019709366591593,-0.09602346549895191,0.05196288931739481
425,0.2641391340418119,0.08995354480000323,0.03644340331429919,0.10623103616651565,-0.12018751414880041,0.03373265637004955,0.09436535796661363,0.035217750060677074,0.17820243136834427,0.19183367043142127,-0.014865356999807901,-0.0777566251296472,-0.08988808101537123,0.016527853871141297,-0.05359023852152961,-0.21376420293982656,0.13205314389352862,0.23022327039697094,-0.18853913033264477,0.12061083571171947
426,-0.09799510128194207,-0.17461511661146123,0.09348833141650092,0.13000341883292843,-0.14767748033502578,0.10000266675357171,0.08901313601058104,0.1604526609472936,0.003238540752274338,0.2336475491854555,0.09680427801563575,-0.21246183897891116,-0.02255715817683609,0.13903986479831196,-0.10507221756988841,0.08038756125335451,0.16434091614291133,0.008299406093275636,0.12591144404837218,0.12329516448878211
427,0.01545673394151661,0.13409676493894065,0.024249282832149915,-0.02425580885687556,-0.09810803813327935,-0.08975990016452665,-0.09216545478750283,0.04691569645370591,0.06793742768999055,-0.03484258365193995,-0.049854967770902044,-0.03130660037373505,0.035248240067747016,-0.09481322227936262,7.338832056798112e-06,0.07936284749696777,0.009328920772852382,0.10227587012553664,0.018611445911722677,0.06871603767489018
428,0.08289111327956042,0.013781706295937512,-0.058753122944182966,0.004880111072220198,0.06289565602251744,-0.055159409774613144,-0.0517009563886722,-0.06745604930842707,0.12453138039499452,-0.1584063038874869,0.15805575554437484,-0.09767145797169355,0.13910856082480122,0.09292212822065533,0.19685499084959446,-0.22685030991812988,-0.006272216859197005,-0.045953649385500984,0.06442063235414908,0.05437237311151887
429,-0.06666276617206668,0.03497576313984363,-0.15638436634724664,0.20285786492595367,-0.01777244772019617,-0.06957211776475787,-0.11808718099083128,0.017431471076526667,0.11707557452882429,0.06121363193044702,-0.03212950429619345,0.11568697535595457,-0.14477274839770338,-0.00016207674262447487,-0.08684248158505642,-0.10341850124444137,0.07479650595526248,-0.09308303912468216,0.06636105527715702,-0.10797622226463989
430,-0.0023806961951287372,0.09144535778716224,0.0680638922363499,0.0026195543134895126,0.13326080432010243,0.025197145765017352,-0.07725105144492464,0.19599329940594548,0.05532273873989559,0.041416134886505106,0.03031375828105203,0.20638834106705176,0.02871510954218825,-0.06012414595856268,-0.10150395729747799,0.04355554017206065,0.019082390059031198,-0.10199929148572734,-0.15452945320879943,0.013609960163288507
431,0.22242895812485491,-0.17574852058908147,0.004139546153046872,0.34621977267182197,0.2812624903280073,0.08759132489092004,-0.08316855725724862,0.0548798251434943,0.08291253174841862,0.014131555866429526,0.11104525268569171,-0.017594942367402184,0.08764359071916775,0.07554769229364085,-0.1778281060509962,-0.007515666592917473,0.06841605105743369,-0.08269303031477443,0.056883444513978317,0.08964933791570834
432,0.07310527027451387,0.13823365255831785,0.0774053476023896,-0.00722740126091804,-0.02635820333861417,0.045749863207678355,-0.011234843127861835,0.09176723867238416,0.042874321064610546,0.2021227581436601,-0.012286352370879387,0.17643290386427732,-0.0954851283918892,-0.01550934258863873,0.030426958394992994,-0.18067293871738785,-0.13130616336464335,-0.05059090733016429,-0.011746086823047158,0.15558964432032127
433,0.11277203782550331,0.05362793838044043,0.016676632323126262,0.18056997006299016,0.09539756326573696,-0.1362589085031263,-0.026485813390279896,0.010912667813987522,-0.2300359495188895,0.046995893378129705,-0.008716058511928741,0.03106849936930001,0.026103706308210267,-0.03828976893420067,0.032619847654432446,0.10119018617138692,0.1163780857087087,0.13543456526983458,0.14944027355177655,0.0768725847324372
434,0.048338839537986254,0.015145027012644701,-0.14959368136731402,0.1312917522279629,0.01843982314195567,-0.0733453681842797,0.0012975619557782476,0.03781703073671713,-0.019495212219401283,-0.10909221224305526,-0.0006851030613936703,-0.057090781140561576,-0.016170615809835878,-0.06708272298859817,-0.1577093366685819,0.05701650422082651,0.1431998947927118,-0.05909516636379197,-0.07131242558223898,-0.07685650182776864
435,0.0833972153738994,-0.23760745289266755,0.13112468136239888,0.02720529786871285,-0.030915598734034138,-0.0008239548101663366,0.14651149369998467,0.011995645402899588,-0.0876828170647498,-0.1331715053401912,-0.08579234728014201,-0.01175606047249162,0.012511488225752944,0.001902446919841871,0.07455181949205537,0.03039844214730263,0.017178406540514102,-0.16049266048908242,0.14718972881524167,-0.0467498830275342
436,-0.06392216783249734,-0.021792413856508642,0.08274050461772435,-0.08657730855499747,0.0725235418115858,-0.04346696227713375,0.04219603216921512,0.03341949830627716,-0.12060252895443616,-0.015618178609192025,0.0002756688675778726,0.13313202204168917,-0.006558444306789957,0.11026446694636581,-0.0038996231852139185,-0.1276953486250667,-0.0032798121354579894,0.02333440280320676,-0.18530876750517333,0.04935244129860106
437,0.06220421569523162,0.004426582989369232,0.00859034728749081,0.08718785688818136,-0.010588228919258657,-0.12463559891040037,0.0326228040489155,0.06070932924091743,-0.06057000523736686,0.2091115811553715,-0.15027264171099403,-0.08848923246302144,0.08606582192198811,0.1257499253593491,0.16350987279901485,-0.05226826827584584,-0.08308012879557228,-0.13378306899609332,-0.15073333332541378,-0.19540666337917115
438,0.007058718362053189,0.04664021245047687,0.03651239453907582,-0.020010831402017797,-0.13513339070935465,0.05872547570752786,0.23171634251872322,-0.11714809679857155,-0.01983893980426284,-0.2392123310465869,-0.010211843254616569,0.1394925250096015,0.10224962530266406,-0.07506932487292298,0.09586164558553592,-0.014083297577685552,-0.01837985394407691,-0.1372471420780012,0.12144339753980249,-0.057437301196618724
439,0.027430487210647884,-0.16005290292427027,-0.09219365010887522,0.0010542863676293308,-0.12913253436338257,0.09829685793363395,-0.009418725356159969,-0.17934598162825854,-0.09946761234250158,0.09896986287284595,0.26321785374635853,0.17987902514336707,0.10801879080190764,-0.12019667197124682,-0.126158421041699,0.13074080123145249,-0.11233320595968753,-0.19883719065441924,-0.056864686041387114,-0.022970427510432843
440,-0.03740145191269918,-0.004161919527410463,-0.013707432952907434,-0.02554868142265526,-0.11694063174759525,-0.018784857236991356,0.1424350186810667,0.14143494655316802,-0.02446503750423729,-0.01701651759352712,0.0748902170577706,0.03330047029078059,0.05732103769901402,-0.12683467268210205,-0.018297371126302562,0.13349199760124578,0.03973981450114136,-0.15024747066289754,-0.020101600455691794,0.27002430593200477
441,0.15115144682805776,0.05845241462203442,0.026759034118811798,-0.038869653003820906,0.06663124169993503,-0.16466473658869116,0.12018053118395547,-0.05851095392395188,0.18702778078956295,-0.16284919254323335,-0.020456727560077225,-0.26919503807746564,0.15664423137723013,-0.010077615418863848,-0.05804481183878843,0.04823993479815316,-0.07525343211104839,-0.09444262587037272,-0.02870872258578821,-0.07676802401516396
442,-0.009215906376997858,0.029296617118514955,0.01969510415203206,0.05541458933337091,0.22034020907310362,-0.09059877054612772,0.17145630054712832,-0.010801029814273834,-0.09792051401437693,-0.37000178981052084,-0.04760543772540941,-0.21094646216737126,0.04014410031663881,-0.11574909384508564,-0.09332865150574765,0.09347598368460208,0.06459085213835755,0.010355950530520694,-0.06455168235623567,-0.11976086757079639
443,-0.1508734978951313,-0.15795299963558274,0.01779799826580404,0.1253032599468789,0.15175411611191622,-0.05537855744542773,-0.04352863703768098,0.09214532317717622,0.125740086753372,-0.05804455437445957,-0.024087411392965063,0.03309950951689961,0.12513780802497526,0.026073519642034613,0.14480246647964365,-0.046542874712241916,0.025486448837270425,-0.0872193075605996,-0.08470838758116417,0.05996192659904573
444,0.00914945678935882,0.02085226618965026,-0.02695943062375645,-0.08646561750501287,0.019749379937458796,-0.022355886964130343,0.0460388054951636,-0.10277697317092702,-0.04714915505956775,0.010344808529664214,0.17045968856880836,0.03860374435882596,0.09404973171747733,0.14143152452093838,-0.1895614513310676,0.2098589292207405,0.19640353799189947,-0.20042046295524235,-0.07076914701480132,0.02003195539139789
445,0.238719430081549,0.049601425149708125,0.09866813567616124,0.09036905804976715,0.02960985767968353,0.08123917838994263,0.0596615512961652,0.05021566802900843,0.060298809021000876,-0.02188298199086626,0.05870657535982398,0.0109811063322028,-0.1751539526027018,-0.035785721206559595,0.08636063589305637,-0.0062469375159106225,0.10033126425116955,-0.08285796384575073,0.01532509432330626,-0.0304041480747952
446,0.12134526589655996,0.12864843869922268,0.07652083105926871,-0.00229148875695111,0.13447383258704557,0.13176841822645946,-0.002913231427389827,-0.1048645933535003,-0.16030492835720256,0.042761306701636005,0.033106207100745584,-0.03542455695298252,0.04692204781442346,0.03989019179903181,0.00934007618237514,0.008944559762894518,-0.2252582986379576,0.049028394362498715,-0.09243659484452424,0.06282387904171972
447,-0.16013655604357915,-0.04895080413237471,-0.17600606435617264,-0.15987737516804795,-0.01150846728894572,-0.06272290520634496,-0.06911559223415335,0.12939963083181946,0.022662905456281416,-0.13279853555561338,-0.44062431460309026,-0.02479768218154273,-0.131964277346433,0.07015694680591752,0.1506752664459656,0.07419886478530523,0.045633008427818644,0.09630092185202688,-0.09211815294188867,0.14664921291013097
448,0.029642303632028643,0.19104922602709126,-0.001706057428220581,-0.14890803671176428,-0.014253658183051408,-0.07487673881781799,-0.03705356440144681,0.0653921399241693,-0.06969473439308677,0.05423183079975288,0.19998509607887857,0.0768830886400259,0.20246586167655323,0.14405004553387613,0.04953680065193058,-0.03397530001547431,0.060817995223722596,0.1196326274776237,0.11268582784119334,-0.1275390786100624
449,0.06123577775857409,-0.094503109844396,0.12799917252429693,-0.024180091320281517,-0.09928581825657497,0.031311022672380416,0.03920361325456649,-0.1232871873048438,-0.02704633483391038,-0.16863978210231237,0.0033179997276384316,-0.06613984184439124,0.0529742107530535,0.02592248941608979,-0.03863745821745045,0.047697553280589576,-0.11710052678177944,0.19575674562206224,0.21935979597578817,0.16551700635165814
450,0.07645481536851222,-0.07089610559591576,0.16320461068870254,-0.0501726521102864,-0.04553845704000025,0.016533274107264524,-0.027091230517427824,-0.08759916983285992,0.002333133866108855,-0.21603728539088402,0.06000282649060043,0.0023685396244246646,-0.09567070767658177,0.044892707944637227,0.14777142525144824,0.09638151272601535,-0.035690870615914534,0.011792939316299343,0.004959050694257456,-0.16499837881872143
451,-0.12367911551803586,0.16511098819785308,0.05062080937718179,0.062174540623701195,0.06804291429328457,0.19708196647550172,0.12742263356699396,-0.011203299992960419,0.1882143722782521,-0.04076189150624954,-0.18889221382695498,-0.1453574301083027,0.14553902458932538,0.19940095622892512,-0.020766628769000085,-0.03857155087390338,0.034493427445754316,0.01711366697150703,0.023358020948273692,0.04276469607951523
452,0.02229776239869138,-0.019469224942695568,0.012395666222545159,0.027180259787731406,0.02114459898938163,-0.01951320206142214,-0.10518033635506228,0.03921135860306977,-0.005744543748951081,-0.1048201580072727,-0.09605259735908844,-0.09048944807402906,0.0172900447249033,-0.08690818751785119,0.07890474795925582,0.0032985420939151697,0.08361601090579389,0.06791497552331151,0.10022328952247858,0.07808311160441762
453,0.028419199593239842,-0.046152888102264325,0.09863154171045928,0.1468119980312056,0.043814438973803334,-0.09495241411994515,-0.03913965575939779,-0.004129755538312054,0.12555014672861803,0.029051040180396545,-0.006991965580770575,0.054454765072238356,-0.04597841203630423,0.016519911737108556,-0.3108296952401141,0.07912436287336921,-0.023731799076565634,0.13924964667619855,-0.1662852128096596,0.022617482665184683
454,0.05026059547795594,0.09756103345686075,0.08725048104654273,-0.23523765972547522,0.03366688800208733,-0.01570789556670002,0.0525113793618399,-0.12285124332584511,0.09921417474509454,0.09096692951301462,-0.06223308146439838,-0.19631725005504935,0.03500411959484224,-0.2468638065408502,0.16938315925729858,0.06693115735516411,0.06237789426283056,-0.09116696642595329,-0.040486781211638845,-0.03638990647066891
455,0.10098936181555018,-0.16481166246849852,0.15642278904419582,0.13398706961593734,-0.1216872641605631,-0.34444222714897277,0.14646362995788134,-0.18290845578186748,0.047341366814811665,-0.05740135617758667,-0.0003995639986451759,0.032830121772487786,0.1521547731160286,-0.05904500988278695,0.08293299944754956,0.03337437916105707,0.04855885248407552,0.14283754240727228,-0.017870628415542406,-0.13484556017939053
456,0.0963421587646343,-0.16649238663264368,0.07350348388342898,-0.0816733931997699,0.24156503401684923,-0.2505098231487403,-0.018591934720237006,0.04155648051094748,0.07866527115605963,0.11209014289349704,-0.037103392737918274,-0.06024782790514645,-0.15219523420145,0.04791408843502594,-0.1493340877934164,-0.15493098848278616,0.10500458941820877,-0.0913073807924998,-0.035420538423618524,-0.16987348357056245
457,0.1023236129048495,-0.09940645587530644,0.006105512307237985,0.01937840221481703,-0.0005981431710109735,-0.08297562292904034,-0.19317635408481945,-0.04854480624864334,-0.16446962644957783,-0.10118060642605174,-0.11596351615059096,-0.057828349744764994,-0.014438072291622488,-0.005427533068996997,0.09592038440251847,-0.0861892237677206,0.18010537444789979,-0.08868544745924166,0.1205689205537819,0.10821939025287697
458,-0.1283127223903752,0.053264649334511936,0.11139388217805343,-0.07790114172635566,0.02489032048013826,-0.20639370757117606,-0.030355703085318708,-0.09982054334002533,0.04406093266722773,0.14995826424749156,-0.17258234612929174,0.13329157046927406,-0.06850275020363225,-0.0638109991138093,-0.1007755669167936,-0.065332097092409,0.12373346252420805,-0.0015486192062378911,-0.11865602656676243,0.06460701342262719
459,-0.1571038077363702,-0.11992206724443578,-0.052118329697868365,-0.030410289116301677,0.09614683850421495,-0.05358776584024515,-0.05778718397064528,0.00930997172562629,-0.0664829177067325,0.13208936393033582,-0.08493699440914688,0.24528790058564864,-0.03421360040690147,-0.1004576388978663,0.1223877368977147,0.030209972291661055,-0.04915266011166313,0.03503450891295036,-0.05999281793585719,0.15697236394447747
460,-0.022258342901564955,-0.09674585947616539,-0.08689741460769346,-0.012469013078035412,0.06452224800565519,0.28791826195143133,-0.19153850206518258,-0.03306823887050653,0.12847186496654328,-0.02241212339443896,0.08022946353835134,0.032858681374763235,0.15819269675510828,0.004334187067745057,0.02005395278908122,-0.09748797188783109,0.08373873282141721,0.07029628251328054,0.044279166807024296,0.14107030340506155
461,0.0575219548268655,-0.12410526278321513,0.013364240504913492,-0.02065254217047577,-0.027229722361850495,-0.1066273660270601,0.05423440854671494,-0.05380748469914732,-0.1700539063759066,0.016347428910920007,0.04295894476075258,-0.13916698023205074,0.007920446391941824,0.04322891734281406,-0.0010847632722484368,0.19684096524153552,-0.062050809830335424,0.17990549828836805,-0.03201086877640091,0.04286075571812549
462,0.15252354072230265,0.16393293172022738,-0.1132059471439319,0.1777047854109378,0.0016661113664369817,-0.08105110523738633,0.04186192639755085,-0.14013100968090217,0.12525740804304064,0.03443141416156922,-0.02273810921161414,0.02464785056502309,-0.1078755161449306,-0.2412179352325106,-0.03962205478135497,0.140573001453317,0.001310646216449558,-0.2133828277295904,0.1951606025297332,0.11098409914434065
463,-0.12075112775816448,-0.1320883663621858,0.12874724087978395,-0.00922354107380009,0.17959351987496663,-0.002537752581335579,0.047295111188145056,0.002542159850186964,-0.05409255710369922,-0.08814135060252135,-0.047320812983606096,0.1277764729615344,-0.07854524001451828,0.04100957270952931,0.07572962524759717,0.11085403133603802,-0.14449759223463465,0.0209105137993249,-0.059089379358084254,-0.02949329338527744
464,0.01838175966708319,-0.0068747392544972275,-0.18839652789308092,0.09802914931610529,0.03128165817630569,-0.14478541198978417,0.05895758885742338,0.037780773289955855,-0.18765887617700627,0.04840017293588232,0.04896367107793731,-0.08822012576833015,0.06354726409357761,0.027146586253668305,0.016164297267170533,-0.14257172013142436,0.06245170072365819,0.03494731982643374,0.04103950152941472,0.04993395249995436
465,0.17680510031377808,0.028444409197550976,0.099818319840368,-0.04638169706874169,-0.13732426189256172,0.05767412869763221,0.010848779864088163,-0.06394387305718167,0.14775806260944804,0.040825387927908525,-0.016303800541050142,-0.08875902437342727,-0.04186678304373885,0.01229397641151433,0.10630267628835421,0.008418564988412156,0.015235702826584577,-0.06798581449816485,0.1753705317123188,-0.05418818812938948
466,-0.2653330538422716,-0.06408865938028412,-0.04569947546238859,0.020969723009831936,0.027964326158758643,-0.01775725652542177,0.010180653261867022,0.11293620455771712,0.018638049167253295,0.1337698979082924,-0.05457146257465114,-0.19137920967196856,0.05734990835689289,-0.015975717852761855,-0.14814939791864723,-0.04581325956834815,-0.14205528125109673,0.11805109087816172,0.05656578130067545,0.02968650954630242
467,0.14222422835932597,0.20056247478150988,0.011377330216892934,-0.006373662900752496,0.07263209200908846,0.08907506918044741,-0.03447475296631645,-0.015367171539746675,0.2793536410163648,0.07332479545431382,-0.09426953468964712,-0.007983279270832434,0.20141437287331226,-0.08953896950848989,-0.10689310758458997,0.011275604866960578,0.013643368267905015,-0.23370396303968444,0.06484998707601956,-0.07830733778148723
468,0.07971861857878285,0.06259413761709992,0.013267140883468935,0.0734214356727747,0.014240105931304068,-0.05308756835241193,0.07575654575493995,-0.005765320502284898,-0.0007418467364548026,-0.3231770357038619,0.10579399387502643,0.09778120181675858,-0.18040404724945422,-0.1419290227459752,0.06033434161797126,-0.015204822106244666,0.16487657436905895,0.20315841363408002,0.09177308175808609,0.10148909154833236
469,0.024637849894567073,-0.05499997895945427,-0.027954359882443092,0.12353631146101184,0.2307492290651603,0.1008357670799486,-0.11982411600982235,-0.10340419157915882,-0.14042053679675856,0.05621802153365082,-0.01795100008130673,-0.018301685913054717,-0.08761269770268473,0.1420067929215173,-0.040363322084235036,0.09924122596050798,-0.033517589270928384,-0.11937896304115853,-0.03608310258634493,-0.1142997416834107
470,0.05744701249906208,-0.019222235798062426,0.06627744445635658,0.09708988790484524,0.07013865562612258,0.05732856732649039,-0.0162298477349808,-0.10639569658495852,0.03070131123356328,-0.053370966471110955,-0.09299537112865416,0.2312531261451758,0.10382688155829559,0.07974504239903546,-0.06587419768602944,0.045726945957006576,-0.17514653616594478,0.06548565538441344,0.011025475217438675,-0.1127193698869983
471,-0.12909303261509894,-0.1376073743909007,0.12394034009672877,-0.04931320935482271,-0.05149120342983273,-0.025443506923954726,0.00017784074648304244,0.11134835809051404,0.2498764967151602,0.025540828006632165,0.005859589229485315,0.14037727574804384,0.0635246834718022,0.11093018101565227,0.08258739960148885,-0.15445269804497633,0.08254601488987143,-0.10896860792912434,0.048575832700009286,-0.12570479864419332
472,0.08455217555700617,-0.054191037667447234,0.20319915174607112,0.23511435044395032,-0.22514413163808067,-0.14152305214175367,0.09316764321929671,0.08743670979431788,0.16026131024900211,0.06756412331469187,-0.022834424491573056,-0.013510120582084452,-0.07336029624994049,0.08827522217629519,0.0696311187192158,-0.14743457723146242,0.1206810214170246,0.13642695801719035,0.05122303124989423,0.014691236023744439
473,0.01158343807175655,0.09852429688509284,0.014979556060407993,0.0007663437622520385,0.06946518455315,0.08779889029690978,0.08439976684379207,0.23500566630753056,-0.1242285306119272,-0.055296713447138914,0.11352774001013217,0.02347136626323476,-0.05023768451696251,0.029803214977163702,0.03505654334165485,0.029967678587453164,0.00877647906977746,0.12535379062669294,0.11493935039387228,0.024075838135843543
474,0.057006347695326226,-0.03461356814894212,-0.025817879559901488,0.012654734848538948,0.08899717626075135,0.01596558122182439,-0.05323147324032272,0.031907611238411314,0.01592630533294232,0.02057585757681103,0.13884792535215248,-0.05773433066576877,0.07158241673143217,-0.033197063958603445,0.18588047029001098,0.29259651222756894,-0.03866033040089009,-0.2056373063673489,-0.2137221687899096,0.02764337295776457
475,-0.07609284655559452,0.11121553408501728,-0.039946570822177146,-0.0009178042832427938,-0.03471532417077798,0.02681422186453928,-0.10679372603245513,-0.06730385722022271,-0.05676107043488998,-0.1143973935631595,0.08422336804980136,-0.034859773116209566,0.16616831092814507,-0.134070391111904,0.06334943710229161,0.06062937517320547,0.07451049815613982,-0.03148435303088543,-0.04214977277649044,-0.039462337777603676
476,0.10430502002109424,0.09586774834894728,-0.031178936977367202,0.0897706156393209,0.1403137663051552,0.14124942973302965,0.05323802964995187,-0.06985014248793063,-0.08654415550509706,0.04326195241733881,0.021857245962255,-0.020159138053590302,-0.12691467363039327,0.06294797805309846,0.010032558789884991,0.034278147198539256,0.09469478601113397,0.08913626836783449,0.20303046838574348,-0.02242333618501027
477,-0.15716642346627333,0.06360170971925697,-0.06536845278052149,-0.15028765034039257,0.11624261215718167,0.07667963982322552,0.04849509899488296,0.23552584875625104,-0.003196850609250945,0.02751412437026573,0.09019610672954295,-0.057290266105166125,-0.029112616767396723,0.06270991961504833,0.001466546161686149,0.05536560076974971,-0.08424442927505228,0.06654929144957554,0.09324464374422752,-0.032771880196291875
478,0.11581095619150764,0.02321537698554407,0.11552948254768523,-0.004911674183174596,-0.08412075128287708,-0.053116238984044675,-0.14665691853623217,-0.044473224336043296,-0.17932866638828363,0.1078650286676812,-0.021230373118165717,-0.02342880538470213,-0.12182341491414249,-0.1394027984919573,0.10013598016047144,0.015359776638476302,-0.056999496394871854,-0.056267751824638654,-0.017600927650125043,0.01761169073043803
479,-0.03798612951642794,-0.00605965079719304,0.07868359538641148,-0.03803208974501671,-0.18976223596226682,0.1326986520815233,0.08334467081243963,-0.05356374613866982,0.029785531361096275,0.06883371666285625,0.0818200101031831,0.12008427597659452,-0.039510222092126804,-0.025604154582252323,0.27425731541648185,-0.04711678313053365,0.10153802441543437,-0.016495660843922375,-0.11604072066068036,-0.23252699789711911
480,-0.007842535702388029,-0.18027314529748048,0.017422365896266005,0.034311932213794014,0.050028243022588334,-0.08063802926932714,-0.09014073621407812,-0.12766335167786325,-0.00754584974356935,-0.031516068215203606,0.009192367027900415,-0.05665658905687317,0.02745116734828854,-0.03445832623537246,-0.07394298029080977,0.10907628258059114,0.040197270781294404,0.045357423425568054,-0.23406557292403402,-0.060304725690686976
481,-0.007286088972430765,0.07105574606764323,0.11684962646685887,0.01541949513078934,-0.18815955708870574,-0.20071992891134346,-0.08112897186328646,-0.035033638039006484,-0.060814439375518045,0.06492836339788685,0.1571365511537769,0.017832508982417682,0.0023577790247866896,-0.020730828321772345,-0.02552136033693242,0.13530390324236669,0.07654946631406508,-0.004639955596413863,-0.06510367102631177,-0.1579694290842054
482,0.029109703684112143,0.11460286972532997,-0.013409327729259738,0.026977541732712013,0.22515665965323733,0.041257820767192054,0.11817684847338945,0.08074671356876174,0.17320410044791773,-0.014773614235509581,-0.04526265207505688,-0.09332586569580262,0.11260116775094423,0.08149070728455,-0.12279655098998486,0.13073295484427297,-0.03912913070213882,-0.16013830486543176,-0.11940755107566149,-0.12610388752255774
483,0.10628091739054006,-0.007710311714553425,0.11885875166372227,-0.12474490611373171,-0.13775336515955433,0.036077505355230244,0.1453649376186474,0.043623637156191365,0.005943896644157659,-0.007978268181202928,0.11578960440603295,0.0801909840598855,-0.14608383893485608,0.17669920208292866,-0.18124424012220472,-0.037660674208288177,-0.23190099381547244,-0.060936725478258506,-0.08852084811845921,0.26412636695188424
484,0.0972071182649331,0.07202989727580256,-0.04998833314982994,-0.06619697216825103,0.10373659491730988,-0.04435728188767998,-0.08128021449508457,-0.04871586181306244,-0.005851683876865317,0.13521441863056002,-0.02362432960882612,0.1474646895352128,-0.017560560918721574,-0.1054355944390631,-0.0649344076358782,-0.11005352722398917,0.052621159594509956,-0.018069568746512485,0.1639287652249737,0.18683629357063314
485,0.04739724003663367,-0.02544483007284062,0.03993595464898397,-0.06937077459081062,0.05238724825203785,0.1325776643727452,0.10270623357918782,-0.00457310171670002,-0.09711303816584085,-0.1701159560069872,0.057319953267949954,-0.14789244383018002,0.1442177918894041,-0.07485352959044737,-0.1182911448108934,-0.06958730673161279,0.008888895384754127,0.006261946059088478,0.041837240354739916,-0.09522877357856002
486,-0.002552874788516008,-0.0960900967304914,0.08635008609966628,-0.1129775807219865,0.0461137293282161,-0.04780468260784743,-0.1385294743004402,0.006243024343610794,0.06001057885261456,-0.018245958009642353,0.21555607454159426,-0.0038178687862075807,0.04826814952029993,-0.05889211992030135,0.1284358185643365,-0.14970238332765248,-0.13963815227921522,-0.009333195358609046,0.031083310599200026,0.09510625893989566
487,0.040122715898279385,-0.118900448481332,-0.11719138408526272,-0.14467763785047474,0.04599970804896818,0.05548625139124337,0.041546751921971596,-0.14049760937796105,-0.1267868723105531,0.02294525940071616,0.15992536792491072,-0.024780933589872933,0.04103619385160804,-0.030569157912727435,-0.20793270227438487,0.02675763489768816,-0.10968475622218245,0.027209165683790663,0.1353949328832038,-0.15425821473495313
488,-0.0948216896969189,0.12050168470772564,0.09395643097463076,0.1065527654092571,-0.05972176515611578,-0.052170703937422146,0.24014641778717444,0.16078447418988903,-0.12296521264117669,-0.15750168642333803,0.06633357106363458,0.027038603031323032,-0.11446475633418128,0.005576413314280752,-0.06482235662550558,-0.053309593241305624,-0.09716688240133345,-0.1781920802294591,0.013481368409790997,-0.1341216880670834
489,0.05815194054818004,0.05945967388741332,-0.03147979797138909,-0.07634439891137115,-0.06180260097407553,-0.013752317989481953,-0.1398645604384489,-0.12841557103057122,-0.03439447042775662,-0.020092558665396224,0.04588918311008142,-0.041654767467023186,-0.003970345089589169,0.046770859881559566,-0.13076763397599234,0.09559434616469285,0.05443193544455929,0.033380486612344606,0.020811616677809137,0.03802974628627784
490,0.15201004161827636,-0.1383215384387149,-0.09895173249359955,-0.13925954287773346,-0.040742765670898844,-0.1655828579611006,0.1659688498509248,-0.047228024221197706,0.11843033745240696,0.06743639029097247,-0.1982375513749671,-0.15052851318499022,-0.04138506626857397,0.08029622098610467,0.06765335987561165,-0.032884511110986496,0.018486612353867837,0.0983283999930448,0.0020538718140919138,0.1095095892172942
491,0.06926232904234349,-0.024319555120118002,0.04946512258868584,-0.061790889675263624,-0.2368113100859466,-0.08541489813426731,-0.1703778613214017,0.02117931331807054,0.05385534002799676,0.10451572671666824,-0.052881471940255366,0.032963951470668634,0.04607562423589435,0.021727542794163165,0.0069039390399731225,-0.0890007405875877,0.11880891440861288,-0.16641201441400313,-0.056617660038273454,-0.14559876058215865
492,0.07403838138328346,0.07175238675206559,0.06779411787291821,0.05829640621847812,0.0021108318256635207,-0.0574452229874156,0.05193630138742378,-0.0330682091276547,0.063254103151397,-0.020010178751637478,-0.04738044426795169,-0.06509901382306073,-0.02602341534800898,0.18938190831333432,0.0456363455813121,0.049687267541996136,0.12125618422261829,0.12831718768559125,-0.16292290977478352,-0.07206066503011672
493,-0.01754405603185156,0.01536891716791393,0.27576825558978535,-0.09276189191728956,0.03373803024131605,-0.07688456247921666,-0.17531771231624754,-0.19539872460734423,-0.038771158777451915,0.04469994686165602,-0.1701737236419386,-0.057445280605294725,0.17624982092901098,-0.01190762625311227,0.016534289323922365,0.03540678327371441,0.01789963183663122,0.018480697311612677,-0.1735382130428236,-0.024186040344846383
494,-0.15659963967150534,0.14604822593280656,0.014962222740051018,0.020926367033661984,0.04323794709904235,-0.13407954896839464,0.0354058891860634,0.0006894665764394517,-0.04552086542915823,0.0781114600271883,-0.040373638959406676,0.08542269902158982,0.046375008157649916,0.015932847610608935,-0.08477538187869772,0.16193521269092395,0.07330088007160994,-0.0668187438768803,0.26817117504600013,0.1203154180504209
495,0.06478388825940652,0.13990050216926,0.021777779091397224,0.08562468903859205,-0.14220988415462654,0.036020475669117126,0.0498703230100982,-0.03487807892743644,0.052491734720082964,0.09794953189993753,-0.23300225331115965,-0.2101981225391078,0.07332229843508846,0.007165053382134372,0.11855359555232876,-0.17188947917763328,0.008870603510391657,-0.014673808139064765,-0.084161423438021,-0.24482119911872904
496,-0.0990907300537593,-0.10792041993999796,0.10348899584747236,0.09137483658930419,0.12072712727250831,0.061813845673733325,0.1276114648882661,0.09267958467979896,-0.06568211165098303,0.06744606719015837,-0.1672856326730106,0.12995941645362905,0.21996632301691998,0.10276347246191818,0.0037513524650285893,-0.07146737564498044,-0.0199321265068045,-0.017695832973237156,0.15550607765263824,0.13381587619197152
497,-0.0976225627426858,-0.09746281429719074,-0.139701681427484,0.03726892345617281,-0.10545037096084592,-0.14045381189712344,-0.11133828941751524,0.09834802863037595,0.1066484488815272,-0.12351159973715962,0.08651008924631363,0.0813346429999736,0.04742869679471704,-0.11228182583253908,-0.046236930216681564,0.19497404314377906,-0.028427666630422267,0.007727098651824313,0.10477598477067578,0.06770500126510538
498,0.01641137234501786,0.05634336520944373,0.00029089491174477997,0.03277280079481404,0.08790893469177273,-0.021655422368524507,0.003859636335292541,-0.06144894331738105,-0.05967282489384694,-0.16077276961016765,0.050217878732407524,-0.181303816254284,0.11301820512414287,-0.17872591717195777,-0.1251352098900113,0.09550099603107153,0.12458639807037808,0.02771566432877678,-0.032442804116539284,0.12788543558156779
499,0.024333040092921816,-0.019556081606597418,0.06470002292375544,-0.13773761609711668,-0.044343272271019724,0.0955896387949112,0.027699851121530807,0.12943115290145182,-0.12199368845644161,0.07259321247422357,-0.09776292066937434,-0.03449848057237008,0.10747670660762362,-0.14095159341818286,-0.020242939053382075,0.0014859695718967981,0.05627792293909231,-0.08107826009311168,-0.09600252031035456,-0.10111612129733022
500,0.04304605990957036,0.03299731171101081,-0.06080191751483046,-0.003354664875949995,0.11691021042191248,-0.1406175970955024,-0.11051122598442638,-0.20479735223440695,-0.07874357464419635,-0.04550090257096152,-0.10503648177230765,0.1136997312734046,0.1965982386225023,0.015575984910113637,0.07725401752464274,0.003926839143086005,-0.01828874126276651,-0.013128336008339835,0.05331928306257119,0.22664450533946065
501,-0.06345981778499624,-0.0857806597029902,-0.025742005990175267,-0.0818920949481229,0.07014008683528129,-0.030800154521297283,-0.12304477801201014,0.04047107740820523,-0.040734697535559874,-0.05529337111002015,-0.026163026851602576,0.1077509862609528,0.030166560998225005,-0.04669343561242645,0.04041067817319695,0.14013024887441733,0.12444901589983669,-0.04943485414838749,-0.026139223161601468,0.17458955590440567
502,0.15492000491081676,-0.21182567609699138,-0.04631197233448112,-0.07426379726226634,-0.046960280650467305,0.00715768542415149,-0.13203761766557545,-0.022755919687008786,0.03023655593530394,-0.014468795751559158,0.01609721978731212,0.11226691017337648,-0.1467729950416308,-0.10399944707339219,-0.24680368536680522,-0.004969669244181278,0.03782570946512901,0.14236525447993198,0.14739284925675236,0.12670330663276172
503,0.0884722624743134,-0.10010559293943488,-0.1875354218213981,-0.060516320209192585,-0.030560981159601323,-0.10281447005065165,0.01882160100244676,0.054432060472606555,-0.09896028063544374,-0.2227247456367685,0.0403187629290325,0.024485869514126853,0.05174484797406148,-0.022196183497745003,-0.05088243434755975,0.11080112028541952,0.03100396252779066,-0.21577748427292942,-0.14395881036162708,0.009837412558168728
504,-0.14928496084019224,-0.012325579396002104,0.0016601735668362917,0.13797381495442582,-0.08725290501517209,0.03755144535753701,-0.05909211751294214,-0.13049285158470927,-0.02870354644973747,-0.022699892711106322,0.06321766099515638,-0.0020667805686595893,-0.07773825254889014,0.08536845058862576,0.06031566889461112,0.2333696802644217,-0.09677475639270364,-0.12243803030563362,-0.13450366023265162,-0.018585612410057777
505,0.16446407585079653,-0.07979129677226639,-0.0017791984639316083,0.006988570912131561,-0.12984417103832674,-0.006010270893310237,-0.06491009537966512,0.06145333671369234,-0.03738256677564457,0.014348264625406873,0.16525496299876857,0.06301014890747625,0.08357201791414318,0.10665134217435823,0.02372727133502913,0.08819227197353843,-0.06229946017749235,-0.06565802754464052,-0.05005027259078545,-0.009271573139289554
506,0.08782389981549803,0.01873315557566822,0.07704120316953325,0.03462526281835097,0.031106680487226458,-0.13050519219576087,-0.2351754965164712,-0.08028652501361934,-0.06545185813068397,-0.034087367979944924,-0.0908942785713691,0.12632055233433453,0.0797504729853419,-0.033003950634818556,-0.04230147213436633,0.013078762375166838,0.037981415241783584,-0.046245901504841674,-0.019505473072979986,0.037087529596525295
507,-0.17260706661453173,-0.06925905406223465,0.17802704363000796,-0.17509528201251792,-0.03469702385078185,0.11449609798541605,0.05724844489804895,0.10013404420448692,-0.08140785231958521,0.052690511139390175,0.04449265312242863,4.9600711022280845e-06,-0.10071139285604284,-0.010284752354179152,0.1003315061217199,-0.01494349913832042,0.0966858626150315,0.04682423803892244,-0.1375353247879913,-0.05179221597619708
508,-0.06601722190868156,-0.023659402725505395,0.09146206222974067,0.031483787412115716,0.008893590548891574,-0.04258818954033428,-0.13486325696680154,0.13473030582939985,-0.03190232636700243,0.08087226586705877,-0.09614467484866608,-0.07575436875356217,0.17293572890192413,0.09685847427013898,-0.00285484704873822,-0.009715731440478081,-0.06973786152961194,-0.05485193707615272,-0.04315070790367962,0.1593689361529703
509,-0.07188339038592947,0.06688230460955152,-0.037014333555648135,-0.027523237458038217,0.044622402038746,-0.21425685993875188,0.14315339163822768,-0.17850318548887495,0.10349013495862515,-0.13542989234546446,-0.22902167815473995,0.27745530604630164,0.06279649518463006,0.053034839146825455,-0.1048948477188228,0.18017461291637651,0.018546269278094052,0.005208168312311265,-0.03642855084611452,0.05085304042020693
510,-0.0065049107526709785,0.13113662030479292,0.1732729910403416,0.16090629506782977,-0.12330941015045507,0.08138556085163466,-0.09107040902882158,0.022030142190765687,-0.03442756184057328,0.03421056045829829,0.03884601991084644,-0.03429880048467021,0.15530517889728102,-0.11622359623258637,-0.07584592278518895,0.01201999695177892,-0.03477533011523758,-0.06125617106835774,-0.05862227201598539,0.06386570005621464
511,-0.1573574221893079,-0.03776218597696087,-0.1266204966762755,0.05083465248477686,0.0622844494798401,-0.08222253586200622,0.05900493564783794,0.010293983887994814,-0.16319594040280944,-0.004173794003532272,0.12675083441387525,0.09699251040687505,-0.12738664575758654,-0.04939074555036354,-0.10070655762248634,-0.12283362275696845,-0.0374933729230944,0.005040134733292871,-0.06571156022033807,-0.27522338159491244
512,0.15809390239315815,0.1030113287356305,-0.12019879660890627,-0.020541483838589447,-0.07553767460021202,0.14283339144844523,0.12108836669730749,0.13983951983363185,-0.1304090813370081,0.27517745682732275,0.023833681746191826,-0.0939864409516776,-0.19960537253426933,0.06555399624590616,0.04134397388658848,-0.0644944899661018,-0.046479610514940164,0.06109949023485683,-0.10039070066324082,0.094883255101556
513,0.020215937954862775,0.054143944651632823,-0.12867234051450357,0.029513255432635603,-0.04114154291772666,0.0502862269727899,-0.06094590079703204,-0.12871138880993627,0.21392521803092743,-0.2814685278630314,0.0909039149175589,0.031202017132343968,0.009130490462865782,0.07545750981842166,0.04175509951966113,-0.135461949576911,-0.17537825665316872,0.007697197591526091,0.05006651515140199,-0.13926406177089273
514,-0.06524010301434739,0.04274896533690481,-0.14942788116180414,-0.044077185764484425,-0.03531457227812814,-0.1165862798922179,0.018849953197728257,-0.03219701421150841,-0.031641016749824655,0.0370397020512426,0.015809106413050507,-0.11850857912549612,0.055421537689685996,-0.17453262558628954,0.06966591500683118,-0.13094853963667652,-0.005995495830554922,-0.18824326877937173,0.12467750824422716,-0.19517836985246997
515,-0.2708141294291934,-0.11788955539705666,0.14690888306726496,-0.06012024485205641,0.14276356641297896,0.04373908920139413,0.03714628264281964,0.1909462089271542,0.16447377618989142,0.050212269657553946,0.07772647543750404,-0.19732489726709607,0.16817189291659254,-0.16764813890218477,-0.0421867289740856,0.13834256145447885,0.0901578990091136,-0.08244000826389027,0.062116323074423226,0.11311384232343234
516,0.04259309848726507,-0.16836785881213262,0.03541785420613822,0.009927800606844941,-0.15530174804620267,-0.08026844638346442,0.16682815088901298,-0.058910091773005636,0.10483669189002237,-0.17930208161929403,-0.013768347449211661,-0.0898156874405713,0.06781243506406458,0.0037309664475810656,0.028860355455754112,0.048934671500874,0.0031596669855283315,-0.1150588423825308,0.07202422033022247,0.07473383123544995
517,-0.028617509625507787,-0.07145268379870835,-0.1496782109074406,-0.006554020752609162,-0.018015953271939052,0.06730118976154276,-0.07410517371611615,0.03978159443101916,-0.0354343053608251,0.04882650116806621,0.005127782091988942,-0.08409860059660951,0.01281960974387257,0.10181394911509734,-0.05199850245581047,-0.05073574660829381,0.03716997174348261,-0.14305535774281758,0.14314425810940168,0.011426956880853123
518,-0.08402603085770288,0.1414533190347061,-0.08988151689015184,-0.026738053143941433,-0.09308025688171126,0.17221285276255,-0.03777851343329346,0.046946382604104685,-0.06226256912978106,0.04452295116337392,0.004645858444297005,-0.24467911984174034,-0.04629925490304897,-0.011844694438654347,0.245491847346358,-0.27149447563676804,-0.13161985630720408,0.09988981651932521,-0.06922999789251087,0.07535215474509825
519,-0.12917362323550616,-0.12837840973910322,0.005664255839422643,-0.20982843841498122,-0.27039422767920684,0.022358632056441806,0.14919813706092,-0.2910715608242524,-0.038624488454757355,0.026165832500456027,-0.09132969751843009,0.12354726030065362,0.0635108388910576,0.03676661904895136,-0.05533135972459796,-0.09775079729795985,0.0910481831871653,0.1055358288714983,-0.05829256922156771,-0.25859704890669916
520,0.04606688008169898,-0.04388609677823731,0.12807388674915096,-0.0994577235307534,-0.057534639547718404,-0.05180932332801563,0.03937584310229803,0.06692289138853572,-0.019524297920553362,0.003205963358218481,-0.10428448774174386,-0.10018922830771787,0.05176428588439888,0.166004323272359,0.011642810237900885,0.07421817843442505,0.02964769076098958,-0.06002199805872453,0.02494608849590369,-0.06499848121761909
521,0.19256124036045627,-0.16811446815021072,0.11369983457189692,0.19449296563587143,0.11388345276467925,-0.04145685395492236,0.23777872989218699,-0.15112604832298257,-0.08861098380801219,0.01773408801149735,-0.13357665599214225,0.2624400074017919,0.09434380252988878,-0.09236062231802172,0.09180331860987653,-0.03743771355696647,-0.07925235208983697,0.18618814019159177,-0.013136263562967751,-0.008949593668009776
522,-0.17844272630801153,0.018850836859027192,0.07574367708373833,-0.07915718361107071,0.19318567209640042,0.14164139895412142,-0.004459152034362669,0.0060323855217543215,-0.11659365890111022,-0.09491939364217243,0.02720246752427332,0.03364277580080803,-0.1366390137853034,0.11749267245268591,0.1337684887270154,-0.11591552556379538,-0.1049303285861238,-0.10025107572755944,-0.04638644536647683,-0.11404985428093786
523,-0.03323275252767781,0.0017411167891683982,0.1735475913417733,-0.019310397193592833,-0.032417992606103715,0.1538741781370964,-0.26512624757104464,-0.14675676049040676,-0.018547624306241503,0.05742514527843044,-0.03875269296243744,-0.06961855247662159,0.059638397559876044,-0.0785231821247033,0.2024748137263729,0.3114474817391298,-0.07104838426545869,0.021762327028808946,0.2123489353722365,0.04595944426447324
524,-0.07067122563070499,-0.12375706286106417,0.054482718618224235,-0.08542764200673048,-0.11471440734743733,0.1622801245014959,0.03800735083257894,-0.21708923605123862,0.13095488692441715,0.09780862325159015,0.1467876141548116,-0.2362328428500884,0.15262817714204702,-0.048630286872353636,-0.07531003284283565,-0.032557651187864065,-0.11476504299586615,-0.12175027221312014,0.06282626203776838,-0.15045793207257316
525,-0.12318096972139127,-0.1764432551478928,0.12673003096215182,-0.18401585790075997,-0.04833726932090064,0.02078394450218774,0.0835095014629407,-0.05861435734067909,-0.0816485705774336,0.171537421683819,0.02521065150025331,-0.13033567077489927,0.08148406580350435,0.0051785389696355185,-0.1183341921501854,0.09815833235033525,-0.006624927652466728,-0.05673823564075452,-0.1315715677075553,0.016412266881721906
526,-0.05336149148895642,0.10823682642357862,0.1199800471543497,-0.20578568459443097,0.20059274578538064,-0.1768117062984136,-0.048026513490335807,-0.24466107991192904,0.025580247348902185,-0.06745310956329043,0.19725469375883767,0.02201229332924281,0.14895940727647458,0.05366684264179117,0.13789566090548383,0.09172861141067844,0.0187542866554797,-0.05099214042938053,0.09375605127875616,0.04432991980055729
527,0.0339310564046487,-0.16319294321751454,-0.14090662679518948,0.009336026090020618,-0.18764620118210468,0.038066232854498804,-0.1416485561740231,0.13771639460092677,-0.14171151970994997,0.022582426657334835,0.051764456279449714,-0.12456260209491057,0.06563951114420297,0.04070470964314153,0.03615514555859692,0.1538385110242941,-0.09641210594942701,0.08428735184031964,-0.03736636004983983,-0.09997991014431785
528,-0.10413434835728479,-0.01677144841858327,-0.11600784997797559,-0.05990892529236834,0.10975779419036161,-0.007570580155306519,-0.24380970256251275,-0.08770421655508304,0.10323234351463312,0.005700206547498427,-0.008577724968673131,0.08119880376583727,0.17212808525987783,-0.011662857274234098,0.06662162047073807,-0.06841264186003987,-0.12344451159321307,-0.00209384138733618,-0.14294843724031017,-0.1931327415992758
529,-0.07961915494459491,0.20952799926946372,0.15510391798657214,0.038190437300450526,-0.12120368710982853,0.06292302439339965,-0.16627128920139916,0.168780861614508,0.00638178568806079,-0.07454595983140361,0.0807586964637403,0.19499988360134293,-0.1609136764011572,-0.15075850738706872,-0.10968501768280296,0.09874733387021717,0.024482046800042644,-0.026570318156791038,0.005199844406666637,0.0313753653073646
530,0.03656091681108205,-0.1047080141694627,-0.02506497652826056,0.1262050783370898,-0.0297557847658586,-0.05962754206699999,0.007587117356621643,0.10183871847539222,-0.036720889534109874,0.06101151966344668,0.022357964898288733,-0.04997624854472454,-0.007224090679811216,-0.022691566466746364,-0.06256301778825561,-0.16236264957445937,-0.18107152625101372,-0.03930174579015159,0.23882927541780086,-0.07718214801064
531,-0.15221651883641507,-0.02878808309499491,-0.029568267945322274,0.19160546540860138,0.01581688911111534,0.056846528200078114,0.08227747522612597,-0.10595188030186238,0.030638617173290174,0.18355826683886614,0.05229377640585136,-0.12811655451838766,-0.09320864096577389,-0.03164062079636633,0.22131006536903847,0.07619912227088821,-0.03370362574313281,0.20114227106079288,-0.06510304807908183,-0.18074781272138474
532,-0.017966880710302204,0.0033997453167557397,-0.1974038884009704,0.031921740568383095,0.014633506596669099,-0.0012179634460797349,-0.11416580427140387,-0.05683480274092036,-0.1952848968703195,0.17638987527913988,-0.04603802177902797,-0.05997771979861156,-0.04585366039339993,-0.1056256369636457,-0.08583764723476969,0.04035239442639329,-0.10287340521955139,-0.033326225603684645,0.06805502000432263,0.07893426286963312
533,-0.04640053836098675,-0.014515079132622321,0.07061869862488238,-0.10861187946136613,0.03175875761858372,-0.14366257854808923,0.0740820360943098,-0.053689398639418164,-0.08929165328204179,-0.1809812736781476,0.07284446306089808,-0.024311077944877996,0.12506351342873065,-0.1158771018049288,0.03221155739764991,-0.02383733451711467,-0.23400545692375993,-0.20355813923486157,-0.03800745642465589,0.14567396173388136
534,-0.11022612793638874,0.02339436754338269,0.12092753772573096,-0.063470451909477,0.2766490194324575,0.21357408901048835,-0.1333554723075672,-0.09622258588399346,0.09518319105804514,0.09087261901399298,0.10826321817118338,0.015420839136243694,0.05227180036041962,-0.18842676867705568,0.024600389468435697,0.04049910944103624,-0.04237062089818583,-0.09186332149302893,0.05772297133782093,0.02868237378650814
535,0.07320835565068072,0.1459628323204441,-0.09046364640513901,0.06463023592874786,0.015447863689288582,0.030692042419756444,0.023376045498005316,0.1901488748269581,0.1888425327891138,-0.029809757423283404,0.2643668515452522,-0.00925528742319131,-0.007274008186485859,0.0039638375442881835,0.13450983750114212,0.14395818377003308,-0.03769639606907336,0.005952902395765782,0.036392563490707755,-0.04637961187880984
536,0.009950733622381068,0.15167808620772658,-0.07182467400509222,-0.18221452068502703,0.04534530772803996,0.07165818505934017,-0.2184784007748785,-0.18811274765520855,0.044991758077417024,-0.23396111914969228,-0.06846023157149818,-0.08696285119818789,0.03520913790679949,0.09969852799914933,-0.0720689944049251,-0.1745415219808942,0.06057810255144572,0.001352402362988901,0.028652274288462908,0.012354043805596548
537,0.010875345755044088,-0.11683225589697967,0.2334292152032419,-0.1664455389514595,-0.12341947175627078,-0.11395425641301121,0.051186714881545296,0.2215015908890996,-0.19306245386802254,0.0859500352613057,0.10853186927997617,0.059337407385433444,0.14188063248232013,0.2304040010397422,0.08118272865790603,0.05681815428031697,-0.17974400205334193,-0.044678574937286976,0.07123472510094124,-0.21622908647972025
538,0.04700281412541702,0.21379995746743294,-0.11860657596978577,-0.11310268115162748,-0.27159303972132454,-0.04692788009688869,0.15381770230588415,0.0015450302933357723,-0.0685635183425863,0.015280145987859893,-0.07781916671082996,0.04163928983915903,0.07376457669665004,0.06947418386805838,-0.1468375511702474,-0.02968492660921242,-0.016379252641781288,-0.027391637389105942,-0.16639523498431624,-0.04771671013191221
539,-0.015865654290934974,-0.19570732513312883,0.053705414144458744,0.007688145760331014,-0.05366193411655864,0.098252825372888,0.11418085653319157,0.039050564759188416,0.06950503623425228,0.053908616383769134,0.010802718641375702,-0.07124856814282972,-0.06068616609472025,-0.06589733862460452,-0.002878806790043122,-0.07300141145613231,-0.14536735621825286,0.032920564430011325,-0.18308419336590356,0.3318991103496262
540,0.10283164733058657,0.017989047819681376,-0.024571374057669588,-0.09051491333239844,0.13838564752256077,0.1609871599764842,0.19490308623168415,-0.11447738190903542,0.12103836114324419,0.1343115292603027,-0.02791370646822602,-0.2700228616866792,0.017570096141517645,0.08495525153402435,0.057967534168484824,-0.04113756486314061,0.048350339852845904,0.05229643116387471,-0.08057410413928764,0.1347996091645776
541,0.12914483910791136,0.06836525900263535,0.10868893119569617,-0.12894971630887891,-0.029701085467621187,-0.020300709469191252,0.0030520431832882842,-0.04792588549238322,0.11519205828472137,0.025716050915558796,0.129704257733738,-0.20539839128999635,-0.11329307174750206,0.22664686382096433,0.11331676965045147,0.03893990181333966,-0.0969763461790327,0.17182937062817233,-0.013295714713040127,0.007533825205104292
542,0.06931703019596083,0.0885299465525773,-0.09903050751377104,-0.07271467080451482,-0.06310582196973848,-0.1176986066419612,-0.1767195488148536,-0.039372590565124405,0.10374065067730075,-0.007915989437118081,-0.04119706638994044,-0.07971271854537118,0.2032094308988767,0.018353181695865646,-0.06398696271453892,-0.11623347170659523,-0.09043279166827321,-0.04697987217734719,-0.050107427315030054,0.04614881915853821
543,0.044860450549463166,-0.10016875280601936,0.034273328221068676,0.02330648174241189,0.055889739349187215,-0.10882393106657193,0.06353722409103316,0.007796036943932182,0.0050899306149692815,0.17921004147992478,-0.014369479304479316,0.03298024290676803,-0.0212934684864953,-0.0365378398376386,-0.008302335888211769,-0.10363514248686582,0.08779707865902325,-0.026395022942110616,0.15100283571372589,0.00528385736900395
544,0.11906453206356196,-0.08961124546761547,0.11383801427234691,0.01958850563164525,-0.0512437528219664,0.10876374893891708,0.025551806420458956,0.10555706025596463,0.027922212719456545,0.21969699828023784,0.13848084138157205,-0.09063951984466767,0.023783635387176004,-0.05605623977582582,-0.037584378963478327,-0.2264796316491449,0.05296389556915232,0.01564513319188038,-0.06931352723091987,0.07051853398853057
545,-0.14211933024623177,0.05277758093329476,0.010149810825766803,-0.06441835288362589,-0.10200568528320768,-0.16052202418185796,-0.07328361765075478,-0.22232775432294,-0.08366199475949986,0.09509520415557345,-0.0319835573540287,-0.21607129066300915,-0.03567974883286666,-0.18543697411362228,0.07743160956634555,0.23080146396116247,0.011449808331873137,0.14616985759537962,0.0737299786190426,-0.1520846088207329
546,0.028364175611448408,0.15299495159759333,-0.03627592104118058,0.09669259047890794,0.004730868506562125,-0.15332229503271633,-0.025017427909698436,0.012903798177741272,-0.15937366148029106,0.0002516418054289535,-0.015940606655390956,0.02523911148608364,0.0811031324276076,-0.10645402394821872,0.034701103202618766,0.0558303340067045,0.06252621063678483,-0.009993494892620964,0.11071279856854879,-0.27787461291317533
547,-0.1512479194490833,-0.156338410025668,0.059599665598289234,-0.08763178988055371,0.08486369180374402,0.16188073621122911,0.14568854471721548,-0.07109892084952554,-0.06905624668489506,-0.11283600000427899,-0.14266198132972693,0.050948802710905926,-0.05257651323682701,0.14280649843348828,-0.01717332563566881,-0.052870699038707024,0.003033740566781681,0.12088942915798864,-0.0034778483526543853,0.031218383721944187
548,0.1267725522938613,-0.04853470071175771,-0.07339071415312742,0.19412506439909757,-0.010950151230517898,-0.042477294804215845,0.004740881793226485,-0.08725798225128872,-0.02493080774606376,-0.15107742337054264,0.025130395841466053,-0.14758856408292034,0.12146839251120675,-0.046400927116913085,-0.07022746067688986,-0.10066113983053131,0.03203913700166574,-0.10610418055473517,0.20668935156169338,0.005257321412621894
549,-0.1542360316385653,0.09938352565460137,0.051924681206943,-0.07582669672769399,-0.013133675013019751,0.01968549361190395,0.00439228432079207,-0.11933585812454688,-0.05492412012936994,-0.08084738120091148,0.14414904203201329,0.2705398614453245,-0.06347611538783533,-0.2047800049030406,-0.157864300840706,-0.15440681689969915,0.10543372431411856,0.05276187178410961,-0.10240098746551891,-0.10113617399919271
550,0.07278716416462308,0.13755324224075596,-0.02996301816571873,0.015956223513722233,0.05224101899517247,0.023843940343755657,0.160907762349812,0.09458932604795336,0.052089530279596404,-0.27760081878742693,-0.03386283905462203,0.05778006829592162,-0.12580143961094473,-0.09949205937044135,0.05771971023231125,-0.02262070586159154,-0.08599645394556767,0.07178481275190794,-0.13936676842050147,-0.003157357687336233
551,0.0352692086022382,0.10259366261127278,0.12738805259189775,-0.0648248351288293,-0.044597607625804093,0.10840893611324814,-0.02741281576820509,0.004763678013200383,-0.011436939846615058,0.10361346328884369,0.03824450506463531,0.014207105729754593,0.11584425098173451,-0.027481806051028783,-0.05606065889126722,-0.06011385004716418,0.09559396977291044,-0.08614928532141887,-0.10542315917024891,0.07366537955619278
552,0.2309112083409066,-0.009265766201584867,0.09063731289950994,-0.053253430543841136,-0.0011855078285145128,-0.01907904049916733,0.0020425339200962974,0.11602908646806775,0.00952618770516331,-0.07334535398086267,-0.03971781363651244,-0.010735645268175624,0.15410175787101185,-0.08509253128426418,-0.01216441325083091,0.0301099170738841,0.07257426812872389,0.03787172035024373,-0.06990025920771116,-0.020845368287840296
553,0.13046126801002914,0.07156512619035627,0.05000977115996593,0.009049136759137166,0.09581707152713566,-0.1576904367859442,-0.07911457818804916,-0.034732295210628705,-0.03991406686587246,0.10498065968551241,0.06880875065909581,0.19010190264052823,-0.10380093394590557,-0.02008421612166734,0.06267721303009063,0.3251980045097747,0.24506741640828045,-0.055906076202955284,0.07869081951988192,-0.06970947280170996
554,0.018398913872061117,-0.052190870843370915,0.18571710223347385,-0.12938381621965925,-0.009093422218723285,-0.0097606579078925,-0.028613846100747905,-0.057022361107454234,-0.14389649387485287,-0.05471486984859789,0.29027830815888767,-0.023144996691696156,-0.15327145777910847,-0.012776424982526754,-0.005278882230688564,-0.03152533002399761,-0.14002627462239423,0.04376221411977017,0.09372622081324797,-0.1401392480922785
555,0.12572581337301098,-0.025920940619890184,0.1391485026050093,-0.04109593328239898,0.05164900866487804,0.01009200347623914,0.0424086003345104,-0.04951500431885569,0.00786440529046307,0.19546676845643438,0.08318651623104394,-0.0720828334855898,0.04991713826566518,-0.2422602002975009,0.11871920676512515,-0.1530154200912579,-0.16853992065274626,0.13826171649978092,-0.05682288000608646,-0.08466233424669345
556,0.18920342766065293,-0.13059492146603252,-0.2026546216972384,0.01908778257480392,-0.06725199103011414,0.1785620623508293,-0.09617898509881534,-0.027952980067436062,-0.05391705574747067,0.15172433288007028,-0.19802766894845814,0.11291598130977419,-0.06795072209109503,-0.1307657895568932,-0.09061570152814134,-0.035903324892675885,0.2480283424983817,0.0547936362638577,0.1735190174892472,0.03449721342926013
557,-0.03644137088573202,-0.06284634209071954,0.2703833906072085,-0.045920456232753155,-0.39789182314744154,0.12453855425150132,0.02264485176090367,-0.08929275422986444,-0.022140557491456082,-0.07129840733084858,0.09194126460859459,-0.1969102939549205,0.06775603353806958,0.21117490144811613,-0.005019758039139067,-0.04049259972459971,-0.06863967581460997,-0.13655420523948114,-0.05037094701745999,0.005090681851559397
558,-0.08558660513104616,0.05282040527721261,-0.008691543221286032,0.1217447005352767,0.04283261656320036,0.06278036781451687,0.1647116653731778,0.024556755718908856,0.09118253819848515,-0.053493789236493595,0.09378228846363718,-0.004698062726389225,0.001707629798245257,-0.007882518303098763,-0.09497849561003274,0.21134736189640546,-0.09592711732066193,-0.0943161935635008,0.1721657600602879,-0.12496761354465645
559,0.048828379450375665,-0.11548989802943403,0.05200145171034939,0.04497188833058631,-0.06311293164250405,-0.08446013015072804,0.0809073639937396,0.12528366219028395,-0.0851771449447125,-0.08257867825487102,-0.039174330392003485,0.00011213176616943153,-0.16179024797768518,-0.08827208629043527,0.11772535141945181,-0.24284570068506964,-0.1233020121168333,-0.04393750113520589,-0.10072596781616021,-0.012170498264706068
560,0.07905156197917367,0.001971302541520921,0.03636366720648237,0.0484371728685338,-0.09767259233424117,-0.04443954902045419,-0.03233757409570755,-0.04921722088748649,-0.07065613402509117,0.030512776881119266,0.08217413352069103,0.05589760974977715,-0.029916644111754882,0.07021296088716081,-0.10167696365327615,0.1089954627426723,-0.08697038497717062,0.16645811533063842,-0.09126314477776919,-0.09875762896733505
561,0.028966920479209776,0.21248943662915898,-0.03341694801612253,-0.11780568012146428,0.08788145277629625,-0.2012931627572822,-0.0162651382510446,-0.09286685663662661,-0.07233853309530101,0.184735291692896,0.047976734955772135,-0.07146285258267308,-0.1011733735850336,0.04079173916094249,-0.02843257990717089,-0.03292854191247422,-0.00039272693022711434,0.02916816572113644,0.04046813826011536,0.040535249904514514
562,0.04345476254308171,0.1927985985497078,0.008903902853429587,0.11638456391331697,-0.047167535312778903,0.07235735145213253,0.15555882720408237,0.030836389236506216,-0.024195526350362505,-0.057552314059639634,0.13078215338186064,0.08244997114477154,0.024078602927792802,-0.013377051929139268,0.12760743031309704,-0.034638885020920634,-0.010693292527152735,0.05376715389860023,-0.22905927628272205,-0.05226928321312254
563,0.09786944166597664,0.22652153295085686,0.015193141178290308,0.1492799510944559,-0.05416231035295386,-0.09827243983402362,-0.08221147020627796,-0.1073977062424233,0.05054584157792791,-0.1182229088716888,-0.01946035166478663,0.10919942930057322,-0.026430234722417952,0.021017404955957227,-0.000480964881282662,0.27409397300907823,-0.003961177527843801,0.06121978361232997,-0.18919881659415538,0.02491391756593515
564,-0.1897494918868457,0.03967557420487341,-0.045474889561992464,-0.06190347827886821,0.008873566214438614,-0.0841848121662548,0.006709410434331321,0.030495636458105036,0.03787543493947677,0.08868779895120843,0.00041268289096876425,0.0031828599405450803,0.04564181575986826,-0.01868908800531085,-0.021970264996490945,-0.052872885453417284,0.09348527750358245,0.1665200758733142,-0.1562154307986871,0.02026408481636513
565,-0.02966709905834212,0.021082113967444367,-0.11940342097004045,0.1528597566637819,0.011070128119068594,-0.06281813761421143,0.06850854241730153,0.2945789771790897,0.1872279821004761,0.12928494285158654,-0.02668807547828971,0.04385167845312962,0.06061161202404123,-0.14178884060571678,0.02709194475805781,0.04498784109057764,-0.014352373525086464,-0.07990570520177893,-0.0992012804894052,-0.2768390666593699
566,0.0019528215508803207,-0.005789378219369333,0.07279759930162512,-0.0033776066643689743,0.013376911419217005,-0.045378668672293725,-0.03609965076528817,0.07117026365739841,0.03771075952802684,-0.18828670437748202,-0.04459455593052897,-0.20184827507253497,-0.050182211641387586,-0.11461057816527713,0.1112125247207663,0.09491141235297403,0.1898791850719344,0.05727502625463307,-0.014625540747497454,0.04309210386415179
567,0.0208017540857189,0.08163435817955345,0.01357524871444293,0.2521395178209566,-0.05984278613802264,0.1209538313363032,0.019773094260663333,-0.09752774835634236,-0.005982196173646284,-0.044760949902570346,0.045352778154913134,0.013728271892761443,0.08088012517046447,0.10188506416184326,0.0884702779690196,-0.0852295626415817,0.026042022213717365,0.08735867027185884,-0.030845732031710135,-0.12109997345660464
568,0.01840693891359439,-0.0804187799295609,-0.2325934779703296,0.1210075053343393,-0.009034571310221947,0.053855846021479,0.1252437537576885,0.1309099752406345,0.026033722574640136,0.03511201222952696,0.020317513099714374,-0.10621892853969893,-0.03520005070090967,-0.033094110254660344,0.018935788974833473,-0.02288131706730332,0.050215073435875154,-0.07912713821611954,0.09361088977443295,-0.09665996918016283
569,0.14463858940276259,0.08420363959234177,-0.07043763260139803,-0.12456277396183539,0.07540128251328282,-0.03423153135820426,-0.03395503768462323,0.20539933748150388,0.11611057642025599,-0.027472323349717515,-0.020357160122452186,0.018805028506623488,-0.04432239785868365,-0.06741771936214917,-0.18058214190015492,-0.023147743181474188,-0.15384696814118556,0.08989327102985864,0.12487507774009733,0.043613555338746404
570,0.1546651400816423,0.05980544285849288,0.04261762315180749,0.04009894343254435,0.07695784190226411,0.12580726647754728,0.1758713450397632,-0.1196451444765373,-0.14666287243588041,-0.08354671300081908,0.07811023592134284,-0.023639374224449616,0.05151926439941288,-0.1642543058955666,0.03932451788234271,0.036768140143152446,0.1805423632323126,0.02532184249549232,0.05997285825247224,0.05359416393026675
571,-0.024636346088529795,0.1393995577218934,-0.062265046622309396,0.07656472383459,0.15333730595624243,0.06106957379180764,-0.040820565436469676,-0.08416828173242365,-0.08464864399218992,-0.0350160093261,-0.15995377810268308,-0.24623591168513148,-0.032218610859745755,-0.009245541400185901,0.05933536667088753,0.0556673380289756,0.0446054390827099,-0.09240492327726117,0.010281712063321229,0.026886525930235806
572,0.24903549882783646,0.03282382039963708,0.016583125580884792,0.1484129724844206,0.12348494961267988,0.10963233234953383,0.07304171226623239,0.047610641305301314,0.008735744061349986,0.2174497434486189,-0.05096164628165781,-0.06292985039370534,0.1824918160962767,0.05161378747349766,-0.060248311025555425,0.03849408752127192,-0.23355815814493985,0.15246136709184474,0.1138581518948408,-0.21155639165344273
573,0.045085146901421375,-0.08101884217111717,0.0957915374294046,0.004247497627148734,0.14462217184256287,-0.1242876019680375,0.2843861908351555,0.06880065810866369,0.018839183975011824,-0.21317780000539535,0.12464237810348967,-0.07231336092412427,0.05783490887319276,-0.1096753755564229,-0.10575882559031319,-0.08906687686801218,0.21237396929718644,0.06438960396336138,0.048381492976820095,0.07094927626770343
574,-0.03515516153277109,-0.0625755914020728,0.0454828106184668,0.031026675883376386,-0.0018079745765471546,0.010514075779855254,-0.05250186789367221,0.026192779035155163,-0.028050819672175344,0.06277208865161753,0.03333835602222619,-0.1143294135172123,-0.04342102998548709,0.0694640584771215,-0.09911696624110972,-0.08178013611764177,0.05341139934699159,-0.05247559095728802,0.20323013502005202,-0.01997721235522839
575,0.16328642276480318,0.07720123872306073,0.06848484337455493,-0.1014164236615117,-0.11917530848182367,-0.0291575609062635,-0.24758958816543378,0.15962990577741476,-0.2847973503086812,0.021151199753663776,0.08560325372603274,0.07386590996589505,0.044197991824209956,-0.05470575210610176,0.0968364946781756,-0.15786412041288655,0.143900592734968,0.06229920781232466,0.07709847516682154,-0.011131615543920514
576,0.11477591505380602,-0.08541625379154788,-0.06461037924078833,0.08530388508393606,-0.0958636006183649,0.07889595848313903,0.05214719542192342,0.0031240231289127577,0.11045065991333268,0.006174431407799893,0.015902398878967477,-0.04669898373809463,-0.21265286990015547,-0.1506447745553495,0.13294562190017242,-0.0036838282807128155,-0.0038332483732932184,0.02023367841581256,0.08152577340455161,-0.12938702856465015
577,0.07723701441285472,-0.08814081662695825,0.1591556096961229,-0.13045937078948336,0.14187690175244674,0.13987836427749314,-0.12388600176694489,0.0797981809128003,0.006159322444230372,0.10602709525038531,0.18083763560735533,-0.06228932314642442,-0.18198017848414177,0.06344760368822201,0.010970665126273746,0.15384437436831794,0.14561558015159276,-0.06204199246025922,0.22636453021955252,0.04048329510186505
578,-0.11271333931176174,0.12760714706944964,-0.09388120940706386,-0.0641245742596613,-0.09781000806902294,0.34656249883757473,0.25381607529960554,-0.009995982366860433,0.25533174889839866,0.1226540871077355,0.07140240565192985,-0.013012646477779753,0.08387102082021204,0.10293489066433996,-0.20698514589236056,-0.12306426140060736,-0.08982369031637871,-0.050632752638694524,-0.04723830043420318,-0.1401270487851531
579,0.2591044095161692,0.13843592247339423,-0.14503654181107925,0.009911093813411544,0.03304229837794828,-0.17044717192449663,0.020625018377874286,0.06130529258483336,0.08696698740022311,0.03948895366987085,0.1654909106038606,0.0595622805233596,0.07532758425971127,-0.025266832900274188,0.12566666633425064,0.09265184625016731,-0.06401057770538075,-0.06540182456281324,0.1754156861545565,-0.018968383113331943
580,-0.08840860534230256,-0.01510812600327329,-0.008640948861544248,0.13796373921822094,0.030453804986054496,-0.006188972281287724,-0.04832743752825761,-0.25332487502606355,-0.19072098703111484,-0.06314686085509047,-0.05679759733859253,0.047322735595919006,0.11969865130839975,0.04580183830760929,0.04909267281905665,0.027306592462910055,-0.04069181916595605,-0.01681810560066478,0.020818397308784712,0.034747164275302826
581,-0.17571663650572658,0.13117734597173877,0.019635222971551795,0.059099513500718265,0.19104473560885324,-0.14516679355892229,0.05903635183791791,-0.015402814426465431,0.05358432674109057,0.015490486522045101,0.07185612281824381,-0.13015075873195298,-0.12719672850954017,0.07319400049856342,0.05597344761268666,-0.10704772318776232,-0.09656649965844175,-0.0074985756135519084,-0.050373351124657725,0.031238216184178352
582,0.1552879839982249,0.0037368009141368445,0.026831009892479395,-0.25850771221023655,-0.10852782255592452,0.01825536218564772,-0.12376313330539002,0.2813479230954989,-0.07850173123058779,0.06473735980381179,-0.12300668675777146,-0.062195855660087264,0.13822945838682896,0.16170659369886917,0.052534732480084965,0.18388374317126913,0.09345898680674693,-0.08921883199303274,0.10758408169592584,-0.09320974327682117
583,0.09289528905682251,-0.2237601982937113,0.21632700750787628,0.07225977754737908,-0.20872625224060215,0.07461150206210082,-0.08980786597286197,-0.12065284210592853,0.05186300636199115,0.07947939955270798,-0.07664300910869906,0.07151631942439915,0.07464776839526162,-0.06662681141119262,0.0277724611963178,-0.17031526606443784,0.17560224979253386,-0.026296584547412735,0.02355630577913283,0.07829548191826405
584,-0.004255993707660178,-0.03574669842018258,-0.18824413590754943,-0.015033254386260901,-0.16133715841552143,0.11237302022986394,0.04485167110378138,0.06019815617827453,0.025333414464531277,-0.06890435276885444,0.1162287153007348,0.08923700336810667,0.08057427830771674,-0.011042351945460965,-0.05681764217093233,-0.10279040140628866,-0.07889461597242282,0.07297330435192377,0.04345569145410466,0.23743035071786275
585,0.03957495500020304,0.032978057514600895,0.13385288795954023,0.09729197240508383,-0.17017396343996025,0.014360132481537311,0.1239166296876201,-0.1469471643027854,0.060278328443466554,-0.08238411681665364,0.013122132716903637,0.09265187793575669,-0.0657453946205744,-0.06603431334357389,0.09045421520650501,-0.17247123844814227,0.1332407350771316,-0.050983957277445965,-0.05802908034485557,-0.16265951697841677
586,0.07343442830501266,0.16316696412928655,0.03317351123752282,-0.11767470757562326,-0.28973397859334227,0.10952119773549812,-0.19162995673939298,-0.07958171609384071,0.100457762747568,0.14560874021712286,0.034933367163303315,0.2001502874832995,-0.07996627803300443,0.04901155984512716,0.0028769405882499402,0.1340681336847326,-0.10755910756163121,-0.1505979534445462,-0.07760130304203415,0.04230862867916511
587,0.02950124825168985,-0.059107104565531476,-0.0908526598811581,0.054181313361563184,-0.014281573275003909,0.0911513546214433,-0.0528659375878094,0.06483378083740317,-0.0639357931599922,0.0006902612660719364,0.04698015884382332,-0.06127991209423624,-0.15733970849483017,0.0826220803767926,-0.08105277409055944,-0.2745303283226246,0.05292814300572238,0.047869128047062386,0.19145840366083303,-0.06138987901677089
588,0.04861648109652574,0.04503519804120971,-0.0879430548783467,0.20327773688269568,0.083754640055256,-0.012304485221746438,-0.01749625003017909,-0.12334544223773367,0.0356626922890658,0.05843725429048389,-0.07460481122051925,-0.150835730970088,0.08071231082067468,0.11972563146459002,0.20250303340959125,-0.11640167684824883,-0.06937566035708351,0.012201815872860806,0.13830956518309473,-0.00612494654264297
589,0.1129815293052442,0.17476034914493743,-0.042744314182061274,-0.08539137660250656,0.16223270942837817,0.054750051384691974,0.09354131008190106,-0.024517078456376382,-0.03633588883900406,0.02147222306375897,-0.08530488054572287,0.015376603926326044,-0.001146991706872228,-0.14713662798402985,0.008103683183155512,-0.055335098284517305,0.15001749444221849,0.11903417706435135,-0.09133600067266488,0.03232125452672317
590,0.13727420848510521,-0.00991366987304662,-0.06275041684483565,-0.11031085858787763,0.07482072999741683,-0.026282939407888964,0.07236118687232769,0.06954383971615452,-0.05512024986336474,0.05824327722540356,0.003563865791678045,0.09767601652329892,0.0749753314753952,-0.08776585453027463,0.022220933172275945,-0.027849281413828635,0.058248705055703,-0.014443653211555288,0.03112943351061088,0.14680659239870414
591,-0.08018025070703633,0.05181493718519726,-0.04817336189928932,0.06870037477414459,-0.04660439950817199,0.007495501659530182,-0.000812592625648294,-0.14244638780662142,-0.027782058435559132,-0.02667920286635448,0.08086517833744344,-0.008578268152081747,0.008416690008700718,-0.04360379637041648,-0.1494491698965871,0.09438764923678376,-0.0223825647383758,0.0767953240036181,-0.06605376200389577,0.1011380487743787
592,-0.09765048777413435,0.21820995785008673,-0.026408604958042814,-0.011221613709075847,-0.06110949791535204,-0.14224983720414644,0.05235582357116004,0.026817655021319636,-0.08417991433056658,-0.07194406045075867,0.04014239267559169,-0.2528024932530852,-0.19526737018370904,-0.14243042655153956,-0.12293908523573366,-0.06889712156464745,-0.16881115858428494,0.06019168680059421,-0.04110760833942959,0.05185911760081252
593,-0.014160559440306156,-0.2344249698757361,0.11536102067735056,0.14932709348947637,-0.08975648504865447,0.04441175116947237,0.09845504906520401,0.05560215623527835,-0.18411156239643606,-0.17856717923845103,-0.08547963437656851,-0.13139406486093172,-0.187824488958589,0.1503714643558608,-0.03559066568797333,-0.027840902517346434,0.011156921564191518,0.015620920505036858,0.13681052243978253,0.048906640211986104
594,0.11476031753370998,0.12545836870466165,0.04392854658234915,0.10538237411083289,0.008363148872200712,-0.10238203724295664,-0.029232840973294167,0.06346058514882326,-0.19087957204157013,-0.13057831043843454,-0.036086068632885666,-0.10579109532911621,0.1452185404283665,0.0012056464993119025,-0.07315662259877839,-0.058753382935011714,0.02253119106584702,0.04664129708678842,-0.05857297371755091,0.02140711987509792
595,0.23957953394280368,-0.013653351007547459,0.0006227208337229296,-0.23389610053648144,0.06582700487909292,-0.08245448680202346,0.06352800553465002,0.03929995065134227,-0.1450991733369691,-0.025643711738833543,-0.029647736805465164,0.07819656701807945,-0.10287242642362479,-0.05979406588650609,0.008646760104236676,0.08538466825033862,-0.012742677841919934,-0.143437500887562,-0.028835216887641315,-0.11012863132521478
596,-0.14148312701425764,0.04666285464607355,-0.02725791880387733,-0.08026758663963923,-0.032753046977713196,0.17190029902341383,-0.07564958755100533,-0.002378104826144199,-0.02693280484104451,0.11753256182918022,-0.11124453732159631,-0.056061328252517445,0.03094127303847522,-0.009555015926224885,-0.05339886033938428,-0.011496429396234405,0.01629784026866372,0.06702485112050466,0.018152754888459948,0.054336675863160586
597,-0.17558941011690507,0.14273659920922213,0.09609672283270318,-0.10924718871255948,-0.052502468375813044,0.06298883965724557,-0.19899292756800463,-0.0484403142568225,-0.032477174372914516,-0.0030382655586914838,-0.04554350927073494,-0.1978376148614708,0.15173823179968698,0.08700653571733216,0.16755364060482575,0.14039710465053043,0.005675437420366913,-0.15259200442874601,0.1125870572596465,0.05489453977891119
598,-0.10389268343717613,-0.07743921572179015,-0.005680047232955634,0.008205326675226526,0.11587559740081003,0.13287633216813813,-0.08151809517434883,-0.11305195881501476,0.0174369182577306,-0.072481692449405,0.034055478427629654,0.17882080000537384,0.06679203982192057,0.025792824906730516,-0.10780649480352537,-0.01319039518120028,0.02909631645870989,-0.11204333053944435,0.07087474120796301,0.01886961673476038
599,-0.03617717770184935,-0.08932812202992775,-0.025466472210375714,0.0012479385992963106,-0.10803787912819289,-0.12012842114863596,-0.07554224445267575,0.06358697037679292,0.07358126600134948,0.0940481171393086,-0.04939985350065338,-0.10532162175281612,-0.01196851556204533,-0.04166858352224771,-0.01303637863187047,0.10111917702603646,0.00767550277426013,-0.04138635855661202,-0.02394211662507898,-0.06714020665157953
600,0.1303722926338037,0.2166879910265873,0.23765663318992533,-0.045743703105136306,0.05648709705515316,-0.1667554760148566,0.024067335889937563,-0.025989544967793096,-0.12441225345900246,-0.08786847383118691,-0.06349475730082269,-0.2149166761870648,-0.0809943508564195,-0.2102029052298588,-0.11888119908072003,0.18223212861788005,0.12626080089720926,-0.00643063945023556,-0.058499477755848066,0.1292387227555025
601,-0.07795164500803724,0.029540441202517708,-0.08678907976301856,0.04073933552253013,-0.03697329638672855,0.07212380189381017,0.05117091549071728,-0.049745842903375845,-0.0737365257203099,-0.014337246128548867,0.11992739925437011,0.14308206894866007,-0.10877653591630183,-0.12813648661237054,0.11214843803277268,-0.04807360590789426,0.036861293544462874,-0.02574675133420506,0.0075609709345734535,-0.014291974999166096
602,-0.12599540563741138,-0.05283728151980309,0.11041550167648961,0.24156508166393822,0.003197971036997027,-0.08160895279547667,-0.09844863822377013,-0.016745154535456882,-0.2565228586051556,0.08590575453850978,0.010464209896642408,0.1771858844846254,-0.103954429027149,-0.002520188503479625,-0.03301596437490473,-0.06597282749025073,-0.20085637833495648,-0.10981057710814314,0.006028469508008228,0.028071744916338064
603,0.11625125075212654,0.07654176646173907,-0.0010373272223409033,0.01718748064780386,-0.13198618591689354,-0.13723894322459673,-0.11752347685096967,-0.11585279243533114,0.22847249304206318,-0.1929251911031398,-0.1131261937925137,0.01484156690374574,0.012420387668075333,0.05163820879396548,0.021523711468589682,-0.07219030475709894,-0.04137475309089742,0.01891738996190611,-0.10421120689172292,0.02268930930423118
604,-0.03865419977524791,0.08891683436228887,0.07019676917264399,-0.1117057264848118,0.053124264032811945,0.030089133000218593,0.08711213881457913,-0.2889245973243395,0.07185726520019875,0.08222128636760351,-0.06560390602593061,-0.07734492131153084,-0.013055277839361178,-0.021966743702643964,0.10075215839894647,0.04492477560501773,0.0003325220235371147,0.13650198589167253,0.10257505868070943,-0.15658544887829387
605,0.13505266834234572,0.010159296365996964,-0.03016021553592316,0.14535763209942365,0.006285721403562365,0.058869273569584574,0.061127900077244876,-0.07896062656492436,-0.08813875012563077,-0.09311451541480045,-0.2158115630811267,0.08279926111651176,0.08600082448654872,0.005583604914952691,0.04785526632315601,-0.07037202505881904,-0.02151591894807801,-0.07267062651482604,0.11417475231595886,0.2429267328700726
606,0.006905532426397134,-0.01911928270689048,-0.09213264965743216,-0.006311694343622009,-0.0861712021099146,0.048770344327990434,0.15157499936476984,-0.037816656899332,-0.08483956475296296,0.001621056003439774,0.12792995624270567,-0.12059879350359864,0.08554093704419474,-0.0620194470649832,-0.03289160951432397,0.0492638332194001,-0.008006037095882351,0.18382008607340725,0.11456855766579858,-0.1289171813831125
607,0.043243915783335606,0.03470989806948221,0.10460663969841442,0.12068485164253724,-0.04769648427089052,-0.04496156188774699,0.06382324073152608,0.1100888079894298,-0.03369654352955834,-0.09046181338556716,0.08174000113042576,-0.06863751421338159,0.08377755181479431,0.15244432052187754,-0.06582040077850251,-0.04133741471806958,-0.025676246118972724,0.07952260030745595,-0.0771881315876452,-0.02618583188258421
608,-0.033479023907895804,0.037178354788206386,0.018214619541337476,-0.014858274117298682,0.14032402256275583,-0.10420307768271155,-0.05015271553592712,-0.09348937651618373,0.12407828989073426,0.005376463458274351,0.12141148179907917,-0.05502128380904329,0.08526315728965272,0.007392197816737542,0.21945926509486788,0.051132144734266555,-0.020381109837868405,0.04907940751003997,-0.08742758330494975,-0.0019899717863728454
609,-0.05696126451610014,-0.18274281048789998,0.32128125312607647,0.0018463968638581004,-0.02836703359728456,-0.04215044384661824,-0.15624900102485373,0.019841022398712528,0.008143577529129361,0.12325124494844872,0.006146398169477989,0.07814498723032051,-0.09493424732337453,-0.04091757889114449,0.13696830376616784,-0.035968551587326245,0.19153876934642436,0.00301187253797888,0.10171891660832073,-0.04823997400876809
610,0.08951562944062001,0.042472134396799074,0.027614964200877744,0.02088216780347087,0.15546909773488385,-0.030616675337584727,-0.08366941140555798,0.03868158004778391,-0.08479662632519618,0.108692077757596,-0.11209152386883132,0.038916273759752484,0.1411083256810511,0.05398839344318213,-0.12673717814523452,0.16004603464561076,0.006490703915738439,0.09485953963045964,0.00917622133891772,-0.28481038116087615
611,0.1374216514173511,-0.18494018736788356,0.13571451706881735,-0.12261339883422974,-0.07847839724420612,0.07280832371834255,-0.12821480866278046,-0.03988372859972601,0.028032041876466414,0.1236369489823678,0.15005954282231895,0.03541665896838231,-0.14904863425503306,-0.03719738335739362,0.11079798213499606,0.003995622456057786,-0.17250578126163155,-0.04863033434722311,0.024998197524571945,-0.10343167549389021
612,-0.004768224789964124,-0.05762238109351099,0.22487832709076327,-0.08655653626626086,-0.048843691338655126,-0.05082117790998746,-0.055169443282013626,0.03407400476166972,0.03379432947949169,-0.06550182570207622,-0.05740749919117709,0.0960974355931487,-0.12753179380650356,0.08188049900892884,-0.04743128010264063,-0.26986941535360454,0.034781341950282034,-0.029213845506767644,0.04160563991923714,0.16375736252904594
613,0.05682419168104273,0.01909816686936467,0.015497639899641478,0.10072780181992434,0.12642345355410783,-0.011367030665206732,-0.05944453520813656,0.24308497749021404,0.02747962456510153,-0.04240913875420963,-0.14377407878144866,-0.027222015297290094,0.13799816145546712,0.12463707036278933,0.0730746136156457,0.14686641562064684,0.06545597515146685,-0.0784773972597294,0.012096958673204036,0.23825788120508276
614,-0.1179374493792542,-0.0555146313574835,0.04071431772903922,0.05548977893762909,0.0208250073354391,0.05370615270275258,-0.02015065118700658,0.16364218863297308,-0.11958747928373466,0.049970636533637196,0.15561406323663377,0.16454087635323916,-0.057288678825891254,0.09555976155354738,0.29595745033634674,0.05801039388148106,-0.10322341737000948,-0.028865673570702972,0.0215148489709379,-0.11152153791653774
615,-0.18885272585160823,-0.2510411005465585,0.0024869246945271478,0.1211164407477726,0.06601407735915461,0.12743757565549024,0.1634809943815534,-0.06953442969702626,-0.031567662728460795,-0.05711622500816916,0.05340038562512122,0.025120398825294658,0.1216586744410333,-0.044823128904928934,0.10037620221428692,-0.08828602995558468,0.1241367473010671,-0.08838360149376948,0.166423315225091,0.036476537460713505
616,0.06866807797634816,-0.07467521758672058,-0.09752087336753633,0.05602213592013493,0.08504599088053978,-0.026175158722552105,-0.21872681013380985,-0.07096670442146367,0.03753102649280858,0.00554954323337903,0.08132878037863045,-0.20869963107003617,0.009064595511722638,-0.14186244979232926,-0.11666649491817759,0.01476984108904472,-0.10401791118863049,0.06501973735256504,0.025112320096941847,0.059419021686621006
617,-0.033664735608686935,-0.022146024024924774,-0.13645045127171235,0.03996034632164954,0.025891430193892586,-0.18550337934913566,-0.09191940948263491,0.05882705858645045,-0.07830471079694039,0.21737736236262567,-0.06529112003732926,-0.07078364374152195,-0.0029851527129763217,0.03638302175562826,0.11002655922339223,-0.042547696906591936,0.1429537186670466,-0.21699108642645198,0.04149705692446965,0.07297797844371387
618,0.03403184348794752,0.19199269481622616,-0.07225518047851112,0.03198631489713317,-0.1009899736403768,0.09246963508590665,-0.07070220843880295,-0.06681228469345526,0.16941830935244395,-0.06496236845927775,-0.07541568394598912,-0.07942125351475728,-0.16752151213404262,0.12444354520170738,0.07786435572470535,0.029741624667094454,-0.012009415707287103,0.0010967911138323014,0.09107343132362097,-0.1512446376197555
619,0.07909090434371442,-0.02983024029540129,0.10161096468435242,-0.24425945451893635,0.1962345609745418,0.006906852518375818,-0.03283569462861537,0.12496363000239506,-0.09058434162008863,0.004978137078120531,0.03144007228416073,-0.11713190768659197,0.11931037622986068,-0.08836164818669746,-0.009013203016332886,-0.016249774919721433,0.2992257455856514,0.09198022620530504,-0.0313934664710577,0.02735111236425742
620,0.0003182907325730115,0.09040815044299055,-0.04270635117376395,0.05585435698255509,-0.16247635152912934,-0.0745678457760597,-0.0731924517714863,0.03017304399125779,-0.024076821949483376,-0.010804902672108348,-0.07501157621578973,-7.647252554051831e-05,0.06767926614083863,-0.021545243494763704,-0.04650161295794163,-0.16290708644350005,0.15828425270642912,0.09068650438026338,-0.07053888083760973,0.058813673851587665
621,0.11764861575560857,0.018222034466964323,0.042511793171278005,0.09499265277532207,-0.07039195142067217,-0.054729894382278536,-0.1607441658005827,0.1246112872513688,-0.011984280001941142,-0.24594165858832684,-0.06810574143458879,0.06956117176769919,-0.1171219997321008,0.05425235453763409,-0.12755411266616742,0.0420821096629233,-0.13869892186710525,-0.13488687228281365,0.08207337340215601,-0.160321795073457
622,-0.2035674490699544,-0.0989212755645453,0.1138903394525321,-0.05262443115462196,0.020389210469284037,-0.022599862438181396,0.09573557860594323,-0.03669363028437934,-0.036497312986574014,0.03435751966670874,-0.043046595867256614,-0.09375997092038794,0.0422896229731315,0.08825114792306721,0.10599413724417923,-0.0762866743122733,0.09665391486217052,-0.0924942318263453,0.02122995788168678,0.0037632309654596833
623,0.029161044958722727,0.08951000193174447,-0.025796082529155797,-0.0010803409259381631,-0.13616542810949453,-0.04502781188266872,-0.09443771200619082,0.034844611738958545,0.09790372882673949,0.09715321643014777,0.07041579653029162,0.011268780195458732,-0.014442283693013456,0.06980435122741674,-0.05246012012006402,-0.1005149043619084,-0.0947774433501925,0.07065430190020641,0.07937849168696336,-0.04854606402559086
624,-0.09410838348455505,-0.10742874022915354,0.06860901128621653,-0.10746647396958199,-0.10761207599869396,0.026231155951368153,-0.09510918818215343,0.08456449738952398,-0.11277405652085902,0.026549231546368974,-0.16701536041834775,0.19163294038660286,-0.017189851474498172,-0.06536593123188522,-0.0456575721869865,-0.1360715142815123,-0.07554816994194874,0.014838371601607156,-0.007671952639862227,0.08761580696652282
625,-0.004086030433294628,0.11202641792481034,-0.07699586126387978,0.1005336101338877,-0.09736387186766872,0.06832536847291602,-0.024873808041823025,-0.04524452626030659,-0.07505678168649765,0.13948384832228705,-0.05319846819084324,0.14070197429407233,-0.14905379331999719,0.02397990252543368,-0.07964872960222998,-0.09041404910094715,-0.019650138786027133,-0.000874845516358641,-0.09742441472038495,0.10479512003864187
626,-0.11929692834316578,0.05927855070039079,-0.04070290532510698,0.10285302828755315,-0.18937203279375278,-0.07919356092495643,0.011906178078603499,-0.03557355970628393,-0.030266180317515396,-0.00630324992328394,0.05910124504771225,0.04887928922285141,-0.08340443390446009,0.016202969684790333,0.04859576053275308,0.23413533723030205,0.2143542429568576,-0.043632354407536655,0.06529429670633087,-0.023008757847909938
627,0.09293228405983087,-0.14098688796243203,0.15324361859444033,-0.04692527667594662,-0.09175947161488875,0.1389574105001462,-0.1567657779881267,-0.05480853859166936,-0.03734352870314852,0.03165495710678872,-0.1528871103674372,-0.02923722233290746,-0.23826337773540132,-0.0897062534604878,-0.10604858836075419,-0.03008755941089047,0.054396436833152345,-0.1381735695013006,0.08345300610173606,0.12522878770136586
628,-0.025900454766534086,-0.1087117731997119,0.08722151356800546,-0.15838392715388389,0.04000677491667553,0.07445633781920794,0.04059642006630762,0.15913031634559527,0.07311079540288783,-0.14278315126222427,-0.12937525085781437,-0.09894250074106206,0.04333192024834568,-0.10731822535396665,-0.09137763311506612,0.09823370454828932,0.07507818938068654,-0.06579530996412336,-0.09164844664887445,0.04183400449747888
629,-0.15635414519122012,0.14813288095466004,-0.10337715380981893,0.15324238176421845,0.11341588446636697,0.028472103082350243,-0.07247376310883734,-0.029358342538817733,0.020447071728309386,0.1312737096551932,0.018127528077556423,0.014541557074239464,-0.01467682435493563,-0.06952038518176908,-0.13191634699665136,-0.056264016549976134,0.09427447698237597,0.0301506947536887,-0.04984600038836947,0.026945903008494376
630,0.15117054357083648,-0.26122794600736937,-0.02419798933243274,0.05953989751942533,0.08121222278877713,0.049563937118468605,-0.14413079138998805,0.1941745037687227,0.13280534970709418,0.01577620281426899,-0.14445142282684417,-0.09704604431128458,0.17008323707006967,-0.05115008745878467,-0.14970653055824756,0.011323165386324949,-0.03459288859035804,0.028760200012533047,-0.12073128367633978,-0.003217544634449081
631,-0.11466413322012951,0.15900850188889196,-0.012875078583798496,0.009797142423813545,0.12582254043611085,-0.07898593067864917,-0.05486523554456082,0.0976985908727251,0.0524258735531725,0.01231752618624224,-0.05768461206862561,0.08805865716166938,-0.03702126408228845,-0.263934388281125,0.0697617631333422,-0.03358422597400413,-0.20789023770344026,-0.049688087212450174,0.12768798171130377,-0.1091038915988604
632,0.08744267588574542,0.01663534850397277,0.08533054317659317,-0.15653960591414764,0.1581552550862742,0.17291689429642418,0.09895893924770784,0.021123586924260057,0.13976531912247095,0.09184823953927086,-0.10080206067973457,-0.2191515491583991,0.005055005760953524,0.15882117505753676,0.09319762112168761,0.0407366369952205,-0.012504565841625782,-0.14111938866535428,-0.09402169503861456,-0.10035303567081255
633,0.022262342853353108,-0.06336327269258145,-0.06176373841450277,-0.07587042249269713,-0.1346433534825007,0.09298166028586517,-0.035771761851597125,0.13585280373722425,-0.04744145861431397,0.009546021078349249,-0.15196659363042478,-0.05155321376322323,0.009310565090872025,0.057032713337419404,-0.0975855447709912,-0.10772873032752546,0.11027463813400946,-0.06742128591800571,-0.03741383420507269,0.09625697699554926
634,-0.14363109944449934,0.0003859086066714521,0.0035718945653564907,0.042452178073637506,-0.04539423203900124,-0.09144349810656152,-0.1971802842165671,0.3220870123830045,0.06030179595416697,-0.02544592305962236,0.11450974196230582,0.11221471563328668,0.1366060879625762,-0.1138812441695501,-0.06689434825327495,0.047838997113066446,-0.06984176301129263,-0.058231780430292,0.032258181292799594,-0.10080790390692368
635,0.08879235531826438,0.06419136927379664,0.03587577825974438,-0.08011166035412326,0.07668858298920193,0.01480645288185302,-0.1536939928038803,-0.019947006898495996,-0.05044147888763727,-0.15243242451988412,-0.0029687907039983356,0.046341421322974925,-0.03420349791532106,0.002665791150680211,0.09184557565150303,-0.12584002769525623,-0.07093149008688579,0.0392101127321121,-0.022656789475457274,0.02820229135149357
636,-0.04245677710519849,0.03760646598944583,0.10447742182546672,-0.0870187478525486,-0.32352616029555736,-0.08045911737860285,0.1174338793818901,0.08540070221225378,-0.04077229632702108,-0.11786195531242497,0.033876345901228774,0.03294988407987663,-0.029772596136006003,0.06797776171470442,-0.16395998274750767,-0.03683919078887634,-0.05805120812204588,-0.027626481521354537,0.11909557427968205,-0.03546894704634878
637,-0.09996726055466904,0.08681830673538775,0.06595078713311715,0.17094567817458395,0.06936362100306777,0.1609659076725981,0.11399884434866162,0.0859746004116828,-0.005970959904892095,0.08781127273874947,0.044872362489529145,-0.008687926078757208,-0.035156983050984754,-0.1814811566204812,0.09212540464675793,-0.09453477574931145,-0.06158113621289372,0.16755893550809559,-0.0965810749973692,0.011441558631449918
638,0.02814697892393204,0.01189146484012581,0.08996921446268556,0.07600326199878692,0.07236911802659217,0.012244038551665453,0.07701394299758732,0.011206148308572346,-0.008836968416380918,-0.09861938672399272,-0.0661755616973724,0.01660520329075803,-0.017748929896452312,0.06314886999796211,-0.10867220607956365,-0.19381045888265708,-0.10603378038130598,0.01036812604797338,-0.007095664672765264,-0.03060212061552689
639,-0.08689998512218323,0.00695203053744288,-0.11384813736788274,-0.15433682528202908,-0.012678358807350848,-0.03364898534749077,0.014317183959976509,-0.16034287728992933,-0.09526662662511887,0.008996863753617586,-0.041084273247569615,0.09812290980360805,-0.04237784197440397,0.0901004025312183,0.029195611976585267,-0.020246409731561155,0.022839306501866944,-0.08611591731331925,-0.13601838834733715,-0.001376651516557034
640,0.15859533280739851,-0.05104514395852319,0.04101257341391165,0.13725155957531066,0.0242143782001842,-0.14633428677055263,0.05448265153576443,-0.08091553197125749,-0.2652713039383419,0.1469951913887517,-0.06536777047901261,0.17193899052705347,-0.02547550999063071,-0.0031602547838587578,0.0946971679639411,-0.07940943048879133,0.09569736303546303,0.06635487916395692,0.04545695344277341,-0.04007062756790506
641,-0.21657211871579182,0.019241078470419337,-0.08735195513562494,0.08236460953085083,-0.06737764113945724,-0.09478683607705801,-0.084384875822347,0.1033057812995703,0.01757179824822199,0.09649191769669103,0.1784497820901249,0.157089217073017,-0.08901560278995502,0.04568948985201709,0.018906160551095993,0.0438696877723753,0.10204387598969633,0.04870704745169574,0.014713984408877452,-0.036787265900549836
642,0.18615530327365404,-0.08344946062047313,-0.00854435870802344,-0.01768788809748337,0.1487849846733391,-0.045529290910970376,0.1524161412192037,-0.06792164841764443,0.03731784159346684,0.17729476408573638,0.05259148797006162,-0.03669406574548384,0.046505028703521446,0.0313972980180034,-0.025742264856455355,-0.004926617035734509,0.009130152229266499,-0.07121739893670807,0.031357945965413976,-0.014612990869168464
643,-0.10231727637793563,-0.048409665718357,-0.10809759302369902,-0.16830346790497708,0.02264169676116123,-0.16238627299178143,0.009045747926885995,-0.05685679578769988,0.04846848980314178,-0.14434823843960148,-0.01591036524088061,-0.03772667063192492,-0.18136850242925331,0.009168905236031808,-0.03865546667741947,-0.11846792730612715,0.21296960171180393,-0.019805396069909935,0.14139192675436313,-0.09644142572374435
644,-0.05286069482917694,-0.07202974582369231,-0.1778747474740225,-0.15876080647562058,0.16411920383937115,0.017560320401952722,-0.006432061183375218,0.1761877381996295,-0.06618380841206274,-0.06839518622369944,0.03474259031297331,-0.03626437720271866,0.014938985415641228,-0.05997497419733684,-0.004958293942159547,0.016448117680747668,0.13444769445282428,-0.005612237926444996,-0.339463321774458,-0.19892010129493473
645,0.05097394355147356,0.12867045004634814,-0.0569340901182344,0.027740432015050717,-0.07060488647210757,0.1305232892344441,-0.03275951284194823,-0.045164305814139494,0.04270526556301555,0.009769875771820542,0.11060461171188989,-0.013976340980998377,0.1338421493445356,0.12905388747385568,0.06628465958723657,-0.08204233115325268,0.06723255863093729,0.09031410515282204,0.02336540156799147,0.12833932342791532
646,0.1521754786282852,0.15144427854494322,0.10875844259973298,0.036693306944323115,0.111450729400592,0.03742595732824774,-0.00021429666213358502,-0.03794138902575865,-0.0013339620796156565,-0.06066263765413689,-0.01159884407362815,-0.026157802896245547,0.0990897157163617,0.06814017157616051,0.0010229890506809126,0.05508539191382505,-0.11351516015066139,-0.008488376313299503,-0.0914049150352886,0.06579297049688622
647,0.023493184626269693,0.01858466293367387,0.06351044997472635,-0.013380833683436396,-0.15695907337988615,0.002861962410946287,-0.06730735388204474,-0.012730159732436647,0.11059576603878528,0.24063064285402022,0.06296345455533257,-0.01278406869197419,0.02681862563229765,0.09526604926282962,-0.1621735779929978,-0.029349052582863785,-0.04248270347407672,-0.09910629841028426,-0.06296066721842382,-0.125035264209835
648,-0.03643947918536446,-0.12892178047318859,-0.08126370553120038,0.08685026927624409,0.045396748181306026,0.11608009563197269,0.11726280363518957,-0.22764403891467266,-0.013957223556477643,-0.11668584922324518,-0.1243355517642623,-0.06914144197277992,-0.13791516906912957,0.008908601632233762,-0.21288268536076452,-0.09276565492932864,0.11996759143184935,0.14989748831278185,-0.09698930975078796,0.16137396314558067
649,-0.10670698038168609,-0.1425252771530869,-0.24116824514445673,-0.1838574007219059,0.031379570159461134,0.17957568067103974,-0.03386990978271965,-0.024143172578304856,0.09961110302601343,0.13290173807596387,0.058908982546271825,-0.0671051188658795,-0.00424145890077121,-0.05085107200417254,-0.047324350123084766,0.12913013650361072,0.024749493258593658,0.03215391534034415,-0.21416475604032695,-0.009073121688087838
650,-0.012283438199285965,0.029593390688766343,-0.09217029323725957,0.01805082900557509,0.14639504440407966,0.003967025628845752,0.04950341498891808,0.09645892076078488,0.1393855646917079,0.05159414661829479,0.06453721682878885,0.05717777607429522,-0.14588690845692495,0.00929930949954543,-0.012055251246067747,0.014809414300230554,-0.008098356089461516,0.010999917861398997,-0.008412661466980817,0.08319359027399
651,0.03172047721924553,0.06733181083930265,-0.055748383250382755,-0.07180313801493757,-0.0496711652107465,-0.056088952953426474,0.031692874956068276,0.12700497033031957,-0.08508511345123818,-0.13461015732254433,-0.024517546971197558,-0.12719561111491823,0.10535219356461743,0.013237097820291286,0.022803219993947067,-0.09205909138822159,0.05008295860558201,-0.07427438641586095,-0.11456342141069407,-0.01632288623598224
652,-0.009653437470656046,0.017917698386450125,0.04614469024293586,-0.012854418926755965,0.11486666037427548,-0.022831817890737193,0.07555064011600454,-0.14538544603078749,-0.24823731634623641,0.05482538629385219,0.015051698535644868,-0.08129911881211892,-0.09441512170265177,0.030745018578020502,-0.010486740476073357,-0.04762897411532015,-0.1044051884629858,0.1838218069946893,-0.11470440590562998,-0.004207679485022673
653,-0.12052189628032912,-0.04010019263995952,-0.06161089112835849,-0.03878163723372532,-0.16025833621243002,-0.22023988183005483,0.0009847287956170354,-0.008062333482723586,-0.1807011544543854,-0.07528666246580039,0.048768899933336635,-0.17542490475268194,-0.11556903011857682,0.11109333907903073,0.03253595790070263,-0.14085801579457866,0.04089443667202484,0.057248141768399076,0.0270448992890064,0.04012206553109836
654,0.15548166915842246,0.047877762028959665,0.1397929256352615,0.08772431719117416,-0.14390821510600957,0.08588593073306847,-0.03669325020850431,-0.006966165073058849,0.0037164563676897137,-0.054322271229631965,0.09878893378275176,0.08846971184557877,-0.19342907726907665,-0.15397934389706316,-0.02842471277284651,-0.06926516609834431,-0.05519875558089417,0.11089211421184057,-0.05137944474566737,-0.10095642539705471
655,0.19583249044497816,-0.07061707681909016,0.19535926486608093,-0.18856569700430892,0.16899544786129575,-0.0014326088827531747,-0.1058940179356068,-0.03498573664986511,0.03406418775460421,-0.06322505126181548,0.17322982043152435,-0.1127597177061437,0.061326591623308245,0.09608156960212996,-0.16151985464799754,0.2170384102686548,-0.018251040886570313,-0.0013877018716492752,-0.03161825322514283,-0.08413673499795002
656,0.01974520684520147,0.07520216642574142,0.03405905522694302,0.11572686714790043,0.04578969658289514,0.17310348473637963,-0.08748525092042791,0.02342180484616888,0.11541723926236755,-0.13603352898864926,-0.20580180558007116,-0.004239261474221404,-0.14218988991821246,0.0517194316233422,0.016622372384596986,0.13536205840609197,-0.10515355822054642,-0.3186174277520492,0.06313042324413548,-0.06035726105117406
657,-0.046486156610988705,-0.06796554513873956,0.05957430944801688,-0.09980830717383357,0.1258163512060688,-0.09415465687134895,-0.00909894628293794,-0.02651456590526538,-0.1310981433660089,-0.05052999004513309,0.04598925954933422,0.024833560485903086,0.09499763660669955,-0.09245319059327926,0.009691742324452437,-0.10056768316660203,-0.09395422938799902,0.17819445127600694,0.16423066969504804,-0.09097801725583052
658,0.07665829534315637,0.2525100160288631,-0.05533898587534687,-0.031114435024080265,-0.07489610919041095,-0.11429447481345464,0.030874446514655575,-0.04849396637068571,-0.1322374600430486,-0.12921979723921653,0.30822379819843154,-0.029409085507786543,-0.04191271392547565,0.044225020592887666,-0.12726397726818134,-0.1716643222843142,-0.05962404467927976,-0.03930732371157827,0.1487050196126673,0.1476338180034826
659,0.2659235174646013,-0.09658147430982461,0.06445885431032584,0.08418324738900466,0.021076494907880047,-0.20123490323423263,-0.14363767893909893,-0.07270892726389808,0.18497458338949246,0.10979940886181117,0.07397018122400949,-0.07821072040583096,0.22098988222610494,0.04724903192246923,-0.15579489353152673,-0.049921887298999296,-0.20665914731113263,0.031502212430387824,0.0352061711323846,0.04341683709065027
660,0.1926645813777869,-0.04147496550940121,0.01657980335020192,-0.027119890482426755,-0.05927284936885966,0.14130149442622492,-0.034882868216453075,-0.1135587472305336,-0.09634211504938522,-0.09725423908757978,-0.2793737398922521,-0.2017052937082871,0.14361765465260734,0.04101398603073031,-0.15319074510570857,0.25415875021036094,0.058430326257373426,0.07519890557281425,-0.07616451284330839,0.05476891932741322
661,0.016044681291534472,0.08728509743389404,-0.09507831945763053,-0.08304172109681135,-0.019546380927527245,0.024587928847663337,0.2198241422467122,-0.11064931859865475,-0.08413877511987569,0.06925697386785912,-0.013454219488994229,-0.16030386984665973,0.17887564242706183,0.09977346321003323,0.07008338331174234,-0.16812541315270227,0.09713258898935768,0.13422971246763038,-0.006593892734043546,-0.09592673399732428
662,-0.11599002903507993,-0.05685794148034676,-0.05473191874119235,0.02547304586230175,-0.05739267012041744,0.015062190400564649,0.01108188652695363,-0.017941034757959124,-0.07977317544305632,0.13890622442626988,-0.10560744607773681,0.045888550951906845,0.10811966200820368,-0.15206804887272762,0.001978866572990481,0.043667017327406785,-0.172165107719139,-0.18241343445915018,-0.07724772296018491,-0.03745168596314843
663,-0.09808326815749818,-0.2544500638870957,0.01727595005910534,-0.09371631735993301,0.09334834134878046,-0.13792013815489565,-0.03008844963434447,0.04231202661976194,0.05577835249267088,-0.20036970542501067,0.06774620740301375,-0.041110534964592445,-0.03870054315090021,0.001567171528203203,0.10045746692209183,-0.02063028068925019,-0.0926169826699254,0.06328267561204984,-0.026050752941726894,0.00495271907932884
664,0.05725973224583267,-0.1553617139923222,-0.039844914013830626,-0.11960658616622574,-0.06242827902990178,-0.11114758187866701,0.17252706418817693,-0.09171222526857714,-0.0588689141223535,0.14547831203010916,0.2160674377115357,-0.05683878035164586,-0.34616205635807457,0.020035090325900638,-0.05649858587964852,0.10889571255169528,-0.059487941531368514,-0.03986241355497481,-0.046765254671325564,-0.20061983280204881
665,-0.06330654734432599,-0.06551592848522908,0.06490800119571043,0.0710593092701536,0.1901439378771387,-0.017184486283895076,-0.020680866350602026,0.01956336897494012,-0.15863308219893682,0.06733387853656612,-0.1012325738244843,0.10885035940908554,0.01547579693110607,0.041772579491941866,-0.01107417674599016,-0.009113594948752728,0.07151190303690538,-0.19933057290947695,0.009562537972129248,0.0010992868637032121
666,-0.1253985871035405,0.006539827526877896,-0.165034680693969,-0.28319381641731267,-0.16008198059103695,-0.0010538322731367717,0.035323987697424765,-0.2188293166617038,-0.07522946028558618,-0.2386766671445116,0.03474219067558825,0.025982412215675744,-0.04832257442862016,-0.0056243996837004795,-0.1466116653443957,-0.14857019870300045,-0.05811225287539948,0.04185108497130813,0.15869574253449206,-0.15224171767202854
667,0.019009020794718168,0.14806389331654712,-0.043090251377612104,-0.1512733209307072,0.04432567103068354,0.04522188824885073,-0.07041512424258917,0.03750687692723042,-0.009866408885045926,-0.030309983631231045,0.07749130457089909,0.09917143912001092,-0.10085303898365043,-0.039794777813998525,-0.11240435551431212,-0.020843891070585784,-0.039631668821869644,-0.22076435472129363,0.03775762310553429,-0.12906303143379896
668,-0.006708729753662511,0.13863337198615855,-0.02016259968801573,-0.11567393816568362,-0.0002926976754518381,0.13056948286857964,-0.04676148322936322,0.05123218589566205,0.08949060423285495,-0.025923605589268525,0.2343546863870992,0.12115717896748854,0.060669080936471054,-0.11518742052285659,-0.055387407222812476,0.029342647786925368,-0.06773497593610521,-0.12760713327289086,-0.02752641344639554,0.027314028837898924
669,0.02158124887512,-0.010370612991927208,-0.19760472132370474,0.06533350294888923,0.09694148825264014,0.10708368680616548,-0.17035947050684574,-0.0008624651188341747,-0.06219305398961316,-0.021619041352308334,-0.030364730468172972,-0.018262310633212122,-0.06852917970687578,-0.07511201582968959,0.1081573838393077,0.038848324706052886,-0.07360317018883825,-0.23543006669816505,-0.023108971428874442,-0.010820444769099135
670,-0.015425892351020267,0.14504715122518438,-0.1944413213136606,0.07383655086274224,-0.1574339541072421,-0.12501969553309794,0.024457925824917712,0.013505918723384726,-0.05583516233180116,0.07881901538492402,0.15097731408948725,0.10766080309342377,0.13503556370917386,0.11073624184871185,0.05169178757185418,-0.0390527748910102,0.06846216957672309,0.046009018328655414,-0.0484282045760703,-0.09293411259618564
671,-0.04671300627488394,0.022849487741527407,-0.0470984730541319,-0.12822624228063453,-0.026208915864439124,-0.053594737212204105,-0.05708155481635177,-0.09069594487038386,0.056165619864418086,-0.19070746764297136,-0.05910659648100184,0.01619794639553492,0.09486815883428586,0.015684260428006403,0.053356769881558255,-0.012949477016373886,0.017760041512358424,0.01764159773381558,0.03775076619041497,0.12195042146405775
672,0.007402266479423601,0.034063974154284436,0.007139694382788192,-0.1281534900104445,0.030361637140891917,0.18855532601858685,0.16699202319725365,-0.005873000089934212,0.005496219449717431,0.12082257685431179,0.20248386064022264,-0.0023376464850566768,-0.009706648636527372,0.005808307692137389,-0.05879338471585164,0.20234298200882408,0.025824245136564207,-0.04689067734024607,0.02798639532151878,0.035152389960194715
673,0.07223408669535894,0.10848089036582778,-0.024081976666593584,-0.16745638347423647,0.10407119589621736,0.0742018004724029,-0.05455211576664888,0.12203149366213237,0.07420750792065746,-0.02047923116550753,-0.03073436271911503,0.07806792715180884,-0.09923161239415816,-0.045833719400135135,-0.0588938474839962,-0.08879150926555111,0.03192470342151562,-0.12180003688669078,-0.22026381187577246,-0.07733707431096673
674,-0.12737180523541924,-0.11434418002323656,-0.037545118770604825,-0.2612850471045665,-0.16993027231178734,0.03190992654889798,0.020172820170697457,-0.0868034714635109,0.159577152585594,0.010511915663235807,-0.1603911846067413,-0.11750895372784594,-0.01412035742218845,-0.12647610446474725,0.007529369886501696,-0.027397559306316082,-0.0511129451294549,0.20063744005499676,0.25631656570552047,0.06435949596028745
675,-0.11631176561454844,0.09073939238616677,0.016224014777082893,0.17522036251242304,-0.053811391042787725,-0.07375496386040042,-0.1460533947460255,-0.0031964955531913965,0.05732253603650528,0.15732678805716016,-0.20264679109978606,-0.00967444956065967,-0.1291524232099265,-0.09675402272231537,-0.02420819135541716,0.09136104337845911,-0.0494298005554155,-0.21108325771337155,-0.13347167682634073,0.0739215808534418
676,0.1338827391249464,-0.10636188034948818,-0.06366707862340117,-0.09063551239956663,-0.024216959232448185,-0.153254858177257,-0.13803016773644577,0.006906276246021893,0.03728286660488758,0.10666201898897683,-0.049243576498765256,0.09466179412370535,0.172324085031344,0.062461584885744145,0.020516161305714094,-0.11956984247555554,-0.10695279813674081,0.1573093883496114,0.03958486741950798,0.08018052541906646
677,-0.06412378324893969,-0.21018433744686815,-0.20784806813113896,0.025186770483848007,0.0007485793490845826,0.17993859522721847,-0.06496836859297654,0.176207631339618,0.10517119794572148,0.09466837946445666,-0.0576669843325049,0.09588911004832414,-0.0038404064283946624,-0.03103457776730821,0.0897017240617971,-0.03742662812332434,0.0512188581954594,-0.09362376452695523,-0.026443653982517478,-0.13610798529713422
678,0.13244692249890216,-0.07017423433608178,-0.2795307443245277,0.1272899010469497,0.00386208455880316,-0.012731642998520478,0.1472138725465367,-0.1393348793174885,0.10290952124947975,0.0011455490868605609,0.23134789100121356,-0.14661888823087352,0.1427242070336676,-0.06063111250466468,0.2501814990806288,0.20756393420871413,-0.00045533161303127923,-0.10502507643476947,0.007660534809024154,0.1000860900264137
679,-0.09808921185645772,-0.08926376612921774,0.11411665051496739,0.06634841658063086,-0.026628492298958438,0.020070440309711564,0.11886856147491921,-0.24760459302286394,0.1397680177852559,-0.001131029369662025,-0.13892428665924308,0.05137032976491415,-0.02293336978437958,-0.03817296434476411,0.07448468031829791,0.06253554543031893,0.07779620875029662,-0.0017039440579202346,0.1644168573218257,-0.07220619224490642
680,-0.048244093806232034,-0.10911236567183917,0.3063924247525139,0.07560911125207145,-0.0336510158113063,0.15799296575673238,-0.004407451429466753,0.033584849397908095,-0.14160514808692,0.02842709921868359,0.13245273259459966,0.036519210543872284,0.011677031601631997,-0.1665145512845409,0.029528538421609102,0.0786806193575978,0.23205609739049252,-0.009327312108189415,0.034538810156568935,0.11485057571974815
681,0.09320508196946792,-0.0067883733605638066,-0.1417298509089391,0.008773953601562424,0.06669623479126797,-0.1318754308805309,-0.20720594381675136,0.11648485891492943,0.09908276418828688,-0.10509147090575344,0.06868068650178002,0.02818510254562377,-0.028136690294414807,0.20394784929841958,-0.05172078774793208,-0.12390383563358627,-0.10715966807138831,-0.14294518948995116,0.05968983126880019,-0.050557736544958674
682,-0.008773278869547634,-0.05110686734088966,0.15944506534062675,0.05467703793874395,0.000408990210500486,-0.029580065335157606,0.07106821515691844,-0.09490678252760666,-0.08256048869428348,-0.014534867396661152,0.04123018472280072,0.10818815458199704,0.02843400579572895,-0.1613989406517407,0.09305017949149604,0.00594124256566949,0.007933387662599713,-0.063588696621065,-0.12889383394528153,0.034884482267310266
683,0.042645302913142495,0.033122761477618945,-0.10752888964432121,0.02919666173877572,0.008081929067040916,0.18589632219703361,-0.030011393883021563,-0.08043118334886966,0.012827802152043613,0.20482034502336252,0.0359560503704037,0.042657918107264686,0.10934848850478825,-0.08431723069126928,0.021641688348878526,-0.23836537137415545,-0.023773252019157677,0.03695048529152657,-0.35695202456962827,-0.03942767616565715
684,0.09212355030134527,0.042448841583034,0.05568535717018887,0.03940382250384606,0.10443715266513982,0.06746371608844966,-0.1562528291631385,0.16661214545295436,0.10286978083200111,0.026763791780388534,-0.09209903847775743,0.017303213336396547,-0.009100738347111753,-0.07402178064725022,0.13171339480993222,-0.1202565659215182,0.17745334926685727,-0.10984055724316019,0.14342933800705712,-0.09095324734137954
685,0.026609098526584024,0.019960812349698813,0.03430883564009185,-0.019163344932717707,0.09171137914464214,-0.07819256416189843,-0.08413535716131819,0.028595470584578626,-0.14811684021330485,0.07672283226938682,-0.008375812230125053,0.053913146998841886,-0.04952166141161185,-0.09375192763611252,0.09142428410831609,-0.06999730946155795,-0.11469682254747612,-0.04570918149543507,-0.025641946190763872,-0.0020874017806009333
686,0.05075255841871834,0.005659439177082523,-0.11070531644806789,-0.030811961157807367,-0.09010311752599888,0.07112629308110474,-0.1298751148321391,0.09096166393462668,-0.01410373705577539,-0.07411601862207078,-0.18227284179951453,0.06362748756958761,-0.0040594108076597146,0.09489892984854104,0.004214558319973568,-0.02107609685645627,0.06463981892480106,0.09345705713669401,0.04792883450688587,-0.05067965101649578
687,0.0770481325480587,-0.0038337981869744414,0.004462984395437776,0.06419940172986613,0.07260779195194057,-0.19270037981089105,0.23476904803233248,0.002379181404227001,-0.08886084450504798,-0.11172249634604656,0.09241155852680749,0.02965870084277797,-0.005067168943642213,-0.035694655557912,-0.2725594280920196,-0.04684929543297756,0.08729729910494237,0.06481722119876636,0.012098857749249688,-0.07317580670968175
688,0.12316328492714446,0.09132795141293475,0.19366855577675374,0.012213115272375454,0.07858945605184482,0.04641839787851431,-0.0034467707972714403,0.059103196392759176,-0.13599512848872647,-0.010075551021577036,-0.21333777028924825,0.027859985441102277,-0.06865067103821484,-0.10187005985652464,-0.023522436736820276,0.06647009117528362,0.08480988613091414,0.314181134838502,0.017805050798979653,0.1736509809286812
689,-0.09168693859943308,0.006991885457097932,-0.132734104531917,-0.08580849413015715,0.020583846301341073,0.15893091905211051,0.009339171477927032,0.03635536141591428,0.11138004207125116,0.015208343499884397,0.03213080392074793,0.1816002358079669,-0.003718054848012605,-0.028853884504676075,0.0033958626988950646,-0.10265645674748926,0.005975696440455973,0.1574858811092839,-0.2038689772791553,-0.06656855361480335
690,0.09814513648785277,-0.06413733609608332,-0.0031973282947246415,-0.08359094838292441,-0.004038662644982652,-0.08085910521288546,0.19590283271940673,-0.15153023283125294,-0.14439011591728812,0.0033975092941645087,-0.07176248994506851,0.12280845149566427,0.05246637940334851,-0.021283380698966417,-0.1325964531798825,6.670740761749088e-05,-0.00999243860719895,-0.06879108256539286,0.13203441777239688,-0.04217011270887719
691,0.018633105462872564,0.07537264238033566,-0.04029071134619503,0.012250733703722245,-0.05839512621424777,-0.00984574259671707,0.05555552799470976,0.05558876855259117,-0.18421902931913217,0.19024416645988848,0.1554551754898345,-0.04402842907111799,-0.06695245760858223,0.04816154033439336,0.032982366111358366,-0.06697980863622553,-0.02592696866298585,-0.14686527613182757,0.06299573376288366,-0.05147105214062297
692,-0.060369702046487554,-0.09445456424958376,-0.22830913313689796,0.14331698262159753,0.14111165609692053,-0.1531622085762644,-0.16198903898599637,0.13957772571328972,0.13825902317592337,-0.13606590815295047,-0.08400555552629621,0.1400448254601201,-0.0897748276415585,0.00598450968724086,0.04627060225439954,-0.12361772288855426,0.08494725193709984,0.10435123434371227,0.01304053735910424,0.05951200175648244
693,-0.11256099468122936,-0.02242451492645281,0.15965792327098152,0.19498109103344308,-0.016673291637310725,-0.30018162191167,0.07897249794308686,-0.048901161927839575,0.059019953576185565,0.13934827817700524,-0.18377989132826159,0.1308074671863778,0.13905678967364676,-0.0359729936048158,-0.1489867531832279,-0.06741669623323181,0.09430092792470104,-0.026083950642804703,0.07712655755742018,-0.10885713909433684
694,-0.15933629944192154,0.028696702156365557,-0.19404463485768422,0.19010711254683188,-0.13161134733801902,-0.030514762547072187,-0.07892452733890776,-0.006639585491875086,-0.07595167214151201,-0.09131561421034906,0.12481903269251032,-0.02001807373709849,-0.17155272400357288,0.03739274868938709,0.05518900691170477,-0.02642308214671139,-0.16025969624359504,-0.11937660365649932,-0.26807719773981575,-0.09316323217215222
695,-0.07763010722125166,-0.16333835771418143,-0.14696453889335265,-0.06837943224182919,0.05408361041447612,-0.04228057470129987,0.08611337905828599,0.015120293776937976,-0.09057775115395618,0.06914166919389929,-0.06822462994283668,0.12870744485758093,0.15589999598066107,-0.14392484507604617,-0.027099325501023515,-0.02010507562877577,0.019649634726857827,-0.14035614131005428,-0.01009656765984751,-0.0158518841353828
696,-0.23686237945217728,-0.16575394902429302,-0.14232986113391374,0.046022873652912,-0.15168118825783541,0.043643905733217934,-0.06953412327073374,0.17001027553065193,0.01165053045878596,0.04728775425315623,0.008275145269976955,-0.025895450471177618,0.03290275684694589,0.05687564533760938,0.01701147774745156,0.015122157765352372,-0.07474919210261396,0.0597760346469239,-0.031065536685242066,-0.012207284285847903
697,0.1740198620018837,-0.14461928786996717,0.08784486353909328,0.09853237196480971,-0.08974798952244423,0.07292825794583063,0.10177170335354348,-0.09393581471646517,-0.01714334375981056,-0.29014897256313804,0.08483550657609844,0.017933726498070315,-0.1602394592676677,0.13039526841537408,0.01471527751980158,0.013934819087230243,0.0004321576992585486,0.03775389086352892,-0.11451997899721604,-0.022991389577498345
698,0.0001632507230938295,-0.15820936914394915,0.09179300219872846,0.11634293163070646,-0.05092209888051925,-0.05663935844227584,-0.011719854909004361,-0.06531949412684498,-0.16439464808813908,0.07029457786745565,0.16434353480705194,-0.06511199566034533,0.0766587455420662,-0.010753038558497659,-0.10278775085590476,0.10563562549404266,-0.13917764111513445,0.06207364850632941,-0.09025957626442378,0.0302065221558637
699,0.09657278625464505,0.009178040147663609,-0.14918144525085916,-0.08065429714073784,0.049489451138692915,-0.11557406258806861,-0.12062436124854431,-0.07381233914925217,-0.15498534658723861,-0.022248447608533953,-0.03291358674110513,-0.15509098535028001,-0.1874291334099836,0.0677027005502218,-0.0384518117256328,0.059661307002314395,-0.06951937499615615,-0.034383942136735055,-0.10311332878847587,0.06791596970355643
700,0.1442733794650293,0.17601812492745603,-0.04454919984888823,0.0038537912096567573,0.04713257724206074,0.024429491095611208,0.02654915587024066,0.07119065366785826,0.09070606076068957,0.16085356103153223,-0.07604274166478565,-0.11189482771904427,0.045138056563327804,-0.03069528179556445,-0.1910589747553504,-0.0783058124154578,0.06520087789543523,-0.1852367553860874,-0.12378445581179431,0.0518096988508775
701,-0.12526697420649582,-0.20433607174248208,-0.1845552011759046,-0.0580158799604456,0.05002366875657941,-0.07000971264352181,0.17752933869337892,-0.08145700995827163,0.2114957509831088,0.16460309716411448,-0.0013188844249192083,-0.17196483774183846,0.010042771417435356,-0.12717300818337227,0.03281267557321464,-0.079424805328491,0.007062704763135455,-0.09619229065837318,0.07828528080953548,0.03701665990284439
702,0.09196444240409127,0.015830710014947572,0.005947238968607795,-0.24641889057008848,-0.06583979198077292,0.018876954042015445,-0.027667956666159437,0.1150181886320704,-0.13842765966624201,-0.05251626794489493,-0.01498525754321587,0.054742255542794854,0.11608665313544106,-0.058690177453283233,0.09474269569555364,-0.13143926167225958,0.007131360203930177,0.06777003687131834,0.15548081797226784,0.1270430284191692
703,0.012686560142078992,-0.018681696361731365,0.10888502985125527,-0.045269454966856984,0.1196513628060716,-0.21849656410888163,-0.12681797704507602,0.1225250873376647,0.06327596341009768,-0.03617710044166832,-0.014765990187467527,-0.12592628882783388,0.004745427233717559,-0.114036383055106,-0.1106310995408036,-0.024944141482277547,0.002549314962373455,-0.07532319768088888,-0.076134527294075,-0.21278387908006283
704,0.00534381764241516,-0.04665368076349319,-0.012385980710346526,0.008183039244475242,0.003165246293591361,-0.13943400665037256,-0.0396864080978109,0.11690239131288091,0.09842143614403676,-0.03214669641585319,-0.021016424687936505,-0.016340186772291546,-0.006631832095562025,0.2179263813101476,-0.08235278762647905,0.04530624941747947,-0.0022350222034247915,-0.03132140792077502,-0.30011956336709905,0.036830852709303225
705,-0.10938589029349736,-0.04195607179878336,-0.042615596883318105,-0.022654525420724783,0.029183411848383682,0.10312863496930304,-0.16658473188287748,0.02883791321421905,-0.002136542659789473,0.01824967294729741,-0.23410212513708203,0.09672288780716197,-0.022872966619210934,-0.07129266127101344,0.06445982558899119,-0.036746659333243295,0.052144692706840856,-9.502740429135614e-05,0.0032019143839418372,0.023316248905301765
706,0.07054022754346913,-0.008350703689195885,-0.2075248539928847,0.03764772074832087,0.048014940255126815,-0.04850246847371979,0.2033735218693601,-0.0642490005906138,-0.14866881037080665,0.15596813930445277,0.1110100635421163,-0.008615670793762055,0.020940441438429266,0.08830514771198203,0.05171575258374087,0.07003283753444121,-0.10962410495899552,-0.08292335730050614,-0.0741032052407344,0.24129243012203314
707,0.23045465261548154,0.12316039732537196,0.029653911013955696,-0.096141031744773,0.07046962264480186,-0.06537530450467516,0.050586049683525265,-0.030662208422964632,-0.24103676221861126,0.06905921980843244,-0.03373159727900209,-0.12759240349700723,-0.11273020619355496,-0.10297166717867799,0.07406306077398396,-0.027552006811253898,0.18898658349353278,0.104450224406727,0.08476847158521193,0.014866905681303963
708,-0.08227465842626154,-0.08864949574593393,0.05503767704568421,-0.04015762142011357,0.031051387032278405,0.04184494242129697,0.012145528671750658,-0.1218530364900923,-0.14794065592101013,0.007691355576454926,0.09496995874937998,0.0609221370245211,0.16870338047969877,0.016668688496336716,0.007084752144349443,-0.048287918435683794,0.10147468580252826,0.07972946351065908,-0.18319843854833748,-0.047738950837597105
709,0.07293498701076535,-0.20877489890659515,-0.029692330011657907,0.06243542827204228,-0.042991813658522844,0.16042946493418006,0.0013724952859187679,-0.11397158201554695,-0.11731758296191346,0.00022113019039155603,0.00041460627703305246,-0.04391457491325175,0.1272582271541421,-0.03185151781397033,0.2909166704003387,-0.12496742789997539,-0.06542731197036912,-0.0047699822611751205,0.007498276137151874,-0.12088007156392422
710,0.1860032158967784,-0.16436319695174306,0.0516679166022075,-0.15514316122742,-0.03719386857430396,-0.004253761206299483,-0.041343732589377805,-0.16737765259948784,-0.11467965636436367,0.03687527670962783,0.08153315838541074,-0.12651457876462946,0.03894019756784834,0.023176588504779914,0.03593929386468055,-0.00994336851422786,-0.020564279463082764,0.03314057074656834,-0.05415215307837277,0.08653539079540903
711,0.11562007225577367,-0.060756108770460476,-0.028277268702795032,-0.08092020785042042,0.03416504667944349,-0.09299683956527147,0.01872109596391072,-0.10507794507272211,-0.008515280086056025,0.07955029140766756,0.08329660048320364,0.040730497659075736,0.0524663413507197,-0.07294034476070099,-0.02392904561539363,0.03422750050500545,0.0878375403180921,0.0027788673462464304,-0.07416486134650618,0.12706257538829913
712,0.011853662744683344,0.14941989901503322,-0.0014167980351165131,-0.028208533361603283,0.09331678662760447,-0.0659077480630446,-0.07018542914567129,-0.11184622463032907,-0.08577373367330986,0.20982272994946827,0.017555281783178816,-0.2145697367434515,-0.24177426782178374,-0.005035795522304224,-0.019996086792700644,-0.09998778946119537,-0.22418055282264515,-0.07762472152364436,-0.004434361894729451,-0.12697297576218042
713,-0.20704004836518833,0.031367088957673886,-0.0773005988703527,-0.1389964124129876,-0.07596377814295995,0.16612554234229587,0.010393053137078858,-0.056015215317852175,-0.12506176665006966,-0.030312598543658077,-0.06980461672965341,-0.11070553737908483,-0.017757344917499904,0.025337080476570812,-0.12917218981848613,0.08768188901696349,-0.037838257787998646,-0.08061566634084898,-0.05622217943792434,0.04783115027324771
714,-0.12180273533894859,0.06036273062215211,0.039444984760349314,0.21692722622330304,-0.04976576444491154,-0.10545674484438963,-0.08252551150608409,-0.16018211007773442,0.03272058665602792,0.029558691968298096,0.011877551261190453,0.029247331410422947,-0.07357481309180462,0.09037040841947402,-0.04967910248553111,-0.11353582272538061,0.06190720948085312,-0.10630023785580736,0.06098225588283337,0.03441771074288507
715,-0.2044275547229324,0.03799784952328111,-0.19397418714201725,-0.048215866246496514,-0.06639202113038835,-0.015418104385385524,-0.11841472743141145,-0.0048066973322162965,-0.08159492449213833,-0.11700297691519654,-0.16403102804424746,0.05817011045849875,0.05481503170647907,0.04382515096237767,-0.15936724306371075,0.1700792306639129,0.13413522267381695,-0.06063421487710116,-0.13344539904088923,-0.08329790896860521
716,-0.1331458582280404,0.042111339614046915,-0.024153659738847987,-0.07137985194596107,-0.09249980764017465,0.1870810232584612,0.0673929435853434,0.02319894183527377,-0.02609590881772954,0.13050749742553197,0.0638099494304602,0.11631846551908685,0.07048488625500052,0.12058335487187749,-0.09194089092340306,-0.11813420575888918,0.0016781665737382663,0.07157366441712347,0.05980764191688258,-0.034073490699706235
717,-0.09373146081656626,-0.09296445467444017,-0.09888962624909806,0.04171095811735346,0.026385244191346222,-0.14374553597892392,0.04819400727810034,0.14834481286085677,0.004746974369937777,0.12045455966574714,-0.049342589515678534,-0.04609002842882348,0.1291705307926884,0.01107890584835433,-0.03544489152926917,0.014597312385760846,-0.18208364943569927,-0.10740937618083828,-0.03390392219362784,0.03660607185568322
718,0.13624168969068026,0.01804429157242426,-0.012070881988429349,-0.026387002123361872,0.003468759504195053,-0.07530133263683964,0.09398746539037647,-0.01767570819282169,0.02350465437717648,-0.02442819283843986,-0.22541212082358061,-0.17211944458756687,0.13829810012420068,-0.27935622056337245,-0.03378608279843927,-0.0022582657266248954,0.06324217356676345,-0.09308129032249643,-0.038907823405966595,-0.13343575102827993
719,0.10790852527359603,0.13275673474147084,0.11606685914316686,0.23954351441604932,0.0012590989507847885,0.02980389991566454,0.058377595897068105,-0.12060878225027566,-0.024223512615622913,0.06712133696198273,-0.17424621531402176,-0.0009414395227457349,0.1611086725953619,-0.07786178332686086,0.09646713632478668,-0.18959530934880664,-0.07675752673371812,0.06582680103602091,0.08522214489952627,0.005790624268321838
720,0.08005705164571206,0.04041791392247722,0.004411024610466132,0.048907156578967804,0.02675377480200587,-0.02101558445498761,0.0031452555553880845,0.001958086058882985,-0.13657371553844808,0.10637484760219361,-0.004257693789972617,0.05380560500659424,0.017271593476320943,-0.039797590423667074,0.07873367234615608,-0.03960576114521805,-0.17831198735634973,-0.0059721638454871264,0.03103201908271088,-0.18719458234511135
721,0.11354102785205769,0.23759966587342968,0.05450738185027015,0.09759357617380855,0.07260032851041313,0.04598827661145421,-0.09962289138600469,-0.13432393872469472,0.018674071922579222,0.28352853612570933,-0.04465190467962526,0.06848835220045821,0.13721060454150222,-0.05097475849666457,0.0023709055670998987,-0.048280771676996286,0.17232999532789156,0.11438969406718197,-0.1204547097695273,-0.1219991548196867
722,-0.033327370788442445,-0.0068539177651810316,0.18917353589089378,-0.09187213601789841,0.030742703105820262,0.08981701875378344,-0.09697468416684116,-0.02992296827501837,-0.12521606632499668,-0.1341187052527069,0.12049271764361126,-0.04428753203987017,-0.1300740322027301,0.08985517177764873,0.1815650077194392,-0.10215049472773495,0.08565324592153757,0.18752709695642353,-0.17500652012629395,0.03483858341078644
723,0.186540517315903,0.0814892745433622,-0.05274907750937695,0.045783265550257767,-0.014260340710978878,0.05583344483856296,0.0187009107468528,0.0020636489848454135,-0.014342375615110682,-0.08456222090756652,-0.0038486340033022717,-0.026992158023821575,-0.1186408192789459,0.010736503045943334,0.1874380486642324,0.05260521467316112,-0.2929688650603964,0.05163262619565867,0.09388798615213942,0.10563366459150916
724,0.30196078195006715,-0.13453454636823073,0.06096114981124852,-0.009556420536774945,-0.2505225145038746,0.07770543056622738,0.11147338126380989,-0.07195891473973184,-0.09952721568299677,-0.03282191327339552,0.13293746122898295,-0.11403401920064149,0.004905137753963141,-0.02016453601168988,0.030449044619709223,0.03443501108312482,0.16326157795414634,0.011004821604669918,-0.009863542365746932,0.15408317357638296
725,-0.1412681909680505,0.011117619414348556,-0.08224289244594434,0.0008862928158495763,0.19632681015499684,0.020065681008000144,-0.09625987576499936,-0.09629022223169482,0.16386075321995613,-0.021558157429637733,-0.004978202209606492,-0.004585398506941652,0.07940577051026891,0.029650560493117754,0.11840764577452248,-0.10103942188520379,-0.03578763448978691,0.1500578474407652,0.09704571793316207,0.12953744119702482
726,-0.05727435478845183,-0.05608442297605431,0.03344655362546051,0.06336218115896862,0.0012015539238694726,0.09895869783670798,0.04561563061153345,0.17519852102187097,-0.02172991611218421,0.07987653407351586,0.18156259083170842,0.04192919258315786,0.3059967245094776,-0.14651063327785518,0.22117691684700733,0.043381805829834655,0.06531812655491522,0.10978643339675473,-0.06030944493910794,0.012747768348297535
727,-0.06173204938192227,0.08634059928970128,-0.14884333282088472,-0.0043846593926190605,0.09657090200334723,0.009697301305655113,0.0366524120566868,0.06380289871692453,0.021328551229020044,-0.1322165988457373,-0.09317921117937154,-0.04209794868426254,0.09043014768280475,-0.0011208477833371806,0.21471334548704,0.03501399192109415,-0.09955020619673077,0.017615558188057615,-0.037730868303032024,-0.012774600139335006
728,0.013843076047624301,0.10217725019410506,0.10555227656769124,0.21441033810559906,-0.11203098271735071,0.12328773509397425,0.19871388982163687,-0.03836296922821209,0.1512341979543234,-0.02382491570180248,-0.015794363321904304,0.06303885636528038,0.03246609892506241,-0.17811122642608665,-0.029477232908918384,0.09736110917949474,0.06609139638076443,0.10474263180366244,0.011711156193299606,-0.020790081300533128
729,-0.10505508911485241,0.11200111046005067,0.01663960637708884,-0.08882795441599492,-0.20305527619772573,-0.0758662664899861,0.09613133344657102,0.184041461300202,0.005946506158000354,-0.14888171821894433,-0.21690018868915786,-0.06852208300294262,-0.03283711396646189,0.01571966389762477,-0.2520384919764645,-0.022981216917528684,0.16875928234576643,-0.09300201264590567,0.16146875543355507,0.0067959987043669755
730,-0.09832928150563625,-0.03052973092913335,0.08114948488558217,0.0014019523117902535,-0.0024485647320852386,0.042265831957090015,-0.09832866232914339,-0.1770645196177496,-0.08921917928361381,0.09865222286561089,-0.013431770698680954,-0.08688884172229584,-0.024222105778600345,-0.08310918341066341,-0.05559221099264882,-0.10972788878875904,0.11235648419815278,0.11615704556412686,-0.1249278011669975,-0.07544245099387195
731,-0.0816356104815037,0.02112088740843516,0.07803211945200246,-0.08669793842797767,0.12251977437034628,0.034539403063067034,0.0009118726772190553,0.11607776262307146,-0.11383513705242261,0.23551119061102418,-0.30242395279686285,0.02352803644052201,-0.009746063518988922,0.0708893819341361,-0.05931552492777897,0.1866107472532405,-0.043713205609950845,-0.09351433460129936,0.16223483970802127,0.05387796045588293
732,0.09154879124604433,0.008283612417996794,-0.06515870529332707,-0.12503490894832464,-0.17329784465527,0.019775910857702934,0.1569364759823481,-0.0010160828514050465,0.078007437414301,0.17997349277656738,0.08094237975303385,-0.15822166336474103,0.12105744202699295,0.040788204718151345,0.07468637336854146,-0.17521494547630975,-0.1840403619662492,-0.21080965164881427,-0.02127038694530418,0.049022631768723325
733,-0.10728618380340425,-0.006416724369022342,-0.010551764313043084,0.04466002487696893,-0.14057478852518795,0.00896087904346202,0.1411710087260743,0.08504370960957855,0.00029854602878952606,-0.007341316596632319,0.20723052642763679,-0.08558043391719651,-0.09724324217283914,-0.21430000280019262,0.03313892539354754,0.09512933126606478,-0.05136153996495721,-0.189035847860739,-0.0824658230589355,0.15326962568341412
734,-0.027614840410764552,0.025741017828649543,-0.18121121335654652,0.06862820142900271,0.20034084862867105,-0.04475032499502654,-0.19481845505803327,0.11493492478229958,0.02744267631279305,-0.05044553790973866,0.0909479239631823,-0.1175882383602493,-0.10812048474909944,0.11029304275360557,0.03011378009244846,-0.011121960794764069,0.1009454477799152,-0.061752190796720195,-0.01118977819817444,-0.10004385631182226
735,0.10569261435297642,0.09452422215149321,-0.03238460481946066,-0.028254730406653505,-0.07910360570716922,0.025274404645314368,0.19876968924613253,-0.08680302343613365,-0.050340441456046964,-0.07104729133562578,0.11069424745148067,0.11054336805534636,0.22680572788525358,-0.02969996433803731,0.23678573186955176,-0.033368062987605536,0.1113423616539411,-0.06690371066737824,-0.08112534142711075,-0.060518095041863146
736,-0.07142947640592463,-0.1304536767754302,-0.02033063661595152,-0.04042115654132457,-0.12281234971092744,0.11348143735736502,-0.015379076035877718,-0.12886990070575144,0.17048331916843884,0.039000609286279984,0.09162608023840783,0.027692370041787265,0.060533740154155045,0.05991426631363448,-0.040987171935813374,0.04742991338786279,0.2909582167780935,-0.07093971717119461,-0.2158137887100865,-0.17304420850031885
737,-0.06329509772165838,-0.0497540857316518,0.016106298859899164,-0.09116374714429576,6.348454050033277e-05,0.021425981528983336,0.12076803070592934,0.08831985800005945,0.1272315199676546,0.03802179191140133,-0.13552681520276486,0.2748480743870308,0.07164073729351914,0.015371174146684936,-0.16681963809836634,-0.09984789350778199,-0.03283284415118337,0.0742261643666115,-0.18435129208287224,0.13779379811624182
738,-0.04266139864673468,0.16467261329159025,0.06642442424685611,-0.24705037426327636,0.15478756906667218,0.042718822856123134,0.005656069466193081,0.07140425219669931,-0.023659140224198,-0.040343026669934945,-0.2526213882294136,0.021933533629135176,0.1357059200584933,0.048053278462865875,-0.10913581290966867,-0.14081873261199915,0.016663521165100087,-0.13084311249305866,-0.10347717993468696,-0.0022781450210435984
739,-0.07182803527910066,0.011282902567830575,0.07081721167947658,-0.10538283341015897,-0.0853273349649548,0.14877276722497051,0.07799196464157125,-0.2593660866686928,-0.1479443840931891,-0.15508599074461485,0.04560401114915723,-0.09681576876045497,0.19783088169584992,-0.00033369002536135796,-0.07491760688136005,-0.012366266881586806,-0.028298233248442755,-0.09961032473777881,0.11071120076606326,-0.023479970068443483
740,-0.02901208769424713,0.0670955605404657,-0.2492498402144077,-0.05194543433403177,0.05222494324090119,-0.0011936424029656578,0.16472485324832764,0.15525107400303306,-0.18127227290493683,0.04916329355476655,-0.03519960569251901,-0.06848925391299304,0.13662170555073272,0.04433528602516758,0.1908259098381298,0.018571120604375345,0.022924428816318246,-0.041150231328410856,-0.014970285460712685,-0.04183295606483311
741,-0.01014056100285612,-0.06692779217437252,0.07708729282566626,0.048470922072538454,0.16071429518825434,-0.04961779124508462,-0.14068285841595643,0.04534736933092833,0.04395142499056126,0.010403100089879507,-0.0024988978494204298,0.07330923814951242,0.1683677365294011,-0.09253568824536468,-0.04699806862474896,0.15680179219481732,-0.03339594861815934,-0.026529587994522097,0.15288591157729226,0.144329005433443
742,-0.05044802481113738,0.09129273751897199,0.1152147525791337,0.2360462355272084,-0.17819360991290328,-0.019507964203639063,-0.10101180926203945,-0.011071279078155373,-0.07701076188047487,0.07213185278864545,-0.061411407469140075,0.02742737098412327,0.025515108871365953,-0.2065352336440811,0.09135038441433146,0.012295804894965325,0.038613790244833295,-0.12084920716364572,-0.01963864862185246,-0.07691405337607037
743,-0.026067369326188257,-0.07415163627360317,-0.013892675382861213,-0.20903282339487927,-0.002698546265441617,-0.2388409392900378,0.12758488577001903,-0.028235006208681638,0.10761504275828501,-0.0003127508548606349,0.04209343496921008,-0.08075193685287434,0.07837970049398596,-0.0019181464589679478,-0.1771978871917763,0.12640151990411297,-0.0015021751694880394,0.020107661063745223,-0.0941494064564926,0.0843629305843483
744,0.0811610083508593,-0.06761132770424955,0.03843561449832745,-0.0761871356099281,-0.13408174040172977,0.1365968535569852,0.010456037868928144,0.030790948789150473,-0.059041138577292665,-0.10169341819954858,-0.12241366159896673,0.04753049434933687,-0.0681190045878024,-0.18206988669069052,-0.10668523699812651,-0.025711284678548375,0.05340673239330605,0.20498174722289117,0.19223545827300148,-0.11260451496769817
745,0.030238301173915433,-0.032262217061475015,0.10072191591256485,0.04042708209268444,0.011195846308301715,0.06646772380536875,0.007017818892210452,0.007643207245223404,0.07220125263381819,-0.01649262920160332,0.0939007627538228,0.16947385502058654,0.03296704056273156,-0.21156417755214024,-0.08360395569227193,-0.1571775163039341,-0.11169662724630779,-0.02972246777592912,0.13008475480785292,0.1451754861848421
746,-0.020111908669896338,-0.15717155915634,-0.04815439969752867,-0.08407865533583746,0.10499021138186401,0.07986808663567345,-0.10809241674250408,0.22864328800501857,-0.10435622567909719,-0.10630779304199724,0.1396908933002133,-0.10662683538947777,0.10689295862312871,-0.020626319074161983,0.06539446508732372,0.08098488143189343,-0.002396544097495615,0.030211690069354254,-0.14989202075372388,-0.03336269161806504
747,-0.004200225926171752,0.131439416898589,0.04245115785554014,0.1948492318357667,-0.08764731068868839,-0.20872916715716644,-0.12267320834348397,0.07152845357218046,-0.018158148927461742,-0.1384086673894589,-0.20232108339395874,0.08490264470135911,0.08950034522969313,0.008681401013915667,0.0370137433653258,-0.02567898288836999,-0.08601028424786535,-0.2468750332588561,-0.020891056165143838,0.11912609886215522
748,0.05981617476494629,0.08008085415334092,-0.1305478091376455,0.05316357124912733,-0.016584422169685403,0.003808133214288612,0.035097702863802725,0.07266392053283743,-0.021812633119196928,0.056913792627579785,-0.033815972586501306,0.09560359605244646,0.04332046887003803,-0.08552345448273155,-0.04286387757440099,-0.06328467565737102,0.10738538921944271,-0.040196745426234505,0.03164391814397461,-0.04506972876878797
749,-0.24582624459453767,0.05324926162085606,0.053786966779812394,0.1724564054159517,-0.022412517305496437,0.12132986054969021,-0.00824003139485172,0.009243607393444878,0.14863622319740508,-0.0198458709036294,-0.13528909941235162,-0.0014961568553689669,-0.09729587901300071,0.05551132352603856,0.055346160806752295,0.04012294078078304,-0.003492236775020073,-0.05596256185330126,-0.0012438121428119402,0.07835421822391907
750,0.09917553526855366,-0.18953384478752475,0.0012967040387186362,0.1328230176123801,-0.19954121478754938,-0.14052080751541893,-0.09440975384853252,0.1439349419767968,-0.07696727928443131,-0.06458290107443947,-0.19089943912260315,0.12041089518423577,-0.01907695383175372,0.08554326358815949,-0.09293567563122386,0.19199725329001938,0.10200762520842968,0.098643705619442,0.07216253371978769,-0.028979948807989635
751,-0.14574346498763407,-0.12756077985620234,0.08923319443057975,0.04832551365565157,-0.018142451426957175,-0.01800830389937921,0.10336958099808266,-0.046558680778106404,-0.01751842067275991,-0.11659850665326787,0.053702059052663065,0.044195333821982916,-0.06591946363871423,0.0533615806947849,0.1757891161663143,0.11352216920402869,0.2107364679970895,-0.15926553234756166,-0.05055561598035384,0.16874609056755305
752,0.08506647825487809,0.1130785682699373,-0.08838740515507182,0.027043115425349634,0.01266091937995949,0.02421306363206862,-0.04254400163105244,0.09327789454074718,-0.14006581959670736,0.06635581255152356,-0.16387328874920698,-0.001990982393781156,-0.06893282955914862,0.1668502845301656,-0.04556107803963873,0.18553860759754365,0.0831188249401286,0.0848773304520553,0.04213093314316584,-0.042027046386859446
753,0.046104206199218005,0.12882234667776643,0.06748629977511486,0.07397773536437718,-0.006186104220774824,-0.13030260451825637,-0.12832736274169987,-0.011406643489841911,-0.12467082559688178,-0.009745115454012916,0.004075560122928046,4.9858014020804465e-05,-0.05528356888918054,0.15286634609532376,0.11819158512196358,-0.028061910238165122,-0.1711609396519007,0.006886958129712274,0.00011237547798861018,0.02426117078929324
754,0.0019463763155220584,-0.2454939259885735,0.02509085659250178,-0.03065862586805889,-0.030601975115256815,-0.13633311498307205,0.01844184222407097,-0.004973641458078599,-0.04247928374326099,-0.10574532868202681,-0.0036431634018451848,0.002602751960580571,-0.01350282353553624,-0.10314790804495048,-0.1293779758099855,-0.0829380817048677,0.06398881241454392,-0.012576171658131843,-0.12592972151755352,-0.014808565693983436
755,0.11391520038068492,0.028301233715491692,-0.040231733451877215,-0.07918723451028452,-0.10112968348122058,-0.0813071072564104,0.1802839506166699,0.06537704581648116,-0.03158047176587703,-0.0511164822584027,-0.07606117622051117,-0.18788555316438318,-0.016238546028477695,-0.12914163554348,-0.08820174486098939,0.012121783639887286,-0.21750960894278376,0.009388218575499275,-0.2138996669112731,-0.034904214169840166
756,0.14636523713239155,0.10630987178136478,-0.18305097621346966,-0.07860998413890097,0.13507424904904927,0.17551922604575065,-0.07649332956308152,0.2372663666238517,0.018371637303111057,0.07474090015893256,-0.053886373413504135,-0.1282674110301442,0.06471961618678747,-0.04559577232209394,-0.1095894810944481,-0.021550309930581064,-0.0010823474486507452,0.10738558791405024,-0.04406049861507447,0.04512258860828995
757,-0.008573788700589223,0.06445845105587848,-0.0704681504326245,-0.042717569122337054,0.014070713416684066,0.16217193931537632,0.09639552807332485,0.09170520739291645,-0.047367054575105545,-0.04853899693162941,0.07925955990603116,-0.10636553453570388,0.03207508916594616,-0.09454268757460499,-0.039298092754541374,0.12080424912433403,-0.14544170723928546,0.25613205958284235,0.09477182203981273,0.19050192709025895
758,-0.09125142077610435,0.0009243506146510511,-0.06820609611989725,-0.10914657774833787,-0.16782943608131062,0.008578722025523223,-0.12056947463440178,-0.1447921049234568,-0.15568018627437213,0.09094998656874773,-0.06580724980984703,-0.01628599663273603,-0.06519199011507533,-0.04705565884165865,-0.02617920703331943,-0.05942101100015541,-0.06587160101123186,0.12482481525500047,-0.013160615797396245,0.028961304144667376
759,0.03126751163443674,-0.10772630377956817,-0.0029162911026570522,0.11816522137722091,0.11635027076506539,0.01179008363530598,-0.13055148607267975,-0.07619345654868385,0.13480928243456022,-0.01746305759631956,-0.07189679523998473,0.09547687717506886,-0.22434162349666992,0.13983258165274062,0.028944518013406147,0.0461744342880545,-0.02516839067083159,-0.0708330297778073,0.09321897108642792,-0.0667256754862244
760,0.2374613126774286,-0.2459649970684356,-0.21165897272111603,-0.10607283178631985,-0.038382117856806,-0.08485310983970912,-0.02724033693021339,0.03620679266389296,0.0005484125337794647,-0.04830220271061799,0.00696002128422766,0.06937808784680023,0.07061173935888007,0.16660877431863008,-0.01339582374598006,0.04061301664635603,-0.0541532482522986,0.1702550044332339,0.13677704368792198,-0.10661385722779584
761,-0.02214080674812714,0.0339536001209127,-0.0665375695885416,0.10328944733701635,0.009377188594968043,0.040672832395362464,-0.041524436874544386,0.10423798844259245,0.10359623439254054,0.12738105660222715,0.14707091631348093,-0.13520426996959836,-0.10964567625254446,-0.23142051518093942,0.11476243095533666,-0.026837217677697645,-0.08289881188766877,-0.03063393873335358,0.09336493425663832,-0.09514326023687512
762,-0.14503930192673797,-0.03462753971087697,0.06404597863546631,-0.017693806790682713,0.09564692511432261,0.2599790649600459,0.04887509268366323,0.16063687148412933,0.06087065460004387,-0.031114825374238955,-0.07507291541432157,0.09011648694933051,-0.1309271088784503,-0.012622462139855016,0.14198702566122742,0.017005312979828126,-0.031878681807514166,0.0374092525709642,0.1720899004702758,-0.23419427355058292
763,0.08838911720289185,-0.02407581909789761,0.11870715443947788,-0.07695120357952916,-0.13024363435696476,-0.14639481650567063,-0.07208571143421784,0.07057192217077318,0.19323267203924993,0.03503178123455358,-0.004877584824470848,-0.04983538750675658,0.054874042573687026,-0.15043475791534927,-0.07711019748604306,-0.0717148109825739,-0.05171973925349886,0.08866681027476767,0.018536351182258742,0.002485436444080795
764,0.042623768328370136,0.0603522495779978,0.05487199144734616,-0.028514767812997225,-0.056116620540955384,0.14410411347677501,0.05196361054615314,0.17251342274568535,0.1215621379103102,-0.0470219176097528,0.0749508002607953,-0.0074829581314528664,0.11614038590332004,0.0735549048480275,-0.011404412382073978,-0.19310153043185993,0.15105125538565337,0.02997432752536141,-0.058520502224508615,0.10936459035874814
765,-0.1381070582448075,-0.02932084597743514,-0.07308307336766069,-0.13882363422377575,0.016863579974405088,0.009298587156741131,0.003553440190800625,0.07348734349262945,-0.052032138246418745,-0.04708073720224314,0.06397710092105444,0.05380711812745524,-0.06844035126366374,-0.05980073668135968,-0.08597483068917645,-0.07013062793991014,0.16194582676919492,-0.21233612346147418,0.03079102967260727,0.1186914120735688
766,-0.13435673804176024,-0.020522298120593415,0.1998535087098425,0.11616420102390775,-0.053903708909035036,-0.041930927438607664,-0.09636198418208647,0.009076312601093772,-0.15309513777577471,-0.011752346434034326,-0.11395926072998525,0.033512979702496434,-0.13625307048457744,-0.08830653339507842,0.08850700298352632,0.15037032784788928,0.18863221156268492,0.16422317544811962,0.17492912238786704,0.06969840056887625
767,-0.05094887152753974,0.15972682328900573,0.05150259756603629,0.01964763420921447,-0.03654200834768947,-0.11287527410946654,0.10624220732404252,0.04270670282760763,0.033885567370946536,-0.035718593905810635,-0.019620380350410874,-0.08040026934600321,-0.06061753081240662,0.012830414755866642,0.19329703692312927,0.0008104213715474097,0.025592112090207796,-0.2186986833933361,0.11329411579741827,0.17552058158884346
768,0.01340729169662753,0.07235779976208372,0.049358588812621396,-0.1940192578117308,0.1114048440018297,-0.10887425129210895,0.037161318129540724,0.0024893838235713088,0.05246588435394259,0.13118720213547186,0.0683246384909997,-0.06280232087038896,-0.059572919085054035,0.10250906590188875,-0.030112689235499004,0.12831448356734884,-0.15493458542402436,-0.06559987727147139,0.01445815415340836,0.053183831828619146
769,0.14109562443812768,0.025261129843859014,-0.12013213140715569,0.05242126949561363,-0.13356453829236511,0.0361108263873679,0.0011518079912952266,0.14774744506187068,-0.039358202878025376,-0.0788130804266026,-0.012154902188673693,-0.11134309458987314,0.02558448781466057,-0.0031515064312984515,-0.04224330718627673,0.032220675334880426,-0.013721623580764949,0.00010929797091017932,-0.00705282919912635,0.11274622283638236
770,0.15328811707885143,-0.04256179125855017,-0.08058971691085756,-0.14452084299817466,0.00571518347900325,-0.14788505724388906,-0.24607682520575255,-0.031116530148368446,-0.013539391841385728,0.1155555797188072,-0.11207435001227574,-0.24436801347499157,0.13213363392457833,0.02170311788563484,0.13349753681200957,0.019690631286002656,-0.24773493508666133,0.03255391535821774,-0.07503396123985538,0.23677661904934988
771,0.03760859352602145,-0.04224625496025574,0.17365940358024615,-0.28441458429393435,-0.14499346201742355,0.04830830902517043,-0.13765221805955308,0.09976361813333166,0.020894151822882748,0.15103211928366264,0.012655659525247767,0.003045885768153711,-0.19566837882280286,0.06840539737505885,0.024707417374050796,-0.012106204345633505,-0.13079988476736903,0.13180798548556885,-0.04173227581293875,0.05055982291403879
772,0.17647434346472418,0.0022584072332924175,0.22167945506850065,-0.06849599624265716,-0.057630479263919454,-0.0785561449948242,-0.35436378870944313,-0.07110188843708766,-0.05417583069810834,-0.1637897969792376,0.09376961169216744,0.20797532465698934,0.16772085355021285,0.10754770264506143,-0.19918724658916467,0.04279846177857152,-0.03128199203906146,0.008864321736924995,-0.1795298591414266,0.24475419954912522
773,0.08272885857727842,0.07704822232240885,-0.04733875099099595,-0.03299015743169294,0.03769422011133847,-0.0698800759308669,0.021202257917007684,-0.1820339049443849,0.07836964188224427,0.017050238584136127,0.03125304920365476,-0.13752419077780131,-0.187413105707435,0.08851323663062562,0.23986465093274983,-0.035892278667114766,0.05373990186580131,-0.26514413030076805,-0.03568576614958843,-0.08064141524062808
774,-0.1014992813949801,-0.012632669716204125,-0.055534939522247806,-0.06096762248225347,0.030279333141578015,0.14099850453379667,0.14492885615383347,0.08864507146080193,0.11470057636735521,-0.1857822045184798,-0.14593605415927532,-0.04382729084343077,0.12742605671865823,0.05201505080900361,0.27451354358799523,-0.04890595713064109,0.06957749775781628,-0.15745931235317923,0.05487353688312409,-0.21982332584819095
775,-0.017404971562595243,0.034906452349219234,-0.1450851354716317,0.1035306708277913,-0.08775466130918275,-0.08652556037051372,-0.043483446549307615,-0.12381789391717464,0.014951578817957821,0.11772787587023943,0.132223407297362,-0.061312582509810865,-0.3268152817018991,-0.0882009648047773,-0.0540542838015705,0.040840179133933584,0.09252353412418043,0.15291125256387633,0.04820791135465683,-0.006142460647341499
776,-0.10955541722539397,0.04848511224265548,-0.16441593661186785,0.024412463296524013,0.0745842934011855,-0.13410920591943212,-0.06974496097153769,0.027389056572005348,0.047174490216466844,0.08970761229195241,-0.08981112822407764,-0.0010990766603667886,0.051884741212138784,0.08694721430982943,0.018419301235560858,-0.07360920633648962,0.05166351416580808,0.034969357384736624,-0.004290461816702682,-0.08734567214539779
777,0.02363333398797659,0.03899006734411151,0.07109244943987206,0.06251552853259369,0.2627858011615857,-0.11037104700393635,0.15269535196961137,0.12995964620414996,0.1695025523293091,-0.17697315386759777,-0.011355260693276165,-0.1497925956847666,0.05771987229506106,0.04033295373397943,0.02294167690967751,-0.06092513058532869,0.18544492644653132,-0.08403364705652953,0.023620943528296922,0.015262985345268433
778,-0.1436200579859777,-0.194363577036106,-0.03225385366019146,-0.10213147694141399,0.011547015470156526,-0.02434661690910653,0.0994654142103985,0.12780532176045198,-0.04110842283677306,0.017219034990865977,0.036775138925654066,0.02264395547043163,-0.05584310218674862,-0.028171349207659176,0.0031017644907496335,-0.14992004842202933,-0.039753701515817925,-0.0410693858050932,-0.013856162925684744,0.21775402974454383
779,-0.05367983221512804,-0.04327645227043108,-0.02567583321023741,-0.04109542217810995,0.048840916605674904,-0.05447663616556714,-0.022554123842176716,-0.0847921708874365,0.06869856642080001,-0.028626051269467247,0.07906834598755468,0.02863501411102125,-0.003843206310580943,-0.08842856873456696,0.012875375147333643,0.12223276307196658,0.06848198193146801,-0.09171007191918894,0.025286868146389762,0.07788134132019978
780,-0.0489829070800482,-0.10471967837933728,-0.16788854735307263,-0.01331437757086852,0.12484750071104422,0.25952258169970105,0.0022640949222222212,-0.04413369644128933,-0.025221057571233114,-0.034864779233276126,0.19435506923611143,0.0008634623452904615,-0.026661744854391087,-0.002935671427969415,-0.04010611262835334,0.1938100178052749,-0.03268487815035685,0.03566236367929943,-0.04765396402524813,0.008979912591189238
781,0.08718294527783248,0.04059210885804926,0.1353004326205231,0.029176940134448718,-0.06699125241250072,0.12277641556574871,-0.11661246049284296,-0.01359988529659024,0.04143965236329102,-0.1619952608331248,0.055781102745865105,-0.03317403673499441,0.13679947457857702,0.022562441804235188,-0.06040906364949492,0.006192939309944636,-0.06268087213913895,-0.03446623359424939,-0.023754529629838744,-0.16139260218604273
782,0.1412253162196595,-0.10662997013561469,0.1942465171521083,-0.009756076994936948,0.11076703717635879,-0.05462637328126071,-0.1488757881673168,0.049847014729401305,-0.008987922436256167,0.07522667433747536,0.034450889396343116,0.10604909649635955,0.07323431442231552,0.2256031628480638,-0.07019978084048606,-0.06197036649128968,0.309220546413815,0.08525502749675053,0.009679459906605847,0.04866752840650529
783,-0.06105860814499228,-0.06674427620878554,0.09987826271816969,0.0368798452693856,0.07808578631529803,0.04459244015586801,0.04725833102097023,-0.16084774135140195,-0.20923739817504683,-0.05780888701905583,-0.01568409351157335,0.07045174477408511,-0.07969609779482117,0.005688924273894099,0.020401689826970156,-0.1136614174376296,-0.11208592251077916,-0.15710883263214231,-0.11661577371325815,-0.0652405073145044
784,-0.19830035002440816,-0.22794130408957153,0.011155168828750683,0.036916885990658135,0.0003186810978088265,0.06253356400593076,0.06746680126782825,-0.08487710736601539,-0.01597604270342691,-0.015375759574646678,0.11628009484544705,0.036106302716424635,-0.04511828478615505,0.18746756544746437,0.005692162658320265,0.05235712062320617,-0.07791486599897054,-0.031124947909393307,0.0014395751686140474,0.08678337132504786
785,-0.1245781139267516,0.024881055195583972,0.011951902250150163,-0.20712038020170215,-0.005205497186920035,0.020603648370059093,-0.018103784810544216,-0.2187326565488095,0.0355170658171959,-0.036172905369366064,-0.05701128527278935,0.03292637916479082,-0.10908194004713956,0.2034670640284695,0.09573463953122584,-0.042265250777493255,0.13384993059653277,0.01191534555341385,0.014978932848685393,-0.041712629462513785
786,0.031541659598083215,-0.07828463411760331,-0.02094340165135944,-0.026613517576188482,0.021201881250230297,-0.09891871458843518,0.0604173399627637,-0.20845024007157442,0.0905905278841432,0.03238342828515498,0.0865621404412659,0.24000862233834977,-0.12152172395462482,0.10394778180837179,-0.04870261628247345,0.06910207054158332,-0.021605414922808975,-0.024277594215686107,-0.03792877624276714,0.12769490724727492
787,0.0927954086417559,0.037285257117111746,-0.12809047904560503,0.16166528680157205,0.05628559204613575,-0.10970564825891536,0.008120058369324556,-0.09583706744461319,-0.12505671149342207,0.009406691196162687,0.1964528850035753,-0.018876777527817638,-0.13248278366769983,0.018011859914954728,-0.003018850675209679,-0.09748589715023682,0.0032253714498005895,-0.021838501248631403,-0.013129806469431645,-0.041977417898964656
788,0.039355311004016694,-0.17192441864595343,-0.19055892619923082,-0.012898743849727105,0.04949817405492148,-0.04958487052805401,-0.16737014244134413,-0.13862897922360037,-0.1498138609503226,-0.170664833649226,-0.11680777214785758,0.10186682093068794,0.05788335669979659,-0.10224394897756295,0.0776451951700298,0.0016309975017265725,0.03478429780925952,0.006267011219434378,-0.03736786426303494,0.06520292529361262
789,0.08948983675194917,0.0514678667669716,-0.15120649105489553,0.05556023218291833,-0.02503934528234932,0.34782483976440326,-0.1594988015153588,0.029172589972625586,-0.19056247173476562,-0.19872873825347687,0.07002599269493719,-0.004091820260670033,0.022492269100431474,-0.06246645358056728,0.10758069747995663,0.2043528245536357,0.015850207922012152,-0.057059231001535496,-0.07365775269302183,-0.15557185703000434
790,-0.031007631057618126,0.1480561254463943,-0.05444681148683711,-0.03297543769097496,0.13953241000921668,0.023093412260533613,-0.005965972335805542,0.08770256763319251,0.02410406958042864,-0.033736245321818834,0.06023333736342783,-0.04964777467362291,-0.19470004583140918,0.0034377367921912465,0.02327738326762873,0.005076163478088256,-0.06625828304006098,-0.046796590625653854,0.009111861383238534,0.15582907056102593
791,0.1271450878401468,-0.13104888875897316,0.051531784268130494,0.01643730096009408,-0.1412192600924812,0.1503611598537816,0.025264722566103903,0.19343397542408375,-0.014995692054785173,-0.15550076938842597,0.16659603452671712,0.0035789809434205303,0.1989279043810965,0.005190457310802854,-0.10682379442497632,0.15395529837083374,-0.0648195431165687,0.08642277429844149,-0.18044720889289334,0.008699391436514079
792,0.07458653205996235,0.0025879040995399885,-0.10266242206309587,-0.04809433220260753,-0.13575644006856197,-0.26253800028257157,0.012422775147319907,-0.0056416815514951585,-0.16503053378132412,-0.06105300928590007,-0.05955437772649335,-0.07481205501369838,0.12600822268130296,0.04107927450988523,0.034460159877778285,0.019156969068668497,-0.0009200056303665223,0.25546000719776923,-0.21013867413193166,0.033231469340132325
793,0.020934246658745274,0.03030608116820584,0.05032749682021677,-0.014695995513335,-0.08698498204135212,0.08028580944102523,0.02498520461407299,-0.05093075820736231,-0.005768543922470255,0.07632049239871506,-0.008728099332226597,-0.06939396005715597,-0.2477372474248021,-0.006728642067197972,-0.0828195035381553,-0.16549933654435603,0.07573689842940248,0.1105339047032898,-0.15007951036372563,0.021881851320155375
794,-0.044801027427431625,0.040873071283692594,0.08945489577175053,-0.08185589249517752,-0.11297108432443946,-0.0036545612948929063,-0.059840657361119445,-0.07026603878035345,0.2215852179105321,0.13167014428574075,-0.04976014590080823,0.2147230828548167,-0.031218012783940215,-0.05008700070168982,-0.0006497417864809857,-0.12931316757225048,-0.20303680650735867,0.1254350349128637,-0.007885881318077196,-0.060487453850826496
795,0.05420825398198717,0.10545500427531056,0.1322763640794694,0.046982369943734614,-0.19568085079365402,0.026031205088806096,0.280589676060326,0.055932114365630684,-0.13075491322503932,0.20675938108120268,-0.12128376084957335,0.08246048363173115,-0.04958139596143826,0.07929977789177524,-0.1396188887743725,0.20717340339519136,0.09429130526521491,0.0016536308125994802,0.08550887438562456,-0.03637913167415977
796,-0.05259360527126789,-0.1061593009022717,0.24363967888953125,-0.02569951526649609,0.06154228463301158,-0.12436731639462814,0.17183519776268094,0.1706647005135268,-0.10642612775014682,-0.029187412203260432,0.02666011291534551,-0.05425662347821759,-0.08318479829197675,-0.11605865441922687,0.03380724070010901,0.092630761949643,0.10908421375421432,-0.002616802297772521,-0.09477455202488776,-0.011463144564400991
797,0.04112174855729676,0.05511123863667462,-0.07935459140762484,0.1769498026984502,0.04956702236983579,0.02991398842775457,0.06009903087236088,-0.01113090963312283,-0.09669790068161667,-0.07036374624602791,-0.10535131790857288,-0.1094228860418443,0.02588538989860251,0.06735278638233992,0.11724552467135052,0.0604609107551341,0.09281193826420008,0.003790636813680704,-0.19108494530640407,0.08741261948141223
798,0.07207786083849535,-0.13416901206995066,-0.022972043776374025,0.11327565662928075,0.09900576908933201,-0.3507485895171551,-0.15618732487069614,0.08089087438282846,0.04264176053460482,-0.028564466080033317,0.05590136186374158,0.035744392023839146,0.17203967902955766,-0.011610452391161014,-0.1965505254063187,-0.024637125492217297,0.10859986098407225,-0.008484771289423173,0.08317289983036116,-0.010562648103161591
799,-0.011444094939563679,0.029019207111261568,-0.03698804318300034,0.07534640967288275,-0.06801577094295762,0.010980391764978562,0.060229067965710086,-0.007068878818537438,-0.14922513114073369,0.07815970096385702,-0.028340850458851465,-0.17708124273504372,-0.028401838643789052,-0.05388903184336057,-0.036049130164848,0.05801440495568563,0.056463896561146885,-0.013897235637573318,0.06871018181425986,0.04026608737406033
800,-0.03686343236678649,-0.11423325291965286,0.05015923169903677,0.1793040424910002,-0.10580738532408716,-0.08981149975894673,0.040894608084451896,0.1088652291496544,0.04659766093226639,0.061373357380681344,0.14512388329486844,-0.07407117225552658,-0.01733838543545805,0.02098981742214586,0.026035186703808402,-0.07139342655308821,-0.05410950030130157,0.04077119594069398,0.14251758431217018,-0.15642333433691585
801,0.05166753601754633,0.027765109364996935,0.007104294198077791,-0.10262526708577588,0.00979480555139351,-0.09762005807698335,0.06736358665957974,0.02422353082039335,0.015601430994179268,0.11524385203462825,0.02270943815483246,0.19533572224492154,0.04522408143957853,0.064749575933868,-0.13587920951882093,0.012640785521369841,-0.16341071301543858,0.07267101024057336,-0.054621800725885954,0.07124206225566145
802,-0.14618267693688025,0.021527120163678786,0.08545396715256479,0.07386385083997485,0.14012094218836862,-0.006841086319280902,0.052322246747684584,0.06542678502611952,-0.0214171311720295,0.018102222667436045,0.01958973781401025,-0.10737559387033799,-0.15722215829809613,-0.16699941180603534,0.04448020837519362,-0.02680578063305539,-0.15683754899099445,0.0666052053253115,0.10479515583194286,0.014325124099372347
803,0.07764608078174208,-0.22908913962609206,-0.03560360887210836,-0.16089371500147562,0.18617659168815698,0.06256520834576494,-0.06257205589554579,0.01643959427301404,-0.08051555628181492,0.22038600454011623,-0.14555922190129536,-0.015497689854512218,0.16559582413969168,0.07410593621001878,-0.015669051882650047,-0.08318725713834854,-0.013841411577140904,-0.035247760186373794,0.061866476783933054,-0.051436366407408174
804,0.06372163114064323,0.07592640761907443,-0.04484107484618915,0.18366588371008685,0.04952101703345913,-0.05922640549089591,0.04196203462136362,0.05839115172973056,-0.29725351918108806,0.1916140185056047,0.09964612854897999,-0.07905646991471288,-0.10966596439303342,0.18623388752335732,0.16714438542651353,0.009187798108944465,-0.13085639438827598,-0.0020844335372682578,-0.057990421144960974,0.0724618500646022
805,0.2169099611333641,0.08016707129551259,-0.0823091764316655,-0.019736193825322393,-0.052273153315192736,0.16860176961580953,-0.13257029837128084,0.03988077847081624,0.08345354572829121,-0.05650928136932,0.029369607615464612,0.03083477829533949,-0.08450671416720743,-0.14363262235883126,-0.03013093498720136,0.07246504251234125,0.05805464625203935,-0.12256932939221724,0.04538565078626354,0.02278657242940164
806,-0.0921371305902686,0.0606758225284752,-0.2044946133103865,0.010268742731775554,0.14672628958314432,-0.1355171909830093,-0.05911483001106353,-0.21127766519591126,0.05625396654001804,-0.1628619285000263,0.09275450108550848,-0.08969324903721865,-0.04625090141086096,0.0663584111109892,0.04298227426496012,-0.03821444612954886,-0.009141227561615789,0.2427805604974091,0.1835689145242263,-0.1458616131762009
807,0.1264585369852624,-0.10658727310818032,-0.09888905003933697,0.10664125519424565,0.01492914879966548,-0.032631906051076916,-0.0952166787700053,0.06276369476497302,0.0433907611427105,-0.07108855809989807,0.10625567924977666,0.0332912449171721,-0.17213181466015673,-0.1321384506994627,-0.14329582444904268,-0.05728621773111091,0.06299405468738523,-0.13084617821155095,-0.06595815258548247,-0.13452634045862366
808,0.06707273090238348,0.1266955439110664,0.006580017821484326,-0.011481328612744509,0.10511639046336103,-0.03749611539715809,-0.09952186289421125,0.07322939665158076,0.11615650719059827,0.11340818671688488,-0.038835499872792174,0.02840315961645296,0.006882552607788818,-0.030404574552931427,0.2598797589876275,0.008387534997168074,0.15674677612740287,-0.2732802264596935,-0.18724562975000408,-0.02216340543414636
809,-0.052255549193324737,-0.01638570546357323,-0.25486523270485717,-0.06323573537212812,0.08394685454558576,-0.052633100846281464,-0.03139178900557053,0.09880148825206023,0.08243717544438242,0.12421897360206768,0.03807679123026458,-0.006716161281690403,-0.12192342967923521,0.019718196417806696,0.08744391572036554,0.16174903215066413,-0.0732784916394419,-0.00367651597659289,0.21653203296187543,0.1661488319445368
810,-0.07264807277030033,0.043703797672493556,0.1366275179039535,0.05684692973122273,0.05446753674858503,0.027670461065924103,0.06062177238161399,-0.11373206234149937,0.1518018174902048,0.16667020543850528,-0.04019976290234272,0.12314305046254397,0.006833272899058153,0.1760210040330751,0.0833355760264303,0.005434959986095091,0.053913529778816326,-0.05497974820227341,0.011610557097635841,0.06940836537214379
811,0.009993252697137089,-0.0823431066854167,-0.15244416813971667,-0.15349602552304478,0.11531717577237621,-0.03467801127774668,-0.06921776323874296,-0.0676555128424503,-0.078975313662105,-0.11286867584307554,-0.1003429605724394,-0.03923834716275078,-0.14804833808524434,0.022770026315098845,-0.1150013956557435,0.045833576541616496,-0.027277651306487526,0.08268992751889348,-0.14519328908042298,-0.09333633138842184
812,0.00742250160046954,-0.13127755116180503,0.023687118623448078,-0.015655901575122873,-0.06921595774109424,0.049538837748354804,0.19133558782757973,-0.03696005709867714,-0.053595597464589896,-0.0027874089036429863,-0.05009146735042167,0.10050865652449967,-0.09354557611686724,0.11339558520766108,0.030330061485288315,-0.10576165321243979,-0.022200595720013844,-0.15821498016597815,0.21403282636579135,0.12179844074505747
813,0.02913920035174758,0.1413749453664969,-0.0460735525864441,-0.07384405373423798,-0.05929219370385136,-0.0714078518257186,-0.03010426606607795,-0.039130734721667886,0.05835906503645232,-0.07863884322965248,0.0568658680680921,-0.06230175150887497,0.18254666748142678,0.14891996387375364,-0.010636527154952556,-0.06963325739620961,0.03842401905493837,0.03958408009552436,0.11301875322016823,0.06548986840514777
814,-0.03947293212547629,-0.019059053810474146,-0.0402326304807398,0.10921333166979434,-0.044931180537988585,0.023969801900798966,0.04915125651181658,-0.07053421892824381,-0.07444878172346048,0.06538164953651786,0.04476286785592038,0.023321638619926883,0.015349670993940504,0.1612522430109541,0.05178190908704103,-0.21485963824453616,0.045194512592935714,0.048207313486190055,0.18741230286230162,0.08311524999719593
815,-0.11390422015800518,0.130433765424634,-0.1057158282746497,-0.07479861735958485,0.08842065835784636,0.06464896583224775,0.13311574749732005,-0.037546279917121936,0.06896047472726889,0.07519796013043745,-0.13290683318940572,0.10676055037491815,-0.10240065800046302,0.08670742383530172,-0.23796562590358705,-0.08689165584006026,0.18423002694179366,-0.018346071648811083,0.01049500463783602,0.03517265045276226
816,-0.00528062999697289,0.0730006694121987,-0.02599811793040287,0.019879706940096234,0.01536917845382439,0.07145797564030008,0.041215445480944544,0.12232592511771785,0.009551292270483671,0.22182373179597137,-0.01784639785683701,-0.044752419111034954,0.0779915407346748,0.02950358939281319,-0.37640950094467285,-0.03478074001039586,0.11999037972757068,-0.11049493858422443,0.02397165697354631,-0.18428539317749126
817,0.08204105496989494,0.011344812861312004,0.05145385030709419,0.059523248882846616,0.017363806244903683,-0.28961191579878837,0.013047982503647656,-0.04635642643484959,-0.03573888656868826,-0.054683836429939486,-0.0229022566355679,-0.12373407142663903,-0.036266056277330365,-0.14602572983251658,-0.0546156472841056,-0.0363681422881817,0.03948905272829018,-0.19448286550814542,0.08418001101515286,0.12876799189308824
818,-0.1848555533959981,-0.09533533760367047,-0.06057956666588494,0.18729866496499195,0.023135666778878024,-0.08065480851750717,-0.008661616613464523,-0.03534498194536137,-0.24393810123803822,-0.1751727225137289,0.08681353092083964,0.14781409409022916,0.03325103906428738,-0.04756181201244696,-0.05622646411150772,-0.06019468604367917,-0.24264783810816268,0.06354112613602392,-0.13797582888011464,-0.002707490057001918
819,-0.01354898516115273,0.020310079551390123,0.20348318036773735,-0.11298732271597753,0.04586342342367906,0.024818460192837562,-0.165368118507983,0.028677593602372348,0.03725007409366763,-0.05502587249683909,-0.09760993885697473,-0.034064121523483565,-0.15016464013585434,-0.1298989414091255,-0.0268664576749957,-0.05628322789767857,-0.06924919679992166,-0.08947813594055005,0.011802824086004707,-0.27212929585165613
820,0.07350292081956919,0.010884334037478696,0.010145398504381278,-0.08070768847659418,0.010121149492402896,0.055979550185261205,0.15728369130307782,0.005087511458557893,-0.03564429655114617,0.10226842887218678,-0.168726050761606,0.11383201030400612,0.0028274275870947886,-0.0682855081639265,-0.09629306557297575,0.04412991279018531,-0.19281203550985251,-0.030138139515580586,-0.09964044721679843,0.012928581228000577
821,0.12688114591063854,0.025149020439984703,0.0636881352903226,-0.04906573174265123,-0.11403218676949463,0.043661468230709724,-0.15578575716973272,0.2243064350041287,-0.12648625422306897,0.3373480357961336,0.019625794918335937,0.02376935896859157,-0.09883372706807489,0.07095817281121262,0.037776337648558665,-0.13244705576430302,-0.12880910047771948,-0.0989292049907369,0.042962468396425785,0.039279941330361404
822,-0.10714899734454386,0.019247891509807217,0.1058232502378521,0.09724157321966015,-0.0027486860818023854,-0.21158441877372594,-0.13244030424814368,0.06876755475837738,-0.1878448139674767,0.004461135521319536,0.11210544047645825,0.28045933307307325,0.18267855922440543,0.014880523144215872,0.28797323552183324,-0.06266325817108612,-0.045143282640947156,-0.0641711205400138,-0.04251820822933965,0.0037824532328855132
823,-0.025861987268416164,0.03052476069014561,0.04021140896135948,0.011925008936824539,0.12856314600808794,-0.15500995952136343,0.06393116215985073,0.04093841763685582,0.025127359567518118,-0.033231237660916846,0.017259270184795835,-0.03881386497239453,-0.10213378651700056,-0.05070003383967054,0.168149822067645,0.03952313393472996,-0.08912067493506022,0.1536568925656838,-0.02372211916672746,0.12671484988765994
824,-0.009371244043850117,-0.0736271704819091,-0.05329597946631787,0.0025427623774474453,-0.11948045301833404,0.06773437992480978,0.12968550292012437,-0.20594297283239835,0.10409128703014128,0.06642833799402584,-0.16171333019234027,0.004089918617306683,0.13720456527649288,0.12145104341900191,-0.1261189957841722,0.06586399573107096,0.1632860473085607,0.019201544269503632,-0.13370463509018926,0.06023545220469395
825,-0.14503456796096986,-0.02539097400889837,0.039690834330335094,0.026544628098090637,-0.009698804190624858,0.14993628512139098,0.16028000072960077,-0.2117387084209045,-0.13713030210557592,0.17312103995526185,-0.08134018447677385,0.11832234321543737,0.021035661718259623,-0.06392458835221745,-0.07711218765818328,0.06506622031924901,0.014452827606652964,-0.17027583284921688,-0.028577646817016796,0.06771095132184217
826,0.05021578830417306,0.03216221594321319,0.07179912872621219,-0.01537517694886658,0.1327672611867057,-0.09015966381415445,-0.014000689281946378,0.01598541889989856,0.05874148749539687,-0.17747637076336442,-0.012011232723492117,-0.10719044870661114,0.07199793147834262,0.07746366808945807,-0.1375480863448344,0.11585877198923639,-0.018025382575909858,-0.130951417893456,0.13303939978059573,0.02787905349460697
827,-0.2664054171323427,0.028612532823179024,-0.004950205767460646,-0.012327802271567314,-0.05506551093306781,-0.007622299602073736,0.05604984689813628,-0.06829698237902604,-0.059938544610231,0.025158770357861078,0.02474023176908079,-0.12970703258442645,-0.04658878372340535,0.05114199129909069,0.08392316984441923,-0.007211190375612668,-0.13326590648622688,-0.17731406774521732,-0.07773999407621014,0.1869053852663385
828,-0.05902700374354388,0.06377407327052181,-0.06789257197723418,0.0460336052554777,-0.012369072735324496,-0.02719434494045285,0.08510912638197383,-0.024692534229149944,-0.05676618948834497,0.011080611933699682,0.09566734743152276,-0.028547854886344006,0.030536802870757582,0.07546927347202721,-0.035473013020967385,0.018709231105830698,-0.01127877927343705,-0.06058880232706552,0.015991772211200836,0.12358204458244994
829,0.0160528015033024,-0.18483523044215083,-0.03869274271722353,-0.061314362194738646,0.0435512169750628,-0.12463455732604235,0.1953064276629977,0.03531292213795474,0.053102424943763486,0.12409170867913996,0.0655731638392523,-0.0028224725002087368,-0.006040834222353603,0.02190068608629676,0.1038170314993521,-0.23317470203306262,-0.040996449500052934,-0.07255320817633487,0.17435643029196476,0.05682760546114488
830,-0.029966493729593993,-0.09405105974061563,-0.053784392695535366,0.00963772938695011,0.04355258176182474,-0.10117230530458743,-0.12631242324928282,-0.02682257923532097,0.0805974218638085,0.11744098142960722,0.05500054739015896,-0.019383421705932682,-0.01052084788351134,0.2872580353228545,-0.08013971874954781,0.011166724100613343,0.21355837586936485,0.03383960216970004,0.04147033535653464,0.08347551497122876
831,0.01047925788002032,-0.009444644525080004,0.15125911104926532,0.17463084070280765,0.10449301321748639,-0.026687627543124638,-0.04421919915746848,0.13144972979937614,-0.1355140170861749,-0.0993206175845301,0.011906845170726765,0.020291123679796786,0.1637043924002669,0.15316373270370343,-0.06752854895936576,0.05502315196416411,-0.09524631036224365,-0.22792530167304545,0.011210992739277777,-0.025668151647468565
832,-0.10863508094172926,-0.04923285105628991,0.00723842715228297,-0.09650430806201835,0.14144046684831613,0.09474324211137035,-0.07310353042079831,0.03420073468925385,0.14004118704083648,-0.18239780353219331,-0.14790093897016812,-0.011382808851488287,-0.060390753051781605,0.06522043536284233,-0.08272862024844516,0.07834398686898561,0.08772962302655622,0.034399517415273945,0.03656891492834362,-0.11412647394609714
833,0.1881179237743052,-0.0556676065104177,-0.05461927103876777,0.04000264699327878,-0.03087806501649197,0.1726804561614093,0.06495033922464677,-0.16531066538731448,-0.05503733243200248,0.05030491710072149,-0.10832736621031025,0.06250876389267969,0.2593630759923745,0.13511566155583904,-0.1908420364582392,-0.05109962499245427,0.15347099934844907,-0.011268862024253937,-0.03927998518688095,0.007955273115451963
834,-0.07757468941628866,-0.05619064346313682,0.13425049624805976,-0.05490413150800206,-0.0019043102601048732,-0.11655498131575588,0.16889480166902207,0.03334667318472083,0.1174227328018627,0.030544138617983465,0.16516827652524735,-0.04599050059850324,-0.021305024248821653,-0.1696570514526735,0.08594448100132795,-0.021872543591949626,0.1842709060338959,0.27013500721346145,-0.15412996979937219,0.012228902631075497
835,0.12698782768924818,0.06926598077766385,-0.009137916793348503,-0.04675367163699025,-0.02867613770193654,-0.1556544855781532,0.08572892557480608,-0.015268190676609339,0.028218505795199536,0.14322665915571128,-0.008753525711468845,0.054553126351077785,-0.0414310592595242,0.050899229861659914,-0.04300538724284412,0.1531982748342448,0.0528029926602238,0.09821649317126273,0.04431170906130023,-0.029382255911212404
836,-0.0986139170894602,0.013882390054644308,0.07674860558286645,-0.025222037188783412,-0.08527137611768722,0.10199712904641278,-0.022099322816816154,0.11289712415725783,-0.01293879226680343,0.01571172594162941,-0.09745436006522427,0.11878163134569301,-0.025144973080488978,0.13493179935281668,0.187556483853738,-0.017798803253771315,0.10420845824776885,-0.07961068491881591,0.06366765698393503,-0.09699665115892463
837,0.07573459731230947,-0.1979707847034591,0.04027044487445008,0.18138153347625255,0.1712674348462953,0.13885469111058757,0.11718446918092497,-0.16998619567804193,0.10052917147867968,0.08353535998402856,-0.03275492174254352,-0.07046694686633026,-0.012495711294365547,0.06321758183941364,-0.04204256626730277,-0.0014503329992980164,-0.0696968105203619,0.07073195208196201,0.08625427605045063,0.03467195989977694
838,0.051638146488467346,0.08599058680085453,0.043589496470658004,0.02306178359055549,0.09708790342577235,0.040336945702194586,0.06271763623375912,0.12226552012559631,0.147470507599408,0.03844327341075645,0.07948252195474285,-0.08144000105235387,0.023001363580240762,-0.08716501856105617,0.07395188264275714,0.018625930642954314,0.012301652107728796,0.02116685658356715,0.08789084019019741,0.12556956077030038
839,-0.03266289249217696,0.015307538210352424,-0.29261051273706473,-0.08857648628763795,0.04563005070781273,0.2304352283303921,0.12359482118927272,0.26538118250096043,-0.07311261766742319,0.04259130930941397,-0.139716860173941,-0.039047257129206515,-0.061177258947109535,-0.01945782427090279,-0.00432245477131561,0.059443112646281104,-0.06235849653575972,-0.07452287941913234,0.038224245230042996,0.012870613877029759
840,-0.043460056683923214,0.01719085802207876,0.08269264508661545,-0.034976382477319254,0.015083834952749488,0.08279830050154449,-0.014114588871671338,-0.015611192638770985,0.09130104089715983,-0.15679038281915164,0.14764152664255173,-0.11462245345316932,0.08321722731821235,0.1464782614565001,0.12818984057450258,0.07138189731545805,0.11262489965298617,-0.041067661264363724,-0.002329742808068167,0.07964419393051476
841,-0.10522483828354312,0.034095713368709035,-0.11332604742640594,0.047471572472622084,0.05868187681145219,-0.08115485768911472,-0.1089507004612365,-0.11651963529581273,0.10761629782312504,0.005590806978602241,0.13261257792246536,-0.016586850401586764,-0.1069813337557041,-0.05687336410977849,-0.034459475859603475,-0.01715287371810201,-0.0067352868318803875,0.13990519954129355,0.07271345122796254,0.13817579395056065
842,0.15847780126677266,-0.09851736359956785,-0.035737437994210544,-0.13105366575000102,-0.07737611344611178,0.03799409702572286,0.02791790802835163,-0.11162461589586851,0.058035137361644416,0.06752100560000576,0.0728258290419264,0.10438907441971382,-0.10074586332362916,0.0376431158055951,-0.01946588262083328,-0.04139415150625978,0.06926167141917598,-0.010079785050888905,0.1619726868767172,0.02266545018659296
843,0.06733086284758523,0.02374544023800022,0.0737832292974809,0.21432244454560298,0.16120431420475836,-0.14395899983560662,-0.021178773874798548,0.05685866283290919,-0.011481821224856319,0.12666894937112,-0.06627061463064866,-0.09219109469439704,0.03296356970124314,-0.06081910718001324,0.0060204294335285645,-0.04770865086023038,-0.053160788918170596,-0.09918260172910906,-0.10968444221337988,-0.02607243324685958
844,0.05405989014369558,-0.06501198308288161,0.12395595302501813,0.22955310918894883,-0.10513538775565529,-0.032527442749203515,-0.00036912448303223034,-0.01885665855980748,-0.01958655401142161,-0.10924314871205122,-0.05920624588533073,0.05729536292131346,0.05165316868879199,-0.07808466712786051,-0.03835230382956353,0.038646926304971234,0.1346796252226234,-0.060706589726678035,0.17932688390736937,-0.14514037077370381
845,-0.12277560074134992,0.18371697282170327,0.06046417837208168,0.026045956069858014,0.03943551477874377,-0.11986787847275862,0.0317398818279719,0.0328487382935868,-0.15420577494377088,0.019407631375504993,-0.03559794484292047,-0.021577863660056745,-0.14196832437814663,0.12315260653878274,-0.08694766230774677,-0.0035656966492759305,-0.01372470063884634,-0.06755078331566643,0.07336960832930821,0.1968678976996607
846,0.23428485658296766,0.10090595463893201,-0.032080916155349914,0.17891038896209277,-0.0850355019626897,-0.011457281764219736,0.05714493417665845,0.14433269271856367,-0.20957074790301464,-0.04727665991116515,0.08682273166367681,-0.08218082268251276,0.1313210075462661,-0.0064896641113814805,-0.013891293887380583,0.05833720481427506,0.019029423282330163,0.08678125273259397,-0.0848247819621591,0.007367380322743506
847,0.14152607826756225,-0.07928488292446662,0.11838845258913556,-0.021984591026600112,-0.1327204875317278,0.04115491684579902,0.13099440724080727,0.005887320171534933,0.10567287179733963,-0.10857815879095063,-0.10702256863085209,0.053568299864107986,0.19316239511054029,0.12225157674079698,0.03925342031679092,-0.003145438815060559,-0.23734894078777555,-0.15115578641032304,0.1489866391471236,0.019169187747979724
848,0.09875524516224575,-0.0003922643962786648,0.18490045654417359,-0.031814117673931754,0.028008938179447804,-0.040338623746002264,0.00727497079767157,-0.04337833428408821,-0.019467350578232977,0.11470350919691581,-0.029819305607371536,0.15867731309878066,-0.14914969334956227,0.1562590341549024,-0.19954320151364835,-0.20678274124179738,-0.04794331353202132,0.0596044068970258,0.072803838665204,-0.09891786184557898
849,-0.00990164005621734,-0.18619642660806643,0.10062877691448562,0.0545605553103369,-0.05832748823805892,0.08806053390331979,-0.040433499757787233,0.116303355489934,-0.031688123916782746,-0.07091719499084077,-0.1397554415209427,0.038270235934446846,-0.06235050364158461,-0.2318039590967061,0.013084897471872858,-0.003359682956553861,0.0448082554646354,0.023847810369670586,-0.05751257213941839,-0.2031961066986317
850,-0.05282451047964382,-0.12087629756134749,0.08677117242931398,0.03603574934564693,-0.11250441960482004,0.029913709180785397,0.02843328107499659,0.018223956686964117,-0.11222673556975898,0.09840846037946384,-0.11385070312683168,0.13513447347214025,-0.06052896750674919,0.06657909847769582,0.05005952713397154,0.062089039593780246,-0.08237794445103244,0.06224260072308347,-0.12347270434773594,0.03840860489793953
851,0.05994963644996752,0.07661274125187992,0.1328490343753712,0.13618689749435908,-0.034637317153551,0.043219569401362866,-0.0994849368981492,-0.011342914034764725,-0.0021583217745773705,0.03135946489487003,-0.04571347738253554,0.11938760660196868,-0.10100625170568066,0.06335908496527264,-0.13853302479124582,0.17146914979060307,0.027390799601551434,-0.1534693733784144,-0.01525083646334188,0.11703327307046928
852,-0.007228926065361193,0.07461668930894012,-0.09841878287280628,-0.2178601499204738,-0.10811645496947145,0.05025963891294357,-0.08581861057202138,-0.06565561158685293,0.016761079459444505,0.020186561791766287,0.006900039768849075,-0.12122846482476482,-0.03190563760742202,0.11384637103997951,-0.08403851254054981,-0.05495711632038378,-0.08937460015113724,-0.15922252042794885,0.008029387812606786,0.022638527736891623
853,-0.0039323886567618925,-0.16776117477010544,-0.001747727686078612,0.06531803418400178,0.09078935586318353,0.11583520679217557,0.01766470234748082,0.031076426964540757,0.15725320801184917,0.060475251883798604,0.013401614605846435,-0.07856604558036255,0.14106766380842947,-0.08740622051115557,-0.0526152407350208,0.05090931887344728,0.045938251354205956,-0.050612787803396106,0.04418638719129863,0.003825119699808746
854,-0.08925222388372217,-0.12918789934258684,0.16886568755362436,-0.08038010198355137,0.11740149773068977,0.09694615331732366,-0.00281641190804926,0.19545216752816932,0.07542400171572211,-0.06412859663402411,-0.04372505764942446,0.16048160099806588,-0.01064482032394595,0.022824344550787065,-0.07852428906453297,-0.05389221901471063,0.0552771659863765,0.13040612793582024,0.008558618412745245,-0.008279774614782631
855,-0.17654419302827729,0.054032003746948276,0.06569160287731435,-0.05454662477357469,0.20107404708546095,0.044647551962393534,0.029452648137816423,-0.08109297414912622,-0.003461478412743849,0.09919364228577715,-0.08444726908382837,0.08910941936543812,-0.04218127031418436,0.013043512198728327,0.08827741098354924,0.13110793070042012,0.01277009019176508,0.025897581710877096,0.11099904752530107,0.02749396347838011
856,-0.018418496954991304,-0.011626091955305467,-0.1734130292222327,0.11024849071959848,0.0024263956405842116,0.001284436461973859,-0.16807405066511216,-0.02009856897089258,0.043842732050996924,0.21380716456710666,-0.16372968178970396,0.020912943095217393,-0.19199529156017076,-0.06642701446973515,-0.027833160681347776,-0.07185488350212307,-0.10180528436959807,-0.14578308986819585,0.07022805288928072,-0.10980838814413997
857,0.14655723886194888,-0.1281735266376516,-0.09762467856623405,-0.039767992752927396,0.050390957283984024,-0.07957069400152779,-0.03096667333055529,-0.04118888444373426,0.19127655883062428,0.21625094841436995,0.07324083576185518,-0.011482350993015913,-0.05890167494226186,-0.007392391071142917,-0.03488403876821284,0.14965656923330586,-0.02167797790440938,0.09706936092724121,0.02673191397379168,0.16486618305400452
858,0.10191973669457803,-0.052133569392281934,0.018667220166141862,0.1849807683083086,-0.09314662671972584,0.04702497244867806,-0.03176892573374008,-0.012441941977917353,0.06143885685154076,-0.059931317130631524,0.10726839750716993,0.06481751739708114,0.018182891670382045,0.13762655870960763,0.08420553176065498,-0.06394186748424045,-0.15560324790604296,0.03460198568227147,-0.2992778511435549,-0.02865305662970671
859,-0.13959059233387894,0.14147161647013107,-0.016997066042400203,-0.14241658847632707,-0.13025016075799842,0.11917795286995798,-0.06653737659688837,-0.07875129110287234,0.018637587322739645,0.01344512093297267,-0.22763377791814762,0.10159905262604174,-0.13248935935684475,0.03041066481592535,0.10348543975859115,0.2414207040315977,0.0005729088503809365,-0.12718156149080714,0.2469309292073497,0.005217448536579191
860,-0.045155870297699546,-0.11980790223291211,-0.17079348003873965,0.20839608712554647,-0.04220588346284794,0.08891752468323505,-0.026569517055555426,0.04386530273870746,-0.2649818707615826,0.078545245420195,0.18060423643762955,0.04795779875154839,0.00693917011102243,-0.28937533456972525,0.28975081578203965,0.23487812735995853,0.03698414068879836,0.12761804629997087,-0.031651368779542124,-0.005147537157378954
861,-0.05321361982621388,-0.0858791464249673,-0.058764973842174904,0.010445243111227501,-0.10583051415264554,0.05414842054655589,-0.15191047779786054,0.05551427257759172,0.21305872936802475,-0.05114946193155413,0.23079797867334756,-0.0630822948073846,0.048357171931553825,0.05812710867693806,0.006367499063478487,0.03942773047714307,-0.03343490209933909,0.1672162157623568,-0.11702745080872663,0.1179542690852842
862,0.0869559938094515,0.13088468590287525,0.1058297356094799,0.05222660183318982,0.052041766779180404,0.03728121087195052,0.14230677605979378,-0.01800450594029124,-0.1490365090532519,0.02083677888885319,0.08154310653700972,0.005781770992580256,-0.0071112994478396635,-0.24156014782068339,-0.056758034399359995,0.12116497143336152,-0.07819605534606403,-0.059720323423707415,0.006967275106544825,-0.08838529462134877
863,-0.1390785242102357,0.05751283997933942,0.13898120399069636,-0.15383246121174732,0.06181781698656928,0.13122205596587674,-0.05679559802722768,-0.005995363621112282,-0.17513148509777637,-0.07113649590672026,-0.009357923862693004,-0.1281577503391664,-0.00037679834811506116,0.16091970912345033,-0.04785076023971722,-0.25324698714401545,0.044226945985530286,-0.08922194880311166,-0.1598105909171556,0.025563460316391038
864,-0.04104529912176834,0.0890654574645342,0.26474915592272685,-0.2871085949875897,0.12934331005588096,-0.07112064247779615,-0.06835271795475131,-0.04347993044942636,0.21370051580094454,-0.13476083547670886,0.006062573361550223,0.02132240866208606,0.16427882772961708,0.054849950106608224,-0.030988566296525914,-0.10571680138682722,0.041792483211721194,-0.052226933279890746,0.052260226253196,-0.08198915838095817
865,0.07856696121483936,0.030782770629652186,-0.2334509607271611,-0.04887728542246461,0.06983565540352418,0.09345220997032505,-0.013834568554794527,0.16545987659192343,-0.06163066458308482,0.019975031725118587,0.10289521963219865,0.01412838379877848,0.17345537660513957,0.06792827125065144,-0.07308157113536375,-0.021792377527866565,-0.2454333172256551,0.07205836717133063,0.05381793539876455,0.055690595982012904
866,-0.011729125038787572,0.11354024414668364,0.026194344489426615,0.22888999518249267,0.03591527682309909,0.012734490176886696,0.07307951609690119,0.004977136545097804,-0.13263783979586033,-0.1997236714482739,0.17154369474970985,-0.087770659431882,-0.08073937667257111,-0.16237654682157113,-0.07324540838383777,-0.14204638144878753,-0.0758986799362022,-0.07209640597297907,-0.14987232368483625,-0.033728961915495535
867,-0.050529777666732424,0.09074978536265527,0.06789232799799923,0.16003403642436342,-0.14319549193739992,0.14582319724320275,0.10538187029343972,-0.03162894580447947,0.05470669885502125,-0.04172863150522651,-0.23824473283861805,-0.01686733390109676,-0.0751698848859147,0.24104462514789324,-0.08187829541218282,0.09688795272357482,-0.1418035519528138,0.05568289324107237,0.1724994143152973,0.007708406903909907
868,0.06476698576838157,-0.16464011633590805,0.11090631425703211,0.06960323748176937,-0.02539542851982405,0.16260421908547973,-0.06397246723727587,-0.22618190072675193,-0.026860970115740335,-0.12644649728641005,-0.18267773876673551,-0.06965164924591509,0.07088858569482165,0.17116993696052804,0.0672069472542099,-0.06218502353117622,-0.22706235299061306,0.008920217064828201,0.04261839025599971,0.07330024944685663
869,0.15772490570327694,-0.09320067707145548,0.1424097676847461,0.1242493321838844,0.21559264659804897,0.1621823716905018,-0.19347181150559506,0.01551666082870682,-0.06432849503268419,0.05687179977377635,0.09505074288478677,-0.0830486268097015,-0.092115178194357,-0.035639681047793546,-0.053238939639409115,0.022161497710373252,-0.1822394534094651,-0.07092123971406138,0.03493453917915913,-0.07492335947607363
870,-0.027825175872358252,0.24343294449983674,-0.07128986114676054,0.09230810694952228,0.04272448277524759,0.014185448514272937,0.02655155344368907,0.0905944186433533,0.05698146908196051,0.05203359417106523,0.112149149598749,0.017110675433794822,0.09570190036040106,-0.12177022625474408,0.0037901789010011265,-0.051186944198336484,-0.019172969336812517,-0.005881305582893439,0.042491748392665195,-0.021692064607685666
871,-0.05369603526473077,-0.22301819329415803,-0.24214463044601894,-0.07478651082602698,0.09152916891337533,0.06207742062841428,-0.21875570952415946,0.05134022485882745,0.10061794826477378,-0.0399404386350856,0.21002980466707794,-0.01636313395824423,0.08866820629608452,-0.017090554647562244,0.09450778383801274,0.11646882373112896,0.06529073763070047,0.03377634163284033,-0.006097635394689897,-0.0382126364362612
872,-0.12536551386219857,-0.19733705355031908,-0.02226939053909111,0.006305255537283189,0.037453780343030874,-0.11515743339014245,-0.013631962654965689,0.009703825689202562,-0.07697098219529142,-0.08275042386227172,0.034692204054074034,-0.06868513886250839,0.03289343760129266,-0.1375944261655513,0.040707441674277575,-0.19804422095010263,0.15042847239890236,-0.11267484095178205,-0.0022677763032914696,-0.12039126736668265
873,-0.04664758655905461,0.20008128245854848,0.08454676145938934,0.05349754504092511,-0.08237344720066311,-0.0703294555348437,0.1964758950390954,0.045069662430120554,-0.05340970602767723,-0.10006182938668767,-0.0701651763338562,0.10390743531330537,0.038846823059999834,0.0053250456846314085,0.07848709120595976,0.1597444677586173,-0.07925468013045306,0.07996059949694795,0.029132722877125195,-0.07545939305147226
874,-0.040054075160547944,0.037088326926565454,-0.0632351889941578,0.20135040845312796,0.2153835003851023,0.024284222120697644,0.09095207345005077,-0.0630513647646711,-0.07459429527378361,-0.10834527989499118,0.1239276696938033,-0.035056396993510125,0.11163650410191736,0.029577127093141895,-0.08099088993040404,0.12560452853869727,0.13685457910385165,-0.006445306682331045,0.03185390419564518,-0.035577313871393776
875,-0.04766985484558628,-0.023597477446650382,-0.08824456237636136,-0.2021336750308091,0.032933505956365655,0.00915636077312325,-0.06956165344518295,0.14444544577233515,0.07129798728424142,-0.09417974754076375,0.1543394751800288,-0.003486924860929572,-0.05500023278971799,0.027667113099256475,0.035333321422654086,-0.03885998038944437,0.18022864477913905,-0.035320232267581075,0.15825491764239627,0.03971109947865841
876,0.046451019429118175,0.09945843859506406,-0.07922697877703118,0.000292797473624006,-0.0005772667778986354,0.07295687314648427,-0.021077719816659377,-0.0866119119176367,-0.20726021192355645,0.09329553864900535,0.15565022680126228,0.028317936477668705,-0.03443835309052784,0.07778143610947252,0.08029069119374116,-0.021764729090600555,0.08656528984639814,-0.1279233097952967,-0.2579370480100256,-0.05428219437605118
877,-0.047700050812552304,0.13527973985619823,0.04901869208142794,0.05879756659190622,-0.0019964289547435565,0.06570441838904002,-0.01012318913098076,-0.16006035725708828,0.10949419435419191,-0.010727746341583232,0.2008640374388482,-0.06035718195816172,0.15779882906323833,0.015932334487153893,0.00042556960652790466,0.018630759125661648,-0.19262131368306282,0.017625985193302086,0.04980100655074515,0.010881639098718901
878,0.009307697032611214,-0.23495750549942102,0.11675951006766372,0.030580873273610948,-0.0470117728729149,0.09115664580801154,-0.1258454170788313,0.017742667736674975,0.2566907363164507,-0.09648838025626019,-0.0469313664375356,-0.13430199396679204,0.004662663219877201,0.12630781441026845,0.06068441626766433,-0.12925129685451148,0.01898171867435659,0.2985109370808158,-0.031248032484763072,-0.02204469795235099
879,0.10265541198177723,-0.054202065451896715,0.043537882077488,0.16202601426699267,-0.007728322349601943,0.07026375606258732,-0.04162759794020171,-0.10299438636014151,0.03661567280440407,-0.060657661695397054,0.12234589313139539,0.046712262150978005,-0.13293573186353735,0.03575783702537336,-0.028102491421592782,-0.030407946486632902,0.168210094111058,-0.06018031438630763,-0.11935135792707106,-0.03817387228259379
880,0.027595404051033563,-0.07082371901218862,0.04892683280380224,-0.11913996466357933,-0.0500746659317935,0.11788689215148972,-0.0198140837411219,0.24797249906234559,-0.08472504767889079,0.022785865125992115,0.004671975707674184,0.13787700251674928,-0.046841760527311295,0.006578612620571239,-0.010912522725968586,0.02818035531808399,0.019971862132775155,-0.15644408650992433,-0.1123092054774869,0.21291164167520674
881,-0.11197793089479591,0.12605444258772008,-0.03173799229149536,0.03709477552108021,0.002912776445650815,-0.012335369267408183,-0.05782524007886004,-0.057860864764792436,0.08708394743352704,0.011504648091925482,-0.047836343536813285,-0.007353142227948441,-0.05719916599684296,0.023992470814985387,-0.03942565596622573,-0.00932619478107346,0.09231434935488118,0.15887550445559454,0.021738267325688374,-0.08524132633843733
882,0.09520107529330941,-0.1772585384783171,0.04512211776199292,-0.07408199639374807,0.06962493630872167,0.03460076026069133,-0.2470623475394524,-0.12090098274927857,-0.020721416436190555,0.06435934729361598,0.0274545540469628,0.11972521145432309,-0.08871535907134086,-0.15726083952753608,0.007555530846222333,-0.08595520086840779,-0.251666228968751,-0.1154145178630203,0.009185462759190226,-0.05590959460801083
883,0.02767518682185287,-0.21682015086453424,-0.04894782342632941,0.02311385682506238,-0.007539089991771769,0.11701787630695445,-0.15932369734623747,-0.16175107608890202,-0.06331243988689683,0.07028944054694995,-0.05823713603307558,-0.19882834038543304,0.03537429977591993,-0.014084347973105827,0.06040094344150396,-0.0870227091326497,0.21163535931760089,-0.006195338210486216,0.0034145054717870742,-0.06041738112307312
884,-0.019350604587929976,0.12910643525515753,0.09441649904956417,0.22974872425087425,0.06918917939425713,-0.07461185100801886,-0.061986966912151775,0.056101741555465434,-0.14481008308369275,0.043228183563848006,-0.034301821708684496,0.0730263756905145,-0.008548696908952089,0.10451237434348423,0.10077333069802455,0.03243738552299889,0.0038632097331865733,-0.06188221477688765,0.006465745469834212,0.05076056485938145
885,0.0035399986975363676,0.0380385704866158,0.11943338801779085,0.006083436715772773,0.17414148519204284,0.14445824806923407,-0.031172706846538625,0.10538731209377067,-0.18786834311985223,-0.0073251697362378,-0.0017217911677357021,-0.17444708745981025,0.004637231398675635,0.014840535435949067,0.07854180696140046,0.046077133471231276,-0.11402692470080493,0.043620356352048924,0.05237320811639531,0.02991898872978038
886,0.11902060874180648,0.09663590263556812,-0.25610026190677054,0.0839352515705243,0.07469836511011692,-0.03672377378949062,-0.03663866326543971,-0.08533101373123632,-0.005427983535885658,-0.007742179295608567,-0.17585050113932993,-0.17450618123445175,0.0595148790332593,0.21159602810870506,0.05428927569463771,-0.039745200591943516,0.08021308984201912,0.038280632063994686,-0.11813612334301371,-0.11765556815985435
887,-0.11306530735472968,0.009558708446458446,-0.14226273069689954,0.14369463389113424,-0.06525225563849918,-0.14896023759133273,0.0860066817866932,0.055017760129476345,-0.14788793303236783,-0.01735033619517513,0.07101978966400659,0.018521360572772507,-0.015056616605162974,0.1913345875270799,-0.24859092454902051,-0.1434848070262398,0.01603011236172764,0.26514946371683545,0.06001998876753636,0.08966866491202975
888,-0.13070803057657035,-0.06155194286887466,0.20623053848547987,0.022197495608240553,0.20778661578428326,-0.07828995940608709,-0.14238894660813628,-0.08655993742377428,0.0544783201526933,-0.16172914836011265,0.09187044538589725,-0.03152212453328336,-0.03410974287226839,0.16769426583875147,0.0945850627324039,-0.09212369656822511,-0.09130890990153753,0.007895745063883778,-0.10902810800110312,-0.054682208042676345
889,0.07002190987271849,-0.18362543263517794,-0.04203166857688515,-0.05714718872333722,0.12466475363958673,0.171291103188462,0.0892536092669857,-0.16151019267513864,-0.21362821343800095,0.10658016722847515,-0.0002502719724660376,-0.15796045985539117,-0.07649778746770587,0.006558401165669143,-0.11040636027783012,-0.2247788274158113,0.03278563458003967,0.021138216255377474,0.18905398293714157,0.0011892749329684758
890,0.03656142961044713,-0.07745726247230421,0.19050656760886855,0.02230139079682004,-0.18776666414013088,0.03077011371524437,-0.09074124440787258,-0.054895267580365344,-0.007160593980506092,-0.08052515906726744,-0.2773210667109075,0.06593194046525575,0.03877432595725827,-0.022482509948480407,0.08786604685380552,0.028006966359907,0.07866980798496959,-0.027945044231815156,-0.2040615609149168,0.19508817963764655
891,0.02920675110894009,-0.21967815027887239,-0.025602474535651527,0.06949501448274802,0.16741110003172888,0.00852381671876834,-0.13958327288552097,0.09608200336025766,-0.13877671654041762,0.09377279542841888,-0.0587020305626587,-0.05737896603414822,0.007419238226456021,0.23617754777211908,0.0011550718271113901,-0.04332619310922929,0.10182942940382138,0.02461874241509596,-0.14780652258822158,-0.1107657321205384
892,-0.05506348071514719,0.03234117192255072,-0.017671103115867486,-0.010551979019455003,0.07236744212017823,0.09838420760881159,0.15989861022934107,0.046848984419132315,-0.08380915686056636,-0.06601410420594131,-0.07688558604166788,0.14481261537343637,0.0003130716249222303,0.05752723415809959,-0.1270317327282486,-0.03844300586612701,0.06246324613967917,-0.0615620873128293,0.03224954513397708,-0.06670843770305812
893,0.12017847334316197,-0.17549959133398577,-0.025395938784187572,-0.0739870802698536,0.06359344574909244,-0.0733115647341324,0.03490030742018607,0.027674795412013727,-0.13361380918282242,0.15294538483389447,0.08840472986798646,0.1305878542282364,-0.17443515946905935,0.1392195576737351,0.15353346130463252,0.18909464615453847,-0.21324660452634298,-0.044542177713435695,0.05771194527917416,0.006452445900053824
894,0.018689766075908557,0.18541649859305262,-0.026353131933272184,-0.038935511536436505,-0.057814765018492725,-0.0377397884781074,-0.06356452405954319,0.0518882282458518,0.17735780694146328,-0.044147253778893676,0.0319409186192713,-0.0711199968461559,-0.14245315188779084,0.13161144519562304,0.05034189945117811,-0.11644313247495537,-0.13689052739839414,-0.07680606375831814,-0.060136622033092654,-0.048830084164431686
895,-0.06940523937354152,-0.030224511336633456,0.036045723542573425,0.008648825413721077,0.09201873147521061,0.0025476673285858738,-0.0805719608889094,-0.06024385944279912,-0.07508325264963998,0.030641594188849024,-0.16473843486957074,0.0014137994274090238,-0.05649111734498932,0.21563300490579856,0.08025916066999635,0.09166264443112802,-0.025567323926266438,0.07340438724000914,-0.20315869834298847,0.0854136404427635
896,-0.08968807677508354,0.039323621711994244,-0.05323628930617461,0.08479276643326139,0.0008485471934204353,-0.02156621996049891,-0.007115111730288202,-0.15134232891009397,0.045464238696890924,0.012288209921842423,0.09775242630455659,-0.031052051971273305,0.03182005075328151,0.003144746663080196,0.17660894822754317,-0.05404942333678259,0.10328401440905066,-0.038587142494850755,-0.21693841410471618,-0.014474738422204063
897,-0.18397571022126175,-0.0017435125898032425,-0.12526164114123167,-0.04408770985810619,-0.09990639247532924,0.03407902658950442,0.028508330054988165,-0.06390428125644773,0.06320672603408681,0.15115022982872842,-0.009640369237556602,-0.11334452231750104,-0.07484323566143909,-0.20407147713506912,-0.16557073074100162,0.14080627112616612,-0.21316800707040162,0.14865542197140438,-0.0346057914241492,-0.059082503540816435
898,0.19015945206717955,0.0506276044386452,-0.10441139380612187,0.09854045792491649,-0.019099733962372085,0.10020518556035292,0.05800956519709995,0.11551121145071556,0.029760692022060116,0.03375609781691676,-0.012138558709965027,0.023708480284069536,0.07687603331540578,-0.08364767703146371,0.17871820072106456,0.07023952776794339,0.0019159733675090268,0.11113796690051693,-0.053445422672615026,0.12699282367499834
899,-0.06288768439645188,-0.017489055289514093,-0.04878876879991971,-0.14772965937990473,0.1896432165147246,-0.1455111135063659,-0.098332343736259,-0.02829327771671832,-0.03102051350931377,0.09695184641240336,0.0754935645931347,0.1177275133253357,0.03788001105978363,0.007734459100533595,0.16545286344584267,0.01319379205750257,0.24549819470309567,0.07948635002390896,-0.08507178309392029,-0.022229711629161958
900,0.10014948619783244,0.31916054887891215,-0.08686991185540215,-0.06541199199439368,-0.07636234918220842,0.06171471657399747,-0.06262310061898381,0.03309956217021932,-0.08968235403254705,-0.03742915117394712,-0.07574477401116558,0.19999597624295515,0.01814346324815784,-0.2368343708312024,-0.12524505309084055,-0.043751315378334966,-0.09703743246249665,0.005846342694404429,-0.03231781593433309,0.11956571882558606
901,-0.03217453033681018,0.11623501897880584,-0.037781443019253694,0.06289076406876062,-0.043984441908782965,-0.03361692293891212,-0.15577758317974028,0.1617874107602167,0.23757086020260954,-0.18784728179072857,0.016345299929365623,-0.14986440225685702,-0.14931944271315803,0.1808815775784944,0.0869434568817555,-0.02813181843988739,-0.035616840689856516,0.07657168498370048,0.11160630956147015,0.046338094313968334
902,-0.0355978876711405,0.002728629072160277,-0.16706180528568104,-0.06642822345975198,0.027564195081343272,-0.12011142061835957,0.018022125849606888,-0.04801770081455686,-0.22915605181068432,0.04989304189959992,-0.06987035756357779,0.07461351474945753,-0.027338500251380075,-0.0551486325575745,0.03364658184043129,-0.1777519521037788,0.12638237964147306,-0.11277305165026075,-0.09462885569242646,-0.0717595235855331
903,0.07989606575075871,0.011416131552171669,-0.04464227535579342,0.08063815042869564,-0.08653210856367356,-0.04584695408134635,-0.10855061349546596,-0.12998941173195838,0.08664221261415939,0.10922533106717693,0.06299420549474817,-0.03202116007981457,0.08700682173487413,0.06194168140251934,-0.017800937384897894,-0.11570006778178563,0.11879406576238913,0.02034710220829653,-0.11156058968881952,-0.07854885329753426
904,-0.06030083931991023,0.07702037558157347,0.11403676049197893,-0.08144183837380937,-0.07867269313161047,-0.007501311048595053,-0.013913327954886487,0.05647605450294726,0.17095672948056945,-0.08065742713532453,0.21129411080647487,-0.00645871430434777,0.11473745872526304,-0.14929840781338227,0.02594783749799137,0.013731990705481808,0.013337973942234746,0.17634778775909218,0.025178527631946286,0.13880961119050847
905,-0.11076986651201441,-0.1029419355068853,-0.09195179000021524,0.11513397774394363,-0.13225094420545289,0.09650653546985345,0.1183392930947558,-0.11749678296558304,-0.10334422318748661,-0.0853766140603688,0.04420590076760683,-0.07065424694138789,0.05059469336915365,0.11718395202516195,0.002616213986358928,0.1299438733996817,-0.11548937344663247,0.06909379459991469,0.05891250281825507,-0.07488602830955123
906,0.16681219803012792,-0.09677723583039596,0.013440332580229841,0.05714438838579567,0.229184113873429,0.000835842801433986,0.006443182100998101,-0.06262755619440917,0.15605420724169974,-0.0019991917876578695,0.007949546533161638,-0.10419120771139026,0.026546546089212187,0.09643666868097393,0.021164340507165466,0.012453584559048906,-0.13299598432049795,-0.021164141037490654,-0.03465917153112105,0.045835953751375835
907,-0.21255140803532582,-0.004451607028702152,0.029159940330668575,0.10162824966667082,-0.06729397483519149,-0.09644991702676357,-0.08145569104893262,-9.8687039543203e-05,0.1654128971879545,0.01194108544485147,-0.012999956805553563,-0.040944950215118334,-0.0033984377594214006,-0.07755009005737311,-0.2956736405347525,-0.29362222796064247,0.20572960696369474,0.06568516198905594,-0.06279498537909992,-0.052587504000900134
908,0.12043352094433882,0.06275759168515917,-0.0881387189403542,-0.06636385222126161,0.18042723883014383,-0.007593183570674904,0.0959488988975541,0.11765018285387041,0.09278018456797671,0.06701027308390828,-0.09572653028947783,0.14104297293511853,0.1144862260639522,-0.1674488519555524,-0.007107926808917077,0.094022014565344,-0.15122909531554996,0.03271285849981499,0.06566198520985535,0.016751610649799343
909,-0.1824856787807716,-0.1202041506467874,0.001773393680298074,-0.07523037275832374,-0.07618843632845966,-0.04197681718082573,0.053817247352429425,-0.09276852865467114,-0.18117931259206677,0.01850872140577317,-0.07116108033742044,0.10140592467588128,-0.13010279894880905,-0.07281890142334764,0.0755063946538398,-0.022285558151623662,-0.08955645601070633,0.10707497199986182,-0.00799442911316792,-0.08322705784265177
910,0.056939310793781395,0.03610003927122162,0.0813888442093896,-0.20306877147872363,0.09214801140585092,0.06048170002585743,0.041069216807638656,-0.01945907692250263,0.0627853787847184,-0.1189239579583069,0.09430068065632978,0.08445005307804401,0.09963290805632942,0.08891468428199767,0.1859024204061535,0.05460116672821528,-0.01144954082776168,0.0556784590262087,-0.039662795786641024,-0.16354398609296394
911,-0.054103748087504816,0.1354039228929418,-0.042029923848779654,0.05914904976911786,0.18609271412824796,0.049556916521557484,0.06531858841626816,0.08069680839087205,-0.11123586294279567,-0.06687203496254973,0.021487172973243495,-0.005436462826573062,-0.11080187184321662,0.07975285434095172,-0.05140620835615058,-0.08277073892996581,0.07718808984907377,0.03827583874292512,0.013371589931667743,0.03419131989681009
912,0.11332091484269978,0.025902475076361245,0.05677817772061705,-0.1449631329988024,0.16384190237947152,-0.019092603101874137,-0.14265827441737416,0.0014345726238880112,0.010907130174775622,0.04112502078557969,0.026429677716395008,-0.03753677218376413,-0.075026623942561,-0.05063041665762676,0.054352066861242825,-0.05395588112586955,-0.07853038846297736,0.018368668920322736,-0.11955249795369992,0.1397186953499573
913,0.013552494109314977,-0.016697565245305315,0.1512735212785395,-0.08199249334880905,0.17957103361832552,-0.0013864483117524572,0.07808508479286788,-0.02009400824840625,0.009820685981892138,-0.10496374066614665,0.11974984804217041,-0.0024603704949088113,0.051649063749890235,0.03886831544292961,0.016668649864947545,-0.13546043478122546,-0.24044632288233078,-0.03596558069646425,-0.05963448128866988,-0.023469804838821693
914,-0.17680732583214162,-0.05400235348653127,-0.0854433839279574,-0.032152618980849736,0.02068021221302534,0.15874917976153444,-0.020576866205042912,-0.1430250788359532,0.016437917006866212,-0.018083039283834344,0.0709588341871124,-0.059469831798632265,-0.06392141726028275,0.11882656605910215,0.09725121500603734,0.02120989257063472,-0.04451473399756657,0.12522674077878304,0.06992574858798836,-0.01871659649592792
915,-0.14930855577382002,0.024087010210492466,0.11796506553190292,0.007402212185106996,-0.19086198842564545,0.0379992486598675,-0.20890929034714215,0.07280598456426737,0.05384903972952871,0.1130702661714955,-0.077617952918734,0.051134529581190996,0.1959774992201507,-0.02765009776697079,-0.024317968267215072,-0.11227696409427063,-0.14418605964322734,-0.017396536671077743,0.026808613612644507,-0.004579029187391011
916,0.016758139118470516,0.11415431047385673,0.018095786602438213,-0.06369232969725598,0.14645781807714583,-0.008286733580904758,-0.13076193899664051,-0.04680740924614455,-0.01493701636839046,-0.06733338971590831,0.04915441243348653,0.10189048218303888,0.1254669204960512,-0.025990359504846888,0.08587494975003028,0.1826655873365484,-0.1990073008631953,0.02139285193472661,0.00783410231080118,0.10743503257916245
917,-0.007053244345928026,0.13632691208207015,-0.012035604420376784,-0.01038078582408033,0.1299763173750529,-0.06948153072139619,0.13686621001888474,0.03331197482046741,-0.027271675132835238,0.1366356354130319,-0.048207176042113865,0.08753598116374794,-0.04058348396766727,-0.06935959219340979,0.020454266044564788,-0.046215708200270475,0.04597077501090732,0.12026431903781629,0.1809626045394711,-0.03777746986920816
918,0.09365069422626,-0.1547724432837315,-0.011052942528039724,-0.11040479757155838,0.039860661760867416,-0.1802042797337135,-0.11340688765736423,-0.14663324303522762,-0.053298060427769085,0.021125482932134423,-0.23664895296297953,0.03685028153687279,-0.11305502485815211,-0.22330418432142676,0.08626824930863529,-0.15595446013909917,-0.09281099908247138,-0.08103367060878397,-0.05133615051189627,-0.10001455739496419
919,-0.06478371853056246,-0.09242631513962131,0.1452038306359954,0.08101771541921668,0.07002137502181706,-0.1851809729757629,-0.07440432830472213,0.1147771211736803,0.08319579755488517,0.05867369704578543,-0.003156129129909622,-0.013343256976270026,-0.07409209233244615,0.22044730698216616,0.07052375937195257,-0.030937136686462422,0.006405023495610332,0.05234447476452985,0.05371556405711547,0.08124416545546818
920,0.17153059538738769,0.11577033901070045,0.11228190773508848,0.05298230683152741,0.00934183348070515,-0.07016861164296888,0.08555315426061456,-0.17312731073401857,0.11024516184449251,0.08899881486645328,-0.05637377114649696,-0.015039304331262786,0.06586796878199723,0.010478199912488304,0.0004722747071575825,0.0909667207786033,0.10654442210232683,-0.1011712659380334,0.025154212382555618,0.023543042755754286
921,-0.10894090745797876,-0.03635195648810897,-0.1294341551673809,0.01791768441740924,-0.0033130780632444324,-0.16387861858743671,0.026745950259819407,0.02644974035083018,0.2419165466621366,-0.07527554993742774,0.038337503773131734,0.0859828387533525,-0.18026647399287832,0.09719063552628236,0.1406886539892532,0.11442870377589787,0.08456046212111942,0.044426467698190905,0.0630288112640725,-0.013531207736812153
922,-0.057773354386074637,-0.030820555987588823,0.051407377911315666,-0.0021360471593569754,-0.06576747744089698,-0.05256139732287124,0.09925740126042704,-0.044706199767049946,0.012617182775675754,-0.032592220990672625,-0.002601179297661566,0.06279961828921292,-0.2261447719544711,-0.04722965304323529,-0.0027093052670305747,0.07078230675877566,-0.17142301824793663,0.04059909969969092,-0.043224596757636784,-0.03947193509085697
923,0.10078341882468052,-0.13893938740024414,0.1035672640235481,-0.02446747029227548,-0.010253127010100485,0.037551948468110975,0.11418708538098357,-0.03205780642214593,0.0906458427003752,0.10058010672845143,0.06205496246402362,0.016412313006725836,0.13935246312863767,0.06556202481616033,0.050839015099225164,-0.1600331704592549,0.03973139649538464,-0.08586122700702296,-0.019650671015197314,-0.02699689738369067
924,-0.06910570178831577,0.015258623500715841,-0.0044723177765667406,0.1448193974853965,-0.008370529209942924,0.007337928019854355,-0.10550393008105242,0.039242340067878224,0.006269942303104012,-0.12097732217500203,0.14467502866882373,0.0677706840027508,-0.012847277865241041,0.04687646708326732,-0.050752969547314564,0.05653765700376131,-0.20725532087293616,0.14564492503200407,0.04342869372827928,0.1722620938225414
925,-0.163433806004916,0.042969971616946684,-0.12576461637893205,0.07534840694383607,0.0050129151777651695,-0.063493163608706,0.08716070356044829,-0.13302150099130944,0.005079417853405716,-0.08050880579918192,0.04180809406272415,0.10139169565638384,0.17017344763804929,0.05854501210315382,0.16228880792591846,0.05744517988055,0.09870986518999679,-0.022415771955876726,0.2111441131496847,-0.01726899174774258
926,0.020295698654280388,0.28551995221549814,0.21600204969917905,-0.1453740812336005,-0.20250708550765092,-0.006837181809067338,0.0036109623985961462,-0.07153053674096303,0.11482776554571716,0.011209064654386678,0.22065986839781057,-0.013092218595726715,0.053469814776746366,-0.06492144766353489,-0.03534861228588433,0.05445906164514,0.15239053216140958,0.13186189631711137,-0.04317179933700312,0.008090523569349826
927,0.08275910535497787,-0.030748608567814983,0.05254130790737593,0.1173211292976276,0.07048194594476118,-0.007252393456630265,-0.16831029239721157,-0.008447171419877652,0.013730756997629018,-0.09925806485493768,-0.10216850202504377,-0.08179470261063873,0.023053538434172398,-0.06926046381459335,-0.07200450368953255,0.07366870893699695,0.04941653689319283,0.09365169129744687,-0.034655315489405945,-0.0026960620099839936
928,0.09846079393587964,-0.14504480747564097,-0.019158044372414897,0.10879484683744121,-0.054360525401851066,-0.0332495177460311,0.004703779614907522,-0.0936770488272994,-0.057038641907837355,0.12949283764630476,-0.03357037383196613,0.02102488119158624,-0.08371961980390487,0.15996361106861984,-0.04140027595140094,-0.051383895878034845,0.123520080019604,0.021389167282147716,-0.1650646049213031,0.05509060778654331
929,0.052665106239696446,-0.03691665109517529,-0.12540399991211232,-0.12710754941927452,-0.02058635750424106,-0.032207896888559004,0.09836699493833671,0.21428249338229277,-0.03675027947514191,0.11984956358639466,-0.13739212157202702,-0.0011786468142903062,0.030022703738961813,0.09501968066387732,0.03934155918062191,-0.05388935801022,0.002841904392816604,-0.04969061097997151,-0.11516760309996645,-0.3125689166556307
930,-0.046213065708710234,-0.058712603753288,-0.01769688077121714,0.14754333077966852,-0.26476994043077756,0.006663241671931241,-0.1077181265942179,0.011256521185820727,0.2564954507702818,-0.08024712877567398,-0.08138382964022267,-0.2347941142426963,0.062353250220065395,-0.01851864645351044,-0.104098729430128,0.10089301245737531,-0.02251885341564647,-0.18621350417244723,0.032072124167767675,-0.007055375517396333
931,0.06955489683618472,-0.02096467655979665,0.15045162384485194,-0.1449045264878557,-0.02391878075936822,-0.12224537395837193,0.026499922481040987,0.02983928747245292,0.12886576212015807,-0.02635732701052504,0.1670545743748809,0.03556459814498107,0.14961684448291018,0.05636736349678292,0.005326671468173544,0.08609650014323283,0.13363470321897902,-0.037851190882587954,-0.05719068997995366,-0.018734595739995863
932,-0.20306756902435383,-0.21730169866613847,-0.0979419830277338,0.03256926932946219,-0.12070653705425838,0.14429837289875327,-0.27506397725454224,-0.09874645244485633,0.09386944387223894,0.0014752724731012879,0.05299141235484698,-0.040712815404800165,-0.028905055477714565,0.06580194732241725,-0.28704064926483336,-0.08584254314173222,-0.11634988597961342,-0.04440997154324614,-0.009894760644851494,-0.16123292516418414
933,-0.027066316624607012,-0.00838827149052454,0.12485474448019461,0.0771785852064312,0.11772177584236115,0.011722039351048836,-0.10314798306731872,-0.06790561816666751,-0.13754691065176028,0.08302972641462351,0.10547432518562337,0.019077803244228274,0.020267194156836643,0.07918370900693104,0.11720393012895354,-0.039931791428007436,0.08474681801947935,0.09539861117578907,0.09619471469959452,-0.006874353393336802
934,0.16678898929315186,-0.21756289971759216,-0.07943038297509922,0.05059965702831527,-0.06837840055884488,-0.05865013966981228,0.10460340388205065,0.08315288116408877,0.11011974320245332,-0.07163837691140887,-0.1879740245201624,-0.02654540986603261,0.17614850140325794,-0.07150635734847353,0.06980340249889935,-0.07649899465953491,-0.2000612099327028,0.12056532989285677,-0.06099753112080299,-0.05194320345982021
935,-0.19214524465745603,0.12323403314878859,-0.06083335748610626,0.09299078216814557,-0.08440007648310266,-0.025354817276203485,-0.0691760994932219,0.024607552940244404,0.035517324454863275,-0.01398725558857683,-0.12835449748704988,-0.1499468846943563,-0.05272663001062004,-0.24531274224222538,-0.12171081075475404,0.10367183080939525,0.1407390967788561,-0.06240917687187055,0.1383461593926352,0.18704343978834123
936,-0.124606061219274,-0.07038575552302184,-0.044809298342078537,-0.06495639038276627,-0.06337385349995717,-0.09609094308724983,0.14377646977161748,-0.02693946179609653,0.025842453994960463,-0.056214449283947004,0.0750877082545772,0.036195660560023324,-0.19402521109881612,0.06448755847265036,-0.08151431647363495,-0.055768937046405405,-0.05532857637101846,0.009269152629700843,0.028033691504215457,0.0049506220764455105
937,-0.07325843513314102,-0.0886785425946029,0.0115632740293655,-0.07866691160540545,-0.034697564444235815,-0.014637708306912807,-0.16885113644946376,0.04805157803433323,-0.02030127672941728,-0.08728668963973284,0.07716113791607102,-0.021180297834493243,-0.11188095748274932,-0.0108990692405615,0.039730636808067946,-0.043699879006026184,-0.20184655305713062,0.008597298685826517,-0.06900777116665001,-0.12755413862573292
938,0.024136029115815853,-0.09597487145574904,0.10472141379408924,0.04044925679892011,-0.024319366526291082,0.04300563815236284,0.013542139946213212,-0.04370177189595316,0.17867694664055686,-0.07109700065703271,0.13025661628015858,0.0751117253097225,-0.01901745027217369,-0.013492289645291157,0.09473734176197422,-0.11524140624065747,-0.10584705389532145,-0.19832367779648777,-0.06494899547476839,0.20804336635485676
939,-0.038441049785048205,-0.0783545842485103,0.11926332104849083,0.01357262840576848,-0.07838543270545771,-0.05139121376246426,-0.005503032778729204,-0.05446430286543414,-0.06148352387559408,0.028158975377103896,0.07703736061065342,-0.02882433411244319,-0.2177822262797182,-0.13956934264342213,-0.10413115454078253,-0.035316952632900016,-0.005319184598011396,0.06378855912472735,0.025584318358837777,0.07434388869604441
940,-0.008625139801965017,-0.016037603282301662,-0.052011400067834855,-0.07567887559049033,0.05902646097487444,0.2929828094549006,-0.03286398555102278,-0.17129270701865218,-0.023955657232846917,0.13928772774994622,0.08676352891036121,0.027263081064959883,0.04785046303257991,-0.0500252765910969,0.043968497740565514,-0.21472174502918287,0.108379422434249,0.19733267275041713,0.15067068218191004,-0.00734014482792969
941,0.03733507978795083,-0.10018497707304233,0.03812356291328645,0.053267662940413754,-0.09033966933327969,0.04825789139512988,-0.09848966704961708,0.023703236579492283,0.14577455717412666,-0.14662401138127584,0.2277729975477082,0.06916708606240685,-0.11592342681680855,-0.11543978291435332,-0.1228074357784139,-0.004073105487466557,0.014832368373592222,0.14568061674837027,-0.1286144432794158,-0.2027401557764
942,-0.13217434742842127,0.1788850242944458,0.049315088185937564,0.010036858771138073,0.17068823503346722,-0.07864674320063664,0.10846778401116897,-0.06330905943887168,-0.04665090171566759,-0.08318636111610277,-0.09359793503867934,-0.09142346268089768,-0.06946540233267846,-0.019394048793123685,-0.24502132810177774,0.05030432353078337,0.2594972817471637,-0.09149439661442023,-0.06528082557869916,-0.19195171042220346
943,0.08838070697311204,-0.057914593747928685,0.022523897685321186,-0.09289581391469082,-0.08967362391101123,-0.036986171134205124,0.009928605834859763,-0.12106407021140049,0.1261163010388541,0.12628297183971215,0.0049438300740013335,0.08401960828409723,0.09986685259504686,-0.19288801908178302,0.0881954331794453,0.03044277836934804,-0.14714259061700363,0.276185576413012,-0.05684948535511308,-0.19518695377178086
944,0.031396257463484435,-0.02769060228528194,-0.06798752500671422,0.06457556440322375,0.13003859181429775,0.07691927999095532,-0.2350065412626252,-0.15125372515365765,0.038901390264023554,-0.007789021599666072,-0.08238438213125017,-0.23653611698628513,-0.018586027664092977,0.0076651920377614645,-0.044141992930103076,-0.002579179162542614,-0.10287939171511042,0.12994334228037951,0.021552989064415325,0.2572649508473093
945,-0.07504434591078074,-0.30901168951749136,0.0012579557750367364,-0.033463190890880484,-0.0075674697552823075,0.05449227075713551,-0.048099423330277086,-0.21434129156111023,0.13999813685319415,-0.005870692483424296,-0.07697174819082817,0.27578173397426975,-0.04667497282591071,0.04319740898455598,-0.11733609037209894,0.08213660356308752,-0.1650487783951402,-0.099362485226438,-0.057444426683048215,0.08365428456787312
946,0.004330001255731858,-0.17141587649399284,-0.15349472806886794,0.12226958631836242,-0.12053373462122118,-0.041849887555205835,0.11413185506295312,-0.06566043525804224,0.09649198037947775,0.005034261164415164,-0.18382375023276057,0.1921722130864907,-0.1267057168850885,0.06857083387399102,-0.10015300657008573,0.02358843514353639,-0.12858421604397147,0.06839182964258549,0.012533513629570314,-0.08878131267047142
947,-0.07496277367418105,0.14030658118095268,0.06777105169938472,-0.006688789238354443,0.08948236926346755,0.15101226114355268,-0.16765386435465218,-0.051102141962458464,0.05011708004774979,-0.050003732899124576,-0.07918703515723559,0.028100563007823414,-0.11829247456848657,-0.15398508892790633,-0.004472138761403616,0.00145344711338085,-0.09570703911444288,0.05936424710013885,0.21509836759034107,-0.08150603783013437
948,-0.12332370525193218,0.05504451095275488,0.05397127761976552,0.06201160802193809,0.15383715116441118,0.02096011011307095,0.033830048976544715,0.00263282820332098,0.3293774940270609,0.06822302863312453,-0.016601134823824932,0.030535443285120152,-0.09446530852121841,0.183102659271652,0.004750916079399024,0.09041496006685118,-0.024868300991881663,-0.1039515360418491,-0.15158389280729334,0.04615727817914416
949,0.15526422994268152,0.009901502650305236,-0.28385950476489963,-0.07475763791392631,-0.16130986923946458,-0.04129184313464098,0.07616600088291058,-0.24590446710874173,-0.025360616533729466,-0.08981298926338255,-0.056822312109427335,-0.020714464376952308,-0.029206711411553506,-0.036736362678632076,0.08704336796720173,-0.040670822505957896,-0.03480788383675563,-0.08766817377685941,0.17949105415740482,0.08359865128785601
950,0.18371890787789621,0.035621457777760046,0.1987699147004119,-0.1091128608448909,-0.14734960327158333,0.07700501825085575,0.07881139214012689,0.09405038158159149,-0.04633449192930251,-0.2033711894180661,-0.14269889009452902,0.02881917073366383,0.04902104243885645,-0.027736964847077262,0.029858392937864294,0.157368715189742,-0.04696323631713902,-0.16306985806339788,-0.09675372228541583,0.012864551937699246
951,0.1724801252391874,0.09869175465602523,0.029036822515079403,-0.06869526416058569,0.006878767880098214,-0.16897696379859448,-0.00365159341784619,-0.005151779350536695,-0.030940171159635932,0.04500417625735785,-0.13710660859825202,0.24485747557632595,-0.05504814421833478,0.03538786304163517,-0.045450995089683185,-0.09119399330611785,-0.01259704269180037,0.1345319330489514,0.0923442222997776,0.09811237913910441
952,0.21203870355581395,0.020008636844318577,-0.1002465968594673,-0.006375015778198749,-0.07881243962355865,0.27241451695368596,0.14112774090037195,-0.005582846136706663,0.13099402717904782,0.11912972792526137,-0.03973448098105048,-0.05252084789446989,0.14966798169132714,-0.08496189885079461,-0.011035271877547012,-0.10201407425865001,-0.0380118275633335,-0.15243922479301267,-0.12612030339357205,0.09600624463940104
953,0.08665038757230255,-0.04742673240718113,-0.10249044421351518,-0.03841380650671204,-0.10973942002814009,-0.005390870437368616,-0.06902632079643697,0.016573020790083548,0.16058878836808638,-0.10749700428417905,-0.04364485152423954,-0.15617714576879774,-0.09171262187832632,-0.11413167025701769,0.00981276834141042,0.04172459401358729,-0.02286144804378745,0.1637970670115812,0.013585964380839836,-0.02769316674580054
954,0.05871197176792342,0.09972134452466959,-0.055254465552760715,0.14690299176634472,0.036424451876813584,0.04494738861800036,0.07665424362183987,0.05171542973505226,0.0663070128732557,0.05899630544776442,0.1722131762817154,-0.015059823917868736,-0.10793481077322879,0.18814627986210403,-0.1434937821325422,-0.12472347544728196,0.0002449189206378268,-0.06302383443699588,0.20190046810316262,-0.09557567215362966
955,-0.009156026400803048,-0.01837866033602615,-0.05547525451988783,0.018993611305062535,0.09420931862946762,0.22131048087644412,-0.004190775532690031,-0.030816505402788,-0.13644574022934777,-0.05422424859671423,-0.004239277486939361,0.05262071223997041,0.09114768854054997,-0.018587490938659277,-0.05846410103711897,0.005030523582816581,-0.09229054679282932,0.18279892577422568,-0.16212032159458578,0.05013459048468953
956,-0.07070868248826563,-0.0928787120148222,-0.038154165038490145,0.006362467064709968,-0.054721576671510196,-0.17339812720053002,-0.20268321887964522,-0.04136131837525155,-0.11087800023303077,0.018624924126034257,-0.030742195394624985,7.2345261949089365e-06,0.08741412160629558,-0.027507115947257597,0.01122655636204273,0.21355262332895125,-0.0035233754208647537,-0.09800273935203252,0.03236777767807428,-0.12045864992712335
957,0.043837678276913324,-0.0771989669064179,-0.02691696596461186,-0.1752164499568199,-0.19961032120337233,0.0040302851950653395,-0.10994734915848133,0.02928995040490935,-0.12528496664983904,0.0024920592859462728,-0.07094075448619275,0.03620850454983146,-0.1835314299560324,-0.13385065223839954,-0.04320680260604932,0.00115434274428247,0.023721958664063097,0.058062989691958014,0.10130326323236163,-0.16525091194808222
958,-0.13249309170062262,-0.0720499401509974,0.07475135228076735,-0.07893454985545137,0.15277419755774907,-0.21996157628845894,-0.03180269769422066,0.11941655849490933,0.02747587232244594,-0.022778247874046986,0.022752763918769667,-0.10040481700017995,0.022136678909780074,0.14285835330187668,0.043043227711134266,0.08653038723978575,-0.011015476269459501,-0.06786956376871536,0.09077282534028427,0.06472766412925865
959,0.027800344721705353,0.2113021271169943,0.036175494714901196,-0.07199287821254154,0.061538755454191255,-0.13534225774644404,-0.19371576334741827,0.10753931879789083,-0.015005760693973285,0.04934131642407867,0.06413510144253894,-0.09405803886522224,-0.007829081466197327,-0.08195581994924739,-0.01335042725826366,0.00569744830564447,0.09357645966132447,0.018027482342796802,0.021910536621818792,0.06175456769429789
960,0.1076906976566114,0.061484931429777026,-0.05842992123456408,0.018422480747534636,-0.059925566345245845,0.26634988252863023,-0.08851069565394126,-0.04516107379272709,-0.00029334225701171344,0.11774393239831352,-0.0028183048204287846,-0.07385091165173907,-0.07504400517143156,0.2117235200115639,-0.07300898800902707,0.03890033001283718,0.16820349504950433,0.17458293503434916,-0.15193940484204263,-0.07861224166765213
961,0.11371930025694717,0.007132415648616185,0.0663628327759263,0.3141088173247648,0.16014428771964698,-0.18677878647149176,0.021256760439081594,0.04236675070971906,-0.08950095261861693,0.035929562973736597,-0.00031434828708162886,0.044612990594790215,0.058229870884224835,-0.001221629958355966,-0.0651509700464632,-0.01826461262579785,-0.04327770970456342,0.005380293912542416,-0.0021859261588707767,-0.009923679431532665
962,-0.13453830320395452,-0.20118739737111016,-0.08896570397258148,-0.1263765423749435,-0.04550278667372599,0.08847566023472402,0.2079550086016507,0.041326020160809745,0.02233233498718454,0.008705703686408077,0.12407062495541826,0.015599867457171741,-0.04214631138852413,-0.052650830557110555,-0.13335437130570318,-0.1653181303637454,0.20248644393073306,-0.07056646476891609,-0.047443417544438496,0.11877679385139661
963,0.07939310425479545,0.006935006897386874,-0.06284751058938284,0.06834497902520656,0.05994541943162311,-0.2273439885752094,0.11722488027195313,-0.08695352286920936,-0.09404583084711417,-0.0343767191189138,0.027785682352819117,-0.038424299475443985,0.06771803915682095,-0.06590823382801546,0.12375915347437078,0.013228752625338253,-0.11613719031835028,-0.24549810613271011,-0.1274799366735325,0.04268630359390686
964,0.07330662413626443,-0.0389131487677761,0.029768577370119856,-0.0003458415356640224,0.024884999374804827,0.08705503462185861,-0.0009364216811521013,0.05032475757971281,0.03220883389823522,-0.022741236026725245,0.011183749170404123,-0.1192627545878966,-0.05153244723563395,-0.22138628511093153,-0.12337498981276128,0.03453443585832939,-0.026018542523250695,0.19084466094390964,0.03158449447274119,0.03517226102866778
965,-0.24182320807123356,0.014900527235645182,0.19550111445711726,-0.012483928895060652,-0.04370163926372612,-0.106759153882322,-0.07690733481821951,0.17978300679700482,0.0976573871497462,0.10399393842705025,0.1875946765546998,-0.12293028732166619,-0.23651875863372152,-0.15578255648660527,0.03254214581598633,-0.09926717447196337,-0.05908470222881912,-0.17433354654130415,-0.18417928355822574,0.019981753733415895
966,0.05478197007477307,0.008404247736564863,0.014240903947974802,-0.0674420052437822,0.002203882247488017,0.10374247949066362,0.07418779671340581,-0.018065681117194303,0.22235090904155952,-0.09803589912704426,0.09168671711241314,0.09835674617134785,0.08646044774345389,0.1447596518719048,-0.06628202818716265,-0.13919899158380303,0.056480775621830716,-0.12557489440474737,-0.14773062165213854,-0.04911745080983046
967,0.1367058279921575,0.12009876472589098,-0.05229927348601013,0.22001257602889307,0.09846189400891552,-0.010121789109176391,0.0024271494064235666,-0.008801671850989066,0.14246532610063348,0.08802417973881006,0.06615464948512234,0.021247872969065988,0.0007904848939628561,-0.09076587551367092,-0.07884453141009595,0.08949731801140048,0.016007521464267822,-0.038627890930682335,-0.10054916735674103,-0.026882118738931884
968,-0.06523341789378019,0.007754232086883226,-0.04780732724655255,-0.036317390341816386,0.06171572539340917,-0.07247677611856669,0.01669799380118143,0.1130671821597834,0.17510796452231878,0.07265673806956027,0.057307475991497756,-0.04713947992275034,-0.023979599068157907,0.10700694643060675,0.03698087514913398,-0.010197004881400521,0.15436848681727341,-0.07361434393705074,-0.03980281624118156,0.002089146413995494
969,-0.37601902453175035,-0.12606385296823724,0.018862401874171795,-0.05320123103014918,0.057990233592529986,-0.19879839149763562,0.02072842654224934,-0.027417732994842528,0.010326912316973334,0.034959122047323855,0.021802714713778537,-0.15114429523082434,0.02455906950770259,0.04932794164472538,-0.054579013657756935,0.09240481171094128,0.0017033703240620995,-0.008180367785691886,-0.10275371680851134,-0.07615391258512012
970,-0.03381507527109631,-0.17576352678950774,0.019736753157484216,0.00900398193696841,-0.1819893554879048,-0.12204960463463012,0.03244004645077565,-0.020627279399099537,0.06953351945571917,0.05377809568114763,-0.07760347583200501,-0.11353059411666926,0.047054457642040436,0.039019649386017284,0.0444071500719301,-0.00043102060918075006,-0.1592829734719247,0.17041188260388573,0.2775201204285676,-0.01049574272752446
971,0.16667504079651901,-0.23849537291751216,-0.1782081046145699,-0.04333550963114509,0.20124940232347868,-0.05552675632473946,0.01581722985718464,0.08969437594662438,0.1501147366522034,-0.06458030240482752,-0.035066193674472425,0.08286178537022888,-0.1672952849357444,-0.05765523711025286,-0.013108099782844001,0.10894369263522015,0.049256233160658094,-0.0035018283983902633,-0.08515287096310876,-0.10412105071449543
972,0.00611029837256972,-0.03328290364641627,-0.21108621116670093,0.13222122254779398,0.25454621142753525,-0.08783400156893187,-0.023044923642291937,0.19886548282221964,-0.10459951597018682,-0.05556049284381171,-0.14962360890518472,-0.045658700982050916,0.135224406087317,0.04213314027225279,0.048195693156742284,0.046924196507948705,0.06260623025626146,0.025518221262172253,0.04944690093349468,-0.030797101902138465
973,-0.06888794023454597,-0.07342521934070903,0.0629369129631514,0.0069076766861580945,0.013219877833642688,0.16959227033317503,0.027991565769084313,0.017295376359036347,0.010517338604373943,-0.12763291322212064,-0.0002929059652553018,-0.045481960022679534,0.045810187666942365,0.06886532114750907,-0.08508487303267333,-0.15032568558504433,0.1038273280793476,-0.028091353430283347,-0.0009722017481138765,0.07458267339230151
974,0.07798624662162165,0.06010710080852792,-0.06160251994047338,-0.23173556332613607,-0.22704833991985415,-0.11857859053329751,-0.006803775524014324,0.07736779061536037,0.015731527421952385,-0.05621363052932222,-0.15591434950609037,-0.047022694849534315,0.13262462207206602,0.15959531769001684,0.01589512890506777,-0.08329568908057675,-0.13003649016370114,0.07667884377647624,-0.019297109613225363,0.08180846406328643
975,-0.05554256927917147,0.006537995225677527,0.05869183053842609,-0.017012848413430526,0.10141922214020721,0.0854043450226434,0.11433877013575214,0.11931112615162721,0.03173175942792286,-0.03294043265748449,-0.007114674512463374,0.04238342520817813,0.14215229849321617,-0.13072518673407674,0.08719648831789073,0.006114639561935936,0.098538120844273,0.07355463872856105,0.05690247386643773,0.23804523738136277
976,-0.029420758239302788,0.009155129569091846,0.06093733165025235,-0.1073554935823946,0.07241261227425372,0.00641524148320405,-0.1124598085352934,-0.0827441524400329,-0.10859596972924068,0.04829744603865536,0.16901983394377593,0.08324057268928442,-0.014142899750734721,0.010424122727107151,-0.04157921544581573,-0.08014210528075782,-0.08178092478197044,-0.06758954769823147,-0.0004433035358099525,0.004037021410952626
977,-0.07902309993659823,-0.05257575571321463,0.0011738997142913268,-0.24858345116527336,-0.04581162269848131,-0.06736142796973478,0.1448963580090392,-0.17973582222098355,-0.042345349596572435,-0.23224728117002186,-0.20452167895861514,0.08480032036955869,-0.082390240147805,0.0031550369695097814,0.025692416777958367,0.1904993500135419,-0.07094297561339857,0.1382895051392063,-0.05980439330560744,-0.055020424359415315
978,0.04945095315689131,0.08515714567929066,0.1659206486135388,0.03054260609757422,-0.02317003857663055,0.05379388863171496,-0.10142418384372535,-0.21922210156859467,-0.005515493102707886,0.03402082138765912,-0.09262168356431028,-0.07317732200079437,-0.04470034819596632,-0.04226823161750229,0.09907807431158866,-0.04925338206978709,0.16192253086412042,-0.01862830912270532,0.16198814962966646,-0.029955205648850992
979,-0.27775429131549045,0.30121548322615077,0.007988576881528878,-0.07349743452318434,-0.08345248135153373,-0.12356734802281938,0.0500050899981007,-0.1375343828279664,-0.031274850825149365,0.08979100343202528,-0.03390814894196542,-0.05344421312724364,-0.046872249883126736,0.05226112903710216,-0.1338531957342198,0.1316100712711352,-0.07585245867347001,0.1353844546107927,0.10566532261437672,-0.034491848872871426
980,-0.02726240319721536,0.10341317367730027,0.07769760815514246,-0.014584212238050656,-0.07797498109553154,-0.17710343645805407,0.0706676857590848,0.06771332309790164,-0.06700039206853335,0.01977465974109313,-0.02963323251751211,-0.10715405223026692,-0.173662659500614,-0.07175964253163096,0.010434096901839756,0.1689734914193457,0.07829003236246783,-0.07615956435756759,-0.1384615667135266,-0.0868845407397236
981,0.0468244381367072,0.008682765536224423,-0.01818794651456512,0.21982240720754972,0.3059068288844285,0.14156311887747186,0.10252448519235365,-0.03672557309263327,-0.09185192653615491,0.026612997727221987,0.16980594068727908,0.08934772066710843,0.0825079178839865,0.1385857041832121,0.17544962448472323,-0.10166750623375483,0.06797599267262282,-0.0784312306514682,-0.031851256253244045,0.13350758956994277
982,-0.12490078262901745,0.0829981529733931,-0.019684792960479702,-0.0774779782210212,0.12509696840148568,0.12293827071724431,-0.10064289835427483,0.1036503437506208,-0.17431925703390802,-0.14514275197862536,-0.13316710583115018,-0.14638252007122973,-0.08026186135206474,-0.008409476015201636,0.05218027851735309,-0.019847236355683803,0.2271102686592393,0.06945268612883042,0.13285394061288214,-0.13127211636152977
983,-0.12864564509728385,-0.05280225082280814,0.001642729386600466,0.15589926238899163,0.020628139850142734,0.12231699093439623,0.13452839904183314,0.05586194373064465,0.15468864086693443,-0.1563909139217132,0.04595472546202447,0.03490599303632418,-0.031817860539484565,-0.10464527746620864,-0.21215333819841478,0.02932809394755635,-0.20412165757839554,0.02240468751940496,0.009684456778645044,-0.03758534651996127
984,-0.04307899507767207,-0.0938815712536381,-0.05564170448697909,-0.14967292988969122,0.1396414971182108,-0.26363398656332115,0.07643214623831346,-0.02322447747236016,0.11349858298930166,0.021437564889470257,-0.09751915413816747,0.06677103411304461,-0.06262832450436877,0.21344568522869264,0.1688231010691207,0.1891906727914454,0.04402452521230938,0.16363301314265552,-0.04916056983703327,-0.12336061251474359
985,0.11299929118524651,-0.1285243955996858,-0.0464801895385009,-0.04575966379667917,-0.08057885623051342,-0.2307645255960365,0.007919257375840483,-0.14122238997011144,-0.07801066297307366,0.10606049410049383,0.06835097942796434,0.11826498477278166,-0.1288789233797719,0.07450348975980187,0.14667037568637165,-0.1263848163901891,0.08576274932754355,-0.12904049591569453,0.05200678355016409,0.026092682489488195
986,-0.1801874370574101,0.1794703359813296,0.01754901854001911,-0.15752407275102412,-0.2553732614816915,0.04970809332855957,-0.010718008125353415,-0.00016814686148966483,-0.030372019238043772,0.006671545539615188,-0.01993822813141239,0.08436022463594693,0.10225832395535922,0.007851489192006183,0.1315077789492177,0.14575687127345607,-0.17752139796687966,0.20733604716954435,0.06113524029868576,-0.11661994579041128
987,-0.11635625906973383,-0.05387240988146624,-0.07679596919364634,0.030696373130601213,-0.007080213611132475,-0.05362903435724838,-0.040085867922651404,-0.08380953846098094,0.08576610342520687,-0.10813044348047283,-0.07169076878198714,-0.09882103774775926,0.06581487525752708,-0.004608077257993837,-0.002369336370667952,0.17722963335258848,0.00783099531117415,-0.09126660923496749,0.07611677560130091,-0.049536533968889684
988,0.03897977685158669,-0.13265449271259316,0.035496472730391145,0.028873676542717774,0.3392117992307438,-0.01614234236332394,-0.047445227787342566,0.08921996996331859,-0.047502226322348934,-0.10440251427055165,0.034178731383399844,0.09161919273913381,0.05686688449926652,-0.148996598876039,0.038009886019252564,-0.16853609012465945,0.019051712178829398,-0.08192820045817871,0.1541878191116883,-0.12831703932152574
989,-0.05889443967874454,-0.021322090890160083,-0.0778211218203938,0.05215340160963098,-0.20522972512554308,0.024864851970309167,0.11605794818972884,0.07584131300743255,-0.0522202084407458,-0.07468346570640312,-0.07008390925511719,-0.014175070516498156,0.1552090001106185,0.08263247958187817,-0.08058343917194194,0.08578531386113251,0.0406196995089609,0.01234598460394101,-0.04580592856780339,-0.09905961036855068
990,-0.1651166276062019,0.23684262374611723,0.1470840708895181,0.2747933863937773,-0.06224235828786922,-0.11756465566915783,-0.03654539044462797,0.021519123660526683,-0.06331267387449578,0.038373038134200926,0.12865115832848142,0.06006852405845496,0.04706119560233307,0.20662559112855788,-0.19159568593456014,0.07535250822678921,-0.11674637801436276,-0.039225652580710556,-0.012797614492991119,0.0315947708403607
991,0.02792344355665966,-0.10529210615505077,0.11248087987822321,0.0564667205440786,-0.14065295319410973,-0.03303286602076881,0.15019412394738907,0.019809702002494396,0.14102455922838386,0.07824727337974986,0.14167180007706887,0.11260386069652986,0.23805647390363155,0.061695766558232605,-0.05656277337501669,0.06882329548597416,-0.09422123803400555,-0.023107095280499135,-0.05347330803275591,0.08323631965036961
992,-0.09792189932043749,0.03211475379676545,0.13732270144121594,0.09086989142373886,-0.07321471984546098,-0.027116626092105252,0.09610762021982329,0.06298942454761039,0.025626039538245104,-0.061733419027390345,0.10554825331728566,0.08525344870434601,0.09131086519686828,0.1196896900679306,0.14837975793514305,0.0469048363163264,0.12595247016907968,0.059417927000547065,-0.13936368763583748,-0.018907836498128643
993,-0.08932499887208317,0.21088506312782182,-0.05354208680747706,-0.26529332292508856,0.012551818156475351,0.17651825093840445,0.020141909461693048,0.0033436919543148977,-0.1766758057802165,0.07923979356838325,-0.1431854525858914,0.04280740583556235,0.22873336129872934,0.02152358653932487,0.12278832550007346,-0.008093737595957702,-0.04931829620635945,-0.06343988838212816,-0.04172528877883223,0.008910686242970072
994,0.0016248811277622,0.002681343931398252,0.07289472690598604,-0.07944696041042391,-0.08269155883502352,-0.09864759469349645,-0.01834978375157742,0.19056671652450144,-0.14411739248031685,0.00048581128537048777,0.09112139790853083,-0.11889550880749611,-0.07416948753834167,-0.06005470101124295,-0.008512091182322368,0.028972513913824303,-0.1753061960478125,-0.0769965936050605,0.20754528096811217,0.12580026730085764
995,0.017024854998525737,0.14333958453154372,0.19660132939029185,-0.030666768041763656,-0.10509649834653696,0.0689638210349237,0.1101338230902571,0.012791618357325387,0.03911781521488091,-0.039970488706757124,-0.08179223529592365,-0.1840166454765306,-0.0007839332253228507,-0.08661669317350432,0.030056768908251968,-0.07282287135929885,-0.18636565214229803,0.14294060966422908,-0.03732358060555783,-0.04489306170294264
996,-0.07202349957930616,0.10473635644209556,-0.01030864576781533,-0.07755897907979244,-0.08087610199124579,0.022475640516168082,0.07656617121296486,0.16239344568322078,-0.06369026846910562,-0.016156197302482946,-0.04260576045004994,0.0895813179316841,-0.03913969591974761,-0.1318835371448482,-0.03911501419286708,0.02774451018667482,-0.00855411786813599,0.060780926619751076,-0.05236352488931631,-0.13226969228508523
997,-0.19301273358826826,0.08620154346096319,-0.1568625004327952,0.07988028723170817,0.1328716343223879,-0.035491907537220375,-0.11945673091619396,-0.02667961636770531,0.062015459676954675,0.1573856128682753,0.13009575053671066,-0.19879600785346985,0.09049670918823967,-0.10807024314006058,-0.06451275592860792,0.08031797730290689,0.11847865447236647,0.23319807713458743,0.09507780937565007,0.1322567540446256
998,-0.11699806679788297,-0.00760041558193384,0.13994873596655102,0.02501513649474357,0.010163603736458778,-0.09317321006208718,0.037951559183263636,0.045510012854450305,-0.06904034846195202,-0.2341445907377781,0.12974750840234361,0.03800654143409498,0.050947255996597815,-8.164692491665508e-05,0.03343671087485229,0.07965206959593728,0.00820561039744639,-0.09663197750721134,-0.0528568026012489,0.13309693878757153
999,-0.19818340672889573,0.22557938828880525,0.06896481958310788,0.07748963468852813,-0.1311250375088305,-0.20134509910901632,0.025827137209636936,-0.18610512609781857,-0.1688898535873486,0.0925579699371776,-0.044253929452578146,-0.027808002410273317,0.1304426274212431,0.11798397484081352,0.04884292004580452,-0.15791306027729435,0.024843087512575586,-0.11668640908253768,0.1431053822895647,-0.009546965122596486
1000,0.022317178485237833,0.08642886095893272,0.009748704619767082,0.07400786983330934,-0.08685006849036045,-0.09509577436293119,0.034331839887434386,0.006103788076881485,0.14591145540180597,0.10930805702484662,-0.0313654111569186,-0.003495620002415149,-0.04137062515728252,0.2507881468726149,0.1392465044945271,-0.22986964368602736,-0.02295106675703238,-0.11704480813900209,-0.003969429746382221,0.15069401608644956
