ID	Temp	Humidity	Trait
1	25.6	64.9	110.1
2	34.3	63.3	98.5
3	31.0	57.0	101.1
4	29.0	74.3	113.0
5	22.3	69.1	120.3
6	22.3	84.6	81.1
7	20.9	51.3	74.4
8	33.0	75.8	138.1
9	29.0	80.5	83.3
10	30.6	80.4	105.8
11	20.3	85.4	92.7
12	34.5	79.2	122.1
13	32.5	87.1	123.5
14	23.2	63.3	82.2
15	22.7	70.1	77.1
16	22.8	50.6	92.6
17	24.6	50.3	77.2
18	27.9	59.6	107.8
19	26.5	54.0	64.2
20	24.4	60.4	75.4
21	29.2	57.1	98.7
22	22.1	51.1	68.7
23	24.4	86.4	114.3
24	25.5	50.3	106.3
25	26.8	79.4	99.3
26	31.8	56.1	92.9
27	23.0	86.5	90.1
28	27.7	85.7	116.9
29	28.9	76.2	103.1
30	20.7	76.9	103.7
31	29.1	50.2	71.7
32	22.6	89.4	86.1
33	21.0	85.1	98.5
34	34.2	85.8	134.3
35	34.5	76.4	148.3
36	32.1	63.8	117.2
37	24.6	85.7	106.9
38	21.5	61.7	101.4
39	30.3	72.5	74.0
40	26.6	54.0	108.5
41	21.8	86.9	94.5
42	27.4	55.6	71.3
43	20.5	59.0	96.1
44	33.6	72.3	121.6
45	23.9	80.6	128.2
46	29.9	74.8	84.7
47	24.7	59.3	76.6
48	27.8	50.0	82.5
49	28.2	80.3	113.0
50	22.8	89.4	108.8
51	34.5	82.4	127.5
52	31.6	68.4	78.3
53	34.1	86.2	142.8
54	33.4	66.4	140.0
55	29.0	71.0	117.6
56	33.8	69.1	120.2
57	21.3	67.9	107.6
58	22.9	81.0	114.1
59	20.7	71.1	101.5
60	24.9	62.7	124.7
61	25.8	60.3	96.5
62	24.1	51.5	90.9
63	32.4	73.3	104.5
64	25.4	59.2	88.7
65	24.2	55.9	82.8
66	28.1	76.2	118.7
67	22.1	77.2	116.3
68	32.0	80.1	135.3
69	21.1	70.1	94.1
70	34.8	85.8	131.8
71	31.6	87.5	112.4
72	23.0	82.3	109.4
73	20.1	75.4	120.0
74	32.2	62.1	109.5
75	30.6	89.3	125.6
76	30.9	61.0	113.7
77	31.6	58.1	122.6
78	21.1	67.7	85.2
79	25.4	52.3	104.4
80	21.7	89.1	117.4
81	32.9	73.5	113.6
82	29.3	72.3	105.3
83	25.0	76.2	108.8
84	21.0	69.9	91.4
85	24.7	51.3	89.4
86	24.9	74.5	97.9
87	30.9	78.6	125.8
88	29.6	66.7	112.3
89	33.3	80.3	125.6
90	27.1	59.1	94.6
91	21.8	58.9	72.1
92	30.7	56.5	87.9
93	31.4	64.9	109.5
94	28.4	83.9	100.7
95	31.6	83.1	143.4
96	27.4	65.3	109.6
97	27.8	73.6	92.4
98	26.4	78.8	105.8
99	20.4	59.6	69.2
100	21.6	56.7	71.2
101	20.5	88.9	95.4
102	29.5	74.7	92.7
103	24.7	89.3	109.3
104	27.6	63.5	91.4
105	33.6	78.1	120.1
106	23.7	58.9	67.2
107	26.2	60.4	95.2
108	31.3	70.5	120.4
109	23.4	62.8	76.6
110	21.2	56.7	64.3
111	24.3	60.5	92.0
112	22.4	51.4	94.6
113	33.9	78.2	107.0
114	32.1	69.7	117.0
115	29.5	53.8	106.8
116	33.1	56.9	119.8
117	32.1	54.1	108.5
118	22.8	74.5	91.0
119	33.4	53.8	100.7
120	28.1	80.2	101.4
121	32.1	50.8	105.9
122	33.4	60.0	98.5
123	24.8	85.6	103.3
124	21.7	78.7	64.5
125	23.4	52.9	91.9
126	26.4	82.8	99.9
127	32.3	69.7	95.7
128	32.9	83.9	115.1
129	20.1	74.0	97.4
130	27.7	77.3	63.4
131	26.3	89.7	111.5
132	23.3	59.3	90.3
133	21.8	75.0	95.0
134	25.1	68.4	88.7
135	34.1	51.6	125.8
136	24.8	50.6	71.7
137	27.8	54.8	123.0
138	30.5	76.0	103.1
139	25.5	72.7	111.9
140	34.6	72.1	99.8
141	34.4	51.3	88.9
142	23.8	68.8	100.4
143	27.5	87.0	105.1
144	24.5	65.9	95.3
145	24.3	75.0	87.2
146	20.6	81.2	98.0
147	29.1	81.4	110.2
148	27.5	70.8	109.9
149	20.8	84.3	81.1
150	24.2	65.7	74.9
151	33.6	85.5	109.9
152	23.6	59.6	104.7
153	22.2	61.2	102.3
154	27.3	52.1	101.9
155	34.8	81.8	127.3
156	23.6	66.7	93.8
157	30.1	59.2	101.9
158	31.4	59.3	139.6
159	23.6	86.1	110.0
160	30.9	83.4	87.9
161	25.5	72.1	99.5
162	29.5	74.6	112.9
163	29.5	69.0	76.7
164	28.0	65.7	106.0
165	21.4	86.6	98.4
166	32.5	55.0	89.6
167	24.8	66.7	86.1
168	22.8	63.8	72.2
169	20.6	69.9	111.9
170	28.9	68.3	96.2
171	30.2	70.8	113.3
172	20.2	55.6	67.1
173	27.7	70.5	118.8
174	23.4	59.7	80.6
175	29.7	57.4	104.1
176	22.6	52.6	77.3
177	30.4	80.5	98.2
178	25.8	67.1	89.6
179	34.1	75.1	115.9
180	22.1	79.1	89.3
181	25.1	77.2	103.3
182	21.7	68.8	95.8
183	33.9	65.5	115.7
184	33.2	65.0	110.6
185	23.9	75.6	109.8
186	29.9	69.8	105.1
187	32.3	84.0	137.7
188	28.3	85.0	84.1
189	27.9	56.8	103.0
190	23.6	55.4	87.8
191	21.4	75.2	85.3
192	33.5	62.0	77.2
193	33.5	50.7	98.5
194	29.5	85.5	119.0
195	25.1	59.1	77.2
196	25.2	87.2	109.0
197	30.9	78.7	95.9
198	33.5	80.5	115.0
199	33.3	58.1	104.0
200	31.7	59.4	116.4
201	29.6	70.9	98.2
202	21.3	56.9	126.1
203	22.4	62.2	74.5
204	33.5	62.9	126.8
205	29.1	56.4	80.6
206	20.1	58.2	72.0
207	21.5	81.5	76.2
208	30.0	56.7	103.8
209	20.1	51.1	68.5
210	22.4	75.2	69.3
211	28.2	89.0	115.5
212	30.4	63.2	102.9
213	29.8	54.7	120.8
214	23.4	72.8	107.5
215	30.7	86.3	100.8
216	23.6	81.4	81.2
217	24.9	74.9	97.9
218	31.2	62.6	110.0
219	29.7	71.7	91.9
220	32.7	53.6	92.5
221	29.9	77.2	130.5
222	28.5	79.0	107.5
223	21.4	88.6	77.0
224	25.5	60.4	98.7
225	24.0	50.7	79.6
226	23.7	71.8	79.6
227	34.6	78.3	119.1
228	25.9	81.6	94.8
229	33.4	57.7	86.6
230	29.5	60.5	94.8
231	31.9	70.5	103.0
232	27.5	63.2	84.7
233	28.7	84.4	113.6
234	27.4	69.0	120.5
235	22.9	82.0	100.0
236	30.8	73.2	102.4
237	24.2	80.9	112.6
238	20.4	63.3	78.6
239	29.7	83.3	126.2
240	22.7	61.0	76.4
241	34.1	71.8	108.0
242	34.3	58.6	80.3
243	33.7	69.0	114.2
244	25.6	62.7	86.7
245	20.2	60.7	85.9
246	33.9	88.7	116.2
247	26.4	56.4	103.5
248	34.5	81.5	139.2
249	34.5	89.4	117.7
250	32.8	50.8	95.7
251	24.4	78.0	84.2
252	25.8	60.1	95.8
253	32.8	51.6	99.0
254	24.8	66.1	98.8
255	22.5	87.4	94.4
256	28.4	50.5	63.9
257	34.0	73.5	139.6
258	30.4	70.1	127.3
259	28.6	84.9	120.2
260	21.5	53.4	46.0
261	29.2	77.3	101.1
262	34.9	77.2	132.1
263	22.1	76.8	111.0
264	27.8	87.7	114.6
265	33.2	82.9	114.0
266	31.1	51.7	98.1
267	30.5	68.8	115.2
268	30.5	65.9	112.1
269	25.4	62.4	89.1
270	24.4	68.1	101.1
271	32.1	65.4	95.2
272	32.2	67.3	90.0
273	33.0	89.2	120.4
274	33.7	53.5	83.1
275	27.7	86.9	99.3
276	27.5	69.2	101.9
277	32.0	74.9	106.3
278	29.7	83.2	81.1
279	30.5	64.4	110.2
280	31.9	67.2	97.4
281	33.4	66.4	121.0
282	25.1	65.0	74.2
283	25.6	87.0	118.1
284	21.4	83.2	93.7
285	28.7	54.4	106.1
286	20.5	54.3	101.3
287	27.0	67.1	103.3
288	28.1	53.9	71.9
289	24.3	74.8	92.9
290	28.9	55.7	106.9
291	20.5	70.9	98.3
292	20.6	50.3	70.5
293	32.3	62.7	110.3
294	25.4	77.1	90.7
295	21.9	69.4	96.8
296	27.8	89.1	98.3
297	31.5	85.0	124.6
298	23.2	64.4	95.2
299	29.3	51.8	71.5
300	21.3	83.8	85.1
301	20.8	86.4	74.8
302	28.0	82.8	119.9
303	28.1	55.1	82.1
304	29.6	89.9	113.8
305	30.9	60.3	146.9
306	34.6	79.0	127.3
307	27.7	86.3	97.9
308	24.8	59.4	56.7
309	31.9	86.3	129.1
310	24.1	62.4	85.2
311	26.6	89.1	108.9
312	21.2	61.3	87.7
313	20.4	88.1	101.3
314	34.4	52.1	127.2
315	32.5	78.4	108.6
316	30.4	71.3	87.8
317	26.1	69.1	98.2
318	22.6	58.9	67.8
319	22.3	78.2	89.1
320	23.8	57.6	63.4
321	28.2	72.1	98.0
322	30.7	60.1	101.6
323	29.9	88.2	95.1
324	24.2	51.1	56.9
325	34.3	58.0	116.4
326	31.1	59.7	126.9
327	28.3	66.6	82.2
328	29.2	59.3	103.7
329	26.3	69.7	88.2
330	23.7	84.9	87.5
331	25.3	78.5	114.2
332	31.4	73.2	94.7
333	20.2	53.6	88.7
334	21.7	77.8	109.1
335	20.7	56.7	75.7
336	20.6	81.5	112.2
337	32.8	60.0	109.4
338	30.6	66.7	114.2
339	27.1	64.0	86.4
340	21.5	84.4	100.9
341	27.4	55.1	55.5
342	27.1	72.6	100.0
343	22.6	55.7	99.6
344	26.5	78.2	123.1
345	26.0	86.2	103.9
346	29.2	67.4	90.3
347	29.5	69.5	114.1
348	20.7	87.1	103.9
349	25.6	70.8	98.2
350	29.4	69.5	99.0
351	27.5	73.1	83.0
352	32.8	77.6	118.9
353	29.9	54.3	106.5
354	22.4	82.8	113.9
355	21.1	67.4	116.1
356	29.6	52.9	84.6
357	20.4	81.4	81.4
358	28.8	65.1	110.3
359	34.1	54.0	107.0
360	28.6	75.4	92.2
361	25.8	85.2	107.1
362	29.6	85.5	113.7
363	26.9	88.3	114.8
364	28.2	84.7	126.1
365	34.1	50.1	115.0
366	25.8	65.2	69.4
367	34.4	82.7	141.4
368	33.6	64.7	126.6
369	22.9	74.1	66.0
370	21.0	74.3	121.4
371	21.5	64.6	81.0
372	20.3	86.2	116.4
373	21.4	70.1	102.0
374	30.2	68.6	72.9
375	21.1	89.9	98.0
376	24.8	69.7	78.4
377	32.7	57.1	93.9
378	20.3	70.5	63.3
379	32.2	82.6	102.5
380	24.2	81.1	102.5
381	21.8	81.5	104.4
382	30.5	78.3	123.5
383	29.4	60.2	117.5
384	33.2	84.5	118.3
385	31.0	85.7	74.0
386	32.1	57.8	101.0
387	24.2	55.2	84.6
388	22.7	89.0	129.2
389	31.3	84.7	116.7
390	32.1	85.7	126.3
391	34.9	85.5	118.8
392	26.2	71.7	69.3
393	25.6	75.9	91.3
394	31.6	71.8	116.9
395	25.1	52.0	98.1
396	34.0	79.8	115.6
397	32.9	70.2	106.1
398	26.4	75.9	80.7
399	31.3	70.1	105.4
400	31.3	69.7	80.0
401	21.5	56.9	92.8
402	33.5	61.1	72.9
403	27.6	56.4	115.3
404	32.4	57.8	95.3
405	24.8	88.9	105.0
406	33.4	56.1	116.7
407	25.8	60.8	108.8
408	20.2	73.6	84.6
409	33.6	74.4	101.8
410	21.4	56.2	69.8
411	24.8	81.7	103.5
412	34.3	81.4	117.4
413	34.3	59.5	129.5
414	28.6	61.5	70.3
415	29.5	87.5	104.4
416	26.7	83.0	123.0
417	24.4	77.9	126.2
418	24.9	53.3	76.1
419	30.1	66.7	131.8
420	31.3	72.4	104.9
421	31.9	57.5	98.7
422	31.8	67.9	142.3
423	21.4	74.0	87.5
424	27.4	63.1	112.2
425	20.9	81.2	104.2
426	28.2	83.6	87.7
427	26.6	62.9	88.9
428	33.3	83.5	109.3
429	25.3	54.1	102.7
430	21.8	83.5	93.0
431	22.1	56.1	77.2
432	31.4	53.3	114.4
433	29.3	75.7	110.0
434	21.5	68.9	70.8
435	21.3	86.3	125.5
436	30.5	64.5	129.0
437	21.1	61.5	86.9
438	32.3	70.0	113.9
439	30.6	68.2	113.1
440	21.2	63.8	74.9
441	21.3	77.7	100.4
442	34.8	80.4	131.8
443	25.6	84.1	96.4
444	25.6	88.9	100.3
445	32.2	60.7	99.7
446	34.2	78.6	103.3
447	34.8	65.8	99.0
448	31.3	77.1	108.6
449	25.6	69.0	103.9
450	21.3	89.8	90.5
451	31.7	79.2	107.4
452	28.4	88.1	116.5
453	26.4	83.4	116.6
454	33.6	86.1	122.4
455	21.7	82.6	101.4
456	27.4	68.4	75.8
457	20.2	60.1	91.5
458	27.0	64.8	90.4
459	20.8	50.8	78.1
460	21.8	71.0	97.2
461	21.8	70.2	96.1
462	29.7	71.0	103.3
463	31.2	89.0	114.4
464	28.8	86.5	80.6
465	34.4	56.5	104.9
466	25.6	64.8	106.0
467	24.3	67.0	87.3
468	33.0	64.4	123.2
469	23.4	81.9	95.4
470	34.4	71.0	124.8
471	20.2	72.9	67.4
472	34.5	84.1	110.4
473	20.6	82.2	76.6
474	33.4	55.3	115.3
475	27.9	78.6	121.7
476	34.9	67.4	102.2
477	21.1	61.8	70.0
478	28.3	52.0	87.7
479	34.5	69.5	97.1
480	27.8	64.2	72.5
481	29.4	60.1	92.0
482	30.4	77.8	93.9
483	26.8	80.8	91.3
484	29.4	59.8	65.4
485	28.8	52.0	93.8
486	33.5	84.0	92.2
487	20.7	50.4	85.0
488	24.2	87.5	103.9
489	34.3	75.1	116.3
490	33.4	62.9	110.4
491	26.8	59.9	93.9
492	29.3	50.4	99.4
493	24.2	59.4	82.5
494	22.8	55.5	84.9
495	27.0	74.5	97.1
496	25.3	56.7	107.4
497	28.8	71.1	105.4
498	21.2	73.6	80.0
499	34.6	61.9	133.1
500	34.8	51.4	80.8
501	30.5	51.5	81.4
502	28.0	51.1	65.4
503	24.6	79.6	92.0
504	32.2	62.7	112.7
505	30.3	81.9	116.5
506	22.4	67.3	76.5
507	33.7	68.1	119.0
508	32.3	70.5	115.4
509	34.2	78.5	120.1
510	30.9	60.9	103.2
511	29.2	54.9	124.9
512	26.3	72.2	86.6
513	34.0	63.1	110.8
514	33.0	67.7	103.4
515	20.7	75.9	72.1
516	20.4	69.8	95.3
517	25.6	74.8	91.6
518	32.2	71.8	118.8
519	34.8	79.6	133.3
520	22.3	78.2	99.5
521	28.9	71.4	104.8
522	25.7	77.2	110.4
523	34.5	84.9	104.2
524	32.6	67.3	121.2
525	32.6	66.5	101.6
526	27.0	80.6	126.2
527	26.2	73.3	101.5
528	24.1	52.8	91.3
529	20.8	85.7	92.4
530	33.0	51.2	123.0
531	32.2	79.9	111.0
532	35.0	80.4	129.3
533	34.9	88.1	117.3
534	28.3	52.2	101.3
535	31.5	73.9	101.1
536	34.2	67.1	110.0
537	32.7	63.2	112.1
538	23.7	53.6	88.1
539	26.8	72.5	88.7
540	21.9	69.2	60.6
541	34.3	54.2	101.5
542	29.1	74.5	105.7
543	23.4	79.5	93.1
544	30.1	80.7	128.3
545	29.3	86.2	126.0
546	25.4	66.4	88.4
547	21.7	88.1	92.7
548	30.1	84.6	124.1
549	27.8	61.9	104.0
550	31.6	56.4	125.8
551	27.8	67.4	107.2
552	32.8	66.1	116.6
553	28.3	73.0	85.7
554	28.4	73.3	101.3
555	33.1	80.0	110.7
556	26.1	70.4	102.6
557	22.0	54.2	69.9
558	20.4	84.3	99.3
559	31.3	62.4	122.2
560	29.3	88.9	116.6
561	30.6	54.7	87.9
562	23.2	88.3	74.4
563	22.0	53.6	87.6
564	20.2	59.2	64.5
565	25.3	51.9	96.1
566	28.8	78.2	104.8
567	25.9	84.0	82.3
568	26.6	67.4	99.7
569	33.6	87.1	127.9
570	25.2	73.6	105.4
571	27.7	75.2	106.2
572	31.8	83.8	121.7
573	25.9	61.9	78.6
574	29.3	64.2	86.6
575	32.9	86.2	134.9
576	34.2	86.0	143.0
577	22.2	89.1	93.4
578	33.9	86.1	118.9
579	27.4	55.1	72.3
580	23.9	82.9	90.4
581	26.9	66.4	91.1
582	34.7	89.6	117.0
583	27.4	68.9	103.6
584	24.9	72.2	85.6
585	29.5	71.2	91.1
586	23.6	62.9	79.9
587	21.1	53.0	74.8
588	21.9	85.8	70.2
589	21.9	82.1	76.4
590	22.3	55.6	81.4
591	22.1	81.1	93.1
592	29.6	75.0	86.7
593	22.7	66.4	118.1
594	25.2	60.2	91.2
595	33.5	84.4	115.7
596	27.1	78.0	101.5
597	30.0	71.9	103.5
598	22.6	74.4	71.0
599	22.9	53.6	79.0
600	20.6	69.0	98.4
601	22.5	57.7	78.6
602	24.2	58.3	86.9
603	22.7	76.5	84.8
604	21.3	86.5	97.8
605	21.8	66.2	90.3
606	26.9	58.3	112.9
607	23.1	75.9	94.2
608	25.5	84.8	94.5
609	27.6	79.9	114.6
610	30.4	84.8	114.9
611	20.6	71.5	80.7
612	32.0	80.1	103.3
613	29.4	55.6	92.1
614	21.2	63.9	88.2
615	33.1	65.6	103.5
616	33.8	70.5	106.2
617	20.9	87.2	100.2
618	24.2	85.0	110.1
619	32.1	55.4	76.6
620	31.2	56.9	97.0
621	22.8	64.3	104.9
622	23.1	61.6	80.2
623	25.6	74.6	95.6
624	27.3	86.1	101.9
625	29.3	88.5	125.6
626	25.5	76.1	87.2
627	26.9	83.5	114.4
628	31.2	71.0	122.4
629	20.6	58.3	71.7
630	23.8	71.0	115.7
631	30.7	72.2	105.9
632	33.4	79.7	148.7
633	27.7	58.8	126.3
634	28.0	64.7	124.7
635	21.6	64.6	67.3
636	26.7	88.4	94.5
637	28.0	67.8	111.2
638	23.6	80.2	121.0
639	24.0	80.0	99.6
640	25.7	60.6	91.7
641	20.3	72.9	105.0
642	24.8	85.8	85.3
643	23.2	69.0	94.2
644	24.9	87.8	83.2
645	21.8	58.6	77.2
646	33.4	53.0	113.2
647	28.9	85.7	103.7
648	30.2	83.9	100.6
649	31.8	89.7	121.6
650	27.5	77.2	91.6
651	21.3	87.5	100.6
652	28.1	83.1	91.5
653	28.8	83.8	113.2
654	31.2	72.8	119.4
655	26.5	65.3	101.1
656	21.9	87.4	76.5
657	24.3	67.3	99.7
658	25.4	71.6	89.1
659	29.7	67.8	88.9
660	28.6	72.6	85.9
661	25.3	68.8	85.1
662	34.8	51.9	95.3
663	29.1	85.3	93.2
664	23.6	67.8	108.4
665	21.5	73.6	101.2
666	22.3	55.6	78.2
667	23.7	50.1	79.2
668	22.4	59.8	78.4
669	22.8	78.2	75.8
670	24.3	54.0	101.8
671	22.6	86.4	99.0
672	33.5	58.6	95.3
673	21.2	58.2	51.6
674	27.9	57.3	111.1
675	26.2	50.6	77.1
676	34.7	80.9	119.9
677	21.7	85.0	100.8
678	26.0	74.6	114.1
679	34.5	57.5	109.9
680	33.0	61.4	118.9
681	32.3	69.0	140.0
682	23.9	88.2	88.5
683	22.6	59.9	93.0
684	30.0	79.3	112.3
685	33.9	67.6	121.3
686	28.4	61.9	90.8
687	28.6	68.2	84.7
688	24.2	52.8	80.9
689	31.5	81.9	108.6
690	22.8	59.7	79.5
691	24.9	79.0	98.3
692	26.4	52.7	80.5
693	27.6	88.2	102.4
694	23.6	57.7	79.9
695	21.7	85.3	108.2
696	29.2	82.4	93.6
697	24.3	88.7	115.6
698	28.7	69.1	96.0
699	22.3	79.1	123.1
700	27.2	64.8	82.9
701	28.0	57.4	91.6
702	20.8	67.7	96.7
703	25.0	56.6	92.1
704	22.0	89.3	109.7
705	21.0	53.8	86.7
706	34.8	73.6	120.4
707	24.8	75.1	92.6
708	32.1	71.5	99.9
709	23.8	76.5	85.3
710	30.2	54.6	109.7
711	31.4	72.2	127.9
712	28.9	61.5	105.7
713	27.1	87.6	86.5
714	26.2	80.5	77.0
715	25.2	88.9	80.2
716	33.9	51.5	71.1
717	32.5	61.4	140.1
718	34.5	57.8	129.9
719	21.9	50.4	98.8
720	31.0	59.7	116.6
721	34.1	77.2	125.7
722	22.7	59.2	42.2
723	21.0	70.4	102.1
724	31.1	85.5	100.1
725	28.6	77.8	109.1
726	32.6	65.8	81.1
727	22.1	64.9	77.2
728	31.9	68.2	77.5
729	23.0	57.1	95.2
730	22.5	75.4	93.1
731	22.5	64.6	67.0
732	32.2	84.1	104.4
733	30.0	80.3	110.2
734	27.8	74.4	118.3
735	25.4	64.6	84.2
736	33.2	58.4	117.6
737	25.9	81.0	102.1
738	32.2	69.5	128.8
739	26.6	59.0	79.8
740	25.7	57.8	74.8
741	26.9	56.6	99.8
742	24.5	81.1	74.3
743	31.2	59.2	110.4
744	27.5	71.1	105.9
745	23.5	68.1	76.2
746	33.5	73.2	126.8
747	25.8	85.1	98.0
748	28.2	84.7	140.4
749	33.6	68.0	133.4
750	29.4	50.6	119.5
751	21.8	67.1	91.7
752	34.1	74.2	104.1
753	29.4	72.3	90.0
754	25.0	76.1	70.9
755	22.1	56.2	91.9
756	31.9	75.9	123.1
757	29.3	57.3	76.7
758	28.0	80.0	95.6
759	33.4	63.6	101.7
760	31.8	78.4	118.8
761	22.3	51.9	97.4
762	24.7	66.3	89.7
763	23.7	78.2	97.7
764	31.2	59.1	93.2
765	20.5	81.8	72.8
766	28.5	75.2	101.5
767	31.4	73.5	117.3
768	33.2	64.1	113.4
769	25.1	69.3	79.4
770	32.3	73.9	109.7
771	21.7	68.9	87.3
772	32.7	77.9	114.0
773	21.9	67.3	49.8
774	26.0	58.1	104.8
775	32.0	58.6	104.7
776	22.2	50.2	89.6
777	23.4	62.0	101.7
778	30.8	80.0	105.9
779	30.8	81.8	130.2
780	29.6	58.1	100.9
781	30.4	88.4	94.5
782	28.1	70.1	119.8
783	23.8	86.7	80.3
784	25.2	78.3	65.7
785	22.7	78.9	89.6
786	33.6	53.4	105.9
787	28.8	58.8	103.9
788	26.0	50.4	100.3
789	26.9	78.6	92.3
790	34.2	63.8	115.3
791	22.3	81.5	91.2
792	28.8	63.6	82.9
793	27.6	82.8	109.4
794	29.2	55.2	89.2
795	20.3	56.9	50.4
796	33.1	63.6	103.8
797	34.0	66.3	108.5
798	28.5	63.9	109.3
799	30.4	80.5	104.2
800	33.8	53.9	94.7
801	30.6	64.0	112.0
802	22.3	83.5	84.5
803	28.6	52.7	92.3
804	29.1	87.7	110.5
805	26.4	89.5	106.2
806	31.0	53.5	120.1
807	34.0	61.7	122.0
808	33.9	64.9	123.9
809	26.8	81.1	118.2
810	21.7	73.8	91.2
811	34.8	75.8	132.3
812	32.6	80.3	127.8
813	21.9	54.7	73.1
814	33.8	83.3	111.0
815	33.0	78.2	86.1
816	27.8	73.1	80.5
817	28.9	85.6	121.5
818	26.0	78.0	124.7
819	20.8	58.1	73.4
820	25.0	67.2	95.8
821	32.0	69.8	129.0
822	20.1	52.2	74.6
823	25.0	88.2	147.5
824	26.0	55.1	98.7
825	28.1	77.9	83.9
826	33.8	70.2	92.6
827	25.2	51.0	113.1
828	25.2	87.0	80.7
829	31.1	84.1	125.6
830	26.8	71.0	95.9
831	23.4	59.2	101.7
832	26.8	54.9	92.6
833	22.1	64.5	71.5
834	22.6	60.2	82.1
835	27.5	70.3	98.4
836	26.3	88.7	84.6
837	33.7	73.0	113.0
838	25.4	85.6	79.0
839	28.7	76.0	102.4
840	29.5	69.0	95.6
841	20.2	84.2	86.1
842	30.0	68.9	112.0
843	22.7	84.7	134.3
844	34.4	61.7	96.8
845	22.2	55.2	84.7
846	26.2	84.2	112.8
847	21.3	73.5	77.0
848	35.0	85.6	111.4
849	27.5	87.5	102.1
850	28.9	52.1	94.7
851	21.0	70.0	113.5
852	31.2	65.0	90.7
853	23.1	75.0	77.8
854	33.5	81.7	126.6
855	23.1	61.2	75.3
856	22.9	72.3	103.2
857	20.5	78.3	91.3
858	27.1	55.4	104.6
859	28.5	82.6	123.6
860	21.0	74.2	109.0
861	31.6	88.0	131.1
862	26.8	63.6	91.1
863	27.9	54.3	107.6
864	26.6	70.3	109.3
865	26.0	53.4	101.7
866	28.4	88.8	136.0
867	22.3	51.5	84.3
868	22.7	80.1	118.1
869	32.9	71.0	129.7
870	34.2	64.7	112.3
871	25.6	52.6	90.5
872	24.1	74.9	81.2
873	29.7	73.4	117.5
874	26.1	61.2	112.0
875	20.4	86.4	100.9
876	22.3	62.2	72.5
877	30.7	68.0	104.6
878	29.9	71.8	117.4
879	20.4	54.0	76.9
880	23.3	87.3	78.2
881	23.5	65.0	111.7
882	30.1	53.2	85.4
883	20.3	65.5	62.0
884	21.6	74.0	98.7
885	32.0	70.5	96.8
886	22.7	77.8	75.1
887	29.8	52.2	103.5
888	23.6	61.4	75.4
889	21.5	82.8	67.5
890	23.6	53.2	79.7
891	30.8	84.2	110.6
892	32.8	53.7	100.1
893	32.5	83.4	96.6
894	26.0	64.4	97.2
895	30.0	74.5	113.3
896	23.1	56.1	94.0
897	24.4	52.6	82.2
898	33.4	58.6	91.4
899	20.2	55.1	59.0
900	21.3	62.5	57.2
901	23.1	70.6	94.2
902	20.4	73.6	76.5
903	22.7	81.6	87.8
904	28.7	76.2	100.6
905	26.3	74.4	98.4
906	33.4	66.5	110.2
907	32.3	69.0	98.6
908	25.1	66.6	118.6
909	23.9	83.7	106.6
910	25.7	59.2	77.2
911	28.9	50.2	84.1
912	24.0	76.1	68.0
913	29.4	58.1	119.3
914	26.1	85.6	121.4
915	28.3	84.4	105.1
916	26.5	53.1	71.4
917	24.4	54.3	71.9
918	34.2	69.8	111.1
919	31.5	74.4	102.9
920	22.1	61.0	94.2
921	33.0	78.7	111.5
922	27.3	73.8	98.3
923	33.4	63.0	112.9
924	32.0	51.0	124.2
925	26.4	80.0	125.2
926	20.3	58.6	62.8
927	24.0	83.4	93.8
928	28.1	66.8	79.5
929	29.5	73.1	126.0
930	23.9	84.9	94.5
931	22.1	84.5	88.9
932	32.5	64.9	126.4
933	34.8	58.4	101.4
934	27.9	81.0	118.4
935	22.6	67.3	65.4
936	24.1	57.7	81.4
937	20.3	86.2	113.0
938	33.7	57.9	116.3
939	21.8	51.0	92.4
940	28.6	50.8	104.7
941	24.1	74.9	111.8
942	28.3	76.5	94.6
943	29.8	62.4	95.2
944	32.4	62.8	98.0
945	23.1	63.6	90.0
946	20.2	77.2	78.8
947	22.1	52.3	62.6
948	33.5	87.2	152.1
949	33.1	58.9	85.2
950	29.0	90.0	68.9
951	29.0	56.9	104.2
952	30.0	80.9	135.8
953	22.6	58.9	80.4
954	33.7	53.2	77.9
955	26.3	85.0	121.5
956	25.7	84.4	114.0
957	27.8	66.1	74.1
958	20.7	78.1	68.9
959	22.5	72.3	105.7
960	31.1	84.1	120.6
961	21.2	62.6	65.5
962	29.0	70.9	119.7
963	23.7	69.4	89.8
964	25.8	64.2	70.3
965	24.3	85.7	101.3
966	25.3	56.6	63.9
967	30.8	56.0	108.9
968	24.5	73.1	85.7
969	28.5	76.3	96.2
970	27.1	57.8	116.0
971	30.0	65.6	108.0
972	34.1	87.9	110.7
973	31.0	59.9	65.0
974	23.2	76.7	120.1
975	20.5	79.6	107.3
976	23.9	67.9	77.8
977	28.9	87.5	111.2
978	20.8	79.5	116.5
979	27.4	68.3	111.7
980	29.0	72.8	86.5
981	25.0	77.7	84.2
982	31.6	73.7	119.3
983	21.6	85.1	88.0
984	21.1	64.3	80.9
985	30.9	62.0	113.7
986	27.4	58.6	103.0
987	30.3	51.5	103.8
988	26.5	51.7	93.4
989	23.7	84.8	89.2
990	32.3	77.1	125.1
991	32.0	76.4	82.5
992	30.4	74.6	87.8
993	24.1	84.0	129.2
994	28.9	69.2	114.7
995	25.4	84.8	85.3
996	21.4	64.4	92.5
997	33.8	87.1	123.9
998	22.1	77.9	78.8
999	34.3	60.3	97.9
1000	26.7	72.6	78.7
1001	22.8	71.3	91.7
1002	28.1	55.5	102.3
1003	33.1	73.6	121.6
1004	31.0	62.6	92.7
1005	32.1	52.1	106.5
1006	29.9	87.9	137.7
1007	30.4	75.7	116.8
1008	32.7	85.1	83.0
1009	23.7	77.0	108.6
1010	27.3	64.3	106.5
1011	23.3	70.5	80.2
1012	34.8	77.0	104.2
1013	34.2	88.4	134.3
1014	20.6	60.1	98.9
1015	30.6	85.0	105.3
1016	33.9	87.0	104.2
1017	22.7	76.8	99.3
1018	28.5	87.3	104.9
1019	33.7	65.9	104.0
1020	20.5	88.1	105.6
1021	30.5	78.1	119.1
1022	24.5	51.7	80.7
1023	33.9	86.3	126.0
1024	34.6	69.4	126.1
1025	34.2	68.4	92.8
1026	27.1	72.7	95.6
1027	32.9	56.0	107.5
1028	32.7	68.8	93.2
1029	24.8	83.2	116.8
1030	32.4	50.6	123.9
1031	20.6	60.9	83.3
1032	28.9	50.1	96.9
1033	23.5	66.6	103.8
1034	21.8	79.1	96.1
1035	21.2	82.0	130.2
1036	30.4	87.8	111.6
1037	25.1	74.3	106.4
1038	30.9	60.2	103.6
1039	21.0	87.0	100.4
1040	24.7	81.0	112.1
1041	28.1	73.0	107.2
1042	31.9	77.8	102.6
1043	24.8	87.0	103.8
1044	29.4	78.5	105.1
1045	33.3	64.7	104.9
1046	29.2	78.5	101.0
1047	23.5	51.6	80.1
1048	20.4	65.5	82.7
1049	33.1	66.3	106.1
1050	20.3	56.7	74.9
1051	33.1	50.9	113.6
1052	27.9	55.3	96.4
1053	34.1	76.2	131.8
1054	32.0	82.1	98.2
1055	35.0	89.5	130.4
1056	25.3	63.9	100.0
1057	31.5	74.0	118.9
1058	26.0	87.5	99.4
1059	27.2	56.7	113.5
1060	29.4	78.7	115.7
1061	33.1	80.2	156.0
1062	34.8	53.6	102.3
1063	31.5	84.4	129.9
1064	26.3	82.5	87.1
1065	26.3	51.3	97.3
1066	31.1	53.6	92.1
1067	23.6	52.0	64.7
1068	21.7	63.4	56.0
1069	25.3	70.4	109.4
1070	24.3	71.3	99.6
1071	24.4	60.7	113.1
1072	23.5	86.5	88.8
1073	20.6	64.7	71.8
1074	20.3	51.8	60.2
1075	34.8	62.0	101.8
1076	26.4	71.2	84.7
1077	25.8	66.3	111.3
1078	30.2	61.0	102.7
1079	23.3	55.3	102.9
1080	34.2	82.8	144.8
1081	31.8	89.8	129.9
1082	21.3	63.2	88.8
1083	26.3	65.3	104.3
1084	33.2	74.7	105.8
1085	34.2	78.7	124.9
1086	27.0	65.7	96.0
1087	29.2	86.2	130.2
1088	22.5	72.4	121.8
1089	34.9	68.0	114.8
1090	23.5	75.9	106.9
1091	34.1	88.1	118.2
1092	29.7	81.8	106.2
1093	29.1	51.6	93.0
1094	27.7	63.3	97.2
1095	23.5	68.8	134.8
1096	22.6	62.6	85.2
1097	23.3	78.0	63.5
1098	22.8	83.1	82.1
1099	31.7	79.3	95.5
1100	25.3	89.6	75.1
1101	20.9	60.9	84.1
1102	34.5	85.0	131.1
1103	33.3	80.7	94.1
1104	33.9	64.5	107.3
1105	34.9	79.4	126.5
1106	22.6	54.2	66.0
1107	25.9	81.6	95.0
1108	31.4	71.3	93.8
1109	30.4	61.7	79.9
1110	22.3	76.2	95.8
1111	32.2	75.7	130.0
1112	23.4	58.4	124.8
1113	23.4	51.2	94.7
1114	28.1	67.3	116.7
1115	28.9	72.8	66.4
1116	28.7	85.1	99.3
1117	21.4	87.1	95.8
1118	33.2	71.2	103.9
1119	24.0	80.2	77.6
1120	21.9	67.6	66.7
1121	33.3	79.8	108.4
1122	34.3	58.2	87.6
1123	32.9	64.8	108.8
1124	32.1	75.4	104.8
1125	29.8	50.7	72.0
1126	28.3	78.9	86.5
1127	21.3	83.4	93.1
1128	26.1	66.0	93.0
1129	25.6	67.9	85.5
1130	23.9	84.1	98.7
1131	30.9	81.0	107.2
1132	27.4	61.5	73.8
1133	21.2	63.0	84.5
1134	23.3	77.2	107.2
1135	30.2	72.5	103.8
1136	21.1	56.5	62.1
1137	32.8	62.4	145.1
1138	27.4	86.0	114.8
1139	27.2	77.5	86.4
1140	28.9	89.4	120.6
1141	32.4	80.7	118.7
1142	25.2	87.7	135.8
1143	30.2	58.6	105.4
1144	28.5	80.9	113.6
1145	24.0	50.8	99.7
1146	33.2	76.8	102.3
1147	32.0	68.8	130.1
1148	29.9	63.9	85.8
1149	32.8	84.5	123.5
1150	33.0	84.2	114.9
1151	30.6	50.9	96.1
1152	32.6	74.4	102.3
1153	30.5	64.7	105.6
1154	30.2	66.6	96.0
1155	29.3	83.3	82.3
1156	31.3	62.4	83.5
1157	22.4	87.7	97.4
1158	33.2	57.2	98.0
1159	33.1	76.5	135.1
1160	20.4	76.9	111.5
1161	32.4	60.1	109.9
1162	21.9	63.0	138.8
1163	25.0	83.4	81.1
1164	31.2	80.5	85.0
1165	22.4	63.2	69.1
1166	32.3	71.4	120.2
1167	32.5	52.5	80.8
1168	27.6	58.3	75.5
1169	20.1	69.4	63.2
1170	24.3	53.4	59.6
1171	29.3	83.7	95.9
1172	34.7	78.7	138.1
1173	29.5	87.7	110.9
1174	23.9	77.7	72.1
1175	29.5	87.6	131.8
1176	28.1	72.2	117.5
1177	31.7	74.0	110.1
1178	21.6	89.1	96.8
1179	31.4	75.7	124.3
1180	28.1	51.2	102.9
1181	34.4	79.0	121.1
1182	25.1	86.2	125.3
1183	29.5	81.8	109.9
1184	34.0	73.4	127.8
1185	21.5	76.9	114.3
1186	34.1	89.6	174.3
1187	30.3	53.6	83.1
1188	21.0	76.7	95.6
1189	24.5	61.3	77.7
1190	30.6	75.6	102.4
1191	21.0	74.3	95.7
1192	28.7	56.1	79.5
1193	25.2	58.3	78.3
1194	29.3	74.9	79.6
1195	20.7	55.1	75.8
1196	33.1	60.6	121.6
1197	34.6	83.4	125.8
1198	34.5	63.1	128.6
1199	31.2	69.5	108.7
1200	22.0	87.6	113.3
1201	31.4	59.1	106.5
1202	20.4	65.6	70.6
1203	20.3	74.3	70.3
1204	24.9	80.2	112.9
1205	27.3	86.1	121.1
1206	31.6	86.6	114.8
1207	30.2	81.1	101.5
1208	26.7	59.1	107.9
1209	24.1	51.0	64.6
1210	35.0	65.4	115.8
1211	26.4	55.7	64.6
1212	26.8	78.4	106.8
1213	22.5	76.4	70.5
1214	31.9	51.8	97.8
1215	30.4	83.5	116.2
1216	23.3	59.9	84.5
1217	21.2	67.3	96.2
1218	30.2	76.7	113.8
1219	29.8	67.2	110.2
1220	24.1	67.7	91.7
1221	34.3	52.6	83.8
1222	22.3	66.1	75.3
1223	26.5	80.6	102.7
1224	34.2	86.6	114.1
1225	26.3	66.5	114.7
1226	29.6	66.9	112.2
1227	26.0	78.1	118.2
1228	24.1	87.7	103.5
1229	34.8	60.7	85.5
1230	26.1	67.6	115.6
1231	33.4	81.8	118.2
1232	23.4	74.4	89.5
1233	23.2	54.4	74.4
1234	20.5	75.1	63.5
1235	29.8	57.5	80.9
1236	25.5	70.4	87.6
1237	33.0	71.2	99.4
1238	27.1	85.0	108.7
1239	34.5	68.5	111.3
1240	22.8	61.2	59.0
1241	33.0	59.2	102.0
1242	31.6	85.0	120.1
1243	31.6	56.8	102.1
1244	32.7	67.0	93.9
1245	31.4	57.5	80.7
1246	29.4	80.9	106.8
1247	22.0	69.0	82.2
1248	20.5	64.0	91.1
1249	33.8	64.4	110.8
1250	29.2	84.1	119.3
1251	31.9	72.2	132.3
1252	27.2	78.7	99.0
1253	21.8	85.9	133.9
1254	21.9	86.1	107.4
1255	30.3	63.1	125.6
1256	26.5	88.1	112.4
1257	23.0	51.0	94.2
1258	27.4	65.1	100.4
1259	21.0	85.8	83.1
1260	28.7	61.0	111.4
1261	24.0	60.9	98.5
1262	32.0	62.1	89.6
1263	24.7	74.5	106.4
1264	26.8	67.5	92.5
1265	20.2	79.1	47.7
1266	21.1	85.8	79.1
1267	25.9	77.0	105.9
1268	27.2	58.2	94.7
1269	29.0	87.3	120.7
1270	24.4	60.6	83.5
1271	30.4	56.0	92.3
1272	32.9	53.6	99.2
1273	31.7	72.5	116.6
1274	20.6	54.6	74.7
1275	27.2	55.6	94.4
1276	21.6	62.0	71.6
1277	23.6	61.3	75.6
1278	34.8	74.2	119.5
1279	22.1	82.7	108.1
1280	27.5	80.5	96.2
1281	29.3	60.5	112.1
1282	30.5	59.8	92.2
1283	28.4	88.6	102.3
1284	20.1	50.3	91.1
1285	24.9	85.2	86.0
1286	27.8	58.0	72.1
1287	21.3	87.9	94.1
1288	25.3	63.7	70.3
1289	20.5	67.6	93.6
1290	21.2	78.3	77.7
1291	26.0	73.5	91.0
1292	22.0	62.7	90.2
1293	28.5	72.2	101.4
1294	30.3	79.2	109.2
1295	32.0	51.7	83.1
1296	23.0	50.4	63.9
1297	22.5	68.3	83.8
1298	21.6	55.3	80.8
1299	29.5	76.6	105.2
1300	30.6	58.6	107.0
1301	20.5	67.3	102.2
1302	34.0	57.9	113.0
1303	20.8	71.9	64.6
1304	28.1	54.6	107.1
1305	30.6	50.9	113.2
1306	33.1	52.0	120.8
1307	30.7	88.2	111.8
1308	32.0	55.7	91.0
1309	25.1	78.3	103.8
1310	32.2	52.7	99.2
1311	21.2	54.3	65.2
1312	33.4	70.4	119.5
1313	28.2	68.6	110.5
1314	32.3	88.1	127.3
1315	26.8	87.8	86.4
1316	29.7	81.2	100.9
1317	27.9	74.1	124.5
1318	31.0	68.2	78.6
1319	21.2	64.2	72.4
1320	20.9	87.9	92.7
1321	23.7	74.1	102.4
1322	22.4	73.2	84.0
1323	33.1	59.3	104.7
1324	23.3	51.9	81.2
1325	34.6	87.8	119.0
1326	25.1	62.5	79.3
1327	22.7	67.7	88.3
1328	31.8	54.6	97.3
1329	29.9	83.5	107.7
1330	27.5	51.1	74.3
1331	28.3	83.4	92.2
1332	30.8	55.6	120.0
1333	23.4	85.5	109.2
1334	34.9	79.2	132.7
1335	34.6	56.6	112.2
1336	29.8	72.6	101.7
1337	23.0	62.5	93.3
1338	30.2	57.1	70.1
1339	21.1	84.4	72.5
1340	20.5	66.1	80.1
1341	23.9	65.9	117.0
1342	26.9	56.8	112.0
1343	33.0	65.3	115.1
1344	30.9	84.9	133.5
1345	31.1	64.5	108.8
1346	26.4	88.1	101.3
1347	25.2	87.9	124.7
1348	25.6	55.8	101.8
1349	34.8	57.1	106.7
1350	20.6	84.5	52.2
1351	33.0	65.7	97.6
1352	28.7	50.2	65.3
1353	26.6	61.0	79.4
1354	30.9	73.9	103.9
1355	27.3	82.0	93.4
1356	33.1	55.3	114.2
1357	33.5	54.4	94.3
1358	26.3	86.9	90.1
1359	24.2	80.0	97.8
1360	28.9	73.6	85.0
1361	33.7	80.8	113.9
1362	23.2	67.2	69.0
1363	29.3	80.3	112.1
1364	29.5	64.9	89.5
1365	31.0	59.8	127.3
1366	22.0	79.2	116.0
1367	30.7	66.8	111.7
1368	33.6	89.3	148.8
1369	22.7	64.0	113.3
1370	23.6	86.9	134.9
1371	34.6	87.3	143.5
1372	22.7	59.7	114.6
1373	32.8	81.9	101.0
1374	27.4	67.3	100.4
1375	23.7	86.7	111.2
1376	33.1	68.0	112.1
1377	26.7	79.8	106.0
1378	27.7	68.7	84.4
1379	25.4	59.1	68.3
1380	28.9	58.0	109.0
1381	22.5	67.0	81.9
1382	25.9	80.2	121.8
1383	34.5	74.2	108.6
1384	23.9	77.5	89.5
1385	29.9	61.3	90.0
1386	24.9	69.3	104.1
1387	31.6	51.8	105.3
1388	22.0	82.7	88.2
1389	34.5	89.6	125.4
1390	26.8	66.3	108.3
1391	23.5	50.4	76.4
1392	21.1	56.8	76.7
1393	22.5	76.1	81.2
1394	27.8	74.5	105.7
1395	25.1	81.5	113.3
1396	32.4	60.2	120.3
1397	26.5	80.5	128.8
1398	23.7	77.5	95.2
1399	29.3	62.9	86.3
1400	30.6	71.8	102.1
1401	22.5	55.9	94.5
1402	22.5	68.1	81.2
1403	20.6	85.2	79.3
1404	31.0	66.8	115.0
1405	30.0	83.6	103.7
1406	27.1	73.6	104.4
1407	32.7	57.7	118.6
1408	32.1	73.2	114.6
1409	28.8	70.2	91.1
1410	33.0	65.9	117.2
1411	23.1	54.8	66.5
1412	21.7	66.7	90.9
1413	24.0	52.9	76.9
1414	20.9	54.0	48.1
1415	28.0	66.6	105.4
1416	34.0	62.2	87.0
1417	20.6	87.0	72.3
1418	21.8	65.0	98.0
1419	26.8	80.3	83.9
1420	34.0	71.2	96.1
1421	24.7	78.2	98.0
1422	27.6	60.4	90.5
1423	20.6	87.7	108.8
1424	22.2	71.2	100.5
1425	34.8	83.3	108.5
1426	34.5	64.6	90.0
1427	20.1	54.0	84.2
1428	34.3	76.9	124.5
1429	29.6	50.3	105.4
1430	33.0	69.0	123.9
1431	26.8	57.7	101.1
1432	27.7	75.1	104.4
1433	27.3	89.2	136.0
1434	30.0	68.6	113.9
1435	22.1	82.7	85.7
1436	20.4	70.3	79.1
1437	24.6	69.8	80.9
1438	30.6	87.2	106.0
1439	23.0	85.6	114.3
1440	30.1	81.4	117.8
1441	34.5	61.9	122.8
1442	21.4	71.8	94.1
1443	30.1	59.0	101.2
1444	26.7	67.8	105.7
1445	33.0	69.4	85.1
1446	22.7	83.3	110.3
1447	30.4	85.8	135.1
1448	32.6	66.6	112.5
1449	34.2	50.7	109.9
1450	30.2	84.5	123.8
1451	27.5	57.0	107.0
1452	29.3	74.9	79.7
1453	33.0	51.0	108.3
1454	28.6	66.0	128.1
1455	20.5	89.4	82.0
1456	34.0	54.0	92.8
1457	30.3	66.9	119.3
1458	30.1	62.3	112.0
1459	23.2	86.2	91.7
1460	29.9	84.8	110.9
1461	25.9	59.5	91.1
1462	29.8	53.2	111.8
1463	21.6	75.1	89.2
1464	29.9	63.5	95.2
1465	35.0	76.9	116.2
1466	20.7	51.3	74.4
1467	34.7	55.3	106.4
1468	26.1	77.5	110.6
1469	33.1	58.5	113.2
1470	31.7	84.3	112.1
1471	28.5	52.3	103.1
1472	31.1	58.6	124.2
1473	33.2	89.9	117.7
1474	26.1	67.3	62.0
1475	24.9	78.1	68.3
1476	30.0	57.3	84.8
1477	32.1	74.4	88.3
1478	31.4	79.0	103.3
1479	32.0	62.6	112.0
1480	26.5	83.2	104.6
1481	32.3	74.1	117.6
1482	21.8	65.6	108.3
1483	28.2	72.3	75.4
1484	20.1	73.1	76.7
1485	24.9	56.6	87.1
1486	25.5	66.1	110.9
1487	25.9	63.7	88.1
1488	30.4	66.0	101.3
1489	25.8	80.4	103.6
1490	26.7	69.3	99.5
1491	23.6	87.6	96.4
1492	25.6	61.7	103.1
1493	23.4	66.6	93.5
1494	21.1	81.5	84.0
1495	29.1	71.8	121.1
1496	30.0	71.9	112.6
1497	29.3	52.1	116.9
1498	27.0	65.9	115.2
1499	25.7	60.8	105.5
1500	33.0	90.0	142.1
1501	27.8	62.3	97.4
1502	27.2	85.4	110.1
1503	20.4	77.0	95.1
1504	25.1	63.6	86.0
1505	25.7	71.7	111.0
1506	26.0	83.6	106.1
1507	28.7	85.3	133.6
1508	28.0	56.4	73.0
1509	29.1	63.6	97.1
1510	31.5	63.4	91.2
1511	32.2	51.7	108.3
1512	30.8	73.9	124.2
1513	34.3	84.2	98.9
1514	20.3	65.3	77.2
1515	22.9	79.6	80.2
1516	20.1	75.1	95.7
1517	29.7	65.0	94.4
1518	33.5	55.6	88.1
1519	23.7	78.4	93.7
1520	33.9	84.2	124.3
1521	20.9	77.4	101.7
1522	34.0	50.7	109.6
1523	25.3	58.6	98.2
1524	21.5	52.8	84.8
1525	27.3	72.8	82.7
1526	23.9	80.3	99.1
1527	24.3	54.4	78.8
1528	24.6	83.5	92.1
1529	32.0	72.2	71.6
1530	28.1	77.6	90.8
1531	24.7	88.9	128.7
1532	29.2	53.3	105.3
1533	30.7	86.0	109.0
1534	24.1	55.0	87.1
1535	26.2	65.7	68.9
1536	21.8	84.1	102.9
1537	22.7	86.3	102.5
1538	30.2	70.3	127.1
1539	22.7	73.8	64.9
1540	27.9	78.3	94.0
1541	30.6	83.3	109.9
1542	21.6	54.9	78.8
1543	28.5	82.4	112.7
1544	23.8	69.3	85.2
1545	34.4	68.0	96.1
1546	27.3	67.0	106.0
1547	32.1	70.4	98.7
1548	28.3	87.8	102.7
1549	20.7	71.9	98.8
1550	29.5	88.1	137.8
1551	34.3	57.2	102.5
1552	29.0	79.0	132.7
1553	32.3	82.5	97.4
1554	33.3	77.2	107.9
1555	23.4	74.3	110.5
1556	23.2	72.6	90.5
1557	29.2	84.4	117.4
1558	26.2	82.9	135.3
1559	32.6	54.9	104.6
1560	33.5	83.9	117.7
1561	25.3	66.6	80.3
1562	23.6	60.1	72.0
1563	31.7	84.8	111.9
1564	24.1	67.3	99.5
1565	32.3	82.3	132.2
1566	26.4	60.5	83.0
1567	30.0	50.2	103.3
1568	21.4	69.8	92.4
1569	29.4	54.0	114.3
1570	26.8	80.2	120.3
1571	28.8	61.0	116.2
1572	22.5	67.7	118.2
1573	31.1	53.5	106.6
1574	32.9	61.5	87.3
1575	23.3	81.3	81.9
1576	21.4	56.1	107.6
1577	20.4	75.9	102.0
1578	29.6	86.7	106.4
1579	29.1	77.2	111.9
1580	28.2	82.4	107.8
1581	23.5	54.4	81.6
1582	25.9	60.0	78.9
1583	28.9	85.8	112.0
1584	27.5	78.6	102.1
1585	34.8	75.6	70.7
1586	22.0	76.6	82.1
1587	30.4	66.6	113.9
1588	26.1	51.8	89.7
1589	26.4	81.4	58.4
1590	30.8	77.1	90.9
1591	30.4	68.9	116.2
1592	34.9	86.0	142.4
1593	21.9	63.4	96.2
1594	21.6	61.8	64.8
1595	30.9	84.9	119.1
1596	28.7	81.9	102.8
1597	24.1	70.6	80.1
1598	21.2	55.2	58.7
1599	21.3	58.6	82.8
1600	33.4	76.2	119.7
1601	22.9	65.4	79.8
1602	24.9	83.5	145.2
1603	23.4	88.0	74.2
1604	25.3	82.2	74.7
1605	21.0	65.1	100.3
1606	27.8	81.5	99.1
1607	21.0	64.1	109.6
1608	32.0	56.7	97.0
1609	23.5	51.3	93.2
1610	28.1	65.4	87.4
1611	33.2	86.1	109.4
1612	29.8	59.6	91.4
1613	28.0	58.3	108.7
1614	24.9	88.8	114.0
1615	25.0	51.0	89.5
1616	30.0	81.4	110.4
1617	34.9	62.9	128.8
1618	29.9	51.5	109.9
1619	28.4	86.7	101.1
1620	31.0	55.6	107.0
1621	27.0	72.1	104.2
1622	20.9	61.0	74.7
1623	28.4	52.6	79.7
1624	34.4	52.0	104.6
1625	22.6	54.6	78.5
1626	30.4	52.9	91.3
1627	23.0	80.4	60.8
1628	28.0	69.4	75.2
1629	21.5	63.7	92.9
1630	26.8	66.7	93.4
1631	31.3	87.2	133.9
1632	25.2	86.4	105.2
1633	30.0	78.6	113.9
1634	31.9	85.4	126.9
1635	33.9	62.8	110.0
1636	23.5	65.2	86.8
1637	26.0	74.5	111.4
1638	22.3	74.9	89.0
1639	34.9	69.3	120.7
1640	33.9	66.0	96.4
1641	28.1	89.4	74.6
1642	32.6	82.8	86.2
1643	27.8	67.4	102.1
1644	29.4	79.1	123.5
1645	21.3	60.8	105.0
1646	31.3	54.0	119.0
1647	21.9	64.1	87.3
1648	32.4	66.1	118.6
1649	31.7	50.7	125.3
1650	30.6	82.6	122.3
1651	20.5	64.4	74.6
1652	24.5	73.2	116.5
1653	23.9	53.0	115.3
1654	25.4	57.0	93.8
1655	21.3	85.6	97.6
1656	34.1	74.3	151.8
1657	28.3	88.0	125.3
1658	24.6	90.0	117.3
1659	26.0	64.9	71.4
1660	26.7	62.0	100.9
1661	29.0	84.3	113.8
1662	27.7	89.9	93.3
1663	33.8	75.2	115.9
1664	27.5	81.8	89.6
1665	34.9	81.3	133.7
1666	32.8	64.2	115.1
1667	23.1	73.0	101.4
1668	34.0	83.3	119.2
1669	21.7	77.5	91.8
1670	32.3	50.8	108.1
1671	25.7	63.5	98.6
1672	33.2	55.8	110.9
1673	33.0	59.3	112.8
1674	32.1	86.2	110.9
1675	31.9	51.5	111.2
1676	24.6	58.8	103.7
1677	21.2	62.4	102.7
1678	26.0	74.7	99.5
1679	22.6	71.4	87.1
1680	30.4	58.7	104.0
1681	25.2	56.6	103.5
1682	34.6	59.5	121.9
1683	29.6	70.1	130.5
1684	32.3	60.8	124.1
1685	22.0	87.9	96.6
1686	32.9	68.6	98.6
1687	33.8	52.4	118.4
1688	27.3	79.2	134.5
1689	29.1	63.2	91.2
1690	31.5	76.1	106.7
1691	22.6	61.2	98.2
1692	27.5	72.8	103.7
1693	26.0	80.9	114.0
1694	22.2	87.1	102.5
1695	25.5	60.4	82.0
1696	21.0	63.4	68.3
1697	20.4	68.6	107.7
1698	22.0	87.1	102.6
1699	34.4	86.1	118.8
1700	28.2	53.6	113.7
1701	34.5	55.3	93.0
1702	26.5	69.8	91.8
1703	24.7	54.3	69.1
1704	27.6	63.8	111.7
1705	26.6	55.9	68.9
1706	21.6	75.4	73.7
1707	29.6	88.0	123.9
1708	23.2	89.9	115.6
1709	29.3	65.0	91.3
1710	29.8	74.0	107.7
1711	22.3	84.3	79.5
1712	20.9	54.7	99.6
1713	31.7	77.6	146.1
1714	26.9	66.4	124.3
1715	20.9	58.2	98.5
1716	34.9	66.1	137.8
1717	20.9	53.0	59.2
1718	30.4	77.8	105.1
1719	34.8	60.1	120.2
1720	23.6	62.5	89.1
1721	22.1	54.8	83.1
1722	21.8	84.6	103.6
1723	24.5	69.7	99.6
1724	21.5	72.9	90.3
1725	30.4	72.8	105.0
1726	20.9	66.4	98.9
1727	27.6	57.7	101.5
1728	35.0	79.8	134.0
1729	32.2	55.1	105.9
1730	29.2	54.2	93.0
1731	24.6	78.4	97.7
1732	29.4	58.4	106.1
1733	27.9	62.3	78.8
1734	26.4	69.0	100.0
1735	22.0	68.0	88.9
1736	33.3	78.3	89.6
1737	26.7	74.9	110.0
1738	22.9	75.8	123.4
1739	25.5	78.6	109.5
1740	26.2	61.7	119.7
1741	32.4	62.9	105.0
1742	31.0	67.5	97.8
1743	31.5	62.3	84.4
1744	20.2	89.4	104.7
1745	26.2	82.6	109.8
1746	27.2	56.6	91.8
1747	20.3	50.2	89.2
1748	23.9	51.7	94.6
1749	31.4	59.8	111.8
1750	22.1	54.6	106.9
1751	28.0	71.3	128.2
1752	23.2	84.3	97.8
1753	20.2	79.5	88.7
1754	23.6	58.6	91.3
1755	34.6	66.0	116.7
1756	32.0	70.3	138.1
1757	34.4	82.4	131.6
1758	27.3	83.6	96.2
1759	21.6	86.4	89.4
1760	28.2	70.4	105.0
1761	26.8	77.8	96.7
1762	32.7	54.5	101.8
1763	21.5	72.6	71.9
1764	27.3	59.9	99.2
1765	22.3	67.3	104.7
1766	24.9	75.4	125.0
1767	31.1	60.3	98.4
1768	27.1	52.1	74.0
1769	25.6	50.4	86.2
1770	25.9	50.9	84.2
1771	26.9	50.3	82.9
1772	31.8	54.4	85.1
1773	33.4	59.6	119.2
1774	34.3	58.8	106.7
1775	31.8	89.5	113.3
1776	24.7	62.2	94.1
1777	30.3	55.1	89.3
1778	26.6	71.8	85.5
1779	23.8	84.3	104.0
1780	32.6	77.1	130.1
1781	20.6	61.8	69.2
1782	33.5	72.5	113.8
1783	26.9	78.6	101.8
1784	29.6	79.1	134.3
1785	29.9	76.7	112.8
1786	33.4	84.8	118.3
1787	29.6	84.8	113.2
1788	29.2	73.2	96.8
1789	21.0	67.2	72.8
1790	27.8	75.7	121.7
1791	22.3	82.7	82.9
1792	31.1	50.2	115.3
1793	27.7	89.7	78.3
1794	30.2	57.3	95.0
1795	20.6	68.8	97.4
1796	21.3	84.9	98.3
1797	30.7	59.0	98.8
1798	21.1	69.1	100.8
1799	21.1	55.3	89.2
1800	20.2	65.8	87.9
1801	34.3	57.1	98.8
1802	31.1	64.5	96.5
1803	25.3	64.9	108.1
1804	24.4	89.7	100.2
1805	25.2	89.8	113.1
1806	31.6	54.6	101.3
1807	29.9	79.0	130.0
1808	22.8	52.1	71.9
1809	22.6	51.2	85.6
1810	21.5	54.2	85.8
1811	29.9	88.6	119.2
1812	31.5	87.6	127.3
1813	24.0	57.8	81.1
1814	20.3	56.5	82.1
1815	21.2	59.6	59.6
1816	34.5	70.6	123.5
1817	24.4	72.8	101.0
1818	31.5	58.9	96.3
1819	29.4	80.3	100.8
1820	25.7	62.4	76.8
1821	23.1	86.9	99.5
1822	21.8	76.3	97.6
1823	29.2	67.5	84.5
1824	31.6	81.6	101.4
1825	29.7	82.7	118.4
1826	28.0	61.6	86.8
1827	20.6	63.6	99.9
1828	34.5	87.4	123.1
1829	32.0	56.6	70.9
1830	24.4	51.7	53.4
1831	34.7	68.2	109.2
1832	29.0	82.0	108.6
1833	28.7	80.9	113.4
1834	31.2	86.8	136.7
1835	32.2	71.3	117.7
1836	29.8	54.0	82.7
1837	21.9	73.5	79.9
1838	25.1	81.1	96.4
1839	33.9	53.7	111.7
1840	23.4	56.9	94.6
1841	25.6	50.5	88.4
1842	26.5	73.7	127.5
1843	26.6	85.5	76.6
1844	29.2	76.8	92.2
1845	34.1	89.3	120.2
1846	23.6	52.5	92.9
1847	21.8	86.1	84.4
1848	23.0	82.6	105.4
1849	33.3	62.6	91.3
1850	29.7	88.9	96.0
1851	24.3	61.5	101.4
1852	32.2	85.6	91.9
1853	32.9	85.2	114.9
1854	32.7	80.3	114.1
1855	33.8	72.5	119.9
1856	23.8	54.8	114.8
1857	31.3	71.3	91.7
1858	26.9	64.3	82.1
1859	32.6	81.7	140.5
1860	30.9	80.3	117.9
1861	31.6	86.4	110.2
1862	29.8	50.6	91.7
1863	22.7	82.4	110.3
1864	28.2	87.5	124.4
1865	34.8	81.6	139.3
1866	34.1	55.2	105.9
1867	20.6	53.3	85.6
1868	22.5	50.8	68.4
1869	22.0	75.1	109.4
1870	30.9	75.2	122.4
1871	32.3	89.5	112.4
1872	23.2	65.9	112.2
1873	27.6	63.3	98.3
1874	32.6	75.0	100.6
1875	31.0	83.0	117.9
1876	28.1	87.5	93.9
1877	28.9	82.1	134.3
1878	27.6	67.1	114.3
1879	24.5	75.4	88.2
1880	28.5	84.3	103.8
1881	30.3	69.6	103.4
1882	33.1	58.7	108.6
1883	29.5	56.8	119.1
1884	31.4	50.0	101.8
1885	22.4	78.7	105.6
1886	26.9	54.4	103.0
1887	20.1	59.8	45.6
1888	23.7	61.9	104.0
1889	30.9	72.4	101.2
1890	34.9	65.9	103.9
1891	21.5	77.0	92.3
1892	26.0	52.2	112.9
1893	32.0	55.0	117.1
1894	23.1	70.0	97.0
1895	28.3	63.5	91.2
1896	31.0	61.8	130.7
1897	29.2	52.7	110.4
1898	22.8	85.8	118.8
1899	25.3	77.7	91.3
1900	31.8	54.9	92.4
1901	28.3	52.6	95.0
1902	20.1	89.0	89.0
1903	31.4	77.2	136.0
1904	20.5	66.7	86.9
1905	31.2	78.1	125.9
1906	23.0	80.3	107.8
1907	34.4	81.2	91.0
1908	25.5	69.1	83.0
1909	24.9	67.2	97.5
1910	22.2	50.4	94.3
1911	24.6	87.1	118.7
1912	33.1	74.1	110.2
1913	34.9	58.1	118.0
1914	25.5	86.8	119.3
1915	26.7	86.6	123.2
1916	30.8	89.6	104.7
1917	33.3	85.0	94.8
1918	28.9	89.9	109.9
1919	25.9	59.8	102.4
1920	26.2	83.7	99.1
1921	30.4	82.9	110.7
1922	20.0	59.2	66.8
1923	29.3	53.9	90.7
1924	25.3	89.2	89.8
1925	31.9	61.8	90.7
1926	21.4	84.8	95.3
1927	28.8	50.2	88.7
1928	27.2	50.8	84.5
1929	29.6	68.6	77.7
1930	21.0	59.5	74.8
1931	28.7	77.6	107.8
1932	28.4	72.6	105.0
1933	28.4	53.1	100.2
1934	29.1	56.5	87.4
1935	30.1	65.5	104.9
1936	32.1	57.4	110.7
1937	24.0	81.7	93.6
1938	32.4	66.6	100.8
1939	27.5	53.7	91.2
1940	21.2	69.4	71.2
1941	20.9	53.6	63.7
1942	25.0	55.2	86.7
1943	31.8	59.6	110.2
1944	30.6	84.4	112.4
1945	31.8	87.0	117.7
1946	27.8	83.1	112.5
1947	26.6	63.4	95.1
1948	22.2	60.9	78.3
1949	24.9	72.0	85.8
1950	26.5	78.9	117.5
1951	21.3	89.7	83.6
1952	23.3	55.3	81.8
1953	29.0	52.0	82.3
1954	31.0	77.8	121.8
1955	35.0	83.3	136.8
1956	34.0	83.9	131.3
1957	29.6	77.1	102.3
1958	26.3	88.2	92.4
1959	29.5	70.4	70.8
1960	31.8	86.6	97.5
1961	21.8	88.7	105.4
1962	26.1	83.9	103.5
1963	32.6	62.4	104.7
1964	25.8	57.8	73.7
1965	28.6	71.9	99.5
1966	28.8	68.1	80.0
1967	22.8	85.1	96.4
1968	25.4	54.0	95.6
1969	25.0	60.3	87.9
1970	20.4	80.1	89.6
1971	20.4	53.8	74.4
1972	32.5	62.8	129.4
1973	24.1	65.5	88.2
1974	27.8	74.9	80.0
1975	24.5	56.3	93.0
1976	34.1	84.4	85.4
1977	23.9	67.9	106.7
1978	26.4	86.7	102.8
1979	33.1	68.7	107.1
1980	32.6	61.0	99.9
1981	22.8	55.7	98.9
1982	32.0	50.1	89.6
1983	26.9	71.3	103.9
1984	27.2	54.3	61.3
1985	22.0	65.7	78.3
1986	21.2	73.6	69.5
1987	30.9	61.0	91.5
1988	27.4	57.0	67.3
1989	26.6	81.0	91.1
1990	30.9	87.9	131.1
1991	31.5	54.0	124.4
1992	22.4	56.2	97.4
1993	29.2	88.4	106.0
1994	22.0	51.5	49.0
1995	31.3	89.1	117.6
1996	29.9	50.2	88.2
1997	34.3	84.9	105.7
1998	21.0	62.3	97.1
1999	20.9	87.5	120.1
2000	24.2	62.7	90.5
2001	23.9	76.2	94.4
2002	23.7	53.2	115.3
2003	33.6	59.7	94.6
2004	23.7	80.9	116.6
2005	24.1	71.1	107.4
2006	31.4	87.1	133.6
2007	26.7	67.2	96.2
2008	31.7	84.8	129.0
2009	21.0	68.0	94.7
2010	27.3	89.2	103.4
2011	20.5	88.4	87.1
2012	20.9	63.2	72.0
2013	33.6	85.4	99.7
2014	22.1	83.9	73.6
2015	28.0	58.4	94.8
2016	26.2	75.0	93.2
2017	25.2	52.9	62.5
2018	33.5	83.5	99.7
2019	20.3	57.0	79.3
2020	30.0	52.8	99.6
2021	34.5	66.0	134.1
2022	28.4	73.1	102.9
2023	34.1	84.2	137.6
2024	20.8	89.0	63.2
2025	26.3	67.6	97.2
2026	23.9	52.4	104.1
2027	31.0	80.0	104.0
2028	34.7	72.6	109.9
2029	23.8	67.9	109.1
2030	29.8	62.4	106.3
2031	23.0	70.1	82.1
2032	28.5	63.5	94.5
2033	27.0	80.3	89.5
2034	34.6	71.8	103.9
2035	29.1	85.1	112.1
2036	25.2	71.7	107.6
2037	21.7	59.5	92.6
2038	22.3	84.0	103.5
2039	23.4	72.3	99.5
2040	23.8	58.3	100.0
2041	32.8	74.9	91.5
2042	28.4	64.3	115.8
2043	27.9	83.8	100.2
2044	21.7	68.1	51.7
2045	32.9	79.1	116.8
2046	30.8	53.8	68.8
2047	21.0	65.8	97.9
2048	30.6	89.3	124.5
2049	28.2	82.3	114.1
2050	21.2	56.4	72.2
2051	26.9	61.1	97.2
2052	27.3	63.2	108.0
2053	22.5	76.0	71.0
2054	34.2	80.3	124.5
2055	32.7	80.0	111.9
2056	30.0	70.4	96.4
2057	26.9	82.4	125.6
2058	26.2	67.5	102.9
2059	29.8	55.0	71.1
2060	28.2	72.6	106.9
2061	20.9	88.1	79.3
2062	27.7	81.7	87.9
2063	32.1	73.1	112.9
2064	26.9	75.9	104.7
2065	20.8	87.2	91.5
2066	31.8	67.1	95.9
2067	23.0	63.3	89.3
2068	23.9	89.1	107.5
2069	22.5	84.5	96.2
2070	25.0	62.9	85.5
2071	31.4	68.6	102.3
2072	27.8	66.6	100.3
2073	23.1	56.0	102.5
2074	33.2	88.3	158.5
2075	33.2	66.2	96.6
2076	33.1	85.0	133.4
2077	23.6	57.6	78.3
2078	26.8	71.9	79.8
2079	34.8	51.0	88.0
2080	31.6	80.6	103.3
2081	20.4	73.2	95.9
2082	21.0	75.0	96.7
2083	27.0	52.1	110.9
2084	33.6	58.4	142.5
2085	28.1	53.0	69.5
2086	27.5	61.6	113.7
2087	21.6	75.1	110.8
2088	29.9	72.6	127.7
2089	32.3	74.5	133.9
2090	25.7	72.0	94.4
2091	31.6	60.9	82.7
2092	34.5	59.8	92.9
2093	23.1	55.5	80.1
2094	27.8	84.0	88.0
2095	24.3	74.7	74.0
2096	31.9	57.5	100.7
2097	28.7	57.1	94.8
2098	29.5	84.9	124.9
2099	32.0	79.7	106.3
2100	25.9	76.4	110.9
2101	33.7	66.3	113.0
2102	28.0	60.5	95.5
2103	22.4	89.2	74.2
2104	30.4	81.9	108.3
2105	31.9	62.1	112.4
2106	24.8	83.9	117.7
2107	32.9	80.4	97.3
2108	33.6	61.9	100.4
2109	24.2	67.1	104.1
2110	34.8	57.4	139.4
2111	22.1	54.4	63.4
2112	23.0	78.9	86.8
2113	22.8	60.7	112.4
2114	33.4	82.8	131.2
2115	29.8	89.8	111.7
2116	22.3	53.1	74.8
2117	26.6	68.9	61.2
2118	29.2	82.1	94.9
2119	21.3	81.6	75.8
2120	33.2	80.4	111.1
2121	32.1	64.0	101.9
2122	27.6	68.2	95.1
2123	34.5	73.8	103.1
2124	26.3	89.0	91.9
2125	34.8	63.1	130.9
2126	30.0	86.9	136.9
2127	29.5	60.8	78.7
2128	22.5	89.6	93.7
2129	33.2	76.8	108.0
2130	26.4	68.5	100.3
2131	22.4	74.5	64.6
2132	20.2	60.9	79.7
2133	28.4	61.0	99.4
2134	27.9	54.5	91.4
2135	30.8	54.6	99.2
2136	33.4	63.9	104.3
2137	21.2	80.5	103.1
2138	31.0	74.3	84.9
2139	22.8	54.1	48.6
2140	32.9	84.1	92.6
2141	32.3	74.1	116.5
2142	28.1	88.4	102.9
2143	30.7	76.8	121.1
2144	24.7	57.0	129.3
2145	27.1	69.0	96.5
2146	32.3	75.9	106.2
2147	26.9	51.1	103.7
2148	25.4	50.6	120.3
2149	27.4	55.2	94.9
2150	32.4	60.1	104.5
2151	25.0	67.2	73.6
2152	22.6	69.5	68.1
2153	30.7	55.5	96.3
2154	32.4	76.9	118.6
2155	21.5	73.8	68.1
2156	23.6	61.8	87.4
2157	22.1	50.5	125.5
2158	25.2	53.1	98.6
2159	26.8	65.7	62.0
2160	31.2	56.2	103.5
2161	29.8	65.1	93.4
2162	29.3	75.1	104.3
2163	25.3	71.9	130.6
2164	32.6	59.2	114.2
2165	27.1	63.8	116.7
2166	34.7	74.6	116.0
2167	29.5	84.4	106.1
2168	21.9	80.1	76.9
2169	30.1	72.1	97.5
2170	24.9	64.5	82.2
2171	30.3	64.6	98.5
2172	21.0	85.2	65.3
2173	22.6	51.6	79.7
2174	32.8	89.5	105.4
2175	23.4	76.6	104.6
2176	32.6	77.2	128.4
2177	24.2	51.5	91.3
2178	29.6	74.2	121.1
2179	30.4	69.4	104.5
2180	27.7	54.2	90.8
2181	24.6	61.1	75.8
2182	23.2	85.6	72.2
2183	20.5	72.0	104.3
2184	24.6	66.5	115.1
2185	29.8	52.9	96.0
2186	34.1	78.6	114.9
2187	33.1	78.1	141.6
2188	31.5	74.6	92.6
2189	31.8	70.4	120.4
2190	30.0	67.4	88.5
2191	23.9	73.7	103.4
2192	33.6	59.3	119.9
2193	30.1	87.7	117.6
2194	28.4	73.6	106.3
2195	21.7	62.4	83.5
2196	26.7	68.0	88.8
2197	26.9	82.2	93.6
2198	33.0	56.5	113.7
2199	28.2	61.7	89.2
2200	25.7	77.2	83.6
2201	34.7	62.6	120.6
2202	21.7	81.7	127.6
2203	26.3	55.2	90.3
2204	20.6	80.5	86.9
2205	31.1	52.7	120.9
2206	33.8	50.5	109.1
2207	24.2	85.9	76.2
2208	32.9	73.3	124.4
2209	24.4	64.1	83.2
2210	33.7	59.3	104.0
2211	31.3	74.7	113.4
2212	32.1	70.4	117.1
2213	20.3	89.7	121.7
2214	34.4	89.3	140.7
2215	30.9	75.4	117.4
2216	24.6	67.7	70.5
2217	32.4	69.6	96.2
2218	24.2	77.3	103.5
2219	33.1	54.1	126.0
2220	21.7	63.1	80.0
2221	30.6	53.0	105.2
2222	28.1	52.9	91.6
2223	21.4	57.8	71.0
2224	23.6	69.4	99.8
2225	20.2	81.4	99.4
2226	27.0	69.4	98.2
2227	24.5	63.4	90.3
2228	29.0	53.3	109.1
2229	24.5	72.0	80.3
2230	24.5	60.9	79.6
2231	31.1	74.6	127.0
2232	20.7	89.1	93.6
2233	33.5	54.5	92.6
2234	32.8	58.5	96.2
2235	30.0	68.9	73.6
2236	28.9	88.7	121.1
2237	33.4	80.9	123.0
2238	22.8	85.9	127.4
2239	21.2	63.3	112.4
2240	23.6	89.7	112.6
2241	31.9	54.1	118.0
2242	20.5	52.1	72.9
2243	28.7	84.2	93.0
2244	34.9	87.1	115.0
2245	32.8	53.6	85.9
2246	27.8	54.5	66.3
2247	21.0	51.3	69.2
2248	32.5	54.2	108.6
2249	29.0	58.4	103.7
2250	21.7	88.8	130.7
2251	21.4	76.7	90.4
2252	33.6	81.1	136.4
2253	30.0	81.0	132.8
2254	32.4	71.4	126.5
2255	33.2	81.9	129.4
2256	28.6	73.8	97.4
2257	27.8	62.6	95.7
2258	26.5	72.4	104.5
2259	24.8	71.3	114.5
2260	26.5	82.9	90.1
2261	31.6	89.3	111.3
2262	29.0	66.4	65.6
2263	33.4	80.5	135.9
2264	26.7	54.0	88.4
2265	29.1	81.1	101.7
2266	29.5	64.9	96.5
2267	28.9	51.6	101.8
2268	30.5	64.5	90.6
2269	23.6	74.4	89.5
2270	27.7	54.8	61.1
2271	21.6	87.0	99.8
2272	25.8	53.1	98.8
2273	27.3	87.2	107.5
2274	29.8	78.3	98.9
2275	34.3	63.2	110.9
2276	29.0	65.6	95.6
2277	31.2	79.6	125.5
2278	27.6	74.1	98.9
2279	29.5	76.9	94.4
2280	21.1	65.6	76.5
2281	23.8	69.5	93.6
2282	25.4	89.6	111.7
2283	27.1	58.6	96.8
2284	20.7	66.7	92.9
2285	22.1	61.7	75.6
2286	24.2	80.6	78.3
2287	34.6	80.6	109.1
2288	25.0	61.7	88.1
2289	27.2	53.3	127.3
2290	22.9	50.5	89.1
2291	29.2	67.1	115.3
2292	24.2	66.4	108.0
2293	23.1	89.5	124.5
2294	27.7	68.8	126.8
2295	20.1	60.3	54.5
2296	20.1	85.6	81.5
2297	23.3	69.6	91.4
2298	20.6	74.0	88.6
2299	21.6	53.8	85.5
2300	25.1	65.3	93.0
2301	32.0	87.8	136.6
2302	28.6	73.6	99.2
2303	27.7	63.8	93.1
2304	24.4	75.0	93.6
2305	34.0	86.4	137.3
2306	26.0	61.0	107.0
2307	21.3	70.2	66.3
2308	29.3	88.3	112.2
2309	21.7	56.9	102.4
2310	25.2	78.8	88.8
2311	27.6	74.6	125.1
2312	33.1	77.2	121.7
2313	27.4	64.0	125.4
2314	30.5	62.6	117.9
2315	34.9	77.4	108.6
2316	22.0	58.6	75.5
2317	24.1	66.8	99.9
2318	25.9	57.5	88.5
2319	26.3	50.3	83.0
2320	26.2	88.8	100.7
2321	33.6	67.3	115.5
2322	30.7	88.8	91.3
2323	29.1	55.6	104.4
2324	24.6	73.5	112.0
2325	32.4	58.0	107.6
2326	34.3	81.6	137.1
2327	32.3	81.3	122.9
2328	20.0	54.5	89.3
2329	29.5	86.5	114.5
2330	20.8	57.8	59.2
2331	23.9	74.5	90.6
2332	20.9	89.4	88.7
2333	29.1	85.3	119.3
2334	30.3	88.3	124.6
2335	21.7	63.7	90.1
2336	25.8	54.2	77.4
2337	26.8	57.5	88.6
2338	25.5	70.0	102.1
2339	21.8	81.7	106.5
2340	26.3	56.0	93.7
2341	31.3	76.4	121.4
2342	21.1	62.9	96.8
2343	21.2	63.6	100.9
2344	25.3	76.5	100.9
2345	34.1	68.7	112.3
2346	30.0	82.5	112.9
2347	30.2	56.2	88.7
2348	25.4	81.6	95.6
2349	28.9	52.6	92.2
2350	20.2	57.8	84.7
2351	29.5	76.2	90.6
2352	33.7	84.2	110.1
2353	29.2	60.1	113.9
2354	33.1	63.1	115.0
2355	30.9	71.5	112.4
2356	21.8	58.5	77.9
2357	33.5	82.4	121.5
2358	21.0	80.9	105.7
2359	28.0	55.8	81.4
2360	22.1	68.6	87.5
2361	20.2	81.0	83.9
2362	26.3	63.5	85.5
2363	24.4	75.3	89.3
2364	27.3	52.0	88.4
2365	28.7	74.3	94.4
2366	20.7	56.1	67.6
2367	21.8	83.2	103.8
2368	28.4	64.2	126.6
2369	25.1	61.3	96.1
2370	30.9	83.6	130.7
2371	29.8	52.0	114.6
2372	32.7	65.9	117.8
2373	30.4	64.8	110.9
2374	26.4	61.4	88.4
2375	30.1	86.5	113.0
2376	24.1	80.0	85.4
2377	24.6	52.6	80.8
2378	31.8	78.6	122.1
2379	26.7	71.1	93.1
2380	32.0	86.0	101.6
2381	32.3	62.5	94.3
2382	32.9	73.0	120.6
2383	33.7	70.0	109.9
2384	26.5	69.6	109.8
2385	24.8	68.2	103.6
2386	28.7	58.2	116.5
2387	25.6	80.2	134.7
2388	29.0	68.1	118.6
2389	30.6	88.3	118.6
2390	30.3	60.4	82.8
2391	25.6	77.3	106.1
2392	22.5	87.6	74.3
2393	26.5	76.5	99.9
2394	22.1	84.9	88.2
2395	33.4	83.1	106.8
2396	25.2	64.4	82.4
2397	22.3	74.0	65.6
2398	20.4	56.3	62.2
2399	29.7	71.4	100.9
2400	29.6	59.2	101.5
2401	25.1	79.7	122.2
2402	21.1	71.1	97.1
2403	26.1	66.4	99.1
2404	24.7	60.8	76.8
2405	30.2	89.9	118.1
2406	29.1	52.9	98.3
2407	25.5	51.7	66.9
2408	23.3	58.7	72.9
2409	34.8	88.8	137.2
2410	26.8	89.2	127.5
2411	30.3	76.2	99.4
2412	22.1	85.2	95.1
2413	27.3	58.6	87.2
2414	20.4	88.9	111.9
2415	27.6	55.7	75.4
2416	34.5	54.0	137.6
2417	25.8	54.5	88.5
2418	20.6	72.9	113.0
2419	20.5	81.2	100.1
2420	25.8	64.7	99.9
2421	22.4	89.1	109.0
2422	20.4	67.4	96.8
2423	31.3	56.0	106.0
2424	26.9	68.6	108.4
2425	24.3	77.2	100.8
2426	33.5	83.3	95.8
2427	21.7	68.4	74.5
2428	34.3	73.7	116.8
2429	24.7	60.7	96.7
2430	33.3	75.8	116.2
2431	29.0	89.4	123.9
2432	32.4	52.0	92.3
2433	34.8	85.5	124.0
2434	24.3	72.5	91.8
2435	34.4	60.1	112.6
2436	25.8	88.2	116.4
2437	25.8	69.3	89.1
2438	25.1	63.3	119.2
2439	28.1	57.3	70.7
2440	22.3	59.8	85.6
2441	28.3	83.3	81.9
2442	28.1	74.6	94.2
2443	31.4	86.5	82.1
2444	32.5	59.3	118.4
2445	26.6	54.8	80.3
2446	24.5	50.2	73.9
2447	23.9	70.3	118.2
2448	22.9	89.9	104.0
2449	20.9	77.8	97.5
2450	25.1	62.3	90.6
2451	24.1	85.1	110.0
2452	34.5	81.3	124.5
2453	28.4	50.6	102.5
2454	25.2	82.7	118.7
2455	28.7	62.0	94.4
2456	22.1	56.0	75.3
2457	26.7	59.1	91.7
2458	29.4	68.7	90.9
2459	27.3	67.0	108.5
2460	26.0	61.6	109.9
2461	34.9	56.9	92.0
2462	33.2	80.5	132.6
2463	29.4	89.6	94.9
2464	28.5	81.1	78.5
2465	29.3	61.8	87.0
2466	23.0	59.8	85.1
2467	25.9	58.7	64.6
2468	20.6	55.5	60.4
2469	27.1	72.1	124.4
2470	28.1	74.2	96.4
2471	23.4	78.2	96.9
2472	34.5	77.2	95.8
2473	33.6	61.7	69.5
2474	30.8	63.2	102.9
2475	28.0	77.3	92.7
2476	33.0	64.0	96.1
2477	22.0	58.5	65.8
2478	31.9	65.0	102.6
2479	21.9	60.9	122.8
2480	31.9	53.5	102.0
2481	24.1	83.2	79.9
2482	33.2	84.1	112.5
2483	34.2	58.8	79.6
2484	22.2	52.6	66.7
2485	26.9	79.6	91.9
2486	34.7	58.5	123.7
2487	27.3	65.7	88.2
2488	33.0	52.6	105.3
2489	28.8	59.1	110.9
2490	25.6	81.7	119.2
2491	24.3	82.2	98.9
2492	23.0	58.3	103.6
2493	31.4	63.4	95.0
2494	25.8	55.4	62.0
2495	27.7	53.0	80.7
2496	27.4	89.7	87.5
2497	28.7	76.2	78.7
2498	33.0	71.7	102.0
2499	34.7	80.6	112.7
2500	26.1	83.6	94.2
2501	32.4	82.3	116.6
2502	31.5	50.7	106.0
2503	28.6	57.5	108.0
2504	34.3	76.2	93.7
2505	23.0	65.0	72.6
2506	21.6	89.3	76.7
2507	32.8	76.6	118.0
2508	26.6	88.3	129.8
2509	32.7	58.1	73.8
2510	33.4	84.6	105.1
2511	20.9	62.9	77.6
2512	33.3	89.6	116.0
2513	26.7	56.3	108.4
2514	27.7	70.7	78.0
2515	29.4	81.7	123.4
2516	33.9	67.3	121.0
2517	20.3	68.7	73.6
2518	27.2	89.5	121.4
2519	30.3	67.0	116.1
2520	30.8	74.2	106.5
2521	30.4	52.2	93.4
2522	22.0	83.7	93.5
2523	24.5	75.9	100.0
2524	25.4	66.2	105.4
2525	32.1	50.6	98.0
2526	24.2	73.7	90.5
2527	23.2	50.5	69.2
2528	34.4	50.0	104.7
2529	20.1	74.6	94.0
2530	35.0	57.6	103.3
2531	30.2	57.7	83.5
2532	32.4	76.1	108.8
2533	24.4	52.1	71.9
2534	20.2	62.5	88.8
2535	31.1	56.0	108.3
2536	32.5	73.2	104.3
2537	31.1	76.5	131.7
2538	22.1	78.8	104.2
2539	31.3	60.2	121.5
2540	31.5	53.6	119.6
2541	29.9	53.1	95.4
2542	31.5	67.0	113.4
2543	32.7	87.8	130.6
2544	29.2	58.7	102.4
2545	21.3	60.3	102.1
2546	27.3	54.0	100.6
2547	21.2	74.2	101.2
2548	26.1	77.2	86.3
2549	26.1	75.7	82.5
2550	21.0	84.4	88.2
2551	25.2	69.5	97.3
2552	21.7	55.4	57.5
2553	32.1	61.6	101.4
2554	34.2	76.5	119.4
2555	21.1	74.5	106.0
2556	34.3	71.2	139.4
2557	27.8	77.3	108.6
2558	24.5	75.5	97.7
2559	21.2	85.3	99.3
2560	27.5	73.4	94.7
2561	31.9	81.1	104.3
2562	30.6	59.9	89.4
2563	20.8	77.1	69.2
2564	21.1	86.1	104.0
2565	26.0	65.4	82.0
2566	24.4	81.2	125.1
2567	23.5	79.0	112.8
2568	24.2	52.4	74.4
2569	32.1	73.3	109.2
2570	33.9	55.2	104.9
2571	26.1	88.7	124.2
2572	33.6	82.5	127.0
2573	24.8	54.4	99.1
2574	27.1	54.9	91.4
2575	23.4	73.8	90.5
2576	29.6	63.8	100.9
2577	34.7	51.4	106.2
2578	29.1	71.7	101.3
2579	25.4	65.5	104.7
2580	29.7	54.0	94.0
2581	21.8	82.1	95.7
2582	33.3	86.6	125.0
2583	27.5	80.3	75.3
2584	26.7	82.9	103.3
2585	28.8	58.7	99.8
2586	29.4	60.5	112.1
2587	21.1	58.3	56.6
2588	30.2	80.6	102.0
2589	23.6	87.9	108.1
2590	30.7	78.7	105.7
2591	32.3	85.3	122.1
2592	32.1	75.5	108.2
2593	28.3	65.5	69.7
2594	27.8	67.0	76.2
2595	22.1	53.0	100.1
2596	31.6	51.3	108.6
2597	24.1	77.8	108.2
2598	27.5	67.5	129.6
2599	24.3	72.1	95.3
2600	22.0	72.3	124.6
2601	29.4	61.1	91.5
2602	20.8	69.0	68.7
2603	31.2	68.8	110.4
2604	24.8	65.5	83.9
2605	20.0	82.8	53.6
2606	27.7	68.0	117.7
2607	20.7	74.1	55.8
2608	24.1	85.8	101.4
2609	30.6	84.6	90.8
2610	20.9	85.6	83.4
2611	32.6	60.8	108.3
2612	20.1	51.4	56.4
2613	23.7	60.4	106.8
2614	31.1	61.1	97.2
2615	24.7	86.4	122.4
2616	21.5	76.0	89.6
2617	25.4	53.3	87.1
2618	24.1	55.4	109.0
2619	32.6	56.2	108.2
2620	24.7	75.2	110.4
2621	31.8	79.4	124.8
2622	33.4	84.4	110.8
2623	26.5	87.6	114.1
2624	33.6	58.1	104.2
2625	25.7	62.4	88.1
2626	34.5	59.6	90.5
2627	21.3	64.4	72.3
2628	30.3	86.6	113.3
2629	27.4	73.0	92.5
2630	25.8	79.5	80.3
2631	29.5	69.6	85.7
2632	30.6	51.2	106.3
2633	20.1	52.6	92.4
2634	22.5	71.5	69.5
2635	30.7	78.8	126.0
2636	30.0	58.6	82.7
2637	34.5	78.9	111.2
2638	31.4	82.4	109.3
2639	34.3	66.5	119.0
2640	30.5	79.9	97.4
2641	24.5	66.2	116.4
2642	21.6	77.1	87.4
2643	31.7	80.6	100.1
2644	29.7	89.7	78.5
2645	20.7	63.8	81.9
2646	25.4	66.4	86.5
2647	34.4	56.6	122.7
2648	27.5	58.2	81.6
2649	26.5	77.7	85.0
2650	26.9	86.7	113.3
2651	23.1	65.8	103.1
2652	25.5	57.2	90.1
2653	25.5	61.4	59.0
2654	20.8	68.2	80.7
2655	31.5	61.6	91.7
2656	26.2	59.3	77.6
2657	32.3	79.4	125.5
2658	32.8	50.3	122.3
2659	23.2	71.6	90.8
2660	29.9	81.8	120.0
2661	27.1	60.6	88.2
2662	33.2	74.1	117.3
2663	23.2	76.8	82.5
2664	30.2	76.2	101.9
2665	29.1	67.8	90.5
2666	24.4	63.9	86.8
2667	22.0	83.4	109.0
2668	29.8	80.3	132.7
2669	31.1	62.9	94.3
2670	24.7	54.1	98.1
2671	29.7	52.9	124.2
2672	25.9	53.8	113.3
2673	30.7	73.3	103.2
2674	23.0	52.1	89.9
2675	33.4	63.5	120.6
2676	24.3	80.1	112.6
2677	25.5	61.8	74.5
2678	20.9	80.5	73.3
2679	21.7	79.8	92.6
2680	27.7	59.8	128.1
2681	24.0	79.2	94.6
2682	32.5	79.9	109.3
2683	20.2	65.9	82.0
2684	25.7	58.4	106.5
2685	25.1	70.9	103.9
2686	20.3	86.9	80.1
2687	21.9	75.6	77.3
2688	26.2	56.9	93.9
2689	27.4	77.3	101.7
2690	26.1	67.1	106.2
2691	28.0	73.7	87.5
2692	28.9	79.4	93.2
2693	20.1	70.6	94.4
2694	27.0	82.6	118.1
2695	34.5	78.9	125.1
2696	27.8	74.6	96.2
2697	30.2	56.0	100.9
2698	24.7	83.4	91.1
2699	31.6	87.4	102.9
2700	31.6	55.5	86.7
2701	27.8	69.5	90.3
2702	34.6	60.4	94.0
2703	21.9	80.2	90.4
2704	20.3	78.9	111.6
2705	31.6	55.6	84.9
2706	32.1	85.1	115.7
2707	21.8	57.2	57.6
2708	24.0	81.9	111.6
2709	20.3	68.3	79.3
2710	24.4	63.1	96.0
2711	31.6	56.3	103.7
2712	27.8	56.7	103.8
2713	25.2	76.5	91.8
2714	25.6	72.0	108.8
2715	20.0	54.9	64.9
2716	24.5	54.5	91.7
2717	29.7	52.9	115.7
2718	34.6	79.8	127.2
2719	32.7	78.5	107.7
2720	20.4	52.3	75.0
2721	33.5	72.4	118.4
2722	31.7	53.4	92.4
2723	31.7	86.1	108.4
2724	26.9	86.3	124.1
2725	26.0	77.9	90.0
2726	24.5	87.0	101.6
2727	21.0	82.5	83.1
2728	23.4	83.1	95.0
2729	23.7	72.8	99.3
2730	27.3	62.2	104.3
2731	31.2	58.7	105.8
2732	27.1	63.1	105.9
2733	20.9	75.1	113.1
2734	34.4	56.9	86.7
2735	34.1	60.3	128.7
2736	31.8	68.7	105.5
2737	34.9	59.3	118.6
2738	28.2	73.5	97.0
2739	34.4	86.9	130.2
2740	21.1	79.9	128.1
2741	25.5	76.7	99.2
2742	23.4	73.3	92.3
2743	22.9	69.5	101.4
2744	22.1	57.5	87.1
2745	29.3	85.8	102.2
2746	31.7	59.9	86.4
2747	28.7	53.7	106.7
2748	22.2	80.0	110.6
2749	32.2	57.0	104.6
2750	29.5	64.9	119.1
2751	25.8	51.1	97.9
2752	30.1	55.5	102.2
2753	23.9	56.9	95.0
2754	25.2	52.2	78.5
2755	33.8	76.3	129.1
2756	24.4	83.5	99.4
2757	27.0	64.9	67.1
2758	33.4	85.0	109.6
2759	30.6	58.5	91.6
2760	20.9	63.0	63.1
2761	22.2	56.0	81.8
2762	20.1	74.8	87.1
2763	29.5	66.8	91.3
2764	26.7	74.5	135.3
2765	22.0	80.5	91.9
2766	34.4	71.8	122.0
2767	27.9	75.1	130.3
2768	23.6	87.4	100.2
2769	27.5	62.0	100.4
2770	30.2	64.4	99.7
2771	21.1	78.7	63.6
2772	24.1	74.5	66.1
2773	32.1	57.1	108.9
2774	26.9	65.0	111.5
2775	28.2	68.7	118.9
2776	26.5	66.8	100.5
2777	20.7	57.1	94.4
2778	22.5	87.0	86.8
2779	26.7	80.5	110.9
2780	23.1	69.3	99.4
2781	20.7	77.2	62.6
2782	32.7	85.9	110.3
2783	34.7	55.4	129.3
2784	31.9	60.0	99.8
2785	32.8	71.7	109.8
2786	23.6	82.0	107.5
2787	34.4	51.5	120.0
2788	23.0	89.4	125.8
2789	34.3	68.2	107.0
2790	34.9	64.4	98.4
2791	30.7	61.7	85.9
2792	34.7	57.0	120.1
2793	28.5	81.7	121.0
2794	23.9	88.2	133.0
2795	26.6	66.5	103.0
2796	28.9	88.1	103.7
2797	21.1	83.0	117.2
2798	29.3	69.2	117.3
2799	34.7	77.0	114.5
2800	22.9	67.4	97.2
2801	31.9	72.3	107.0
2802	33.6	52.3	112.5
2803	34.2	77.9	125.3
2804	34.4	52.1	114.5
2805	27.8	82.7	106.4
2806	34.7	83.0	103.5
2807	31.4	59.5	129.9
2808	22.4	62.9	105.5
2809	27.2	69.3	109.9
2810	30.8	73.9	104.4
2811	23.7	61.5	87.6
2812	29.6	73.7	71.1
2813	30.0	61.9	84.4
2814	22.4	52.2	83.3
2815	28.5	50.1	100.7
2816	31.6	54.0	88.5
2817	27.5	81.7	102.0
2818	20.2	88.5	115.0
2819	20.1	67.1	100.3
2820	25.4	70.5	89.1
2821	33.9	55.9	94.9
2822	23.4	72.0	82.5
2823	29.5	55.8	88.3
2824	23.3	74.4	84.4
2825	24.8	87.3	84.1
2826	32.7	57.8	91.6
2827	30.9	80.6	107.5
2828	21.4	50.9	76.9
2829	26.4	65.0	68.4
2830	20.4	54.4	62.4
2831	27.2	64.1	95.5
2832	29.9	56.9	95.6
2833	21.8	64.9	89.2
2834	24.3	66.7	102.9
2835	26.0	62.0	89.7
2836	33.8	76.3	102.6
2837	34.9	86.8	130.9
2838	20.7	66.0	75.6
2839	31.4	57.7	94.2
2840	25.6	60.8	60.5
2841	25.9	84.2	95.2
2842	31.3	72.9	119.9
2843	33.8	68.2	93.9
2844	34.3	56.0	118.7
2845	28.7	68.0	105.0
2846	25.4	61.1	116.8
2847	31.8	87.7	87.8
2848	23.8	85.4	83.9
2849	28.5	53.4	93.8
2850	25.4	70.7	98.7
2851	29.8	59.0	71.6
2852	23.6	66.4	72.8
2853	22.9	85.1	112.8
2854	33.8	71.1	97.9
2855	21.5	63.4	70.9
2856	27.6	58.3	102.1
2857	23.3	82.0	93.2
2858	20.6	75.0	82.2
2859	20.5	68.7	77.7
2860	22.6	58.7	68.9
2861	33.0	63.4	94.5
2862	24.2	88.4	111.0
2863	34.3	70.8	91.7
2864	28.7	66.0	102.3
2865	26.5	70.9	90.5
2866	28.7	81.2	92.1
2867	27.8	63.6	113.5
2868	31.4	57.1	137.7
2869	24.2	73.4	94.7
2870	25.3	76.6	106.0
2871	33.4	78.5	117.6
2872	34.2	85.3	145.6
2873	33.4	64.8	82.8
2874	26.3	53.0	90.8
2875	31.7	88.3	130.9
2876	27.1	67.4	99.4
2877	27.5	74.9	103.3
2878	23.1	76.7	104.2
2879	28.9	71.9	134.3
2880	22.8	58.2	88.7
2881	25.0	80.2	101.4
2882	32.8	82.2	130.6
2883	23.1	72.1	64.4
2884	21.1	69.5	63.0
2885	21.0	54.6	82.6
2886	34.1	53.4	127.5
2887	27.6	63.6	106.9
2888	26.1	62.4	88.0
2889	32.2	88.1	120.1
2890	32.5	81.3	88.8
2891	25.0	76.4	88.0
2892	30.4	70.7	88.2
2893	31.6	56.7	95.6
2894	29.8	89.1	119.2
2895	22.3	65.0	96.5
2896	33.1	54.3	82.7
2897	28.1	69.8	109.1
2898	24.2	85.0	105.4
2899	26.4	85.5	112.8
2900	20.6	50.4	71.1
2901	21.9	85.5	99.7
2902	31.5	60.9	88.9
2903	20.0	51.6	61.8
2904	26.2	83.9	103.7
2905	27.8	84.6	82.1
2906	20.8	73.8	68.6
2907	34.6	73.0	114.1
2908	23.4	82.5	87.8
2909	24.6	81.5	119.1
2910	24.6	85.6	95.2
2911	23.5	72.1	91.0
2912	20.0	88.7	88.8
2913	30.9	89.8	117.6
2914	34.5	54.7	110.0
2915	23.4	84.0	100.3
2916	29.9	70.0	108.8
2917	31.1	65.5	107.0
2918	32.7	74.5	115.2
2919	26.3	52.2	79.7
2920	24.5	70.3	81.0
2921	24.9	84.8	105.7
2922	30.7	58.5	110.7
2923	32.3	67.1	110.0
2924	22.7	87.6	135.1
2925	25.6	67.1	124.2
2926	33.5	64.3	111.7
2927	32.1	67.6	117.1
2928	34.8	70.8	101.8
2929	31.3	75.3	115.1
2930	25.9	82.0	113.4
2931	28.9	68.1	95.0
2932	29.9	82.7	111.0
2933	21.2	71.3	96.9
2934	28.2	63.5	83.4
2935	30.6	76.3	115.2
2936	22.5	78.7	90.5
2937	31.7	72.3	103.7
2938	28.8	52.3	119.1
2939	34.3	56.8	85.6
2940	20.6	61.4	87.3
2941	24.0	61.3	89.6
2942	29.0	76.9	102.0
2943	24.4	50.7	76.6
2944	30.7	80.2	101.3
2945	31.4	60.6	96.4
2946	21.5	62.4	84.5
2947	27.7	71.1	110.9
2948	27.6	58.6	106.7
2949	25.5	85.4	115.0
2950	34.0	53.4	87.2
2951	32.4	67.8	106.6
2952	30.5	84.0	93.7
2953	30.7	74.6	117.3
2954	26.9	61.7	113.1
2955	33.8	66.8	97.4
2956	30.4	78.3	109.1
2957	30.9	88.9	111.0
2958	32.9	85.7	117.2
2959	24.1	63.7	102.4
2960	32.1	89.9	135.5
2961	22.9	50.1	69.3
2962	25.2	51.1	88.5
2963	25.0	83.0	83.9
2964	34.7	58.0	129.6
2965	32.8	52.4	85.3
2966	30.5	59.5	86.5
2967	30.9	67.0	101.8
2968	28.4	79.2	97.0
2969	34.2	75.0	108.1
2970	27.4	59.5	84.4
2971	25.7	70.1	103.7
2972	22.4	87.0	101.5
2973	31.8	82.6	149.6
2974	31.0	62.9	122.0
2975	25.8	89.3	101.9
2976	20.4	78.3	88.5
2977	32.6	52.5	110.5
2978	20.2	51.4	77.6
2979	30.6	56.7	110.9
2980	34.6	79.1	132.8
2981	26.6	57.3	91.2
2982	23.5	70.5	103.8
2983	30.6	53.7	113.1
2984	32.3	86.8	116.7
2985	28.2	63.8	94.0
2986	34.5	86.3	98.8
2987	20.8	87.8	85.5
2988	27.6	50.2	95.5
2989	30.8	68.6	100.0
2990	32.9	51.0	106.0
2991	22.7	86.3	80.5
2992	32.0	70.7	114.5
2993	28.3	53.0	112.7
2994	25.9	54.4	74.5
2995	22.0	65.3	89.8
2996	33.0	87.6	130.6
2997	22.4	77.7	90.9
2998	24.6	84.7	106.5
2999	24.4	64.7	72.2
3000	33.1	51.7	76.1
3001	30.1	89.0	105.5
3002	32.0	50.7	91.8
3003	23.8	87.9	82.8
3004	29.4	64.7	106.7
3005	28.6	50.4	69.4
3006	32.5	77.6	128.0
3007	33.6	89.2	127.4
3008	20.2	88.6	102.9
3009	30.1	56.4	97.5
3010	20.8	57.2	60.9
3011	28.2	72.6	109.2
3012	24.3	75.5	89.6
3013	24.6	79.6	93.9
3014	25.3	57.2	115.8
3015	29.3	88.4	103.7
3016	25.0	75.5	80.3
3017	31.0	83.9	112.4
3018	26.1	71.6	102.8
3019	21.0	66.6	81.3
3020	31.8	89.1	107.8
3021	24.3	73.3	78.9
3022	26.5	84.7	89.4
3023	30.3	88.1	122.2
3024	25.0	77.0	104.4
3025	20.8	72.0	88.5
3026	25.6	50.1	107.4
3027	34.2	51.6	105.8
3028	29.6	58.0	120.1
3029	30.1	57.4	101.2
3030	29.5	60.2	106.7
3031	23.0	62.2	77.3
3032	26.3	64.4	78.8
3033	31.3	66.8	102.4
3034	21.5	54.0	81.0
3035	24.2	51.7	82.5
3036	24.1	77.0	88.9
3037	26.5	71.5	93.4
3038	34.7	67.8	106.6
3039	21.0	75.4	102.5
3040	27.8	83.1	95.4
3041	22.7	67.1	68.7
3042	34.6	75.6	112.2
3043	21.7	88.1	124.6
3044	26.1	83.6	112.7
3045	31.1	67.0	108.9
3046	30.6	75.8	101.8
3047	26.3	57.1	72.2
3048	25.2	72.4	85.4
3049	26.0	89.3	96.9
3050	24.0	70.7	85.9
3051	23.1	87.1	101.7
3052	27.2	66.3	135.7
3053	24.0	90.0	103.3
3054	24.3	73.2	98.0
3055	29.9	51.7	96.8
3056	34.5	73.5	118.0
3057	29.1	61.0	103.8
3058	21.2	51.3	89.2
3059	21.1	82.8	86.0
3060	34.3	61.0	108.8
3061	24.5	81.9	98.8
3062	21.4	61.5	90.7
3063	29.0	57.8	104.6
3064	29.4	89.0	126.8
3065	29.7	64.5	97.7
3066	24.0	74.1	108.2
3067	20.2	74.4	73.7
3068	34.5	72.4	123.6
3069	23.8	86.6	86.1
3070	30.1	77.0	81.9
3071	30.6	66.1	114.7
3072	29.2	84.5	88.9
3073	24.7	57.2	94.3
3074	24.1	71.8	100.9
3075	29.0	88.0	121.7
3076	33.0	75.0	128.2
3077	34.2	82.7	91.5
3078	21.6	76.1	99.9
3079	22.3	83.6	87.2
3080	34.2	87.8	150.7
3081	31.0	60.9	110.4
3082	33.2	56.8	117.6
3083	23.0	69.4	88.4
3084	28.8	78.1	88.2
3085	30.5	59.1	100.5
3086	30.2	50.2	95.6
3087	26.1	63.7	85.5
3088	20.2	88.8	96.2
3089	28.7	77.8	115.0
3090	23.8	66.1	70.7
3091	26.8	57.7	79.9
3092	34.4	64.2	95.8
3093	26.0	56.8	101.8
3094	32.6	54.3	112.9
3095	22.8	86.3	109.8
3096	30.1	89.9	135.6
3097	34.7	56.6	107.1
3098	21.5	52.2	71.1
3099	20.1	63.2	79.3
3100	26.5	68.5	86.0
3101	21.4	58.2	48.0
3102	31.2	62.1	100.8
3103	33.7	58.0	113.3
3104	26.5	81.0	96.9
3105	23.9	78.5	111.4
3106	26.5	75.4	122.4
3107	30.9	65.5	97.7
3108	20.1	86.4	56.0
3109	28.8	88.8	118.0
3110	29.2	56.9	76.4
3111	29.6	58.9	119.4
3112	23.6	71.0	93.3
3113	30.7	53.7	84.4
3114	21.4	67.5	96.4
3115	23.0	73.3	109.8
3116	33.2	70.9	109.5
3117	31.1	63.2	112.0
3118	20.2	71.7	85.1
3119	23.7	88.4	108.0
3120	23.2	58.2	85.0
3121	24.1	76.2	94.3
3122	23.7	51.7	90.3
3123	20.9	52.7	89.5
3124	26.9	72.1	104.1
3125	31.0	54.2	108.3
3126	29.1	50.9	81.4
3127	30.1	56.9	104.5
3128	21.2	72.6	87.1
3129	34.3	78.1	117.9
3130	32.6	58.1	95.7
3131	32.1	76.7	110.2
3132	32.3	57.3	70.4
3133	34.0	74.5	107.1
3134	28.2	66.5	101.2
3135	23.0	76.2	84.3
3136	29.3	89.8	104.6
3137	31.1	87.5	119.4
3138	31.1	50.2	88.7
3139	27.8	85.4	125.2
3140	21.0	52.7	64.3
3141	25.6	88.1	133.7
3142	33.8	61.3	118.6
3143	28.8	65.3	127.3
3144	28.1	53.7	114.4
3145	24.0	54.5	117.0
3146	25.5	79.1	85.7
3147	33.4	87.8	104.5
3148	30.0	74.4	100.2
3149	31.8	78.6	125.2
3150	26.8	80.5	102.8
3151	29.5	60.5	96.7
3152	23.7	51.8	80.6
3153	30.6	50.1	93.0
3154	26.4	64.0	88.7
3155	26.6	59.7	93.3
3156	29.7	52.5	110.6
3157	34.0	57.2	116.3
3158	21.0	55.0	49.1
3159	32.4	86.6	98.2
3160	24.4	55.6	75.1
3161	26.7	71.5	74.0
3162	20.3	73.7	83.0
3163	24.5	71.7	113.7
3164	27.5	54.0	98.3
3165	20.8	62.8	94.3
3166	27.4	52.1	77.5
3167	33.9	65.8	122.3
3168	21.6	57.5	86.7
3169	31.5	72.5	117.3
3170	26.1	77.7	105.1
3171	29.8	71.3	100.0
3172	23.9	67.4	83.4
3173	22.4	65.5	82.1
3174	22.4	83.7	97.7
3175	21.1	58.8	61.4
3176	22.8	79.4	80.0
3177	30.0	80.3	85.6
3178	33.2	66.8	111.4
3179	32.2	61.9	102.7
3180	30.3	68.8	93.9
3181	21.7	53.7	86.1
3182	24.3	51.8	87.8
3183	24.6	54.5	82.3
3184	23.7	57.5	80.4
3185	27.7	70.2	120.9
3186	28.0	84.0	117.3
3187	25.4	59.4	103.0
3188	25.3	87.4	77.9
3189	32.4	88.2	92.5
3190	31.8	88.4	111.0
3191	24.6	83.5	113.7
3192	33.7	64.6	116.0
3193	34.3	52.9	119.5
3194	24.9	72.8	98.4
3195	25.3	72.3	107.7
3196	27.6	84.0	120.8
3197	34.1	89.8	83.9
3198	33.1	70.3	102.4
3199	21.5	63.8	99.9
3200	25.9	57.4	109.0
3201	28.3	50.2	87.0
3202	27.5	70.4	107.8
3203	22.9	72.2	120.5
3204	32.9	83.0	115.7
3205	30.2	70.2	121.8
3206	32.6	86.7	123.5
3207	32.9	75.1	120.6
3208	31.2	83.6	110.9
3209	26.6	55.9	68.6
3210	29.2	84.2	80.7
3211	22.4	77.0	87.3
3212	30.1	56.8	108.2
3213	22.7	57.6	49.1
3214	30.4	87.1	80.1
3215	23.4	51.3	94.6
3216	21.8	68.5	114.5
3217	22.5	62.5	92.2
3218	20.0	76.6	84.2
3219	30.8	83.6	128.4
3220	31.0	64.4	104.4
3221	27.7	67.1	116.2
3222	22.4	89.3	88.8
3223	21.3	81.4	69.9
3224	20.3	85.9	93.7
3225	22.5	67.6	89.5
3226	33.4	59.4	85.0
3227	23.6	66.5	80.8
3228	25.3	78.6	129.4
3229	21.6	54.4	94.6
3230	23.3	60.8	99.7
3231	27.8	51.9	73.0
3232	29.1	67.3	103.1
3233	23.7	83.1	110.2
3234	20.9	51.0	94.5
3235	25.9	77.0	128.1
3236	23.5	87.3	126.4
3237	23.3	59.5	72.6
3238	34.4	77.7	126.3
3239	29.2	89.0	101.1
3240	28.4	88.5	109.2
3241	26.2	59.4	121.2
3242	26.4	54.0	107.0
3243	28.1	55.9	111.0
3244	30.4	78.1	99.7
3245	30.5	79.0	102.8
3246	22.6	77.0	74.1
3247	27.5	63.4	108.6
3248	26.2	56.8	105.2
3249	33.1	73.2	93.6
3250	29.5	69.3	110.1
3251	28.0	79.2	110.8
3252	21.7	67.7	91.9
3253	29.1	63.5	126.2
3254	21.8	61.7	83.7
3255	25.1	58.5	91.7
3256	22.1	60.6	68.1
3257	30.4	53.8	87.2
3258	23.1	63.9	79.4
3259	25.9	51.5	108.0
3260	33.4	57.5	110.3
3261	23.1	79.9	94.0
3262	27.6	63.0	93.7
3263	26.3	76.7	106.1
3264	20.3	78.7	106.0
3265	31.9	73.2	119.0
3266	21.0	88.3	99.4
3267	27.1	50.9	102.4
3268	28.4	79.5	102.7
3269	29.4	88.4	118.0
3270	30.3	84.5	100.2
3271	23.8	56.7	67.2
3272	20.1	63.1	67.6
3273	30.9	56.9	122.9
3274	28.0	74.1	117.0
3275	32.5	78.5	93.7
3276	32.3	62.7	112.9
3277	32.6	71.6	134.5
3278	27.3	77.6	110.5
3279	25.0	66.9	83.7
3280	31.9	84.2	126.6
3281	26.8	80.9	103.6
3282	22.8	52.6	79.8
3283	32.8	74.8	125.9
3284	33.2	59.4	115.5
3285	27.0	72.3	99.9
3286	21.1	88.3	109.5
3287	25.8	85.2	129.4
3288	32.1	66.2	103.7
3289	33.5	61.7	104.9
3290	23.1	59.4	73.4
3291	21.0	71.3	82.1
3292	33.2	54.6	108.7
3293	25.8	72.0	100.6
3294	28.1	50.1	114.6
3295	34.5	63.0	105.1
3296	21.0	58.8	97.0
3297	29.7	88.8	121.7
3298	21.1	79.1	111.6
3299	25.6	64.0	96.4
3300	32.1	53.7	77.8
3301	26.5	70.7	106.9
3302	35.0	58.5	110.6
3303	28.4	71.5	107.6
3304	24.8	83.4	94.1
3305	23.3	74.6	95.6
3306	25.3	75.4	105.2
3307	25.6	71.6	98.4
3308	21.0	87.1	100.3
3309	25.5	87.3	113.2
3310	27.0	70.5	102.6
3311	30.8	62.2	119.8
3312	29.9	68.4	120.2
3313	30.6	57.5	92.3
3314	20.1	75.5	79.3
3315	23.3	70.0	78.7
3316	29.9	54.1	98.6
3317	27.3	57.9	82.6
3318	20.1	69.2	57.6
3319	32.1	85.5	110.2
3320	31.6	72.7	116.2
3321	28.2	77.3	112.5
3322	21.0	63.6	97.8
3323	31.5	72.9	126.2
3324	28.8	67.9	86.8
3325	31.7	76.4	122.7
3326	31.3	52.0	93.1
3327	32.0	69.7	97.7
3328	27.8	61.8	101.1
3329	22.1	63.0	95.6
3330	30.1	88.4	117.2
3331	29.3	57.3	79.2
3332	31.1	62.4	120.7
3333	22.5	70.4	111.3
3334	22.9	84.5	111.1
3335	33.4	66.7	84.6
3336	31.2	79.8	130.0
3337	33.6	84.3	128.5
3338	31.4	62.4	125.5
3339	29.0	65.7	114.1
3340	29.8	64.3	101.0
3341	33.3	83.3	126.0
3342	28.7	51.8	107.5
3343	29.5	62.3	108.7
3344	22.3	77.2	74.4
3345	27.1	72.6	111.5
3346	30.7	67.5	114.6
3347	24.1	71.6	56.2
3348	23.0	57.9	76.4
3349	24.7	67.2	117.3
3350	23.6	70.1	140.4
3351	23.2	86.0	95.5
3352	26.4	60.4	89.8
3353	33.6	84.7	137.3
3354	27.6	75.8	114.5
3355	22.8	50.8	84.6
3356	21.2	79.0	69.8
3357	30.4	51.4	84.2
3358	25.7	89.9	95.8
3359	32.3	84.9	90.6
3360	29.9	61.9	86.0
3361	31.9	60.3	126.4
3362	24.1	65.3	99.3
3363	30.4	64.2	109.1
3364	24.0	64.9	91.3
3365	34.1	62.7	124.1
3366	29.5	74.8	102.2
3367	24.9	56.6	90.5
3368	24.0	83.8	119.3
3369	22.9	82.5	97.3
3370	30.4	69.1	95.8
3371	23.3	84.1	95.5
3372	28.9	59.9	122.3
3373	24.0	50.7	93.4
3374	29.9	74.8	131.1
3375	32.2	68.3	117.8
3376	31.7	72.7	121.9
3377	31.4	86.0	105.9
3378	22.8	88.8	83.0
3379	21.3	75.4	64.1
3380	30.5	80.6	97.4
3381	25.5	53.4	77.6
3382	26.5	56.4	85.8
3383	20.5	79.3	86.1
3384	23.9	67.3	130.5
3385	20.5	67.8	98.8
3386	33.2	62.3	102.9
3387	23.7	74.3	94.2
3388	28.4	57.4	94.8
3389	20.6	75.1	65.1
3390	30.0	57.0	90.1
3391	24.8	52.6	87.1
3392	33.5	63.2	90.1
3393	33.3	59.2	104.3
3394	24.9	85.6	85.6
3395	33.5	52.2	106.4
3396	34.9	57.1	89.7
3397	32.4	71.9	96.3
3398	32.7	69.2	121.5
3399	23.7	51.8	101.6
3400	28.7	50.3	78.8
3401	21.0	89.5	90.9
3402	21.4	76.4	105.6
3403	35.0	64.6	134.1
3404	24.9	68.8	92.6
3405	31.2	60.7	93.2
3406	32.1	63.8	107.2
3407	32.9	76.0	116.5
3408	35.0	85.3	141.4
3409	23.6	57.4	85.1
3410	20.6	83.6	81.5
3411	26.2	54.9	114.3
3412	22.0	58.6	99.9
3413	20.3	51.5	91.5
3414	25.4	55.6	110.9
3415	31.8	86.7	127.9
3416	28.5	68.4	115.1
3417	24.7	53.1	99.6
3418	29.8	88.4	142.8
3419	23.5	85.2	103.5
3420	20.2	80.2	114.8
3421	31.5	87.3	104.2
3422	29.4	58.8	116.4
3423	31.4	83.5	124.8
3424	20.6	77.6	101.1
3425	32.6	84.8	119.7
3426	29.3	81.9	125.4
3427	28.5	63.9	107.2
3428	29.4	81.0	98.7
3429	33.0	60.5	89.8
3430	28.8	63.1	94.6
3431	28.7	54.3	89.7
3432	34.9	87.4	117.4
3433	31.4	61.6	118.8
3434	26.6	70.8	100.9
3435	30.6	65.7	107.7
3436	25.8	88.4	109.5
3437	23.4	63.4	77.2
3438	29.0	81.1	97.8
3439	33.9	84.2	131.9
3440	33.9	67.4	123.6
3441	25.1	65.1	82.0
3442	27.9	79.9	112.9
3443	23.2	86.5	121.4
3444	34.9	80.2	113.0
3445	34.7	59.1	100.5
3446	29.7	85.5	118.9
3447	32.1	65.5	109.8
3448	30.7	73.0	123.7
3449	28.9	83.3	137.8
3450	20.8	57.5	78.2
3451	26.8	81.4	111.1
3452	30.1	73.8	101.4
3453	30.2	85.7	114.8
3454	25.6	56.9	106.1
3455	34.1	66.8	140.1
3456	22.5	83.3	113.8
3457	27.5	50.8	98.3
3458	30.4	54.5	95.4
3459	30.5	89.6	84.6
3460	29.7	61.2	106.5
3461	24.1	89.0	78.6
3462	22.3	57.3	77.8
3463	29.5	64.4	104.1
3464	29.0	80.1	130.8
3465	22.7	76.3	76.3
3466	30.6	73.2	127.5
3467	26.8	71.2	103.0
3468	30.0	83.7	133.1
3469	32.6	59.4	100.7
3470	22.5	67.7	87.8
3471	20.3	56.2	90.8
3472	31.7	73.8	119.2
3473	29.1	60.0	85.1
3474	30.5	63.4	99.3
3475	32.6	68.9	114.2
3476	32.0	51.1	86.4
3477	34.4	53.7	94.8
3478	28.0	77.4	129.7
3479	27.3	67.2	97.2
3480	26.0	84.6	86.5
3481	22.3	77.8	95.1
3482	28.6	50.3	99.6
3483	24.2	74.7	110.3
3484	33.8	53.7	83.8
3485	28.7	81.2	117.9
3486	28.9	89.7	125.7
3487	25.3	71.2	90.7
3488	20.8	77.3	67.2
3489	20.5	59.5	55.7
3490	26.4	67.5	97.3
3491	21.3	84.2	115.7
3492	29.1	56.7	110.2
3493	33.2	60.6	114.9
3494	33.2	67.8	111.9
3495	29.9	78.5	104.4
3496	23.2	65.0	94.4
3497	32.9	87.1	105.0
3498	33.3	53.8	73.2
3499	22.9	64.8	85.7
3500	31.1	78.4	107.9
3501	24.3	59.0	103.8
3502	32.0	76.3	106.3
3503	35.0	56.6	102.7
3504	20.5	52.2	74.2
3505	33.5	54.8	134.7
3506	29.3	87.2	119.5
3507	34.6	72.1	110.8
3508	27.0	81.9	117.7
3509	32.7	63.3	89.6
3510	20.9	73.7	68.7
3511	25.0	69.8	95.0
3512	21.0	87.8	95.5
3513	34.6	79.9	118.9
3514	32.3	79.2	99.5
3515	32.8	51.9	101.2
3516	34.1	72.0	121.2
3517	21.3	68.7	96.8
3518	25.8	87.1	121.8
3519	21.1	60.3	87.1
3520	23.2	60.8	105.8
3521	23.4	66.5	85.2
3522	27.0	59.7	82.0
3523	24.0	55.2	70.5
3524	21.5	84.3	90.9
3525	22.5	72.3	103.5
3526	22.2	84.5	89.5
3527	34.6	83.2	154.4
3528	31.4	61.3	123.9
3529	34.5	71.9	127.0
3530	26.6	53.3	80.7
3531	24.2	86.6	104.0
3532	32.0	66.2	95.6
3533	24.9	65.7	91.7
3534	24.5	62.1	90.5
3535	23.5	68.4	106.8
3536	21.9	60.1	85.2
3537	23.8	65.0	79.0
3538	25.3	82.0	112.6
3539	30.1	83.4	102.9
3540	20.9	62.2	76.7
3541	23.2	68.8	84.7
3542	32.1	85.0	123.3
3543	22.2	52.1	81.9
3544	25.1	85.6	90.2
3545	33.0	58.8	80.8
3546	22.3	77.1	84.6
3547	21.2	73.3	86.6
3548	27.3	72.1	86.7
3549	24.5	84.4	113.1
3550	28.5	54.1	102.1
3551	32.1	63.9	134.5
3552	22.1	71.5	79.6
3553	28.7	82.5	104.0
3554	27.6	58.7	89.2
3555	22.2	82.1	113.1
3556	29.4	66.0	116.0
3557	24.1	57.6	74.7
3558	27.3	80.4	85.7
3559	21.2	53.6	77.1
3560	26.9	70.6	98.6
3561	24.6	52.6	82.2
3562	32.3	64.3	75.8
3563	20.9	74.0	77.0
3564	26.3	72.2	101.8
3565	26.9	66.2	95.9
3566	30.9	67.2	110.7
3567	28.6	59.1	88.9
3568	30.0	68.2	119.7
3569	31.7	88.1	98.3
3570	32.9	84.0	123.0
3571	24.7	55.8	94.8
3572	28.1	51.2	111.8
3573	32.6	87.3	90.3
3574	34.8	71.1	109.5
3575	33.3	71.5	129.3
3576	25.6	81.2	99.8
3577	22.9	62.6	100.9
3578	27.3	69.3	104.5
3579	31.1	88.7	129.1
3580	27.4	76.9	88.0
3581	27.2	56.1	92.3
3582	32.6	55.3	99.0
3583	25.4	58.2	100.1
3584	32.9	80.7	106.8
3585	26.1	61.8	101.2
3586	24.9	50.9	94.9
3587	26.8	87.8	106.5
3588	31.4	56.8	109.5
3589	21.9	50.4	109.8
3590	22.9	59.5	97.5
3591	34.3	59.4	123.7
3592	22.6	66.9	95.0
3593	28.5	86.8	113.8
3594	28.7	85.2	120.8
3595	27.3	68.3	101.3
3596	29.7	66.4	106.7
3597	23.4	72.2	92.6
3598	28.3	59.7	85.0
3599	25.6	52.1	85.0
3600	29.9	87.6	129.6
3601	22.1	57.5	94.8
3602	28.6	57.9	78.2
3603	22.8	68.9	107.1
3604	24.2	69.7	90.2
3605	23.3	50.7	71.1
3606	22.7	55.9	90.3
3607	32.4	65.1	108.0
3608	24.3	77.3	118.2
3609	33.9	59.1	100.7
3610	34.5	66.9	132.1
3611	28.6	72.3	90.7
3612	22.1	85.5	109.5
3613	25.6	63.0	80.2
3614	32.0	55.3	104.0
3615	25.5	69.6	117.5
3616	21.3	79.9	70.4
3617	28.4	54.4	107.5
3618	32.7	67.0	132.3
3619	31.9	50.7	113.5
3620	22.6	51.3	90.0
3621	30.1	69.3	97.3
3622	23.3	61.9	113.1
3623	23.3	83.8	98.7
3624	33.1	74.1	110.1
3625	23.7	68.2	96.9
3626	23.9	66.3	96.3
3627	20.0	69.9	72.5
3628	33.1	51.6	107.2
3629	31.9	85.7	121.8
3630	29.4	89.9	114.9
3631	31.3	57.3	102.2
3632	22.3	54.8	81.2
3633	26.9	55.7	92.4
3634	25.3	76.4	103.8
3635	21.4	76.5	73.2
3636	27.3	83.9	118.4
3637	33.8	80.1	122.0
3638	20.6	68.0	100.9
3639	24.4	74.5	107.5
3640	23.1	77.5	78.9
3641	23.6	70.5	78.2
3642	33.6	69.0	87.2
3643	27.0	75.8	107.5
3644	27.0	72.3	102.5
3645	31.4	75.8	115.8
3646	22.3	74.5	90.6
3647	27.3	78.8	123.9
3648	26.4	75.7	99.8
3649	29.0	70.8	114.9
3650	35.0	77.3	124.8
3651	31.5	68.0	111.8
3652	26.0	59.7	110.5
3653	32.4	50.1	93.8
3654	22.6	72.4	77.8
3655	20.5	73.6	83.9
3656	23.1	88.9	109.9
3657	25.1	64.5	77.0
3658	27.7	65.8	100.6
3659	29.2	58.1	100.2
3660	33.7	52.8	85.0
3661	27.6	80.9	101.0
3662	27.5	60.0	113.9
3663	20.8	74.4	92.2
3664	20.5	77.5	79.8
3665	28.3	68.8	118.0
3666	26.6	85.1	110.0
3667	32.6	67.8	143.2
3668	22.4	61.4	80.3
3669	20.4	85.8	108.1
3670	26.7	84.5	118.2
3671	23.6	56.6	71.9
3672	20.7	51.0	85.5
3673	30.9	53.6	77.8
3674	21.7	61.5	91.2
3675	29.1	88.9	104.4
3676	24.2	72.3	81.9
3677	22.6	64.9	111.9
3678	25.7	85.5	116.8
3679	32.0	68.1	116.8
3680	25.9	62.6	88.5
3681	31.3	87.6	141.3
3682	21.9	84.0	113.2
3683	31.6	83.7	107.1
3684	23.6	70.5	89.4
3685	30.2	81.6	127.1
3686	28.5	57.2	104.1
3687	33.9	72.9	138.9
3688	25.8	89.4	96.0
3689	21.0	61.6	52.6
3690	20.3	81.8	84.3
3691	32.4	69.6	83.0
3692	27.9	51.6	90.5
3693	31.6	80.5	129.0
3694	23.5	56.7	108.5
3695	25.2	75.3	95.5
3696	20.5	53.4	73.2
3697	34.4	87.9	142.1
3698	30.0	61.7	103.1
3699	34.0	59.1	119.6
3700	24.0	55.2	85.5
3701	29.2	87.8	75.4
3702	30.2	78.5	103.4
3703	24.8	79.7	98.9
3704	32.7	70.0	103.2
3705	34.2	69.0	116.0
3706	33.3	54.4	87.1
3707	31.1	72.4	88.9
3708	24.2	59.9	87.1
3709	24.2	89.1	102.7
3710	34.5	81.9	120.0
3711	20.2	66.5	76.1
3712	30.7	56.1	86.2
3713	30.6	81.4	127.8
3714	29.3	54.9	113.1
3715	34.9	57.6	117.3
3716	24.7	58.5	108.1
3717	25.1	72.3	109.8
3718	21.2	81.5	91.2
3719	26.6	62.6	132.1
3720	23.9	53.4	111.2
3721	25.2	68.6	114.8
3722	32.5	79.9	115.9
3723	34.0	58.9	91.9
3724	22.8	58.8	81.0
3725	25.6	87.9	87.5
3726	33.9	88.2	129.7
3727	20.9	89.6	121.1
3728	21.4	82.3	88.4
3729	22.4	57.5	97.6
3730	28.9	58.5	120.7
3731	22.3	63.6	83.6
3732	34.5	62.7	102.4
3733	26.7	88.3	88.7
3734	27.5	81.6	115.1
3735	23.7	79.0	97.9
3736	27.1	57.4	89.7
3737	29.9	86.4	106.3
3738	31.3	83.1	100.3
3739	31.3	56.5	89.2
3740	28.7	84.8	94.7
3741	33.6	60.9	88.6
3742	32.3	53.2	94.7
3743	31.4	76.3	115.1
3744	20.8	76.2	98.5
3745	20.1	53.8	88.0
3746	23.2	62.8	78.8
3747	30.0	89.7	111.8
3748	26.2	77.1	110.6
3749	26.0	79.2	104.3
3750	33.3	58.5	126.1
3751	33.4	53.2	93.9
3752	33.6	61.1	112.0
3753	24.7	60.0	102.7
3754	30.4	59.4	122.8
3755	24.1	57.7	70.0
3756	22.9	73.0	134.6
3757	22.8	63.1	64.2
3758	25.1	82.8	87.3
3759	26.4	57.4	71.7
3760	32.5	68.6	96.3
3761	21.8	50.5	106.6
3762	31.0	69.3	122.9
3763	28.0	52.2	86.7
3764	24.3	89.1	90.3
3765	27.4	81.6	116.4
3766	24.5	69.6	91.0
3767	28.9	53.5	83.1
3768	26.5	73.7	96.8
3769	22.5	80.4	87.8
3770	21.7	57.6	115.1
3771	28.2	72.7	109.2
3772	33.5	82.6	111.6
3773	25.2	80.7	110.7
3774	31.0	82.1	126.0
3775	29.9	85.2	99.1
3776	34.0	87.5	135.5
3777	32.3	66.2	107.8
3778	28.5	72.8	118.7
3779	29.9	81.6	116.5
3780	33.5	77.9	111.3
3781	26.0	89.8	106.3
3782	24.9	50.5	74.6
3783	20.2	64.2	72.9
3784	32.4	61.2	78.7
3785	32.0	60.5	114.2
3786	21.6	58.9	83.7
3787	28.7	78.4	124.0
3788	27.0	53.4	90.0
3789	21.8	79.7	82.5
3790	34.7	77.7	127.8
3791	23.2	60.0	73.9
3792	21.0	60.1	84.5
3793	28.9	75.2	93.6
3794	31.1	80.5	115.9
3795	20.5	85.1	108.6
3796	29.9	84.1	101.7
3797	28.0	88.6	111.9
3798	21.5	73.3	110.1
3799	22.6	86.3	91.1
3800	28.5	82.3	106.5
3801	24.4	85.8	91.8
3802	34.1	50.5	103.6
3803	32.3	88.6	100.4
3804	34.8	68.9	117.5
3805	23.9	81.9	120.5
3806	34.5	55.1	100.2
3807	26.5	65.8	97.7
3808	25.2	60.9	84.6
3809	20.8	61.7	83.4
3810	20.8	54.9	87.1
3811	30.4	82.2	95.7
3812	26.9	50.4	77.5
3813	23.4	62.5	91.0
3814	29.2	57.0	93.5
3815	23.8	73.6	63.7
3816	28.7	60.2	90.1
3817	25.4	60.4	104.2
3818	32.4	69.5	107.7
3819	32.3	76.1	89.3
3820	27.2	54.9	68.2
3821	25.3	57.0	75.4
3822	25.4	59.9	90.3
3823	32.1	88.9	118.5
3824	24.9	65.9	77.5
3825	23.1	74.0	102.8
3826	21.3	59.7	80.2
3827	27.0	69.6	97.3
3828	27.2	53.0	90.3
3829	32.6	51.4	124.3
3830	23.3	68.7	91.6
3831	25.7	65.9	94.1
3832	32.1	55.5	113.8
3833	32.4	77.5	114.6
3834	25.8	89.7	107.6
3835	26.9	65.8	93.5
3836	24.5	75.0	103.3
3837	34.0	88.5	123.0
3838	21.8	83.3	86.2
3839	34.0	68.5	116.8
3840	30.3	79.5	99.2
3841	28.0	55.1	99.0
3842	20.5	70.5	73.6
3843	27.1	61.2	93.3
3844	26.1	56.4	92.4
3845	22.4	67.1	89.8
3846	29.8	55.2	92.4
3847	34.6	78.0	113.7
3848	28.4	68.2	100.1
3849	30.7	71.2	112.7
3850	21.0	55.9	90.4
3851	26.3	55.6	107.0
3852	21.7	73.3	87.1
3853	29.2	89.4	110.8
3854	34.1	53.9	108.3
3855	29.9	61.4	84.8
3856	21.2	84.8	92.6
3857	25.3	52.9	70.3
3858	28.3	85.0	93.7
3859	26.0	71.0	104.5
3860	32.5	66.3	80.2
3861	32.2	62.4	99.2
3862	29.2	61.9	104.4
3863	25.6	62.2	110.1
3864	23.8	85.4	117.7
3865	21.6	79.0	84.1
3866	25.3	76.8	79.8
3867	26.2	81.9	100.8
3868	30.1	60.3	111.8
3869	29.9	74.7	85.1
3870	21.1	68.4	74.4
3871	25.9	81.3	89.8
3872	22.7	62.4	65.7
3873	22.4	75.7	120.8
3874	32.4	85.3	134.4
3875	20.6	66.1	72.4
3876	26.3	52.7	77.2
3877	22.5	70.6	84.1
3878	33.2	63.8	116.1
3879	28.4	76.9	98.7
3880	23.5	88.0	105.1
3881	27.5	69.4	132.1
3882	31.0	68.6	131.2
3883	34.4	76.2	116.8
3884	23.3	54.1	54.0
3885	33.3	60.1	109.1
3886	34.0	86.8	120.6
3887	33.7	76.8	112.5
3888	29.5	50.5	87.7
3889	29.4	58.2	87.9
3890	26.0	77.3	73.8
3891	31.3	80.6	112.3
3892	28.0	83.6	88.3
3893	30.2	61.7	115.5
3894	26.4	87.2	91.1
3895	31.0	72.1	137.0
3896	32.4	77.9	111.4
3897	22.2	73.9	81.6
3898	32.5	54.9	105.8
3899	28.1	88.5	94.5
3900	32.7	54.9	86.2
3901	26.5	60.2	103.6
3902	25.7	82.5	95.2
3903	33.7	74.7	85.5
3904	23.8	83.5	92.8
3905	32.7	70.6	84.3
3906	27.3	65.1	96.1
3907	27.7	86.9	111.4
3908	24.6	51.5	97.9
3909	28.6	84.2	99.9
3910	24.9	59.2	93.6
3911	20.6	83.9	91.5
3912	24.1	55.6	86.1
3913	20.1	73.2	83.6
3914	34.7	85.5	111.1
3915	34.5	68.9	106.0
3916	25.9	79.9	104.1
3917	30.9	82.2	123.0
3918	25.2	79.5	97.4
3919	30.1	87.0	116.0
3920	32.1	67.9	102.2
3921	34.2	56.9	128.4
3922	26.0	51.9	81.1
3923	31.7	59.9	88.9
3924	24.0	55.7	98.6
3925	34.9	72.3	117.9
3926	20.4	57.4	76.8
3927	29.1	51.6	82.4
3928	29.9	51.4	105.4
3929	30.3	83.3	109.9
3930	21.8	73.7	92.2
3931	34.1	64.3	138.4
3932	22.7	85.8	113.4
3933	29.3	52.8	85.8
3934	23.3	89.2	80.3
3935	24.6	74.7	81.9
3936	28.2	57.3	106.2
3937	26.3	77.2	111.0
3938	22.4	80.5	81.8
3939	22.6	67.2	83.8
3940	26.3	84.5	122.4
3941	31.4	56.0	108.4
3942	33.5	61.2	98.0
3943	21.3	53.7	83.8
3944	25.9	58.4	83.0
3945	21.5	59.5	76.3
3946	20.2	86.7	86.1
3947	29.9	53.1	120.3
3948	29.0	67.1	95.7
3949	22.4	71.3	109.7
3950	23.5	85.9	84.1
3951	20.4	89.9	116.2
3952	32.5	80.1	120.7
3953	34.6	88.8	108.0
3954	22.0	81.5	62.9
3955	23.5	88.5	109.1
3956	33.0	78.3	103.2
3957	33.9	53.2	93.8
3958	26.3	66.1	93.6
3959	20.8	75.9	73.3
3960	20.6	64.0	85.4
3961	28.6	60.9	100.6
3962	25.9	73.1	101.0
3963	20.4	87.3	112.7
3964	28.7	51.4	125.6
3965	20.2	80.8	122.4
3966	31.8	78.9	110.3
3967	24.6	88.6	100.4
3968	20.6	87.2	108.7
3969	28.8	80.5	116.9
3970	26.0	70.8	91.1
3971	34.6	58.2	103.4
3972	28.2	71.8	106.3
3973	24.1	80.6	81.0
3974	30.6	85.8	94.4
3975	24.1	81.6	88.2
3976	33.6	57.8	89.0
3977	25.6	74.0	93.0
3978	28.2	63.3	113.7
3979	20.8	50.4	63.1
3980	26.4	58.0	75.9
3981	32.5	54.5	86.0
3982	32.1	83.7	110.2
3983	23.4	60.3	96.7
3984	23.4	61.4	97.7
3985	32.3	88.4	131.8
3986	34.0	65.2	111.7
3987	21.4	50.4	105.3
3988	26.8	61.4	100.1
3989	25.1	54.8	87.4
3990	33.1	54.1	103.0
3991	21.3	53.1	98.7
3992	23.2	73.7	104.8
3993	31.3	57.6	91.4
3994	20.8	64.4	98.0
3995	27.4	84.5	101.6
3996	26.6	67.0	112.6
3997	25.0	86.6	137.6
3998	25.9	69.9	113.3
3999	27.9	66.0	86.9
4000	22.4	80.0	83.8
4001	28.6	52.9	70.5
4002	32.1	53.6	91.0
4003	31.4	76.1	107.9
4004	22.3	69.5	91.9
4005	22.2	81.6	101.2
4006	24.0	86.7	99.5
4007	25.4	65.5	84.7
4008	26.1	73.9	97.7
4009	30.2	70.0	113.4
4010	20.9	89.3	88.4
4011	20.5	83.2	100.9
4012	25.9	86.5	121.7
4013	30.5	60.2	87.2
4014	22.9	80.9	138.1
4015	29.6	60.6	118.5
4016	23.9	58.3	73.7
4017	33.3	87.8	132.1
4018	33.4	50.8	114.3
4019	24.5	88.6	110.7
4020	23.4	56.0	83.5
4021	26.2	82.8	115.7
4022	23.6	61.0	87.7
4023	30.1	64.0	126.3
4024	32.4	58.7	93.8
4025	30.1	73.4	75.5
4026	32.4	63.9	84.7
4027	26.0	76.3	105.8
4028	22.3	50.6	88.7
4029	31.1	52.6	115.8
4030	25.4	54.0	111.1
4031	30.1	66.8	102.4
4032	24.1	82.6	114.1
4033	21.2	85.5	121.4
4034	34.9	59.8	118.0
4035	22.3	73.0	117.4
4036	34.8	80.7	111.2
4037	34.7	61.6	134.3
4038	31.9	66.4	95.0
4039	29.9	71.0	133.2
4040	28.7	55.4	96.0
4041	33.0	51.0	89.2
4042	24.3	56.1	95.3
4043	27.0	75.1	102.9
4044	29.3	52.9	96.7
4045	26.2	57.6	109.7
4046	26.4	63.5	102.9
4047	25.0	53.1	101.4
4048	28.5	57.7	112.0
4049	32.8	86.5	109.5
4050	23.0	50.8	91.0
4051	34.0	76.1	134.0
4052	30.3	65.4	108.1
4053	32.3	76.9	88.4
4054	28.3	73.5	97.1
4055	31.7	58.9	94.6
4056	20.2	83.9	73.2
4057	32.3	69.7	106.7
4058	20.6	82.9	88.2
4059	33.3	66.2	124.1
4060	34.9	89.4	126.8
4061	24.4	80.8	128.5
4062	23.2	88.6	112.8
4063	31.5	70.6	105.3
4064	23.8	68.9	104.8
4065	33.0	80.2	103.5
4066	21.5	85.2	87.1
4067	21.9	88.6	116.1
4068	34.7	63.0	94.2
4069	30.1	81.9	112.9
4070	32.7	58.4	114.5
4071	24.9	71.8	120.0
4072	30.1	57.2	101.3
4073	28.9	63.9	89.4
4074	29.0	87.3	108.3
4075	30.2	55.8	80.8
4076	28.6	75.3	87.5
4077	26.4	73.7	106.9
4078	24.1	54.8	106.3
4079	31.5	63.0	112.7
4080	23.4	72.5	87.5
4081	30.4	57.5	69.7
4082	23.5	82.0	91.2
4083	29.4	88.9	107.1
4084	31.2	58.6	130.4
4085	23.3	57.5	95.0
4086	20.9	68.2	93.2
4087	22.0	79.9	72.3
4088	29.1	61.3	110.5
4089	32.7	50.8	114.3
4090	20.7	71.6	105.2
4091	31.0	88.3	118.6
4092	25.1	65.7	87.6
4093	27.2	66.8	80.6
4094	33.9	88.8	122.9
4095	25.0	77.8	109.8
4096	27.0	78.8	90.5
4097	20.2	72.5	76.2
4098	21.2	89.0	93.7
4099	23.9	77.6	92.0
4100	20.4	85.8	79.3
4101	29.5	78.0	107.3
4102	26.4	79.4	79.6
4103	28.2	61.6	105.4
4104	22.6	62.1	92.5
4105	24.4	81.3	108.9
4106	30.0	61.9	109.5
4107	34.5	72.5	111.1
4108	20.8	60.0	80.6
4109	33.4	82.7	138.0
4110	28.7	54.4	128.1
4111	28.5	83.2	119.5
4112	27.5	74.1	98.4
4113	21.0	57.5	82.6
4114	21.3	71.7	74.6
4115	29.0	61.3	86.6
4116	25.1	62.9	60.0
4117	33.8	64.1	104.8
4118	26.1	52.5	110.7
4119	22.1	89.4	118.4
4120	30.7	51.3	94.0
4121	24.4	76.5	115.2
4122	27.9	64.8	89.5
4123	30.5	75.8	94.4
4124	33.5	64.2	90.0
4125	31.9	77.0	121.4
4126	30.1	79.2	118.5
4127	30.2	77.6	125.0
4128	34.2	54.6	122.5
4129	24.4	76.3	83.4
4130	20.0	61.2	75.5
4131	24.1	51.2	55.1
4132	23.3	66.6	95.7
4133	29.9	67.3	104.2
4134	29.5	68.7	71.0
4135	28.9	78.2	103.5
4136	20.2	62.4	75.5
4137	30.9	62.6	99.5
4138	24.9	52.4	62.6
4139	30.0	77.5	106.0
4140	28.3	72.7	83.6
4141	25.1	64.0	95.9
4142	22.0	78.2	99.4
4143	21.4	71.5	90.7
4144	32.5	68.8	122.2
4145	33.8	70.5	84.0
4146	29.7	75.5	97.0
4147	21.6	76.4	86.1
4148	26.0	61.6	91.3
4149	30.9	55.6	88.0
4150	31.7	56.3	93.6
4151	21.8	75.6	68.1
4152	20.0	84.9	101.7
4153	30.7	66.4	99.0
4154	25.3	56.8	91.8
4155	23.8	80.3	93.9
4156	20.2	83.3	69.1
4157	28.1	85.2	106.7
4158	32.8	74.3	121.8
4159	34.4	84.4	117.5
4160	28.5	50.6	90.4
4161	27.7	54.3	94.3
4162	21.3	53.7	68.6
4163	28.2	78.5	102.8
4164	25.7	52.8	74.5
4165	29.1	69.9	77.3
4166	25.8	68.9	131.2
4167	23.6	62.4	85.0
4168	21.4	84.8	83.1
4169	24.7	56.8	66.7
4170	21.4	64.1	103.4
4171	22.7	81.0	96.1
4172	34.8	51.2	83.9
4173	26.7	76.9	107.9
4174	28.0	82.7	93.9
4175	33.1	87.3	119.6
4176	34.9	85.1	116.3
4177	28.7	62.8	120.1
4178	32.2	73.5	112.8
4179	24.9	53.1	84.2
4180	24.6	60.3	98.9
4181	26.0	53.8	95.3
4182	30.1	62.6	105.9
4183	30.2	85.0	104.5
4184	24.7	63.9	90.6
4185	22.0	72.5	112.2
4186	29.5	67.3	106.8
4187	21.9	68.4	88.4
4188	28.7	88.8	115.1
4189	30.4	61.8	91.9
4190	30.5	75.1	104.4
4191	31.3	66.8	99.9
4192	33.1	52.4	87.6
4193	27.5	69.6	128.4
4194	31.0	82.5	143.6
4195	29.3	54.0	84.9
4196	22.8	52.8	93.7
4197	20.4	56.1	61.2
4198	24.3	80.6	68.9
4199	26.6	79.0	113.2
4200	29.3	72.6	68.7
4201	32.7	68.7	109.6
4202	22.9	85.5	91.5
4203	21.9	80.7	80.9
4204	34.5	82.5	123.4
4205	21.6	82.5	97.3
4206	27.2	75.7	120.6
4207	28.8	68.3	112.7
4208	28.1	84.6	126.1
4209	21.3	87.0	96.2
4210	20.9	51.0	75.2
4211	21.6	52.1	82.9
4212	28.8	88.3	106.7
4213	28.2	61.1	101.8
4214	23.5	84.9	89.3
4215	29.6	65.6	100.0
4216	32.3	54.8	93.7
4217	20.6	53.2	96.3
4218	27.5	56.3	104.7
4219	30.3	60.0	97.5
4220	23.8	69.5	101.8
4221	24.6	78.1	96.3
4222	29.2	89.5	144.1
4223	33.5	67.7	89.8
4224	32.1	70.7	123.3
4225	28.7	70.9	77.5
4226	31.0	71.6	111.2
4227	25.5	70.7	95.2
4228	29.6	50.4	87.4
4229	27.0	50.1	89.4
4230	22.8	53.9	77.6
4231	30.5	54.1	114.1
4232	28.3	78.2	137.2
4233	25.4	58.2	109.0
4234	33.7	85.8	132.6
4235	20.3	87.1	98.4
4236	24.7	89.0	116.5
4237	20.9	87.6	85.7
4238	31.5	60.9	92.8
4239	30.5	70.4	110.2
4240	25.0	57.0	86.2
4241	30.1	82.2	99.7
4242	25.9	85.5	108.6
4243	31.3	84.1	110.2
4244	26.8	67.3	95.7
4245	26.2	80.3	102.4
4246	34.0	53.9	94.3
4247	23.8	51.6	97.1
4248	21.8	80.1	119.7
4249	28.8	67.0	116.8
4250	34.5	89.8	137.8
4251	25.7	53.9	95.5
4252	20.9	84.2	87.3
4253	25.1	69.2	77.8
4254	27.6	83.1	111.8
4255	22.4	82.7	104.7
4256	29.9	86.6	109.1
4257	35.0	61.9	100.0
4258	26.8	88.0	93.5
4259	25.3	56.1	80.2
4260	26.0	53.3	90.0
4261	21.7	67.3	85.9
4262	33.2	83.1	98.4
4263	26.2	68.9	85.7
4264	25.8	83.2	95.5
4265	29.9	79.2	118.4
4266	26.6	58.4	100.5
4267	29.7	88.0	97.3
4268	20.9	52.4	66.7
4269	32.2	85.9	134.4
4270	34.1	62.2	131.1
4271	29.7	70.0	84.4
4272	34.3	66.9	101.3
4273	22.3	56.9	89.0
4274	27.2	64.3	76.1
4275	29.0	57.7	104.7
4276	28.7	58.2	78.8
4277	26.0	57.5	101.2
4278	25.1	69.6	101.0
4279	21.9	81.9	56.6
4280	25.9	72.8	88.6
4281	22.4	85.7	83.3
4282	31.0	75.5	105.0
4283	23.1	77.6	112.1
4284	20.9	76.7	92.2
4285	28.3	68.0	85.6
4286	28.9	77.6	113.1
4287	33.1	52.8	108.5
4288	28.7	84.4	102.3
4289	25.2	81.1	99.3
4290	32.0	59.8	99.0
4291	28.1	80.7	118.4
4292	21.2	50.5	70.9
4293	28.5	58.7	104.1
4294	33.6	52.6	112.6
4295	25.9	81.2	109.2
4296	24.4	80.2	114.9
4297	22.2	82.5	95.5
4298	22.3	50.2	63.3
4299	26.5	70.0	67.2
4300	28.9	78.2	102.9
4301	21.2	56.2	105.3
4302	34.1	76.0	114.2
4303	31.3	53.4	102.8
4304	28.8	57.3	92.5
4305	32.4	69.0	88.5
4306	21.2	76.1	86.4
4307	27.2	55.8	77.0
4308	29.5	57.4	67.9
4309	32.4	58.2	110.7
4310	31.8	59.5	137.6
4311	24.2	59.1	64.6
4312	34.1	65.8	116.8
4313	21.9	76.2	122.5
4314	33.1	67.5	121.2
4315	34.6	81.0	129.2
4316	22.7	78.8	112.1
4317	30.8	55.1	98.2
4318	20.6	52.0	93.3
4319	26.1	85.1	111.0
4320	27.7	53.2	99.5
4321	28.7	55.9	92.1
4322	34.0	50.9	120.4
4323	30.1	75.1	106.2
4324	27.2	73.3	78.5
4325	32.1	89.5	119.1
4326	34.3	85.5	126.6
4327	20.3	66.4	71.3
4328	34.7	64.9	108.3
4329	21.3	61.9	93.6
4330	32.2	56.1	102.5
4331	24.2	55.5	114.3
4332	22.0	55.3	90.1
4333	26.6	54.6	69.2
4334	29.7	59.6	96.1
4335	25.7	62.3	71.7
4336	20.8	88.5	110.8
4337	29.0	73.1	134.0
4338	33.5	89.5	87.9
4339	25.7	64.9	76.2
4340	23.2	68.3	90.3
4341	26.6	63.0	83.1
4342	20.7	57.3	68.2
4343	32.3	55.7	119.0
4344	32.4	87.8	130.1
4345	28.8	89.5	87.6
4346	25.3	51.8	97.3
4347	32.0	56.0	115.8
4348	28.3	66.9	86.4
4349	32.4	57.5	67.9
4350	29.5	64.6	111.2
4351	31.8	55.2	108.5
4352	29.0	68.3	84.9
4353	26.2	60.9	116.5
4354	34.4	64.1	122.1
4355	28.1	53.8	100.2
4356	29.1	67.1	108.3
4357	23.3	89.3	87.3
4358	29.4	63.2	105.1
4359	28.6	85.1	93.6
4360	22.8	83.7	104.1
4361	20.9	88.1	110.2
4362	29.1	81.6	109.2
4363	31.5	76.4	120.9
4364	27.9	84.3	127.2
4365	23.4	53.0	95.0
4366	30.0	68.5	121.9
4367	21.2	89.6	80.3
4368	26.6	80.8	105.2
4369	22.5	88.5	111.5
4370	22.8	81.2	97.3
4371	23.0	85.0	106.3
4372	25.8	78.3	119.7
4373	20.8	80.4	114.7
4374	26.0	70.9	139.9
4375	27.7	87.0	119.5
4376	27.2	83.0	107.0
4377	25.7	83.8	100.1
4378	32.6	76.9	102.3
4379	22.2	62.2	103.1
4380	27.6	51.4	99.1
4381	20.9	87.4	128.1
4382	21.1	73.4	95.0
4383	28.6	61.9	120.5
4384	28.5	56.0	85.9
4385	33.2	83.2	119.6
4386	28.4	83.5	93.7
4387	34.4	82.6	139.4
4388	20.7	75.8	104.9
4389	21.5	64.6	65.2
4390	20.7	62.2	74.5
4391	22.8	50.3	84.7
4392	28.1	83.3	111.6
4393	29.7	53.5	98.9
4394	20.7	75.2	70.8
4395	34.2	70.2	117.3
4396	32.6	71.1	101.4
4397	24.4	87.1	105.1
4398	21.2	51.3	39.0
4399	22.5	80.9	87.3
4400	21.9	52.1	87.1
4401	21.8	51.5	68.9
4402	27.8	67.2	88.7
4403	23.7	52.5	71.8
4404	25.4	81.6	108.9
4405	34.8	71.2	109.4
4406	30.3	51.2	78.0
4407	34.2	51.6	104.2
4408	22.1	74.5	95.0
4409	25.7	82.2	112.2
4410	28.3	67.5	134.0
4411	21.2	72.2	106.4
4412	20.1	82.0	93.5
4413	30.1	74.4	103.8
4414	29.6	59.0	92.5
4415	26.2	74.5	75.4
4416	27.3	75.1	97.2
4417	26.2	79.4	97.6
4418	20.4	74.8	85.6
4419	25.0	88.8	95.6
4420	22.7	57.9	104.9
4421	21.5	88.0	112.5
4422	34.4	71.5	125.7
4423	29.0	76.9	114.7
4424	30.9	54.0	91.3
4425	24.7	65.2	103.7
4426	25.9	80.8	127.1
4427	23.6	78.3	79.7
4428	21.5	51.6	70.4
4429	22.7	71.9	98.7
4430	32.0	53.5	110.1
4431	30.2	89.8	98.9
4432	28.2	85.9	99.4
4433	27.1	50.8	116.4
4434	33.8	84.3	134.3
4435	21.1	86.8	93.6
4436	24.2	64.1	71.2
4437	25.2	78.8	66.6
4438	31.7	67.7	101.7
4439	34.9	76.2	138.9
4440	23.6	63.6	96.5
4441	33.1	62.9	102.5
4442	32.5	67.0	107.9
4443	23.4	55.8	76.9
4444	26.0	83.2	85.6
4445	26.1	63.9	89.1
4446	34.7	66.0	131.1
4447	22.7	85.8	75.2
4448	32.0	69.9	94.7
4449	25.0	71.8	96.8
4450	31.0	88.3	115.9
4451	26.3	85.5	100.8
4452	28.7	56.8	100.7
4453	32.5	68.9	120.2
4454	32.1	88.9	93.7
4455	33.0	64.9	106.1
4456	20.9	64.9	89.8
4457	30.4	57.8	111.0
4458	22.1	54.6	95.2
4459	26.2	79.6	125.2
4460	28.2	80.8	128.0
4461	26.0	88.8	100.7
4462	27.8	80.9	72.5
4463	34.9	59.7	114.1
4464	22.0	51.6	76.0
4465	30.1	89.4	122.2
4466	25.9	63.6	101.9
4467	22.0	62.5	90.4
4468	22.4	86.2	112.2
4469	34.2	73.4	124.8
4470	33.2	58.6	97.5
4471	33.6	85.6	119.3
4472	34.9	89.7	126.4
4473	23.1	53.5	72.8
4474	25.3	84.5	79.2
4475	30.0	65.6	109.9
4476	27.3	71.0	117.8
4477	26.3	86.6	118.0
4478	25.4	88.9	97.7
4479	28.9	60.5	101.1
4480	28.6	58.5	99.3
4481	22.4	53.2	77.9
4482	27.1	72.5	87.6
4483	28.3	50.5	102.0
4484	28.6	66.5	127.1
4485	23.2	52.9	82.0
4486	31.1	66.2	135.3
4487	20.4	51.6	91.7
4488	25.3	83.4	108.4
4489	31.7	58.4	110.6
4490	28.5	63.1	102.6
4491	23.9	84.8	90.3
4492	30.4	79.9	117.8
4493	28.5	58.8	106.6
4494	31.9	52.9	112.6
4495	31.0	78.6	135.4
4496	29.2	65.6	105.6
4497	27.3	80.6	95.0
4498	22.0	67.8	87.9
4499	23.9	63.8	106.3
4500	26.3	68.0	112.2
4501	29.0	79.9	95.7
4502	27.7	86.1	118.9
4503	24.3	52.0	92.6
4504	20.1	71.0	95.9
4505	27.4	51.3	108.4
4506	24.3	68.7	101.2
4507	31.0	85.4	114.9
4508	20.4	64.5	95.7
4509	28.8	87.3	102.6
4510	34.1	75.2	110.7
4511	22.6	87.4	87.0
4512	27.1	80.3	104.1
4513	21.4	54.1	90.1
4514	29.4	59.2	94.6
4515	28.3	65.8	102.9
4516	26.1	56.8	59.7
4517	27.8	69.8	112.7
4518	33.4	68.9	132.8
4519	22.9	88.3	108.1
4520	20.3	67.3	63.8
4521	32.9	81.4	111.9
4522	28.7	87.7	113.1
4523	33.4	85.1	138.6
4524	29.0	58.3	106.2
4525	32.2	69.8	128.9
4526	26.4	63.9	102.2
4527	31.2	66.0	117.0
4528	33.7	64.4	134.1
4529	28.6	83.1	109.2
4530	22.7	68.1	74.9
4531	24.0	70.9	104.2
4532	23.0	89.3	109.7
4533	23.7	52.4	81.5
4534	24.6	69.5	80.7
4535	28.3	81.0	107.6
4536	28.8	56.0	84.0
4537	26.4	74.5	75.7
4538	29.2	59.6	111.2
4539	21.2	84.7	86.4
4540	21.3	63.1	96.0
4541	22.6	63.2	88.6
4542	27.8	73.9	111.3
4543	23.2	57.3	81.9
4544	24.2	61.4	95.4
4545	26.0	66.7	110.4
4546	32.2	64.1	111.1
4547	20.2	71.0	74.4
4548	29.7	74.0	115.0
4549	30.0	72.7	83.7
4550	32.0	76.2	99.8
4551	34.0	62.3	88.9
4552	20.3	55.1	59.5
4553	22.3	80.4	102.7
4554	33.3	84.0	138.0
4555	26.9	60.3	111.5
4556	28.5	66.3	123.4
4557	29.9	69.9	122.5
4558	30.2	71.3	103.9
4559	34.0	76.4	118.6
4560	35.0	51.7	105.1
4561	30.8	78.9	97.7
4562	24.3	52.5	82.3
4563	33.2	68.7	129.4
4564	20.7	83.1	91.3
4565	23.5	68.0	88.9
4566	33.5	56.0	111.9
4567	23.8	89.4	120.5
4568	23.3	85.6	100.8
4569	22.1	80.9	88.2
4570	32.9	66.5	121.4
4571	27.5	57.4	117.0
4572	30.1	87.7	120.6
4573	23.6	71.3	100.7
4574	31.4	84.1	115.7
4575	31.4	63.7	96.3
4576	24.7	63.4	91.2
4577	26.2	89.4	114.8
4578	23.1	70.9	91.4
4579	34.6	55.6	80.7
4580	29.7	58.8	85.1
4581	34.0	69.3	120.6
4582	24.6	51.7	124.9
4583	31.7	68.5	118.0
4584	31.5	66.8	90.0
4585	30.4	81.2	104.5
4586	34.5	64.2	127.6
4587	25.9	89.3	115.8
4588	22.0	57.2	86.3
4589	30.1	73.6	103.6
4590	30.9	53.6	77.0
4591	28.6	79.4	108.8
4592	23.1	89.8	98.7
4593	27.6	82.8	128.6
4594	24.7	72.2	122.1
4595	26.4	69.4	108.3
4596	29.7	83.4	126.4
4597	31.2	87.4	105.2
4598	23.5	89.6	125.1
4599	26.1	65.9	82.2
4600	24.0	89.6	101.1
4601	23.0	56.2	85.5
4602	31.8	60.1	119.3
4603	33.6	53.6	104.1
4604	25.6	60.9	102.1
4605	31.3	80.7	129.8
4606	33.5	84.1	112.6
4607	32.7	81.2	130.9
4608	22.7	75.2	99.4
4609	34.3	70.6	104.9
4610	25.7	78.3	110.6
4611	25.1	65.6	76.2
4612	20.9	83.7	70.9
4613	27.3	77.1	113.8
4614	21.6	77.9	79.8
4615	23.7	71.4	110.5
4616	24.8	85.4	74.7
4617	32.1	60.1	107.4
4618	33.1	65.2	113.0
4619	24.5	81.1	105.3
4620	32.9	69.7	98.1
4621	32.9	85.6	124.2
4622	31.5	63.9	108.4
4623	22.2	64.8	107.9
4624	30.4	85.5	135.8
4625	34.2	68.6	132.3
4626	30.2	70.6	135.2
4627	25.0	63.3	96.6
4628	27.5	61.1	94.9
4629	29.7	76.2	100.9
4630	27.7	54.8	98.8
4631	21.8	85.2	104.4
4632	24.7	81.2	89.7
4633	32.0	57.6	100.2
4634	32.9	77.8	104.6
4635	22.1	74.1	98.2
4636	34.3	57.4	115.2
4637	24.9	60.9	99.7
4638	29.9	66.4	101.8
4639	31.3	78.0	135.8
4640	32.2	75.5	118.2
4641	34.2	71.3	114.3
4642	24.7	80.7	86.1
4643	32.9	80.3	122.8
4644	22.0	74.7	88.2
4645	30.6	81.5	103.2
4646	31.1	63.4	85.9
4647	30.2	85.2	93.2
4648	23.8	74.6	88.4
4649	33.1	82.9	134.8
4650	22.5	71.9	114.4
4651	20.8	58.7	75.1
4652	30.8	71.7	79.9
4653	27.1	64.8	121.3
4654	32.7	77.9	134.4
4655	25.8	69.0	95.5
4656	22.5	83.4	82.6
4657	32.5	77.1	117.0
4658	28.2	77.4	118.3
4659	22.8	58.7	91.2
4660	30.8	89.4	148.9
4661	27.7	83.7	101.9
4662	29.1	81.6	114.8
4663	26.9	63.2	123.2
4664	32.4	71.4	112.1
4665	32.4	55.5	108.1
4666	30.6	71.5	91.8
4667	21.6	55.8	96.1
4668	32.6	72.1	110.7
4669	30.1	75.9	95.6
4670	30.5	65.6	118.8
4671	25.4	69.9	80.6
4672	33.2	85.0	99.8
4673	30.9	54.3	88.4
4674	21.7	81.7	89.8
4675	26.1	56.8	97.5
4676	33.3	51.5	83.6
4677	20.7	57.4	97.1
4678	34.4	80.6	113.7
4679	30.2	66.2	99.4
4680	29.5	84.9	117.7
4681	24.1	71.0	123.2
4682	23.7	50.9	106.6
4683	34.1	78.7	108.6
4684	24.5	54.4	110.0
4685	31.6	81.6	114.6
4686	25.9	56.7	93.6
4687	22.1	63.8	90.0
4688	20.2	80.5	116.2
4689	28.2	88.2	111.8
4690	34.6	64.9	97.2
4691	25.5	83.2	109.0
4692	25.4	57.6	85.2
4693	25.2	82.3	80.4
4694	27.8	76.3	77.7
4695	26.6	57.7	96.0
4696	33.2	62.1	113.9
4697	27.6	55.3	85.3
4698	27.6	65.3	76.1
4699	22.1	58.1	99.6
4700	34.7	75.8	124.5
4701	23.7	89.8	104.0
4702	21.1	50.5	79.2
4703	29.9	71.6	110.1
4704	28.9	72.9	102.0
4705	26.2	86.6	89.1
4706	26.3	70.2	87.8
4707	31.8	71.7	83.1
4708	22.9	68.9	85.3
4709	32.3	60.8	108.3
4710	29.7	52.2	91.9
4711	26.3	66.3	107.2
4712	26.9	52.1	50.6
4713	23.8	72.0	109.5
4714	31.3	62.3	120.0
4715	27.7	71.3	85.6
4716	24.8	55.4	98.7
4717	28.9	87.3	109.8
4718	34.9	85.8	118.3
4719	26.5	57.6	87.8
4720	33.8	63.7	104.2
4721	25.2	74.5	95.8
4722	20.8	53.8	78.6
4723	23.1	64.2	86.4
4724	26.3	60.0	86.6
4725	23.3	86.6	87.1
4726	20.0	84.1	88.4
4727	33.7	73.2	109.6
4728	32.7	70.8	111.5
4729	31.1	87.2	107.0
4730	22.5	87.3	96.6
4731	21.8	88.8	91.7
4732	21.0	55.0	68.0
4733	30.9	56.4	103.9
4734	33.9	77.1	130.3
4735	26.5	71.7	95.7
4736	21.8	50.7	90.4
4737	27.7	52.5	86.4
4738	25.2	85.5	81.6
4739	25.6	84.8	122.6
4740	29.3	64.3	97.1
4741	30.8	85.6	110.4
4742	21.7	73.7	81.3
4743	20.5	82.2	101.1
4744	34.9	67.1	125.5
4745	23.5	54.5	92.6
4746	20.8	67.3	76.4
4747	22.8	68.3	85.2
4748	20.6	72.0	76.1
4749	25.9	54.2	82.5
4750	32.0	89.7	96.9
4751	25.1	59.8	104.8
4752	26.7	57.9	99.8
4753	30.1	71.1	121.8
4754	27.6	71.5	105.2
4755	32.9	67.6	127.8
4756	33.0	80.9	128.2
4757	20.1	70.7	96.0
4758	31.7	74.4	130.3
4759	26.9	78.9	92.4
4760	34.8	51.0	95.8
4761	27.2	72.8	74.7
4762	34.8	85.4	124.4
4763	31.3	50.7	85.4
4764	23.7	66.2	92.3
4765	28.1	87.0	106.5
4766	34.9	64.1	106.5
4767	32.9	68.3	130.6
4768	21.5	89.3	110.6
4769	30.6	58.0	97.8
4770	25.2	52.6	94.8
4771	20.1	84.4	94.3
4772	26.1	84.7	104.8
4773	23.5	68.9	97.7
4774	32.3	70.6	112.7
4775	25.1	83.4	107.2
4776	32.4	79.5	118.9
4777	20.0	60.6	80.8
4778	24.6	50.7	97.1
4779	23.6	69.2	73.4
4780	23.5	84.4	93.2
4781	21.0	85.8	100.3
4782	22.8	88.2	90.0
4783	28.3	85.2	87.0
4784	24.4	73.2	94.1
4785	26.3	67.8	88.8
4786	25.7	81.0	90.2
4787	33.1	79.6	96.0
4788	33.6	71.5	91.0
4789	27.4	53.5	87.9
4790	25.0	87.0	94.7
4791	21.6	68.2	83.2
4792	34.3	64.5	94.0
4793	20.9	75.2	93.1
4794	24.5	77.0	96.0
4795	24.5	58.4	100.7
4796	24.8	83.5	98.2
4797	22.5	61.6	71.7
4798	31.7	57.5	96.4
4799	21.8	66.3	86.3
4800	29.5	79.2	101.7
4801	21.9	88.6	86.0
4802	21.1	82.4	81.3
4803	33.6	87.6	108.8
4804	22.9	55.6	71.7
4805	32.3	52.8	91.5
4806	28.2	72.3	114.2
4807	21.2	61.6	91.0
4808	34.3	83.1	94.5
4809	23.7	76.9	123.8
4810	32.9	88.8	137.4
4811	22.5	60.2	83.3
4812	32.8	69.4	101.6
4813	20.2	70.0	38.4
4814	27.7	59.6	76.5
4815	31.5	73.6	113.0
4816	34.0	67.7	116.1
4817	33.6	67.9	136.0
4818	32.3	64.5	135.4
4819	33.3	50.7	85.0
4820	23.0	70.9	84.7
4821	24.3	63.4	102.3
4822	24.3	50.1	95.1
4823	25.7	62.3	81.1
4824	25.9	61.1	101.8
4825	28.2	65.7	120.0
4826	22.4	55.3	99.6
4827	30.4	70.3	104.0
4828	22.5	77.7	97.3
4829	24.7	75.2	62.6
4830	27.6	82.2	79.1
4831	31.9	68.1	110.7
4832	31.1	70.8	97.7
4833	29.7	82.4	105.0
4834	22.3	67.1	80.1
4835	28.2	78.1	115.0
4836	21.3	67.4	98.7
4837	25.7	66.7	91.5
4838	26.2	80.4	90.6
4839	20.6	57.0	79.6
4840	24.1	63.5	97.4
4841	34.3	59.0	94.2
4842	34.3	64.4	120.5
4843	25.3	59.2	102.3
4844	20.6	73.2	60.7
4845	22.7	81.9	79.3
4846	25.9	81.5	107.7
4847	34.2	64.6	92.5
4848	22.1	89.6	101.4
4849	31.5	73.8	134.2
4850	21.6	66.0	119.4
4851	34.7	83.4	124.9
4852	25.7	79.2	90.5
4853	31.6	80.0	115.7
4854	25.1	57.8	87.8
4855	29.4	68.7	58.8
4856	22.9	84.5	90.2
4857	22.2	70.2	102.8
4858	34.1	77.3	121.4
4859	33.8	73.5	130.4
4860	33.3	83.7	89.3
4861	29.4	61.4	105.0
4862	32.1	73.0	136.8
4863	21.0	54.9	75.9
4864	25.0	77.6	94.0
4865	24.7	79.3	117.4
4866	29.5	51.7	99.9
4867	25.3	77.0	90.9
4868	22.2	66.6	99.7
4869	28.9	55.0	62.8
4870	32.2	66.8	107.8
4871	25.7	57.8	78.6
4872	22.0	66.6	114.9
4873	23.0	65.4	101.1
4874	23.6	79.5	108.7
4875	24.5	81.0	101.6
4876	29.6	74.3	122.6
4877	29.0	50.9	81.4
4878	30.4	87.2	108.0
4879	25.4	77.4	122.9
4880	32.4	51.4	117.1
4881	23.1	82.8	109.9
4882	27.0	58.0	115.5
4883	32.0	73.2	117.9
4884	22.7	68.7	65.7
4885	21.6	66.8	62.0
4886	33.3	85.6	108.9
4887	25.1	67.5	92.2
4888	30.3	53.0	112.4
4889	20.4	87.9	109.4
4890	30.4	86.8	113.6
4891	24.7	77.4	108.6
4892	20.8	68.7	80.9
4893	29.1	53.7	86.8
4894	23.6	81.6	133.2
4895	25.8	53.0	82.4
4896	21.2	52.7	86.7
4897	22.2	71.5	87.2
4898	24.5	56.4	72.4
4899	21.3	50.3	90.6
4900	33.7	66.9	113.1
4901	20.1	55.5	56.9
4902	27.3	56.4	112.6
4903	21.8	53.1	73.1
4904	24.6	58.2	94.0
4905	33.9	78.6	107.6
4906	22.4	82.4	86.9
4907	34.5	68.1	100.7
4908	23.1	70.3	75.2
4909	31.1	51.3	82.5
4910	28.2	52.8	91.1
4911	33.3	60.3	103.4
4912	28.3	71.8	110.5
4913	28.0	79.6	140.3
4914	22.9	74.2	117.1
4915	22.5	65.7	94.6
4916	33.7	54.7	97.0
4917	24.9	81.2	123.2
4918	25.6	64.6	103.0
4919	31.4	79.4	96.4
4920	25.1	70.5	79.4
4921	34.3	79.5	124.4
4922	31.1	86.3	111.8
4923	29.0	86.8	138.6
4924	33.2	71.4	110.2
4925	20.7	70.5	79.2
4926	23.9	60.6	115.6
4927	27.0	87.4	90.1
4928	23.4	68.3	83.7
4929	31.2	55.1	99.5
4930	33.8	67.3	81.5
4931	26.4	55.1	74.5
4932	25.1	70.1	89.6
4933	34.4	72.5	128.5
4934	26.7	63.5	93.0
4935	27.3	52.9	89.9
4936	25.3	87.7	92.2
4937	33.6	80.9	86.1
4938	28.5	83.6	101.7
4939	31.4	64.7	78.6
4940	32.2	80.4	118.2
4941	25.1	69.4	79.7
4942	26.5	58.0	98.1
4943	32.7	55.0	124.2
4944	25.4	63.8	92.2
4945	31.9	55.5	100.0
4946	34.1	89.9	122.6
4947	29.3	52.0	57.7
4948	31.1	67.6	97.7
4949	32.1	68.1	97.8
4950	32.7	62.0	87.0
4951	25.9	72.9	119.2
4952	20.8	56.0	55.2
4953	26.0	81.4	104.6
4954	30.1	63.3	108.4
4955	26.8	73.7	116.1
4956	31.2	78.6	130.7
4957	25.4	85.6	106.5
4958	29.5	83.4	113.4
4959	22.8	74.3	97.2
4960	31.2	65.5	97.8
4961	28.2	70.1	105.4
4962	23.1	80.7	97.5
4963	24.4	85.1	105.9
4964	31.2	54.2	92.0
4965	27.2	65.4	97.8
4966	23.2	81.0	72.6
4967	34.5	67.3	121.0
4968	30.7	63.3	99.6
4969	34.4	66.5	99.1
4970	26.4	74.1	80.9
4971	27.1	90.0	112.5
4972	33.5	69.7	117.1
4973	27.9	58.3	90.6
4974	30.6	56.5	90.6
4975	23.8	51.7	87.6
4976	26.7	72.4	98.6
4977	21.9	71.8	79.2
4978	23.1	58.2	71.4
4979	20.0	77.8	107.0
4980	20.6	79.6	63.4
4981	34.7	60.4	106.5
4982	23.6	63.8	60.5
4983	29.9	89.6	110.7
4984	32.6	65.0	124.0
4985	28.3	80.4	104.4
4986	22.3	68.1	80.6
4987	30.9	81.7	139.6
4988	29.0	80.8	105.5
4989	31.0	76.7	118.1
4990	31.5	84.2	125.0
4991	34.6	87.6	137.2
4992	28.6	73.2	91.0
4993	25.1	59.5	100.0
4994	29.7	65.9	99.7
4995	21.0	80.3	96.7
4996	33.5	76.0	133.3
4997	21.8	57.1	59.8
4998	24.9	52.0	89.6
4999	32.2	77.3	138.8
5000	29.0	60.0	112.8
5001	25.9	70.0	110.3
5002	27.1	79.9	112.8
5003	32.8	72.5	107.9
5004	25.1	53.3	85.5
5005	33.0	57.4	88.8
5006	21.3	58.8	72.5
5007	31.7	60.3	120.6
5008	32.7	72.6	118.7
5009	22.7	70.2	102.3
5010	26.5	58.1	88.7
5011	22.5	52.7	91.2
5012	30.6	56.9	96.4
5013	28.0	89.4	124.6
5014	29.5	68.7	84.2
5015	22.9	84.7	102.0
5016	23.2	84.0	100.0
5017	20.6	70.5	83.8
5018	24.8	78.3	109.4
5019	28.4	57.7	66.8
5020	32.9	77.5	84.2
5021	30.0	60.9	112.4
5022	26.5	83.3	111.9
5023	34.3	53.3	113.2
5024	30.8	80.9	113.6
5025	34.0	54.0	126.2
5026	27.9	85.2	153.8
5027	23.9	62.2	115.3
5028	20.8	76.2	87.4
5029	30.9	69.5	82.9
5030	21.8	64.7	58.3
5031	24.5	75.8	83.1
5032	28.0	87.9	111.2
5033	28.5	51.7	89.8
5034	29.0	86.8	114.9
5035	22.5	74.4	79.1
5036	25.7	82.3	110.9
5037	29.3	65.4	103.5
5038	34.5	68.9	115.8
5039	30.9	84.8	107.0
5040	33.8	66.6	106.1
5041	31.4	71.4	79.6
5042	28.9	50.8	98.4
5043	22.9	56.3	93.1
5044	30.0	75.7	112.5
5045	29.4	78.7	99.3
5046	29.0	73.3	97.8
5047	27.3	55.7	105.6
5048	27.9	67.8	108.9
5049	25.0	64.2	86.8
5050	27.8	69.8	106.3
5051	23.0	84.8	100.0
5052	32.1	81.0	121.8
5053	22.8	53.4	67.3
5054	21.3	85.6	103.5
5055	26.5	68.9	93.8
5056	29.9	79.8	101.9
5057	26.6	55.6	82.5
5058	24.2	76.8	79.9
5059	28.4	59.5	100.4
5060	25.2	67.5	66.5
5061	34.0	50.7	105.2
5062	33.8	56.1	105.1
5063	27.5	53.7	82.2
5064	24.9	59.6	88.0
5065	31.1	54.0	101.8
5066	20.6	77.7	76.7
5067	27.1	51.2	86.2
5068	25.0	74.7	105.4
5069	33.8	55.6	120.9
5070	20.2	87.8	123.0
5071	28.3	87.3	128.1
5072	31.1	59.0	91.3
5073	27.3	74.6	94.9
5074	21.3	51.1	48.8
5075	34.6	87.3	112.2
5076	27.8	70.9	85.4
5077	29.2	51.7	88.3
5078	23.5	63.7	90.8
5079	27.3	53.1	77.4
5080	26.4	65.7	81.0
5081	21.1	76.8	100.1
5082	21.6	68.8	98.0
5083	32.6	65.3	101.6
5084	23.6	54.8	73.6
5085	22.9	59.8	79.2
5086	27.6	54.0	69.6
5087	31.5	82.3	118.2
5088	20.9	55.4	70.0
5089	28.7	73.8	110.1
5090	21.8	63.7	82.0
5091	20.5	59.0	75.3
5092	20.8	75.6	80.9
5093	32.5	68.3	104.9
5094	21.8	66.0	72.9
5095	20.7	73.7	71.1
5096	26.6	69.7	125.5
5097	32.7	62.1	117.3
5098	23.9	72.4	90.5
5099	26.3	76.8	91.7
5100	20.6	51.1	78.3
5101	26.7	68.6	114.3
5102	28.7	52.3	100.0
5103	28.6	57.5	85.7
5104	25.0	72.4	116.1
5105	24.7	84.6	116.5
5106	21.6	85.3	100.0
5107	25.5	52.8	69.4
5108	21.5	66.8	104.4
5109	31.5	73.3	115.1
5110	34.5	55.9	107.7
5111	34.6	80.6	117.5
5112	33.0	79.8	122.7
5113	29.0	86.1	117.2
5114	30.5	50.3	113.5
5115	24.3	58.7	79.6
5116	29.5	83.1	86.8
5117	26.8	76.8	99.8
5118	27.2	85.8	105.9
5119	31.4	52.3	98.2
5120	24.2	73.9	95.8
5121	24.8	72.8	94.5
5122	33.9	51.4	71.9
5123	20.8	70.5	80.5
5124	27.3	74.4	101.6
5125	33.7	57.7	120.0
5126	29.2	60.9	116.6
5127	28.2	75.6	135.6
5128	23.7	68.7	91.0
5129	25.1	84.3	116.2
5130	32.8	63.7	111.6
5131	28.4	60.7	93.5
5132	27.7	89.4	91.0
5133	21.5	86.4	113.6
5134	20.2	51.2	90.9
5135	34.5	80.8	103.8
5136	25.7	54.4	81.9
5137	29.0	51.1	90.6
5138	21.2	60.9	76.3
5139	30.2	60.8	114.1
5140	34.0	82.8	93.0
5141	28.6	78.4	89.2
5142	21.9	89.3	93.5
5143	28.7	78.5	97.2
5144	31.5	66.7	104.3
5145	26.1	78.0	98.8
5146	33.2	90.0	117.4
5147	29.7	78.4	97.6
5148	33.5	80.5	133.6
5149	29.4	87.5	129.7
5150	22.0	54.5	61.5
5151	24.6	78.2	105.0
5152	23.0	84.0	99.0
5153	33.6	88.2	120.8
5154	31.4	58.4	105.0
5155	30.1	70.2	84.9
5156	24.5	77.2	104.9
5157	22.8	59.9	79.4
5158	31.3	74.0	96.2
5159	27.1	60.3	92.8
5160	23.4	63.3	101.7
5161	29.2	67.7	100.0
5162	20.6	71.2	105.3
5163	24.9	68.0	75.7
5164	27.0	69.7	81.4
5165	22.2	61.9	84.1
5166	34.8	56.4	111.7
5167	23.1	51.9	71.4
5168	22.0	57.8	84.2
5169	23.1	73.3	95.6
5170	31.5	81.4	138.8
5171	26.4	56.8	88.4
5172	28.5	54.3	89.1
5173	20.3	80.0	76.2
5174	20.5	62.2	82.3
5175	26.7	88.1	109.9
5176	32.2	78.6	112.8
5177	33.3	63.1	106.1
5178	21.3	61.6	88.4
5179	28.1	70.9	93.4
5180	33.7	53.2	103.0
5181	25.8	54.7	83.6
5182	32.4	57.0	99.7
5183	22.0	81.0	91.4
5184	34.0	70.6	117.8
5185	31.3	50.4	80.0
5186	34.1	76.9	116.5
5187	30.1	66.9	97.2
5188	25.5	70.4	79.6
5189	34.1	58.6	103.7
5190	24.1	72.1	76.9
5191	25.0	89.2	118.5
5192	30.5	52.9	117.8
5193	31.5	61.4	128.9
5194	33.9	59.7	128.2
5195	23.1	59.9	81.8
5196	32.0	65.1	123.8
5197	31.1	82.7	112.1
5198	21.0	86.5	108.6
5199	25.8	58.1	92.2
5200	24.2	71.7	91.2
5201	24.6	75.5	104.3
5202	34.7	70.9	109.1
5203	29.6	67.4	90.0
5204	30.8	57.7	108.5
5205	34.6	69.5	119.5
5206	25.7	66.0	84.2
5207	32.0	81.8	116.0
5208	26.5	80.5	97.7
5209	33.0	55.4	85.1
5210	22.7	53.5	86.2
5211	34.2	86.3	121.6
5212	23.3	71.4	96.8
5213	24.9	84.3	68.3
5214	31.3	52.3	86.4
5215	25.9	71.1	105.9
5216	29.1	71.6	110.7
5217	26.7	84.4	111.1
5218	31.1	53.9	111.5
5219	23.4	59.6	52.3
5220	20.9	66.3	70.0
5221	24.5	84.6	92.6
5222	27.1	87.6	74.1
5223	22.5	89.7	99.6
5224	25.3	88.4	109.2
5225	26.0	50.2	94.9
5226	20.9	51.9	88.4
5227	28.7	55.9	98.2
5228	33.3	64.0	100.4
5229	22.3	83.2	93.5
5230	29.0	85.7	102.9
5231	30.0	57.5	106.3
5232	26.3	74.8	100.0
5233	30.5	86.7	112.8
5234	26.2	68.5	98.7
5235	27.6	54.1	112.0
5236	20.1	68.3	93.4
5237	30.4	65.0	111.4
5238	29.9	73.1	119.9
5239	20.6	67.5	74.3
5240	25.5	50.7	92.8
5241	34.7	89.8	113.1
5242	26.3	71.7	101.9
5243	27.5	68.9	102.4
5244	33.6	88.2	138.0
5245	30.8	56.2	85.9
5246	28.7	57.6	70.1
5247	32.0	82.3	107.6
5248	33.0	60.4	111.6
5249	26.9	82.0	83.5
5250	27.1	60.9	72.8
5251	25.8	51.3	63.0
5252	34.5	70.7	110.0
5253	30.5	57.9	82.3
5254	21.2	80.3	104.3
5255	32.9	75.6	81.8
5256	27.2	86.9	84.5
5257	21.0	81.3	86.3
5258	28.2	57.2	92.7
5259	26.3	82.0	101.2
5260	33.2	75.7	121.0
5261	23.1	76.8	122.5
5262	32.4	83.3	108.9
5263	28.4	73.0	97.0
5264	20.8	68.6	65.0
5265	34.6	75.5	142.5
5266	27.7	61.9	80.3
5267	24.4	57.3	113.0
5268	27.0	74.7	97.4
5269	32.9	59.4	124.0
5270	24.6	53.2	85.0
5271	22.9	50.0	80.9
5272	21.9	74.3	108.5
5273	24.5	64.5	61.5
5274	31.7	80.1	104.9
5275	27.1	65.0	103.5
5276	23.4	69.4	95.9
5277	22.5	66.3	95.6
5278	25.0	76.0	95.5
5279	34.1	64.2	129.0
5280	25.1	88.6	114.0
5281	34.8	87.4	103.9
5282	27.3	83.9	101.1
5283	22.7	86.8	98.3
5284	33.4	68.0	121.3
5285	26.9	71.5	119.9
5286	30.6	79.7	120.8
5287	34.8	77.8	108.2
5288	20.8	85.6	86.4
5289	21.5	78.7	71.2
5290	30.8	89.9	106.3
5291	24.2	63.9	108.7
5292	22.8	83.3	81.1
5293	20.6	77.9	102.6
5294	20.3	77.7	75.5
5295	31.6	63.0	114.0
5296	22.0	81.4	81.1
5297	27.0	86.0	92.2
5298	29.1	58.7	85.8
5299	26.4	75.0	101.0
5300	20.4	65.7	95.9
5301	31.8	89.6	120.7
5302	20.2	69.2	88.0
5303	31.4	59.1	103.1
5304	33.4	65.3	112.8
5305	26.5	76.2	127.2
5306	28.0	53.0	98.3
5307	27.2	74.1	124.2
5308	25.8	87.2	100.6
5309	33.3	84.0	116.1
5310	33.4	52.7	104.4
5311	25.0	89.7	118.3
5312	29.2	77.9	103.1
5313	33.9	56.5	109.5
5314	34.4	50.5	102.3
5315	27.6	56.9	105.3
5316	26.8	83.5	109.7
5317	24.2	50.9	81.7
5318	34.4	59.3	108.5
5319	22.1	80.3	92.4
5320	28.7	73.4	101.2
5321	24.2	81.3	86.4
5322	24.2	79.8	80.4
5323	26.1	52.0	81.8
5324	35.0	85.7	115.6
5325	20.8	59.1	98.8
5326	28.7	72.1	93.9
5327	21.2	75.8	75.0
5328	22.3	56.7	85.2
5329	26.6	89.0	114.8
5330	27.7	69.5	110.7
5331	23.9	52.3	82.4
5332	24.7	87.5	120.0
5333	21.3	73.5	87.1
5334	24.5	78.0	120.5
5335	34.5	71.0	107.6
5336	34.2	83.4	139.1
5337	25.0	51.3	92.4
5338	28.6	60.7	92.4
5339	33.6	68.8	92.6
5340	20.1	53.1	87.0
5341	32.2	78.2	107.9
5342	34.2	65.7	115.8
5343	21.4	60.9	64.7
5344	22.4	50.1	65.1
5345	34.4	78.8	121.3
5346	28.1	83.4	121.8
5347	20.2	65.8	93.7
5348	23.9	72.6	98.8
5349	26.7	59.1	104.1
5350	30.4	74.9	93.9
5351	31.0	50.5	81.4
5352	34.9	69.5	78.7
5353	24.3	75.8	111.8
5354	28.1	86.7	129.9
5355	28.0	65.3	105.6
5356	26.1	80.6	127.1
5357	22.5	73.9	100.5
5358	34.7	87.1	102.9
5359	32.8	65.9	97.6
5360	27.5	62.8	99.4
5361	29.0	85.5	109.9
5362	23.4	52.0	69.8
5363	28.2	55.5	112.3
5364	30.4	53.3	95.2
5365	27.7	83.7	127.8
5366	34.9	50.4	95.0
5367	29.2	84.5	136.0
5368	25.6	68.1	99.4
5369	31.6	50.2	96.9
5370	22.6	66.1	90.8
5371	25.8	57.5	72.9
5372	25.2	75.0	101.6
5373	26.5	77.2	97.2
5374	31.7	69.5	105.7
5375	27.3	51.6	77.6
5376	31.9	76.2	93.9
5377	28.6	83.7	146.6
5378	25.1	78.8	100.9
5379	32.1	83.2	103.8
5380	23.6	58.0	93.6
5381	23.4	85.6	112.3
5382	27.6	62.9	102.1
5383	23.9	50.5	95.7
5384	20.1	83.7	76.6
5385	29.7	87.7	108.8
5386	27.7	76.2	93.6
5387	26.7	59.3	91.2
5388	34.5	60.1	126.5
5389	28.6	68.7	92.5
5390	33.0	85.9	119.6
5391	22.1	56.0	83.3
5392	28.5	83.0	94.7
5393	33.0	61.7	94.8
5394	28.7	82.3	81.3
5395	30.8	86.8	118.7
5396	25.6	67.1	110.7
5397	21.4	64.6	64.7
5398	26.9	82.1	105.1
5399	25.9	71.2	80.9
5400	33.0	77.4	123.2
5401	23.7	74.9	112.9
5402	34.5	56.1	136.0
5403	34.4	83.8	118.0
5404	23.7	57.8	84.6
5405	25.2	87.3	116.0
5406	33.4	60.0	116.5
5407	34.5	79.4	114.2
5408	26.7	61.4	114.7
5409	24.8	62.7	135.6
5410	27.9	62.4	100.1
5411	30.3	79.9	129.2
5412	24.1	72.3	100.6
5413	31.0	85.3	125.8
5414	20.8	62.3	83.2
5415	20.7	77.7	91.8
5416	25.8	80.1	108.0
5417	25.3	56.1	96.0
5418	24.7	66.0	93.9
5419	27.4	69.3	97.7
5420	24.8	64.2	87.0
5421	22.9	62.9	100.2
5422	24.6	77.5	84.4
5423	34.6	58.6	138.2
5424	26.2	78.4	105.8
5425	26.7	87.4	86.9
5426	28.6	72.6	98.6
5427	34.8	74.5	123.6
5428	23.6	52.8	83.2
5429	30.2	84.6	116.6
5430	30.7	61.4	78.6
5431	29.1	74.6	79.1
5432	21.3	89.2	73.0
5433	30.2	73.8	94.1
5434	21.0	79.0	100.5
5435	28.9	67.8	96.6
5436	31.1	52.4	85.2
5437	23.2	81.9	108.7
5438	32.6	51.4	108.2
5439	20.5	78.0	101.8
5440	32.7	50.9	87.1
5441	26.9	84.5	133.8
5442	23.3	56.3	102.6
5443	22.0	70.6	98.4
5444	34.3	73.9	141.9
5445	21.1	68.3	122.2
5446	23.0	63.6	112.3
5447	25.2	68.7	96.5
5448	29.3	62.5	82.9
5449	28.2	67.5	106.4
5450	21.9	64.4	95.6
5451	24.3	72.6	92.1
5452	23.6	59.5	92.1
5453	23.2	89.5	91.9
5454	26.2	70.0	98.4
5455	30.6	57.8	96.5
5456	23.3	69.1	115.3
5457	25.5	84.7	131.7
5458	25.9	50.9	92.6
5459	34.6	77.2	134.5
5460	34.3	71.9	98.6
5461	32.0	56.8	78.9
5462	23.6	82.7	95.4
5463	21.0	64.8	76.0
5464	24.8	61.8	102.4
5465	24.0	83.1	113.9
5466	27.6	75.5	125.4
5467	31.7	85.9	132.3
5468	32.9	75.2	130.7
5469	32.7	79.6	114.5
5470	25.4	83.5	117.3
5471	30.3	52.2	92.9
5472	24.7	81.0	84.0
5473	20.9	74.5	87.5
5474	30.5	52.8	102.2
5475	20.1	70.3	58.4
5476	26.1	53.3	75.7
5477	24.9	79.4	76.3
5478	30.4	71.9	103.1
5479	31.5	88.1	96.0
5480	24.6	57.3	61.9
5481	32.2	74.2	127.7
5482	24.4	58.5	91.8
5483	26.7	74.6	88.3
5484	30.9	78.9	110.1
5485	30.4	78.9	115.0
5486	34.8	82.6	101.3
5487	23.4	84.1	108.8
5488	29.9	53.1	90.4
5489	29.1	63.7	98.6
5490	33.7	77.5	121.2
5491	22.3	69.9	89.1
5492	31.3	57.6	94.1
5493	28.5	72.1	107.7
5494	24.1	66.3	97.3
5495	27.1	65.6	98.3
5496	25.0	82.4	77.8
5497	28.7	66.3	115.2
5498	33.3	51.1	123.6
5499	28.5	52.3	91.6
5500	29.5	84.2	88.9
5501	27.8	88.4	97.3
5502	20.8	77.5	86.9
5503	23.5	64.6	84.6
5504	27.4	87.5	103.5
5505	24.7	76.5	90.2
5506	22.7	83.8	111.3
5507	27.6	80.6	109.3
5508	24.8	65.2	77.4
5509	23.9	69.1	101.1
5510	27.0	57.4	104.9
5511	22.0	61.7	48.3
5512	33.9	81.1	98.6
5513	33.0	85.8	107.5
5514	30.6	79.0	104.6
5515	21.6	68.6	69.4
5516	31.6	53.5	93.6
5517	32.1	52.3	97.5
5518	31.5	65.0	132.5
5519	21.7	68.6	69.5
5520	29.7	74.4	72.0
5521	32.5	50.3	98.3
5522	28.7	89.6	137.9
5523	29.7	64.6	116.6
5524	26.9	83.9	100.3
5525	27.9	71.4	96.8
5526	20.5	55.2	85.0
5527	29.6	81.9	139.8
5528	21.2	78.4	87.8
5529	26.5	71.1	81.5
5530	24.4	70.6	91.3
5531	28.2	53.5	99.7
5532	22.0	76.2	93.4
5533	30.4	86.4	97.9
5534	31.9	53.7	64.6
5535	22.5	60.5	74.8
5536	21.6	86.1	86.5
5537	22.2	61.4	78.6
5538	33.2	76.2	96.7
5539	27.9	71.4	83.8
5540	27.0	73.9	118.6
5541	21.6	66.6	87.7
5542	29.7	62.0	86.2
5543	33.0	51.9	112.2
5544	32.4	79.8	108.5
5545	29.4	79.8	94.6
5546	21.1	76.8	97.2
5547	21.7	75.7	85.8
5548	20.7	59.7	82.0
5549	23.9	50.9	109.3
5550	22.0	82.3	109.7
5551	23.9	69.6	100.5
5552	25.8	62.3	100.9
5553	34.1	54.1	123.8
5554	29.2	52.5	118.2
5555	32.5	64.0	90.1
5556	30.7	82.2	85.5
5557	21.7	86.7	88.5
5558	31.0	85.9	124.9
5559	24.1	86.8	117.3
5560	29.6	86.3	105.7
5561	25.1	71.1	98.3
5562	35.0	58.8	97.0
5563	24.0	81.9	89.3
5564	24.2	58.5	91.8
5565	34.0	60.7	120.1
5566	20.4	59.3	98.6
5567	30.5	70.6	118.8
5568	30.9	62.9	135.6
5569	32.5	56.2	122.9
5570	34.6	68.1	138.1
5571	34.6	85.0	159.4
5572	21.0	72.8	98.4
5573	32.3	85.1	129.6
5574	29.7	57.8	92.3
5575	29.7	56.7	79.4
5576	21.9	73.0	77.1
5577	29.8	68.5	106.8
5578	34.7	76.4	94.8
5579	33.7	81.8	107.8
5580	26.6	80.1	75.9
5581	20.6	87.7	102.2
5582	25.4	65.9	92.9
5583	32.4	58.3	102.8
5584	30.5	72.0	112.7
5585	26.9	54.4	88.2
5586	20.8	61.6	80.6
5587	26.4	58.3	77.4
5588	27.0	65.9	79.6
5589	33.9	54.4	91.6
5590	29.6	51.3	77.0
5591	24.7	76.3	73.7
5592	27.9	74.4	97.8
5593	21.0	78.3	76.1
5594	34.6	76.4	121.1
5595	25.4	54.6	95.1
5596	27.2	61.6	87.8
5597	25.3	55.2	93.4
5598	30.2	83.7	100.7
5599	29.9	79.9	117.9
5600	30.7	58.1	114.8
5601	24.0	63.7	94.5
5602	24.7	88.7	96.5
5603	21.9	73.8	74.8
5604	29.8	82.0	88.3
5605	20.6	60.6	94.2
5606	29.0	58.4	114.6
5607	33.0	81.4	138.1
5608	33.4	77.4	105.0
5609	26.7	77.2	116.4
5610	26.9	72.1	96.3
5611	21.2	72.5	95.3
5612	30.1	79.4	133.1
5613	32.3	60.8	83.1
5614	23.7	64.1	84.7
5615	26.3	84.9	126.6
5616	32.6	62.4	108.0
5617	33.2	71.9	118.8
5618	23.6	78.1	97.5
5619	28.3	90.0	111.4
5620	22.9	67.4	103.2
5621	21.5	67.1	84.8
5622	33.7	83.7	147.5
5623	32.3	82.2	97.1
5624	31.4	79.2	122.3
5625	20.7	68.5	45.0
5626	32.7	63.0	97.0
5627	26.6	74.3	108.8
5628	25.1	85.0	95.7
5629	28.2	85.4	130.6
5630	21.4	54.3	84.9
5631	31.3	67.1	80.3
5632	28.7	68.6	104.6
5633	22.8	89.1	112.4
5634	22.8	77.1	120.6
5635	22.8	66.3	80.7
5636	20.9	51.0	71.4
5637	28.8	72.6	104.9
5638	32.6	53.8	100.3
5639	20.3	83.4	95.5
5640	20.7	80.1	106.9
5641	28.6	68.4	121.2
5642	32.3	67.2	114.9
5643	24.9	85.9	104.8
5644	25.2	61.5	93.8
5645	28.9	60.0	85.8
5646	24.1	87.6	102.6
5647	20.4	82.4	105.8
5648	31.0	82.8	87.9
5649	29.4	57.8	90.6
5650	28.7	55.7	77.9
5651	31.1	51.0	133.1
5652	30.1	59.5	116.7
5653	23.1	81.0	105.8
5654	25.3	59.6	118.7
5655	21.9	79.2	108.5
5656	21.9	60.1	83.4
5657	30.1	65.8	105.2
5658	32.9	89.3	133.9
5659	34.4	59.8	112.1
5660	29.4	65.1	94.3
5661	22.8	62.0	87.8
5662	21.6	54.4	69.3
5663	32.2	69.6	84.8
5664	28.7	65.1	110.1
5665	29.3	77.8	106.8
5666	31.7	82.7	120.2
5667	30.5	71.8	100.1
5668	32.5	51.3	97.9
5669	20.8	74.8	76.6
5670	31.2	52.2	78.8
5671	32.8	74.7	130.8
5672	24.3	77.4	119.1
5673	29.6	57.9	74.9
5674	24.7	82.8	91.0
5675	34.4	86.4	107.0
5676	20.5	82.5	102.4
5677	28.7	62.2	89.3
5678	22.5	73.5	81.3
5679	30.7	86.6	80.7
5680	22.6	62.8	77.8
5681	23.5	82.8	91.2
5682	27.4	50.4	83.9
5683	33.7	50.1	134.3
5684	23.2	80.4	100.3
5685	22.2	80.5	91.0
5686	31.4	81.6	135.7
5687	27.5	87.2	125.6
5688	33.7	54.7	95.3
5689	22.2	59.3	100.7
5690	29.7	86.1	122.2
5691	23.5	57.1	91.9
5692	22.4	77.3	88.5
5693	30.3	71.2	109.4
5694	28.9	53.3	105.8
5695	31.3	61.4	96.9
5696	24.6	70.8	101.8
5697	26.7	84.1	125.7
5698	26.1	78.3	97.5
5699	34.8	74.9	118.2
5700	24.4	69.8	77.2
5701	24.4	61.9	81.2
5702	25.3	54.8	71.5
5703	28.5	66.4	75.9
5704	23.8	51.1	77.8
5705	33.7	58.4	93.0
5706	24.0	67.3	82.7
5707	33.4	66.7	104.0
5708	21.6	51.8	65.3
5709	29.8	73.6	111.4
5710	33.6	72.0	111.2
5711	22.5	53.1	96.7
5712	34.5	87.7	140.8
5713	26.8	54.0	108.8
5714	34.2	84.2	120.7
5715	30.2	50.0	77.5
5716	24.5	85.3	91.4
5717	22.8	50.8	89.3
5718	24.6	80.3	95.1
5719	21.4	64.5	83.0
5720	22.2	79.5	121.8
5721	21.6	66.1	96.4
5722	26.3	52.8	95.7
5723	31.9	80.7	121.8
5724	22.1	52.9	58.5
5725	22.0	86.9	115.5
5726	29.7	52.0	101.0
5727	23.0	69.2	103.4
5728	21.5	78.9	85.2
5729	22.5	65.7	63.5
5730	33.9	58.7	106.1
5731	32.3	80.4	115.2
5732	25.3	81.4	96.4
5733	29.8	86.9	119.6
5734	28.1	65.0	74.4
5735	30.2	70.3	108.2
5736	30.2	64.5	99.4
5737	29.4	60.3	112.8
5738	24.0	80.0	113.5
5739	20.6	63.6	99.1
5740	26.8	67.1	109.2
5741	33.4	66.1	98.4
5742	28.5	78.5	104.8
5743	32.5	86.7	73.1
5744	34.9	76.7	130.2
5745	22.5	68.9	94.7
5746	30.4	81.2	95.2
5747	30.1	75.6	117.0
5748	34.7	52.4	134.0
5749	34.8	53.8	89.1
5750	30.3	51.5	77.1
5751	23.7	68.3	115.6
5752	32.0	83.0	140.1
5753	21.6	62.5	66.2
5754	31.7	65.4	99.6
5755	33.7	86.4	118.4
5756	25.7	83.5	84.0
5757	29.5	76.6	118.5
5758	26.5	60.7	108.0
5759	26.6	54.7	89.5
5760	24.7	50.6	75.5
5761	31.4	54.3	72.9
5762	34.0	61.7	111.4
5763	34.1	72.1	117.0
5764	22.6	52.6	84.1
5765	33.1	55.4	95.4
5766	31.1	57.2	80.8
5767	23.8	75.3	73.3
5768	21.0	74.6	95.6
5769	24.0	72.0	96.6
5770	33.7	60.0	91.7
5771	29.5	64.8	79.2
5772	30.8	53.9	88.1
5773	23.9	59.1	109.6
5774	30.8	85.9	124.3
5775	20.4	89.2	77.4
5776	25.6	75.9	101.7
5777	29.4	86.7	128.2
5778	22.2	75.7	91.6
5779	32.3	51.3	103.1
5780	23.5	89.9	105.4
5781	29.8	54.0	80.7
5782	26.1	77.3	98.3
5783	28.9	60.1	78.9
5784	21.6	65.7	72.7
5785	20.3	75.8	96.6
5786	33.6	67.5	133.6
5787	24.0	60.0	96.7
5788	32.3	63.4	119.6
5789	35.0	63.7	130.1
5790	23.2	88.4	106.6
5791	24.0	81.9	103.3
5792	29.9	68.3	111.2
5793	34.5	58.0	110.9
5794	33.7	82.4	108.2
5795	27.5	56.3	84.8
5796	31.9	58.4	106.7
5797	22.0	64.6	70.4
5798	34.7	85.2	130.5
5799	34.5	55.3	118.7
5800	22.5	54.9	111.0
5801	24.5	69.8	88.4
5802	21.5	61.1	93.4
5803	24.1	72.7	104.3
5804	32.2	68.1	96.3
5805	25.7	67.4	98.6
5806	21.3	54.5	91.8
5807	25.1	55.6	91.0
5808	34.7	82.8	98.8
5809	29.4	85.4	108.6
5810	26.2	59.4	97.2
5811	22.5	54.5	84.5
5812	34.8	52.1	118.2
5813	32.3	74.3	114.6
5814	24.2	78.6	65.1
5815	21.1	64.9	93.8
5816	20.8	77.2	88.3
5817	21.8	78.5	99.5
5818	28.7	87.4	102.1
5819	33.9	52.6	117.5
5820	27.5	57.7	82.7
5821	32.6	52.7	99.9
5822	26.7	84.7	103.6
5823	30.6	81.7	110.9
5824	31.0	73.0	105.5
5825	22.6	53.3	86.3
5826	25.4	60.9	91.6
5827	29.6	61.9	123.5
5828	21.1	72.4	116.7
5829	25.4	60.3	88.9
5830	28.0	52.9	94.2
5831	34.9	79.2	119.1
5832	27.1	62.0	85.6
5833	32.2	68.1	124.7
5834	26.5	55.1	103.5
5835	31.9	82.1	108.5
5836	28.9	72.6	67.6
5837	33.3	86.1	107.4
5838	26.2	69.8	104.9
5839	29.1	87.7	99.4
5840	29.5	85.7	145.0
5841	26.3	73.1	103.5
5842	22.2	87.4	106.2
5843	21.4	62.9	93.8
5844	20.3	64.6	75.0
5845	33.1	51.8	120.4
5846	23.5	73.6	102.0
5847	23.2	78.9	106.2
5848	31.0	80.9	114.7
5849	24.8	56.0	119.6
5850	27.6	67.8	107.5
5851	22.4	57.1	94.4
5852	34.4	76.5	144.9
5853	32.8	56.3	115.8
5854	33.0	86.2	129.7
5855	26.1	59.2	94.8
5856	31.4	61.7	98.0
5857	22.2	84.0	80.4
5858	20.1	68.3	76.7
5859	20.3	51.0	79.5
5860	28.8	69.8	85.7
5861	26.8	53.4	53.5
5862	27.8	89.4	102.9
5863	20.1	73.5	108.2
5864	26.3	60.3	85.7
5865	30.8	72.5	103.4
5866	26.6	53.1	85.9
5867	31.0	82.0	132.5
5868	23.5	87.0	133.5
5869	32.2	85.0	124.4
5870	28.8	63.7	78.2
5871	23.2	63.0	84.0
5872	23.6	51.4	91.1
5873	29.4	76.1	93.5
5874	32.4	71.4	87.4
5875	26.2	68.4	109.0
5876	23.9	86.3	100.6
5877	33.0	56.7	97.5
5878	30.0	50.4	115.8
5879	26.7	52.9	66.4
5880	27.3	58.9	70.9
5881	23.1	51.3	80.3
5882	29.4	70.1	118.3
5883	25.4	62.6	92.8
5884	34.9	57.2	99.2
5885	27.2	80.0	106.9
5886	27.3	58.2	84.5
5887	28.5	77.5	124.3
5888	33.8	64.0	100.0
5889	32.0	70.5	113.5
5890	26.8	87.4	130.5
5891	30.8	51.5	100.1
5892	28.8	70.0	98.1
5893	27.4	84.2	114.0
5894	22.9	73.5	83.9
5895	27.0	61.1	92.1
5896	23.7	65.9	92.9
5897	33.7	77.2	100.5
5898	25.0	85.6	109.6
5899	34.3	51.6	121.7
5900	28.0	52.9	96.7
5901	29.5	63.0	129.2
5902	28.1	59.3	110.5
5903	21.9	60.6	84.0
5904	25.6	58.9	93.3
5905	21.5	57.8	81.7
5906	29.3	55.2	98.5
5907	26.7	87.4	87.4
5908	31.7	55.8	111.0
5909	23.3	58.2	74.7
5910	22.5	59.9	80.7
5911	26.1	87.3	137.0
5912	33.9	80.2	114.9
5913	30.7	81.6	114.5
5914	26.3	54.2	79.2
5915	27.8	83.5	126.3
5916	21.3	66.3	66.1
5917	34.8	60.5	96.4
5918	30.0	73.0	97.5
5919	24.3	82.9	99.9
5920	28.8	81.1	116.5
5921	21.6	85.6	119.5
5922	34.5	87.1	87.5
5923	22.6	59.5	84.3
5924	29.7	67.0	97.6
5925	23.7	50.6	83.4
5926	30.8	85.2	105.1
5927	31.7	56.2	65.4
5928	30.1	84.5	105.8
5929	29.2	63.2	95.9
5930	33.4	64.7	109.2
5931	21.2	51.6	65.6
5932	25.0	63.1	99.1
5933	23.7	85.5	117.9
5934	34.8	51.0	120.9
5935	25.8	66.3	102.6
5936	31.0	51.3	100.7
5937	30.3	64.8	92.1
5938	23.2	56.9	90.5
5939	23.6	60.1	103.7
5940	24.2	85.1	117.7
5941	26.2	67.4	74.8
5942	23.5	61.0	80.8
5943	20.3	73.6	92.1
5944	33.2	55.7	71.9
5945	34.5	60.4	117.3
5946	25.1	71.8	106.1
5947	25.1	59.5	85.9
5948	20.1	77.2	119.9
5949	30.2	69.7	128.8
5950	32.4	80.9	113.9
5951	22.2	87.9	108.3
5952	22.4	54.6	92.5
5953	31.9	63.4	87.0
5954	29.2	62.8	85.5
5955	20.7	56.0	72.4
5956	29.3	82.4	109.7
5957	24.6	80.4	100.6
5958	25.5	69.4	106.2
5959	31.5	71.5	92.5
5960	32.2	52.4	109.4
5961	26.0	72.2	110.4
5962	34.2	81.7	133.0
5963	26.1	73.0	108.7
5964	31.6	60.6	107.8
5965	27.3	76.7	131.3
5966	33.5	64.5	140.5
5967	33.6	71.8	101.9
5968	21.3	69.5	75.2
5969	34.0	65.2	80.2
5970	32.4	78.8	125.5
5971	31.9	85.4	110.6
5972	23.0	50.2	89.7
5973	32.1	87.3	76.4
5974	32.8	70.5	101.0
5975	24.3	78.0	95.7
5976	34.3	84.2	133.8
5977	20.7	68.7	92.3
5978	22.2	83.4	108.8
5979	28.1	57.1	66.8
5980	28.6	56.4	95.0
5981	29.7	76.3	108.2
5982	20.3	84.8	111.2
5983	34.4	85.7	90.1
5984	20.7	75.7	73.1
5985	22.1	71.0	74.7
5986	20.2	63.3	99.2
5987	28.5	89.2	108.6
5988	34.0	62.8	82.3
5989	30.0	79.8	108.8
5990	32.3	71.3	108.9
5991	20.2	74.3	98.0
5992	28.1	65.7	76.0
5993	26.9	88.6	101.6
5994	27.5	72.9	117.3
5995	21.1	87.5	97.1
5996	30.3	50.3	95.4
5997	27.5	72.9	72.0
5998	31.5	78.7	81.2
5999	27.3	79.8	109.7
6000	22.2	86.2	87.0
6001	29.7	50.2	105.7
6002	22.6	50.0	68.4
6003	33.1	68.9	141.2
6004	29.2	51.2	96.7
6005	22.4	89.0	96.8
6006	34.4	58.9	117.5
6007	27.8	68.9	136.1
6008	21.1	52.4	112.7
6009	29.4	70.9	116.0
6010	23.8	65.2	99.3
6011	32.1	51.8	132.8
6012	32.3	63.4	94.3
6013	34.7	65.7	102.3
6014	27.5	89.6	106.2
6015	26.8	58.3	104.4
6016	31.3	71.8	120.1
6017	22.0	89.5	109.4
6018	28.2	81.7	88.9
6019	28.2	89.7	115.7
6020	21.3	88.7	88.4
6021	26.3	69.6	114.8
6022	32.8	77.9	119.1
6023	32.8	54.4	83.1
6024	21.5	67.6	54.4
6025	21.4	82.4	96.0
6026	23.9	70.2	101.1
6027	33.1	78.1	105.4
6028	21.9	79.8	85.6
6029	30.8	60.1	105.2
6030	21.5	85.0	90.7
6031	29.3	68.4	122.8
6032	25.3	58.4	103.6
6033	31.8	84.6	110.4
6034	23.5	66.7	45.9
6035	29.6	80.0	90.3
6036	23.5	71.9	93.0
6037	30.7	65.3	115.3
6038	33.1	82.4	127.2
6039	21.9	73.4	89.7
6040	33.0	65.6	83.8
6041	28.9	54.4	85.9
6042	21.9	85.8	84.7
6043	26.4	51.4	80.5
6044	22.4	84.5	100.8
6045	30.5	64.4	108.4
6046	31.4	75.6	106.3
6047	21.6	86.9	98.2
6048	27.6	56.1	96.9
6049	32.2	72.7	105.2
6050	34.0	80.6	97.9
6051	27.7	80.3	81.3
6052	34.3	71.0	79.5
6053	28.0	75.0	104.5
6054	25.9	80.3	92.1
6055	32.7	83.6	103.2
6056	27.4	80.5	88.0
6057	27.1	64.2	91.0
6058	27.4	89.9	102.9
6059	32.7	67.4	117.2
6060	32.5	51.0	97.1
6061	26.1	64.5	71.1
6062	25.0	55.1	75.6
6063	27.4	54.9	83.6
6064	28.6	61.3	103.7
6065	23.6	52.1	69.5
6066	31.9	77.5	93.4
6067	27.3	53.0	100.6
6068	25.0	58.1	76.3
6069	21.6	53.7	102.3
6070	23.6	52.5	80.4
6071	34.2	60.7	98.6
6072	24.6	72.9	98.4
6073	22.5	88.6	105.5
6074	26.9	85.0	112.8
6075	24.6	85.0	87.1
6076	20.5	57.0	66.3
6077	24.8	60.6	100.6
6078	28.2	53.1	85.2
6079	28.3	81.1	112.5
6080	25.3	52.8	103.3
6081	26.7	72.3	91.8
6082	34.5	59.9	100.2
6083	25.7	59.7	85.5
6084	23.9	89.6	116.7
6085	23.7	80.3	91.2
6086	26.9	83.5	87.0
6087	31.4	72.9	74.9
6088	23.1	84.8	110.2
6089	30.6	75.8	110.1
6090	20.3	87.8	102.3
6091	26.3	61.3	94.9
6092	31.6	73.8	112.4
6093	25.1	77.6	81.8
6094	28.5	65.7	109.5
6095	23.1	85.2	124.9
6096	31.1	89.2	119.5
6097	20.8	69.8	77.1
6098	32.8	65.6	100.1
6099	23.0	68.9	91.5
6100	33.1	84.1	112.9
6101	25.3	75.8	68.3
6102	30.8	51.8	85.9
6103	24.8	71.7	117.3
6104	33.6	50.7	117.3
6105	21.9	81.1	93.6
6106	22.7	63.1	97.3
6107	27.4	68.9	103.1
6108	21.2	81.9	87.0
6109	22.9	51.9	68.7
6110	34.2	56.3	112.2
6111	34.6	65.9	144.0
6112	25.6	59.2	120.5
6113	33.8	63.5	121.9
6114	28.2	89.9	118.9
6115	24.0	83.0	128.4
6116	30.5	85.4	117.9
6117	29.9	87.5	111.8
6118	34.8	63.6	140.9
6119	24.0	61.9	78.2
6120	30.1	59.4	94.7
6121	20.8	83.2	100.0
6122	21.7	77.2	80.7
6123	20.1	59.4	35.2
6124	35.0	65.1	74.2
6125	32.0	70.3	99.9
6126	31.8	71.1	101.5
6127	27.6	85.5	121.3
6128	24.5	65.2	82.4
6129	22.3	86.3	110.7
6130	24.3	67.7	127.0
6131	25.6	79.9	105.3
6132	31.3	87.2	91.5
6133	28.1	86.3	89.4
6134	21.2	52.3	71.9
6135	20.3	58.2	99.3
6136	21.5	69.1	118.0
6137	26.2	67.3	122.4
6138	34.0	75.6	148.6
6139	29.6	87.8	101.8
6140	32.0	54.5	102.1
6141	27.0	68.1	127.4
6142	25.4	57.7	116.2
6143	21.6	85.8	84.1
6144	33.1	88.6	134.1
6145	31.7	69.1	123.3
6146	22.5	54.2	66.5
6147	27.7	81.4	127.7
6148	27.3	77.9	95.7
6149	29.4	64.2	108.2
6150	34.2	85.5	120.1
6151	28.7	89.0	138.4
6152	28.1	72.3	108.2
6153	20.8	72.6	77.0
6154	20.9	61.9	105.9
6155	22.8	73.4	97.8
6156	20.5	67.6	67.2
6157	31.2	62.1	94.1
6158	30.8	52.7	112.3
6159	22.0	60.1	61.3
6160	32.5	57.9	107.6
6161	22.3	71.7	93.5
6162	24.5	74.1	87.8
6163	23.7	74.3	93.0
6164	25.6	65.5	85.2
6165	23.8	66.8	104.1
6166	27.3	83.4	126.4
6167	26.1	69.0	100.9
6168	34.8	89.5	142.4
6169	20.8	67.6	103.5
6170	22.1	76.0	137.4
6171	20.8	52.0	63.1
6172	29.4	76.1	104.2
6173	20.8	84.1	102.2
6174	32.5	87.7	104.1
6175	27.7	89.9	119.7
6176	27.9	61.3	108.0
6177	28.4	73.0	107.8
6178	22.6	68.0	97.9
6179	23.0	72.6	82.0
6180	24.8	56.3	103.9
6181	28.9	84.2	100.8
6182	23.2	86.4	103.6
6183	21.7	68.0	120.8
6184	34.6	61.2	97.3
6185	20.3	55.6	99.5
6186	32.0	77.4	117.4
6187	31.8	62.5	71.9
6188	24.5	86.4	89.9
6189	22.0	76.8	88.5
6190	22.2	75.8	79.6
6191	30.5	72.4	96.5
6192	29.6	51.8	98.9
6193	31.7	87.3	132.1
6194	34.1	75.1	102.9
6195	30.4	89.8	131.6
6196	22.3	71.5	97.7
6197	23.7	78.4	101.5
6198	32.6	52.2	107.6
6199	23.1	75.3	91.9
6200	21.1	80.6	71.2
6201	30.5	81.1	105.5
6202	26.0	80.8	84.6
6203	33.8	59.1	135.5
6204	29.8	89.0	130.2
6205	21.4	89.8	103.5
6206	34.2	53.0	112.4
6207	23.9	87.5	111.3
6208	25.1	61.6	84.7
6209	26.0	77.6	109.9
6210	20.8	63.5	94.6
6211	27.4	88.7	98.3
6212	21.8	54.1	95.9
6213	26.0	69.9	124.0
6214	25.3	67.1	110.7
6215	31.6	63.0	123.7
6216	32.0	75.8	123.0
6217	22.3	55.2	92.2
6218	25.5	78.7	113.2
6219	25.6	89.2	80.7
6220	22.3	82.2	103.2
6221	32.0	84.4	134.5
6222	30.6	64.4	106.3
6223	22.9	63.0	80.0
6224	25.5	70.7	109.7
6225	21.6	51.8	81.8
6226	29.4	87.8	114.4
6227	21.8	55.8	105.5
6228	34.8	86.1	113.8
6229	31.7	53.3	104.3
6230	25.9	82.9	90.5
6231	28.7	56.1	114.0
6232	33.7	51.5	87.7
6233	28.3	78.8	120.7
6234	22.6	61.2	75.8
6235	25.7	78.6	83.8
6236	32.6	72.2	97.3
6237	29.7	54.4	95.3
6238	29.8	87.3	121.2
6239	33.0	68.1	114.6
6240	33.4	79.4	115.1
6241	33.8	70.0	90.4
6242	21.4	74.2	95.5
6243	28.2	62.1	89.2
6244	31.1	58.0	93.6
6245	31.4	71.7	119.7
6246	29.1	67.6	89.5
6247	22.5	65.6	85.7
6248	32.0	76.9	122.5
6249	30.8	77.6	99.8
6250	21.3	51.8	71.6
6251	27.0	63.5	88.6
6252	22.6	66.5	97.6
6253	25.1	53.9	87.3
6254	20.3	59.4	77.5
6255	26.0	52.1	86.9
6256	28.2	89.8	148.8
6257	29.3	79.5	87.9
6258	30.0	53.5	81.1
6259	32.5	50.8	85.6
6260	23.2	78.8	122.9
6261	21.8	67.6	91.7
6262	32.8	81.5	134.7
6263	22.3	86.9	92.3
6264	34.6	74.0	100.7
6265	32.6	57.5	109.2
6266	27.5	81.3	80.7
6267	34.7	88.2	109.7
6268	21.5	73.2	71.7
6269	24.5	77.3	101.0
6270	29.6	63.5	109.0
6271	25.3	65.3	104.4
6272	33.9	79.4	121.9
6273	21.0	87.1	110.0
6274	28.2	75.2	101.7
6275	28.9	81.6	103.2
6276	29.8	56.9	105.8
6277	23.8	58.5	86.3
6278	25.5	71.3	93.3
6279	32.7	57.1	89.7
6280	22.9	75.4	76.0
6281	32.4	61.7	114.1
6282	28.4	81.7	121.9
6283	31.4	82.3	120.6
6284	30.7	68.6	92.1
6285	23.1	57.2	78.8
6286	28.5	75.9	53.7
6287	33.0	89.7	125.4
6288	26.5	74.9	108.3
6289	34.5	51.4	100.4
6290	26.8	50.7	84.2
6291	22.1	62.8	52.5
6292	25.8	57.8	78.5
6293	34.3	82.5	126.2
6294	24.8	83.8	110.2
6295	33.0	60.3	91.4
6296	33.2	63.0	126.3
6297	25.3	59.4	94.5
6298	21.2	86.3	91.1
6299	30.9	70.1	120.2
6300	24.7	76.2	102.7
6301	31.7	66.6	97.8
6302	26.6	75.2	90.2
6303	27.3	65.4	117.0
6304	31.7	63.6	103.7
6305	25.7	75.4	82.6
6306	26.6	73.6	108.9
6307	25.6	61.7	85.3
6308	25.5	56.0	70.2
6309	27.9	64.7	99.4
6310	32.1	66.6	111.0
6311	25.4	75.1	111.3
6312	27.9	86.6	101.3
6313	30.1	51.4	110.6
6314	24.0	59.7	64.7
6315	24.2	57.7	58.1
6316	34.0	70.1	118.1
6317	30.9	67.2	116.1
6318	28.7	79.2	108.0
6319	29.7	59.7	101.2
6320	20.4	73.8	99.2
6321	29.3	85.4	99.0
6322	27.6	86.4	133.6
6323	28.2	88.4	116.7
6324	25.4	80.9	99.0
6325	21.2	86.2	104.2
6326	22.9	59.4	90.2
6327	34.3	57.9	131.7
6328	26.1	50.3	92.2
6329	27.0	78.3	102.3
6330	20.8	87.5	115.4
6331	20.6	57.5	76.4
6332	30.8	75.5	111.2
6333	28.1	79.9	109.5
6334	27.6	87.1	109.1
6335	23.6	75.9	102.0
6336	31.2	88.8	110.8
6337	22.5	63.8	96.5
6338	22.8	64.0	107.4
6339	26.9	71.7	79.6
6340	24.3	65.3	105.0
6341	23.7	50.1	96.4
6342	29.7	79.3	110.2
6343	29.8	80.1	113.7
6344	32.4	79.9	114.2
6345	26.3	63.8	76.7
6346	21.1	70.9	76.5
6347	24.1	64.4	60.1
6348	34.7	50.6	82.4
6349	28.9	72.5	116.0
6350	30.6	55.0	100.0
6351	20.1	53.2	80.6
6352	27.8	80.2	107.1
6353	20.6	50.4	73.7
6354	28.5	88.4	125.2
6355	33.8	70.6	88.8
6356	34.5	89.3	108.1
6357	28.1	52.3	86.5
6358	26.9	73.3	86.6
6359	34.2	64.0	128.3
6360	30.1	83.7	102.8
6361	21.0	64.4	98.0
6362	27.0	60.4	107.2
6363	23.6	84.3	100.2
6364	27.0	65.0	101.4
6365	26.8	50.7	108.8
6366	28.7	65.6	121.7
6367	25.4	76.2	83.6
6368	22.5	60.2	93.5
6369	27.6	67.3	92.6
6370	32.5	52.3	103.6
6371	30.0	73.5	104.1
6372	25.1	80.3	88.2
6373	34.0	66.5	116.0
6374	33.7	66.8	122.8
6375	23.1	53.5	91.1
6376	20.6	58.1	50.9
6377	31.1	56.2	107.5
6378	32.4	69.3	115.4
6379	34.5	71.2	101.8
6380	33.3	88.0	116.6
6381	29.0	52.9	73.4
6382	28.0	74.0	114.0
6383	20.4	71.1	100.2
6384	23.7	70.6	94.0
6385	26.9	84.9	95.1
6386	29.4	58.2	120.2
6387	28.4	51.6	69.0
6388	31.1	76.9	93.8
6389	24.2	63.8	83.2
6390	28.5	50.7	90.3
6391	21.3	60.1	84.9
6392	26.2	62.4	91.0
6393	31.3	74.7	121.8
6394	30.4	56.9	112.4
6395	34.9	66.5	96.9
6396	24.2	69.3	103.3
6397	27.5	68.4	85.7
6398	24.9	89.0	86.1
6399	26.6	51.8	60.3
6400	32.9	88.0	112.0
6401	30.3	73.3	109.8
6402	33.2	81.8	117.8
6403	23.1	67.2	112.4
6404	33.1	68.2	112.2
6405	20.9	85.2	91.6
6406	33.3	85.8	135.1
6407	24.9	59.5	100.1
6408	24.7	58.0	94.0
6409	27.7	69.8	81.8
6410	34.1	86.0	98.1
6411	20.7	62.9	89.1
6412	25.3	76.1	104.0
6413	32.8	78.3	111.7
6414	25.9	81.1	89.4
6415	23.0	72.6	81.4
6416	26.4	66.1	73.8
6417	25.8	88.7	107.2
6418	33.7	74.5	95.6
6419	31.4	79.1	112.0
6420	27.6	63.8	94.5
6421	34.8	76.8	114.8
6422	27.0	60.3	110.5
6423	20.9	59.8	72.6
6424	23.9	78.6	83.5
6425	26.5	70.9	119.1
6426	22.4	77.3	70.0
6427	34.2	60.8	104.9
6428	31.5	73.9	76.8
6429	24.0	67.8	90.4
6430	28.9	73.9	121.4
6431	30.8	61.6	119.1
6432	34.1	78.6	127.4
6433	33.2	82.2	112.3
6434	27.7	60.4	124.9
6435	31.6	62.0	115.7
6436	28.4	76.4	102.6
6437	28.3	77.8	97.9
6438	21.7	78.2	90.1
6439	21.9	77.3	71.2
6440	27.9	65.7	82.5
6441	24.0	65.8	78.1
6442	20.3	60.2	102.9
6443	30.8	56.3	102.7
6444	20.5	77.7	104.5
6445	28.9	53.7	108.5
6446	28.1	87.5	105.1
6447	34.5	83.1	135.6
6448	27.3	84.3	102.7
6449	21.0	86.3	93.8
6450	28.3	66.3	109.8
6451	32.6	83.9	146.6
6452	35.0	56.3	117.7
6453	26.5	50.9	87.8
6454	24.8	81.4	101.6
6455	33.6	53.0	95.9
6456	22.9	89.5	75.4
6457	29.2	77.0	79.9
6458	26.1	80.1	96.0
6459	20.6	59.8	78.0
6460	25.2	77.0	97.6
6461	24.0	51.7	83.8
6462	30.3	83.5	119.9
6463	34.2	56.8	96.5
6464	24.0	77.9	114.8
6465	32.2	59.0	106.0
6466	20.8	52.7	37.6
6467	28.1	69.3	102.2
6468	21.1	56.8	76.2
6469	34.0	79.2	105.6
6470	31.5	59.5	107.6
6471	29.9	63.7	105.3
6472	32.4	72.7	134.8
6473	29.7	61.4	92.3
6474	34.5	65.1	100.1
6475	30.7	82.6	123.6
6476	33.9	57.2	121.1
6477	27.8	53.3	87.3
6478	21.8	63.1	82.4
6479	27.9	67.0	88.1
6480	21.9	71.7	75.0
6481	28.9	64.9	77.8
6482	27.2	81.6	81.2
6483	29.3	51.6	105.6
6484	20.2	67.3	71.8
6485	22.9	65.3	85.1
6486	27.4	75.9	108.4
6487	34.3	88.7	105.8
6488	25.8	70.4	57.5
6489	26.4	89.5	115.6
6490	30.7	62.1	106.9
6491	29.1	51.2	81.8
6492	24.5	56.6	80.8
6493	26.2	65.8	69.2
6494	23.3	62.7	73.1
6495	34.5	53.9	100.1
6496	22.0	67.3	89.7
6497	25.6	63.5	76.7
6498	20.4	54.9	72.4
6499	23.3	61.8	88.0
6500	31.7	85.5	86.3
6501	23.0	62.1	54.5
6502	21.2	78.6	111.2
6503	27.1	74.5	106.6
6504	20.1	67.1	98.4
6505	21.3	59.6	78.8
6506	32.1	64.8	126.9
6507	31.6	73.7	120.2
6508	33.7	64.0	105.4
6509	32.8	58.6	108.2
6510	30.2	54.7	92.1
6511	20.8	85.2	91.0
6512	31.7	67.6	85.7
6513	32.7	75.0	103.6
6514	32.0	69.6	114.2
6515	27.6	84.9	93.3
6516	23.5	71.9	84.1
6517	32.7	69.2	124.9
6518	30.9	87.0	143.9
6519	34.7	78.8	123.3
6520	22.3	54.5	70.1
6521	23.4	57.1	77.7
6522	23.2	81.5	106.9
6523	31.9	83.4	115.2
6524	22.8	71.8	89.2
6525	21.0	72.2	86.4
6526	35.0	75.3	101.8
6527	20.4	67.6	74.4
6528	32.5	77.2	127.0
6529	25.5	54.3	71.2
6530	32.6	88.5	124.4
6531	28.3	80.0	111.1
6532	33.5	75.2	134.0
6533	33.9	62.7	106.5
6534	20.1	56.4	107.1
6535	21.1	66.4	113.4
6536	23.8	76.5	86.9
6537	30.0	75.3	112.0
6538	33.3	65.3	108.0
6539	26.9	74.5	106.0
6540	29.1	82.5	118.4
6541	22.8	51.1	90.6
6542	32.1	68.0	104.8
6543	34.5	80.3	107.0
6544	24.0	71.8	68.9
6545	27.4	76.1	112.6
6546	21.3	70.7	98.6
6547	28.4	89.7	121.8
6548	27.5	52.2	85.9
6549	22.2	69.6	81.8
6550	26.6	53.7	84.4
6551	25.0	56.4	68.2
6552	27.8	65.3	89.9
6553	28.8	56.2	96.0
6554	20.1	88.5	95.7
6555	31.4	87.9	132.6
6556	30.7	63.4	105.7
6557	25.5	75.6	106.1
6558	20.8	71.4	80.5
6559	31.3	82.6	139.1
6560	34.3	75.1	144.6
6561	23.6	50.0	51.0
6562	24.9	80.5	79.1
6563	22.8	79.9	96.9
6564	28.7	70.4	96.0
6565	22.3	86.1	136.3
6566	25.3	86.3	100.7
6567	30.5	71.0	103.6
6568	28.4	74.3	86.1
6569	25.8	89.9	132.7
6570	26.3	62.0	98.6
6571	28.4	63.0	84.1
6572	20.1	57.3	67.8
6573	21.2	85.8	92.9
6574	33.2	79.8	125.9
6575	21.2	54.2	100.9
6576	30.6	89.3	116.5
6577	33.8	79.2	122.2
6578	24.1	84.0	106.6
6579	25.6	51.9	95.5
6580	28.5	70.2	109.8
6581	33.2	77.9	110.3
6582	34.1	71.7	94.5
6583	31.1	76.7	110.5
6584	21.3	82.7	98.8
6585	30.0	65.0	113.1
6586	26.2	83.9	130.3
6587	27.1	56.5	94.7
6588	20.7	60.8	119.5
6589	22.9	51.7	94.6
6590	31.9	64.6	129.2
6591	26.8	65.2	89.9
6592	24.5	82.2	103.5
6593	25.8	76.1	125.6
6594	32.8	67.5	124.0
6595	31.2	76.1	82.9
6596	24.1	52.1	72.1
6597	21.8	57.2	67.4
6598	23.8	75.1	67.8
6599	33.8	75.7	126.5
6600	28.7	81.0	118.3
6601	28.0	66.1	125.8
6602	28.9	78.9	128.3
6603	25.5	77.4	111.2
6604	32.1	88.5	138.7
6605	27.8	58.6	96.8
6606	21.8	72.1	95.6
6607	21.9	74.1	88.3
6608	28.1	89.9	113.4
6609	34.0	58.0	105.8
6610	24.6	70.9	100.0
6611	33.0	63.8	100.9
6612	31.5	71.0	80.2
6613	23.7	59.3	77.0
6614	20.5	51.9	62.8
6615	21.5	72.9	90.2
6616	30.9	63.4	111.4
6617	23.0	57.3	86.9
6618	25.6	63.0	99.5
6619	27.5	52.0	87.5
6620	30.9	88.0	107.7
6621	21.7	73.2	90.5
6622	26.1	82.6	102.3
6623	27.3	66.9	81.4
6624	28.1	86.1	104.3
6625	32.3	69.3	105.7
6626	22.6	73.0	90.8
6627	32.1	69.7	109.1
6628	30.4	79.3	100.4
6629	28.3	72.7	105.2
6630	30.5	60.9	114.2
6631	26.2	55.8	102.5
6632	22.1	74.2	97.6
6633	30.0	69.6	126.3
6634	27.9	53.8	90.4
6635	29.6	65.8	90.7
6636	25.1	70.6	59.7
6637	33.6	83.1	135.9
6638	28.8	53.0	88.8
6639	21.3	63.9	73.4
6640	26.7	82.9	109.9
6641	31.3	75.9	100.1
6642	31.9	61.6	93.3
6643	27.4	83.8	127.5
6644	33.4	69.7	90.4
6645	24.0	69.9	81.4
6646	26.2	89.1	91.5
6647	33.5	87.9	119.4
6648	33.4	64.3	92.1
6649	30.3	55.6	91.7
6650	32.9	63.0	90.2
6651	21.3	51.2	107.6
6652	33.0	50.8	103.4
6653	24.8	65.8	76.3
6654	22.7	87.6	87.8
6655	23.6	84.9	89.2
6656	26.3	70.5	85.7
6657	23.8	72.6	119.5
6658	24.8	50.2	78.3
6659	22.0	58.6	94.2
6660	24.4	51.0	90.8
6661	28.6	80.2	106.9
6662	26.6	55.8	62.6
6663	25.2	84.8	117.0
6664	31.2	75.7	134.3
6665	33.4	59.2	109.4
6666	31.4	56.3	102.7
6667	25.0	75.1	100.5
6668	31.2	86.0	101.9
6669	22.3	78.7	82.1
6670	22.0	63.9	80.7
6671	25.2	73.5	91.4
6672	32.1	62.4	115.1
6673	23.7	90.0	99.7
6674	20.9	80.0	77.3
6675	22.0	74.6	79.8
6676	32.9	66.9	108.4
6677	29.5	74.7	102.9
6678	23.8	63.7	113.2
6679	28.3	51.2	80.5
6680	27.9	65.8	96.4
6681	29.8	87.2	104.5
6682	23.5	75.1	69.2
6683	33.0	53.4	91.7
6684	24.6	85.4	113.8
6685	30.4	60.8	112.3
6686	20.2	59.8	92.7
6687	25.6	61.9	78.8
6688	25.3	73.1	96.2
6689	28.2	71.8	116.0
6690	21.1	69.7	78.9
6691	31.9	78.7	104.3
6692	23.3	62.7	68.6
6693	30.2	81.3	112.9
6694	32.0	57.0	106.6
6695	28.4	81.3	99.6
6696	31.1	76.6	93.1
6697	29.9	77.3	101.4
6698	25.3	69.3	91.9
6699	32.1	76.7	81.3
6700	24.4	53.2	54.5
6701	28.6	84.1	99.4
6702	31.2	52.2	109.0
6703	25.7	55.9	112.4
6704	24.5	73.1	93.9
6705	26.9	79.6	112.3
6706	32.3	53.1	78.4
6707	33.9	86.8	126.5
6708	28.2	88.9	123.4
6709	29.9	74.2	116.2
6710	33.5	69.2	108.7
6711	21.5	79.7	77.9
6712	23.5	63.1	73.2
6713	30.6	69.7	100.2
6714	32.4	86.6	89.6
6715	32.9	88.2	105.2
6716	26.2	87.1	100.8
6717	21.3	60.5	75.8
6718	26.6	59.3	67.3
6719	23.5	61.9	104.2
6720	24.4	67.7	95.1
6721	31.6	62.6	113.6
6722	21.1	65.0	89.1
6723	32.4	74.8	85.1
6724	26.4	80.5	101.2
6725	28.9	79.4	89.5
6726	21.3	82.6	74.3
6727	25.1	51.3	90.5
6728	21.3	51.9	76.0
6729	34.4	81.6	129.3
6730	32.1	71.3	112.9
6731	26.9	73.1	105.2
6732	23.4	52.1	73.6
6733	34.0	60.2	85.8
6734	25.2	75.5	108.6
6735	22.4	84.4	88.9
6736	28.4	86.7	92.7
6737	34.2	70.0	126.2
6738	20.1	71.8	100.8
6739	23.6	83.3	91.1
6740	34.1	71.5	125.9
6741	22.6	70.7	86.3
6742	21.7	86.2	84.8
6743	28.6	81.6	113.6
6744	32.9	86.4	98.2
6745	27.2	58.7	88.3
6746	34.9	71.0	142.9
6747	30.2	83.7	120.4
6748	21.1	54.4	95.2
6749	34.9	81.8	136.9
6750	26.1	57.3	79.5
6751	24.3	82.3	91.1
6752	28.4	74.5	90.9
6753	24.6	57.7	99.1
6754	21.3	68.9	122.5
6755	20.0	77.3	80.0
6756	26.7	75.4	85.7
6757	32.6	67.1	118.1
6758	28.6	86.0	105.7
6759	35.0	70.8	112.8
6760	24.3	70.2	103.9
6761	24.2	52.5	71.7
6762	22.4	86.9	115.5
6763	22.5	57.1	74.1
6764	24.3	71.1	101.7
6765	31.9	82.1	112.7
6766	33.6	58.6	114.3
6767	34.6	71.1	138.8
6768	23.5	59.6	104.0
6769	33.2	80.4	101.4
6770	24.9	72.6	98.5
6771	21.7	84.2	91.0
6772	33.1	85.8	110.5
6773	29.5	75.9	102.5
6774	22.5	79.0	107.3
6775	26.4	72.0	96.1
6776	24.3	65.4	100.5
6777	31.1	75.9	114.5
6778	26.8	86.3	96.7
6779	34.8	66.7	126.8
6780	20.8	62.6	73.3
6781	25.3	65.5	89.6
6782	27.2	67.4	77.6
6783	27.5	52.9	71.0
6784	24.7	69.9	94.4
6785	30.9	69.8	110.8
6786	33.1	73.5	90.3
6787	34.1	64.5	91.6
6788	32.1	74.5	103.4
6789	32.8	85.1	131.7
6790	28.3	88.2	129.9
6791	32.4	73.3	120.9
6792	24.6	51.7	74.9
6793	26.0	88.8	129.7
6794	24.8	78.2	105.7
6795	27.0	63.4	91.6
6796	24.3	55.9	112.3
6797	34.4	55.7	106.9
6798	24.7	56.7	123.7
6799	21.5	51.8	84.3
6800	27.9	86.1	108.7
6801	20.9	71.6	94.8
6802	21.7	78.0	96.8
6803	23.3	83.1	94.4
6804	27.0	81.7	111.3
6805	26.5	85.3	104.9
6806	32.0	88.7	107.6
6807	31.1	67.6	100.9
6808	26.4	88.0	116.9
6809	25.0	78.9	70.9
6810	24.7	52.8	99.7
6811	31.6	77.3	102.9
6812	20.8	77.5	89.0
6813	20.2	86.2	75.2
6814	31.9	64.9	81.3
6815	27.2	73.4	76.2
6816	22.0	50.5	87.5
6817	23.5	63.3	92.5
6818	34.0	52.5	111.8
6819	32.9	70.9	115.9
6820	30.6	82.7	110.0
6821	27.2	58.3	93.2
6822	27.8	71.1	140.5
6823	34.6	58.2	117.0
6824	34.5	54.8	97.1
6825	23.2	70.4	101.6
6826	32.2	53.2	111.1
6827	23.0	73.5	112.9
6828	23.2	51.3	90.3
6829	30.1	54.3	106.9
6830	26.1	72.0	98.7
6831	34.0	73.7	103.7
6832	21.3	51.2	87.0
6833	27.7	72.9	120.2
6834	33.8	83.5	119.9
6835	33.6	78.9	122.2
6836	22.3	55.2	81.7
6837	25.5	73.7	89.9
6838	29.3	76.9	100.0
6839	22.4	51.5	69.1
6840	34.5	84.2	111.7
6841	33.7	86.3	128.2
6842	22.5	84.0	106.7
6843	21.8	83.0	73.9
6844	21.3	79.8	109.6
6845	33.6	75.3	142.5
6846	22.9	77.1	78.6
6847	26.2	82.3	98.6
6848	26.7	76.5	123.5
6849	29.0	63.1	95.8
6850	21.1	65.0	65.9
6851	23.4	85.9	93.6
6852	34.0	50.7	123.9
6853	33.6	78.0	112.7
6854	31.7	88.2	116.4
6855	20.3	78.2	70.3
6856	24.9	89.8	82.1
6857	29.4	77.5	97.8
6858	24.1	51.4	95.3
6859	33.6	83.1	115.9
6860	29.5	61.4	99.2
6861	21.1	67.8	69.8
6862	33.6	62.5	111.3
6863	34.4	60.7	124.7
6864	21.2	67.3	99.3
6865	28.0	65.2	110.8
6866	24.6	75.3	106.5
6867	25.9	82.5	85.4
6868	22.7	61.9	62.3
6869	28.7	58.5	59.6
6870	34.4	76.7	102.4
6871	27.5	76.8	119.6
6872	21.2	86.0	98.8
6873	29.3	50.6	67.1
6874	25.1	84.1	95.1
6875	32.8	70.8	108.8
6876	26.5	74.9	83.7
6877	22.9	53.7	94.5
6878	22.9	67.3	99.9
6879	31.5	59.1	102.8
6880	24.0	60.2	73.0
6881	31.5	70.2	90.4
6882	23.1	82.5	101.5
6883	24.8	79.8	74.1
6884	27.0	73.6	98.4
6885	34.1	71.6	134.3
6886	34.0	67.1	99.9
6887	23.1	88.9	99.9
6888	25.4	72.4	106.3
6889	22.2	60.2	77.4
6890	27.6	59.2	72.5
6891	26.9	74.5	96.6
6892	33.5	70.9	102.0
6893	34.0	50.3	97.3
6894	25.8	83.2	90.5
6895	27.4	78.2	96.6
6896	33.4	76.5	109.1
6897	32.1	52.8	97.7
6898	20.1	64.5	91.0
6899	24.8	87.4	98.3
6900	26.3	84.5	87.9
6901	23.4	61.4	75.0
6902	23.0	56.3	71.4
6903	20.6	68.0	85.0
6904	29.7	64.2	104.4
6905	23.9	77.3	83.4
6906	20.8	88.7	69.5
6907	23.5	64.5	68.7
6908	32.0	52.5	78.2
6909	32.8	85.9	113.0
6910	27.2	51.5	77.7
6911	26.2	88.1	106.8
6912	34.7	76.6	125.3
6913	23.0	87.7	77.1
6914	23.2	58.0	74.4
6915	24.4	51.6	87.4
6916	22.6	69.5	87.2
6917	25.7	68.0	111.0
6918	33.7	63.3	126.8
6919	29.2	88.3	100.4
6920	26.2	82.9	87.3
6921	34.0	76.5	135.3
6922	20.7	56.5	92.0
6923	23.2	79.4	102.0
6924	28.5	79.1	118.1
6925	29.2	67.0	119.0
6926	20.6	87.0	64.5
6927	26.0	56.7	109.8
6928	29.7	60.7	102.9
6929	30.5	52.5	111.5
6930	29.6	81.8	135.0
6931	24.8	74.9	116.5
6932	21.4	62.6	64.9
6933	26.4	56.6	96.0
6934	21.9	51.6	87.9
6935	34.2	56.7	114.1
6936	27.1	68.1	117.7
6937	24.8	59.9	101.6
6938	31.5	60.4	78.3
6939	27.5	85.0	79.6
6940	24.7	70.6	94.3
6941	32.2	79.2	111.3
6942	33.0	51.4	89.4
6943	30.1	64.6	93.1
6944	20.7	69.2	88.2
6945	28.5	57.5	77.5
6946	31.4	54.8	80.9
6947	22.0	84.8	91.5
6948	23.4	87.6	115.3
6949	33.2	53.2	123.0
6950	20.3	64.0	85.8
6951	31.3	88.3	115.1
6952	27.1	53.3	78.5
6953	26.7	75.7	75.7
6954	20.1	88.9	82.0
6955	32.3	89.1	111.6
6956	25.4	68.8	89.1
6957	28.1	56.5	109.4
6958	30.2	58.1	104.2
6959	30.5	85.6	140.2
6960	34.3	86.5	144.7
6961	28.0	74.3	142.1
6962	26.0	80.6	108.1
6963	34.3	79.6	120.2
6964	29.6	76.5	81.9
6965	24.5	83.1	103.1
6966	21.9	77.4	88.4
6967	32.6	71.4	101.2
6968	25.4	59.5	103.1
6969	29.9	79.8	127.0
6970	27.1	68.9	100.5
6971	23.0	61.8	93.5
6972	29.0	82.1	121.9
6973	20.9	77.9	85.0
6974	26.2	87.5	89.8
6975	28.2	56.6	82.7
6976	26.5	76.0	90.2
6977	31.2	59.8	94.0
6978	32.4	86.1	114.6
6979	31.6	54.0	106.6
6980	20.6	76.2	101.4
6981	22.9	81.6	93.3
6982	28.0	64.2	95.9
6983	34.0	88.2	127.6
6984	32.5	84.0	104.8
6985	32.6	61.8	98.2
6986	24.5	50.3	85.6
6987	26.4	61.9	72.5
6988	27.1	61.3	90.1
6989	22.4	85.6	98.4
6990	20.5	88.7	96.5
6991	34.2	52.8	101.0
6992	23.6	68.9	94.3
6993	23.6	71.9	92.2
6994	21.3	53.7	63.3
6995	33.9	65.1	126.4
6996	28.7	62.7	121.7
6997	30.0	71.4	105.4
6998	33.7	76.4	105.8
6999	25.2	78.1	81.2
7000	29.3	55.5	92.6
7001	20.6	82.5	76.2
7002	22.8	77.1	84.9
7003	32.5	85.6	118.2
7004	31.5	68.0	106.5
7005	25.3	85.8	102.7
7006	25.7	84.6	86.7
7007	28.0	67.5	76.8
7008	20.0	65.2	86.8
7009	23.6	87.3	100.6
7010	23.1	78.6	111.4
7011	23.8	87.1	105.5
7012	32.1	81.9	86.2
7013	24.2	74.4	112.6
7014	22.9	54.6	78.8
7015	27.6	61.7	117.1
7016	33.0	88.8	124.2
7017	23.6	62.8	83.9
7018	21.2	53.7	68.6
7019	25.3	78.3	119.9
7020	31.2	79.4	103.9
7021	28.3	61.4	95.3
7022	32.3	61.9	124.2
7023	34.4	68.8	130.3
7024	31.9	50.9	106.6
7025	29.1	81.6	117.6
7026	27.4	62.7	89.3
7027	20.6	84.2	63.6
7028	34.8	82.1	94.1
7029	25.8	76.5	86.7
7030	22.3	63.0	91.9
7031	30.0	70.7	99.5
7032	24.3	67.8	105.8
7033	28.8	63.6	101.7
7034	28.8	83.9	121.7
7035	26.7	69.3	94.5
7036	32.5	83.3	136.0
7037	24.0	54.2	83.2
7038	26.7	55.6	72.9
7039	28.1	89.1	99.7
7040	30.0	73.5	111.2
7041	31.8	70.4	133.6
7042	25.9	70.9	99.9
7043	29.7	58.6	100.9
7044	22.3	78.7	89.2
7045	34.0	53.4	105.5
7046	25.7	72.9	105.7
7047	30.9	72.8	120.8
7048	20.3	86.6	97.1
7049	23.1	71.0	110.1
7050	27.3	55.5	113.7
7051	33.2	72.9	100.4
7052	27.9	53.7	132.2
7053	33.9	58.2	111.3
7054	27.3	51.2	95.8
7055	27.4	70.5	104.4
7056	21.8	53.4	78.3
7057	32.0	68.8	117.0
7058	23.7	87.3	113.9
7059	33.5	78.8	114.5
7060	33.7	53.1	119.4
7061	34.1	59.0	99.5
7062	27.8	76.9	115.7
7063	30.2	85.8	108.2
7064	31.7	51.3	85.3
7065	22.0	82.5	89.0
7066	29.0	72.5	94.0
7067	20.5	71.8	88.4
7068	27.5	88.3	109.6
7069	22.3	79.9	80.3
7070	22.7	84.0	88.7
7071	25.5	64.2	83.4
7072	26.5	72.2	124.1
7073	29.3	74.6	111.1
7074	21.1	62.9	76.6
7075	27.6	72.8	87.4
7076	22.7	59.5	89.7
7077	28.6	55.7	89.9
7078	29.6	65.0	107.9
7079	28.4	79.6	95.7
7080	31.1	86.6	116.0
7081	25.0	68.3	92.4
7082	31.5	75.7	86.3
7083	26.5	54.1	108.3
7084	27.3	86.2	107.3
7085	29.7	72.7	72.7
7086	20.3	81.2	79.4
7087	29.8	81.8	105.1
7088	29.3	60.3	87.2
7089	24.6	71.2	91.1
7090	21.3	88.4	78.6
7091	21.4	53.6	85.5
7092	33.8	77.3	101.9
7093	30.3	88.5	128.2
7094	21.9	62.0	94.6
7095	25.4	84.5	94.7
7096	28.9	87.3	97.0
7097	32.5	79.9	104.9
7098	20.7	59.3	91.4
7099	23.5	63.4	85.9
7100	33.3	51.4	121.9
7101	20.1	83.3	62.5
7102	23.0	84.0	83.7
7103	34.4	75.3	114.6
7104	29.2	64.1	105.1
7105	23.9	53.1	130.6
7106	21.0	80.1	115.3
7107	20.4	79.1	91.2
7108	23.7	86.5	107.8
7109	33.2	79.2	134.1
7110	26.2	83.1	70.5
7111	30.8	79.8	121.4
7112	33.8	75.2	95.0
7113	26.1	67.1	79.7
7114	22.9	86.1	92.1
7115	27.8	76.0	77.4
7116	33.6	65.9	106.9
7117	32.1	53.3	76.2
7118	21.0	61.6	98.2
7119	30.4	71.7	120.9
7120	28.6	61.0	145.6
7121	33.6	58.8	109.1
7122	21.8	71.1	88.1
7123	28.0	56.8	99.7
7124	33.2	82.0	142.9
7125	26.2	69.4	76.0
7126	27.2	73.0	102.9
7127	21.1	55.9	72.9
7128	24.2	63.0	81.6
7129	24.9	66.4	100.7
7130	34.2	82.3	105.5
7131	24.2	80.8	119.8
7132	26.9	58.9	85.3
7133	30.1	74.6	100.6
7134	22.4	59.7	73.3
7135	27.3	89.5	109.5
7136	31.1	88.1	114.0
7137	33.0	72.5	91.3
7138	29.4	78.0	93.9
7139	30.0	82.1	85.9
7140	21.9	78.8	90.9
7141	34.2	78.0	133.0
7142	22.0	88.3	78.5
7143	31.6	73.9	118.1
7144	24.0	75.5	102.5
7145	34.0	84.0	121.1
7146	30.8	76.8	107.3
7147	31.3	79.3	105.6
7148	23.3	59.4	93.5
7149	26.6	64.9	86.1
7150	29.3	55.9	98.5
7151	31.5	70.2	99.7
7152	21.6	68.2	67.9
7153	34.4	89.9	109.0
7154	33.4	74.4	107.5
7155	24.1	81.5	115.7
7156	32.3	63.4	100.4
7157	27.8	83.3	114.6
7158	26.9	74.6	84.0
7159	24.7	77.9	108.2
7160	28.7	61.8	64.3
7161	30.9	71.9	110.0
7162	26.2	75.4	77.1
7163	29.4	73.6	104.7
7164	30.5	86.6	99.1
7165	30.7	85.9	128.2
7166	20.8	88.8	109.5
7167	32.9	76.7	119.6
7168	26.9	88.9	90.0
7169	23.9	83.3	93.2
7170	23.6	60.8	70.1
7171	27.2	67.1	92.7
7172	33.3	59.5	116.9
7173	25.7	50.2	112.1
7174	31.2	57.5	107.0
7175	21.5	50.2	97.2
7176	27.1	78.8	118.7
7177	34.9	67.0	127.4
7178	31.6	62.5	97.6
7179	23.2	80.5	105.6
7180	27.5	83.3	100.9
7181	23.5	89.0	100.6
7182	26.1	75.7	73.7
7183	31.7	68.5	101.0
7184	31.6	62.2	99.6
7185	23.4	58.9	70.3
7186	33.8	58.5	75.9
7187	28.9	66.4	90.2
7188	25.7	89.7	99.3
7189	27.5	50.0	97.8
7190	29.1	57.9	104.1
7191	28.4	57.5	84.0
7192	27.3	78.7	113.5
7193	27.6	64.1	98.7
7194	22.6	68.3	91.8
7195	32.2	55.9	132.8
7196	28.1	66.2	116.9
7197	22.0	54.1	81.7
7198	31.5	71.3	107.4
7199	34.0	53.9	110.9
7200	34.2	81.6	137.4
7201	25.5	72.7	110.4
7202	22.0	79.0	89.9
7203	27.8	66.7	106.6
7204	21.7	65.3	84.6
7205	34.0	53.9	116.5
7206	22.8	71.0	104.8
7207	23.8	70.6	89.4
7208	26.1	68.7	112.0
7209	25.7	79.6	92.3
7210	31.9	83.3	125.8
7211	26.8	80.0	102.8
7212	22.6	55.8	106.1
7213	24.0	74.9	111.4
7214	27.6	53.2	90.2
7215	22.2	77.8	104.0
7216	29.2	65.3	115.5
7217	28.5	55.3	92.5
7218	30.7	84.5	102.2
7219	34.1	74.6	104.6
7220	33.7	64.2	98.5
7221	34.2	51.2	101.5
7222	23.7	71.5	78.4
7223	22.0	86.9	104.6
7224	24.5	73.9	87.8
7225	33.4	88.9	132.9
7226	34.6	55.5	126.4
7227	32.9	72.7	86.2
7228	21.7	81.9	75.3
7229	34.2	71.0	121.8
7230	26.4	53.6	105.8
7231	20.1	73.3	85.7
7232	26.6	74.5	114.8
7233	20.7	79.1	100.4
7234	28.2	80.4	89.7
7235	25.1	80.8	96.2
7236	27.1	76.5	100.7
7237	29.2	58.6	89.8
7238	33.0	66.2	95.7
7239	29.9	81.0	97.7
7240	26.5	88.1	90.1
7241	32.3	53.2	95.3
7242	33.6	71.4	116.7
7243	21.8	62.5	66.5
7244	28.0	59.0	77.7
7245	24.3	70.2	102.8
7246	20.7	74.2	111.3
7247	30.0	50.4	114.6
7248	32.9	81.2	85.3
7249	22.4	82.8	86.6
7250	32.2	88.6	103.2
7251	32.8	57.2	101.7
7252	33.7	73.8	112.1
7253	24.0	67.1	76.2
7254	33.6	63.4	86.5
7255	24.8	72.6	90.3
7256	28.3	81.3	93.5
7257	20.8	50.9	73.3
7258	20.7	88.8	100.8
7259	30.8	82.4	110.8
7260	26.7	80.0	99.4
7261	23.8	80.4	80.6
7262	22.9	65.6	54.7
7263	30.0	80.1	87.4
7264	20.0	65.5	91.3
7265	32.1	85.9	123.8
7266	21.2	57.1	94.2
7267	22.9	61.7	95.1
7268	25.8	72.1	91.2
7269	27.3	62.8	72.2
7270	25.3	67.0	102.3
7271	24.8	69.7	90.0
7272	34.5	84.3	101.3
7273	29.6	70.9	110.1
7274	20.4	64.5	59.5
7275	26.5	59.9	105.6
7276	33.1	66.3	124.9
7277	24.5	70.6	101.5
7278	21.4	79.8	108.4
7279	31.4	54.8	108.1
7280	29.1	58.9	107.0
7281	28.6	65.2	112.3
7282	20.8	64.4	76.4
7283	22.1	65.7	73.5
7284	29.3	81.7	110.0
7285	23.1	63.0	97.3
7286	27.6	70.1	121.5
7287	28.2	75.0	112.8
7288	24.3	59.3	74.7
7289	34.2	78.7	110.4
7290	32.6	71.9	111.5
7291	30.8	67.9	95.6
7292	21.2	82.4	81.3
7293	21.6	59.7	89.2
7294	27.4	85.3	108.1
7295	22.4	72.4	108.4
7296	34.7	74.4	146.0
7297	22.4	85.0	107.3
7298	27.3	82.7	109.7
7299	25.5	74.1	85.3
7300	29.6	80.1	87.6
7301	21.9	67.3	92.7
7302	26.5	71.9	85.8
7303	24.1	52.5	53.1
7304	33.3	53.6	119.4
7305	20.6	83.2	95.1
7306	33.7	52.4	91.7
7307	32.5	56.8	123.2
7308	24.5	81.8	114.8
7309	31.8	50.0	94.7
7310	20.5	61.3	95.7
7311	34.5	73.4	125.4
7312	27.9	73.8	106.2
7313	24.5	81.1	112.7
7314	25.4	70.2	127.3
7315	21.0	70.4	81.0
7316	34.8	79.0	108.0
7317	20.6	69.9	95.1
7318	29.8	74.3	104.0
7319	26.6	85.9	103.6
7320	34.2	66.1	111.2
7321	23.7	65.4	92.4
7322	28.0	50.1	76.1
7323	27.2	74.5	78.8
7324	30.5	51.2	98.5
7325	21.0	70.2	93.1
7326	22.9	82.2	96.3
7327	23.2	72.0	78.8
7328	31.1	60.8	91.8
7329	22.8	81.4	113.7
7330	28.6	60.8	96.7
7331	23.2	79.3	89.4
7332	32.9	74.4	113.9
7333	34.1	56.8	100.9
7334	27.8	86.2	94.8
7335	25.3	58.0	106.7
7336	23.5	89.6	79.9
7337	20.7	50.3	69.1
7338	24.0	60.5	81.6
7339	29.8	58.0	88.0
7340	28.0	50.6	91.7
7341	34.2	79.3	121.1
7342	25.9	77.7	111.5
7343	30.4	81.7	110.5
7344	27.3	60.3	85.3
7345	27.7	67.8	113.3
7346	24.0	76.4	99.6
7347	26.8	67.6	102.4
7348	27.1	77.9	111.3
7349	30.6	75.4	106.7
7350	34.1	54.6	103.8
7351	24.9	81.2	78.9
7352	20.6	78.8	75.0
7353	27.4	76.2	115.1
7354	28.2	56.2	103.0
7355	22.5	60.7	109.0
7356	31.4	65.7	98.5
7357	34.8	61.2	98.4
7358	34.2	59.1	121.2
7359	23.0	82.2	86.5
7360	33.1	75.5	113.1
7361	30.6	72.6	98.4
7362	26.8	59.0	81.4
7363	28.1	86.7	102.3
7364	32.7	57.6	100.8
7365	27.2	81.8	111.4
7366	25.6	88.7	88.0
7367	27.4	79.1	117.2
7368	28.7	89.7	94.6
7369	22.8	76.0	143.9
7370	33.5	58.7	117.5
7371	30.1	58.2	77.3
7372	29.5	63.0	102.5
7373	21.5	50.3	69.2
7374	29.1	77.3	103.7
7375	21.8	60.7	61.4
7376	21.2	82.6	93.8
7377	27.9	64.4	119.0
7378	26.0	69.2	95.5
7379	28.8	88.6	112.7
7380	21.3	59.7	76.9
7381	26.5	78.9	109.1
7382	22.6	80.2	91.9
7383	34.8	58.8	129.1
7384	28.4	70.0	111.2
7385	30.3	64.0	96.6
7386	24.9	80.9	93.5
7387	21.4	74.9	48.1
7388	34.6	69.0	100.4
7389	24.3	81.2	93.2
7390	26.4	59.4	57.6
7391	29.7	80.1	109.6
7392	20.4	84.6	108.8
7393	32.2	85.1	103.6
7394	28.0	81.3	103.5
7395	24.2	66.3	102.3
7396	20.9	89.3	89.8
7397	22.4	65.2	81.2
7398	33.4	75.5	107.4
7399	30.3	56.4	114.9
7400	23.7	89.2	112.6
7401	21.0	78.2	82.2
7402	30.4	80.1	102.8
7403	28.6	52.6	92.3
7404	26.1	80.5	97.8
7405	25.5	81.0	89.5
7406	23.3	76.9	88.6
7407	30.0	61.7	101.8
7408	34.6	69.6	127.8
7409	22.6	54.4	90.3
7410	29.0	68.9	115.6
7411	26.4	59.8	51.6
7412	26.7	64.0	72.1
7413	23.8	56.5	95.5
7414	32.4	59.2	108.2
7415	27.3	53.1	96.1
7416	28.2	86.8	112.7
7417	24.6	71.2	107.8
7418	22.7	65.9	112.6
7419	21.3	71.4	91.6
7420	30.7	75.1	98.7
7421	22.9	86.9	110.6
7422	30.4	57.1	104.2
7423	25.9	61.8	98.8
7424	26.2	89.0	110.1
7425	27.0	64.8	78.5
7426	25.5	50.9	81.3
7427	21.5	55.9	93.7
7428	24.6	51.1	80.8
7429	30.0	89.6	115.7
7430	30.0	61.2	97.8
7431	24.3	86.9	92.3
7432	26.9	89.8	84.7
7433	22.9	74.0	80.6
7434	23.2	51.3	56.4
7435	20.3	53.3	80.7
7436	33.5	69.3	120.2
7437	23.2	66.2	89.1
7438	23.4	74.2	68.9
7439	24.2	67.6	96.8
7440	21.9	87.4	113.1
7441	29.6	71.4	116.2
7442	21.1	77.7	78.2
7443	22.0	85.9	78.1
7444	29.7	55.9	105.0
7445	25.1	59.2	102.3
7446	30.6	54.3	103.2
7447	28.4	55.6	78.9
7448	23.8	70.5	85.7
7449	29.8	62.8	124.9
7450	21.7	66.9	106.2
7451	28.0	89.3	98.9
7452	26.6	56.3	95.7
7453	24.0	71.6	81.4
7454	29.1	54.0	112.5
7455	33.1	62.7	96.8
7456	35.0	71.1	123.2
7457	29.1	87.9	109.9
7458	26.1	65.6	88.8
7459	23.4	52.6	79.9
7460	23.9	65.5	90.1
7461	27.2	55.8	99.1
7462	25.5	59.2	86.1
7463	33.7	74.7	131.8
7464	25.5	52.7	65.2
7465	25.6	68.6	90.5
7466	25.8	74.4	92.3
7467	32.5	66.9	131.6
7468	29.8	50.8	114.9
7469	29.2	89.4	105.9
7470	25.0	64.7	102.9
7471	32.3	81.1	115.1
7472	20.6	63.0	102.5
7473	33.1	69.0	80.7
7474	27.7	65.5	86.0
7475	26.0	63.7	65.4
7476	27.5	50.9	76.8
7477	30.0	64.4	102.9
7478	20.2	85.6	86.9
7479	33.1	77.6	75.5
7480	26.7	55.8	97.6
7481	25.1	73.6	112.5
7482	22.1	85.7	98.0
7483	26.6	78.0	114.1
7484	27.4	55.9	111.8
7485	26.1	84.7	103.9
7486	30.2	62.1	100.5
7487	26.3	68.2	88.4
7488	34.4	71.0	124.9
7489	29.0	84.0	97.6
7490	32.1	87.3	100.1
7491	21.6	87.2	105.3
7492	26.0	50.3	120.1
7493	25.1	86.9	84.2
7494	28.5	52.2	79.6
7495	32.9	60.6	95.1
7496	21.2	70.6	81.4
7497	21.1	69.2	69.5
7498	32.8	74.2	112.5
7499	23.2	69.2	110.9
7500	30.0	87.4	115.3
7501	28.1	59.6	91.5
7502	32.5	61.0	92.0
7503	21.9	86.8	86.8
7504	21.9	53.1	96.8
7505	28.4	74.4	85.5
7506	34.2	77.3	117.2
7507	26.2	70.2	115.2
7508	24.9	77.8	103.1
7509	29.1	56.9	99.3
7510	34.0	84.1	132.0
7511	32.6	55.6	99.4
7512	34.9	66.0	115.2
7513	20.3	53.0	81.1
7514	21.7	71.8	94.3
7515	29.1	76.8	119.4
7516	32.3	87.6	138.6
7517	24.3	79.6	101.5
7518	23.6	71.6	94.5
7519	31.8	87.3	92.8
7520	20.8	69.1	81.9
7521	25.5	72.4	114.1
7522	27.6	73.8	97.4
7523	28.4	66.4	91.9
7524	30.9	83.5	96.7
7525	25.3	57.4	68.5
7526	29.2	72.2	95.4
7527	28.8	78.9	94.2
7528	28.2	86.2	123.5
7529	29.6	85.4	132.1
7530	23.9	70.3	97.2
7531	21.3	75.7	103.7
7532	21.8	65.8	92.0
7533	23.4	68.7	95.4
7534	27.5	86.3	120.6
7535	32.6	87.2	122.9
7536	30.5	85.8	122.9
7537	31.8	55.5	82.8
7538	25.3	84.0	93.7
7539	26.1	87.9	91.5
7540	25.9	64.4	102.1
7541	22.9	70.7	86.6
7542	20.9	81.2	94.5
7543	28.9	72.5	97.7
7544	34.8	89.7	98.0
7545	22.5	68.2	83.6
7546	20.7	78.6	80.5
7547	31.7	81.7	133.9
7548	23.8	69.8	91.0
7549	32.4	84.3	132.7
7550	30.6	71.8	94.9
7551	34.2	66.5	128.5
7552	26.1	54.3	104.5
7553	29.9	65.7	93.0
7554	27.0	79.4	102.0
7555	29.5	86.9	108.2
7556	26.7	60.1	88.7
7557	22.8	64.2	101.3
7558	27.6	56.2	93.9
7559	27.9	77.6	118.3
7560	32.2	88.4	116.2
7561	31.0	75.6	101.3
7562	30.0	74.7	136.4
7563	21.7	72.1	83.9
7564	30.8	53.5	100.3
7565	27.5	79.2	90.4
7566	33.4	74.1	139.5
7567	33.8	76.5	115.7
7568	20.8	86.0	108.8
7569	32.3	81.4	123.1
7570	20.6	81.2	78.0
7571	25.5	87.1	105.8
7572	28.1	89.6	109.3
7573	22.2	73.3	108.4
7574	31.2	54.4	124.7
7575	20.1	68.4	60.9
7576	22.5	81.5	66.7
7577	28.7	51.1	95.4
7578	30.7	52.3	85.7
7579	33.7	52.7	119.2
7580	30.6	79.2	105.8
7581	30.1	70.0	112.3
7582	25.9	64.8	116.6
7583	20.0	54.2	80.6
7584	21.8	79.3	88.4
7585	28.0	62.8	97.5
7586	30.1	60.6	109.5
7587	26.3	76.1	87.5
7588	31.0	72.4	100.0
7589	27.8	64.5	101.0
7590	21.1	75.7	68.9
7591	22.9	60.8	91.9
7592	32.6	81.8	101.3
7593	30.9	59.2	122.7
7594	33.4	56.4	92.4
7595	21.8	81.3	107.5
7596	34.9	78.3	108.6
7597	23.1	57.3	81.0
7598	20.2	54.6	86.1
7599	35.0	83.5	132.1
7600	24.2	81.1	96.7
7601	30.0	63.1	131.1
7602	22.7	76.3	93.7
7603	28.7	55.0	92.9
7604	33.6	70.3	99.5
7605	24.8	50.7	74.8
7606	30.1	65.7	88.3
7607	22.8	53.0	84.3
7608	29.4	69.0	119.7
7609	25.0	66.9	99.0
7610	23.2	67.8	80.6
7611	24.7	51.8	93.2
7612	22.7	64.5	86.8
7613	33.5	80.3	116.0
7614	26.0	64.8	110.9
7615	23.7	78.6	99.7
7616	26.7	64.8	92.0
7617	24.8	66.9	124.7
7618	31.2	72.6	129.5
7619	34.6	88.0	136.2
7620	26.6	54.4	93.8
7621	32.9	51.3	70.4
7622	28.5	74.3	104.2
7623	22.4	88.0	80.3
7624	30.4	89.6	120.6
7625	27.7	69.4	100.5
7626	29.8	68.7	116.9
7627	33.3	75.8	134.6
7628	26.6	72.2	133.4
7629	33.5	75.4	111.6
7630	31.3	85.0	104.3
7631	27.3	79.9	132.0
7632	29.0	69.9	100.2
7633	24.9	68.5	92.4
7634	34.8	75.6	88.6
7635	30.0	68.2	110.1
7636	20.7	68.3	67.4
7637	24.9	50.7	75.7
7638	29.3	57.0	107.9
7639	20.8	69.5	76.8
7640	20.4	82.9	101.7
7641	26.8	61.1	97.2
7642	25.0	70.9	100.6
7643	26.6	63.8	65.2
7644	23.9	54.2	82.9
7645	22.5	88.3	83.9
7646	30.3	84.2	107.0
7647	27.7	53.1	73.7
7648	23.0	78.8	103.0
7649	24.8	63.9	114.8
7650	28.9	89.8	115.7
7651	21.1	62.1	66.6
7652	22.2	59.5	75.8
7653	21.1	72.7	74.7
7654	32.2	83.4	86.9
7655	31.3	57.7	112.6
7656	31.3	78.4	105.5
7657	30.7	52.5	100.9
7658	30.0	86.8	105.4
7659	27.2	53.2	108.4
7660	29.6	86.6	104.0
7661	20.6	69.6	92.6
7662	29.3	67.9	98.7
7663	31.7	88.9	135.6
7664	27.5	89.6	141.2
7665	25.4	76.0	92.6
7666	24.2	55.1	88.1
7667	29.6	70.2	86.6
7668	30.4	71.2	82.3
7669	33.1	70.6	92.8
7670	25.1	72.8	84.6
7671	31.5	50.7	121.1
7672	28.4	78.4	124.5
7673	33.2	78.5	133.9
7674	27.9	54.6	99.3
7675	27.8	72.8	88.1
7676	28.7	72.7	94.6
7677	31.2	77.3	114.2
7678	34.5	53.4	96.5
7679	21.1	75.1	111.3
7680	20.8	61.2	96.3
7681	34.1	70.3	117.4
7682	27.9	80.9	112.2
7683	29.2	78.2	104.7
7684	27.2	54.8	85.2
7685	21.4	73.6	63.0
7686	31.5	88.8	119.8
7687	31.2	56.3	100.2
7688	24.7	84.1	110.4
7689	24.6	78.1	81.6
7690	32.6	81.0	103.7
7691	21.1	61.3	109.4
7692	33.2	61.5	114.9
7693	23.8	86.2	132.4
7694	28.9	64.4	79.9
7695	34.0	52.5	114.3
7696	30.2	74.0	125.6
7697	26.2	55.0	83.8
7698	30.3	81.9	95.7
7699	25.2	75.7	102.2
7700	24.2	85.0	99.1
7701	35.0	81.4	134.8
7702	31.3	54.5	86.8
7703	29.7	65.2	113.7
7704	25.3	81.0	107.7
7705	20.7	66.7	107.3
7706	20.5	88.9	112.5
7707	28.3	79.4	140.4
7708	31.4	50.6	124.1
7709	28.1	85.2	93.4
7710	32.6	54.0	91.7
7711	20.5	55.6	83.1
7712	25.5	79.4	123.4
7713	23.6	84.6	102.7
7714	26.7	71.5	102.6
7715	21.1	61.6	82.9
7716	34.3	64.1	113.5
7717	23.3	63.7	88.8
7718	33.8	63.1	120.3
7719	26.4	59.7	72.3
7720	34.8	74.4	105.1
7721	28.3	86.0	120.4
7722	34.0	62.3	119.8
7723	20.1	57.5	84.6
7724	31.2	83.5	96.4
7725	33.5	79.7	121.9
7726	22.1	87.2	95.8
7727	21.4	56.6	75.0
7728	26.4	55.8	92.5
7729	34.0	71.7	110.8
7730	28.1	74.6	111.6
7731	27.9	69.2	106.1
7732	22.1	74.0	101.1
7733	20.0	57.2	86.6
7734	32.2	69.2	112.7
7735	21.3	76.3	119.4
7736	29.5	67.3	126.1
7737	33.7	77.2	121.0
7738	23.1	68.0	76.1
7739	30.0	63.3	116.4
7740	21.2	62.1	80.4
7741	29.1	66.4	104.2
7742	22.5	50.9	85.1
7743	31.0	76.7	111.4
7744	24.5	83.8	114.2
7745	27.0	64.2	99.2
7746	29.0	51.8	69.7
7747	22.6	89.5	115.1
7748	31.1	60.5	111.0
7749	24.5	55.1	85.9
7750	29.9	64.8	117.8
7751	22.4	79.5	77.3
7752	30.3	61.8	74.1
7753	21.9	73.0	75.3
7754	26.4	66.6	94.5
7755	23.7	54.7	94.3
7756	31.2	63.2	96.1
7757	23.9	79.0	83.7
7758	33.2	74.5	110.3
7759	33.4	54.8	95.8
7760	22.9	56.5	92.4
7761	29.2	75.6	103.7
7762	21.3	82.5	95.4
7763	25.9	64.0	103.4
7764	30.7	73.8	108.0
7765	29.9	56.8	89.4
7766	29.4	62.5	104.5
7767	24.2	50.8	63.1
7768	25.7	80.7	88.7
7769	21.5	66.0	81.0
7770	30.8	82.6	115.2
7771	27.6	78.3	107.6
7772	30.6	83.1	95.5
7773	23.7	61.4	74.7
7774	24.9	57.4	86.8
7775	25.0	88.9	109.7
7776	20.4	78.7	111.2
7777	25.1	83.4	110.5
7778	32.0	50.5	134.9
7779	33.5	64.2	128.4
7780	27.8	79.7	130.3
7781	26.8	53.1	92.2
7782	20.5	72.7	110.5
7783	33.2	67.2	99.6
7784	20.2	50.7	62.1
7785	34.2	59.4	99.4
7786	27.3	61.4	91.1
7787	25.1	54.5	88.3
7788	33.9	75.3	113.3
7789	20.4	59.7	103.8
7790	28.7	61.1	109.0
7791	28.2	85.9	118.2
7792	23.3	68.7	107.8
7793	26.4	65.7	107.1
7794	29.8	79.0	100.7
7795	30.9	86.4	131.0
7796	20.0	51.0	73.3
7797	34.1	67.9	98.2
7798	22.5	74.4	103.8
7799	23.5	62.7	123.9
7800	24.0	80.9	103.2
7801	20.6	88.9	81.9
7802	21.8	87.7	117.0
7803	34.8	60.6	89.9
7804	24.7	59.1	83.5
7805	21.7	88.3	84.1
7806	21.6	68.3	76.6
7807	30.8	58.3	121.5
7808	32.8	78.3	138.7
7809	23.9	61.4	82.5
7810	20.3	60.7	64.8
7811	23.3	85.2	103.3
7812	20.8	56.5	83.5
7813	21.6	52.6	78.3
7814	26.5	60.8	94.5
7815	23.4	74.3	83.0
7816	27.7	54.9	103.2
7817	23.8	68.9	92.7
7818	34.1	75.1	117.8
7819	33.6	83.9	99.9
7820	28.5	59.2	85.2
7821	25.3	82.7	109.2
7822	25.7	59.4	96.9
7823	26.2	77.1	83.0
7824	30.9	67.2	104.4
7825	26.8	54.6	98.5
7826	32.9	78.6	127.6
7827	34.2	58.7	123.3
7828	25.0	57.1	88.0
7829	28.4	64.3	82.9
7830	21.4	76.1	73.7
7831	23.0	59.4	109.0
7832	26.2	57.3	100.6
7833	23.1	50.4	91.2
7834	33.1	68.9	94.7
7835	22.4	67.1	65.9
7836	26.8	59.4	80.8
7837	29.1	52.1	87.5
7838	30.4	67.2	85.8
7839	25.7	81.5	87.2
7840	33.0	78.6	98.9
7841	28.5	84.4	90.9
7842	26.6	50.4	69.0
7843	21.0	88.7	83.5
7844	27.0	63.7	79.2
7845	32.3	89.6	136.2
7846	29.2	60.1	110.6
7847	32.5	68.9	105.3
7848	27.4	64.2	107.7
7849	21.8	64.2	59.4
7850	20.2	83.7	95.4
7851	24.5	79.9	85.1
7852	30.5	89.7	125.0
7853	31.9	74.5	104.6
7854	24.4	68.5	110.4
7855	27.4	53.6	69.8
7856	26.3	89.9	106.4
7857	26.2	72.1	57.7
7858	23.5	78.0	88.2
7859	22.0	66.3	73.0
7860	23.0	71.9	113.0
7861	20.8	87.7	97.7
7862	23.0	56.7	109.5
7863	20.1	61.7	96.4
7864	29.4	56.1	93.1
7865	24.7	81.7	109.2
7866	34.6	52.5	137.0
7867	22.9	53.3	68.8
7868	25.2	61.9	80.5
7869	25.4	70.6	103.9
7870	20.1	66.3	82.5
7871	32.6	51.8	90.3
7872	20.5	88.3	93.1
7873	34.1	88.1	123.8
7874	33.4	61.2	119.9
7875	28.0	79.3	106.9
7876	28.2	73.1	100.6
7877	29.8	59.5	123.2
7878	25.8	60.5	105.2
7879	29.7	69.6	109.8
7880	20.7	66.8	89.3
7881	20.8	61.6	78.5
7882	26.9	82.3	92.7
7883	28.2	69.3	102.4
7884	33.3	76.2	109.5
7885	21.6	57.6	87.5
7886	32.3	71.3	122.3
7887	23.2	62.7	80.4
7888	25.9	71.1	89.1
7889	24.7	81.2	95.0
7890	26.0	80.8	110.3
7891	22.3	64.2	107.0
7892	27.6	77.8	121.4
7893	32.0	87.7	99.6
7894	26.6	75.0	75.2
7895	27.4	55.9	94.1
7896	32.7	77.2	99.8
7897	30.6	54.2	105.5
7898	27.4	84.9	108.6
7899	23.9	70.7	110.8
7900	33.3	65.4	105.2
7901	28.7	52.3	93.0
7902	23.3	65.2	100.0
7903	24.0	86.1	77.9
7904	32.0	50.8	51.8
7905	20.7	69.0	85.4
7906	34.9	87.2	114.0
7907	22.0	65.8	81.8
7908	31.9	67.1	90.0
7909	25.9	73.1	102.4
7910	27.4	68.5	104.0
7911	33.2	56.7	81.0
7912	26.2	50.7	65.0
7913	28.1	74.4	107.5
7914	20.7	86.8	116.1
7915	20.0	54.3	94.1
7916	23.7	58.4	76.5
7917	30.2	64.8	112.9
7918	21.8	82.3	96.1
7919	21.7	60.8	73.4
7920	26.2	85.3	118.4
7921	29.7	52.2	117.0
7922	30.7	87.6	148.5
7923	22.7	72.4	113.8
7924	21.2	76.4	104.2
7925	34.1	64.7	93.7
7926	23.9	81.3	101.4
7927	32.8	56.7	79.1
7928	33.0	52.0	82.4
7929	31.6	65.8	104.9
7930	22.5	84.1	94.5
7931	32.3	80.2	129.8
7932	31.5	70.7	126.6
7933	29.0	72.9	125.4
7934	25.1	55.2	79.1
7935	23.9	83.6	76.6
7936	21.8	81.5	83.5
7937	27.6	76.3	105.7
7938	28.8	68.6	106.3
7939	25.4	88.6	116.6
7940	27.1	85.2	116.0
7941	25.5	75.8	104.5
7942	29.6	64.9	102.0
7943	33.5	74.7	113.8
7944	22.5	73.0	87.5
7945	25.7	65.8	120.6
7946	22.1	62.3	90.5
7947	29.4	66.3	99.9
7948	30.9	73.0	72.0
7949	34.0	67.1	93.8
7950	24.2	60.5	92.8
7951	34.3	80.4	136.4
7952	20.9	71.3	80.3
7953	29.0	52.7	127.7
7954	20.9	64.7	102.9
7955	33.4	85.4	117.4
7956	27.9	80.2	122.2
7957	30.0	62.9	90.3
7958	32.5	87.5	128.4
7959	22.3	53.1	86.8
7960	20.6	88.4	94.6
7961	33.2	59.8	133.2
7962	24.7	50.4	91.9
7963	21.9	67.4	81.3
7964	27.0	64.4	109.5
7965	29.0	71.6	75.3
7966	20.5	81.9	82.4
7967	24.1	83.7	103.2
7968	20.5	66.0	88.7
7969	26.3	67.2	85.9
7970	33.4	55.9	95.2
7971	34.7	51.9	110.8
7972	29.6	75.6	101.7
7973	22.4	52.6	62.6
7974	33.6	79.4	113.7
7975	27.7	71.6	81.4
7976	22.3	57.9	64.6
7977	33.8	71.6	133.6
7978	31.4	57.3	94.6
7979	31.0	67.5	107.7
7980	30.6	82.0	120.6
7981	23.0	68.5	86.8
7982	23.2	55.9	104.3
7983	30.3	79.0	96.5
7984	23.3	57.5	104.5
7985	26.6	79.5	102.4
7986	31.7	69.2	105.2
7987	31.8	68.1	104.3
7988	26.8	84.1	99.9
7989	31.9	78.3	105.7
7990	32.6	51.3	112.4
7991	29.8	61.8	113.8
7992	23.4	84.8	86.2
7993	24.1	50.7	80.0
7994	24.7	71.8	86.6
7995	21.8	79.1	74.3
7996	24.1	74.9	89.2
7997	23.1	80.4	87.2
7998	26.8	79.0	87.0
7999	33.6	77.7	132.7
8000	21.6	82.9	99.9
8001	30.8	75.8	78.5
8002	30.3	66.1	109.4
8003	21.4	68.9	92.7
8004	33.8	78.7	135.1
8005	28.5	85.1	94.3
8006	25.5	60.9	73.7
8007	31.3	63.7	113.1
8008	23.9	87.2	104.1
8009	30.4	73.1	103.3
8010	20.6	57.2	79.6
8011	32.6	76.5	133.0
8012	26.7	89.6	130.3
8013	29.6	82.9	124.2
8014	23.3	79.8	91.9
8015	30.2	58.3	107.2
8016	31.6	85.0	144.2
8017	27.1	71.0	103.0
8018	29.3	85.6	123.9
8019	26.8	63.2	98.7
8020	33.4	52.5	97.4
8021	27.5	69.0	107.0
8022	32.6	60.8	87.2
8023	32.0	78.6	111.0
8024	26.2	88.3	112.3
8025	23.5	77.6	127.5
8026	26.1	85.5	113.4
8027	32.4	68.1	99.3
8028	23.4	80.9	93.4
8029	27.9	83.7	103.9
8030	32.1	78.4	86.8
8031	25.3	70.3	110.3
8032	29.6	75.0	112.0
8033	23.7	78.0	84.9
8034	21.6	60.1	82.7
8035	31.9	82.4	112.1
8036	21.5	88.0	111.6
8037	24.1	68.6	75.9
8038	32.8	78.0	136.0
8039	25.2	79.5	78.7
8040	34.6	76.5	113.1
8041	34.7	71.9	119.7
8042	24.0	85.3	101.2
8043	20.6	68.0	72.7
8044	30.6	52.4	112.9
8045	26.8	83.8	96.2
8046	21.5	77.0	118.9
8047	30.6	84.0	124.4
8048	20.5	55.5	91.7
8049	33.1	51.2	102.4
8050	22.1	87.4	97.7
8051	21.9	55.9	71.7
8052	22.6	82.4	97.7
8053	34.4	82.9	114.3
8054	30.4	78.3	135.8
8055	32.0	55.3	134.5
8056	26.0	76.7	98.0
8057	25.0	85.6	100.3
8058	23.5	67.0	88.4
8059	27.2	66.5	84.4
8060	28.3	67.7	93.6
8061	29.5	53.3	88.6
8062	23.9	85.7	113.1
8063	34.2	84.8	134.8
8064	22.5	89.9	101.9
8065	34.5	73.4	120.5
8066	20.2	80.0	91.0
8067	27.2	58.1	96.5
8068	25.0	76.7	73.2
8069	26.7	76.0	88.9
8070	28.6	86.0	100.2
8071	26.5	83.2	134.5
8072	26.2	87.5	89.7
8073	31.0	84.8	136.0
8074	30.3	84.7	97.6
8075	32.5	52.5	99.0
8076	23.7	83.8	70.4
8077	29.1	74.3	109.0
8078	28.8	65.2	92.6
8079	25.5	52.3	80.2
8080	27.3	77.1	95.2
8081	24.7	63.1	92.1
8082	22.1	68.7	93.7
8083	23.2	77.3	102.6
8084	21.6	86.5	90.3
8085	30.2	83.0	102.3
8086	29.9	68.0	132.7
8087	34.3	65.5	107.4
8088	30.9	59.6	109.7
8089	20.8	64.9	85.5
8090	33.3	54.4	118.7
8091	32.9	88.8	126.6
8092	26.6	73.0	108.6
8093	28.8	55.1	114.3
8094	34.6	64.1	127.2
8095	28.0	71.9	90.8
8096	33.6	71.3	103.9
8097	21.2	51.4	83.8
8098	22.9	88.0	89.2
8099	26.6	61.0	111.1
8100	28.8	50.6	91.2
8101	32.2	53.1	96.3
8102	34.8	73.2	116.9
8103	25.8	55.5	80.0
8104	20.7	51.7	94.4
8105	32.0	65.2	119.5
8106	29.1	74.9	104.8
8107	23.0	54.5	78.8
8108	27.4	62.5	82.6
8109	31.1	66.7	110.6
8110	31.6	56.4	103.2
8111	27.5	70.2	87.0
8112	24.6	53.4	95.5
8113	34.6	51.9	96.9
8114	30.0	70.8	88.5
8115	26.1	59.9	44.8
8116	24.2	53.8	71.6
8117	31.0	67.0	109.8
8118	23.6	86.6	109.3
8119	22.6	79.0	95.6
8120	27.9	82.6	98.3
8121	24.3	84.9	93.4
8122	29.4	88.9	92.4
8123	21.8	80.5	69.5
8124	29.8	74.3	112.0
8125	24.2	64.6	97.1
8126	20.0	57.3	91.8
8127	21.9	77.5	83.4
8128	34.0	89.8	101.7
8129	33.0	68.7	106.4
8130	23.5	78.9	103.9
8131	31.7	69.8	120.1
8132	29.1	67.3	109.9
8133	34.6	66.4	93.0
8134	25.6	70.2	94.9
8135	30.2	64.7	101.9
8136	21.0	80.0	98.2
8137	25.9	85.0	101.6
8138	34.5	85.3	141.5
8139	28.1	59.1	102.5
8140	24.3	85.8	89.1
8141	21.8	63.7	95.9
8142	30.6	62.4	94.7
8143	29.7	79.1	117.7
8144	25.6	62.2	85.9
8145	34.3	52.1	94.4
8146	20.3	64.9	94.1
8147	24.6	78.9	81.4
8148	33.8	63.1	111.1
8149	24.8	75.2	109.0
8150	23.8	76.4	97.3
8151	28.0	79.3	90.0
8152	32.4	85.9	137.3
8153	21.5	67.3	105.1
8154	34.1	56.7	115.2
8155	31.9	62.8	83.9
8156	22.7	67.3	81.4
8157	30.7	78.6	120.1
8158	25.8	50.5	108.2
8159	26.0	62.6	110.3
8160	31.7	81.2	103.8
8161	34.4	76.8	124.0
8162	21.9	79.3	100.5
8163	26.3	82.5	69.6
8164	27.2	81.3	68.3
8165	25.6	77.3	82.0
8166	25.4	67.6	73.1
8167	20.8	89.3	99.7
8168	30.3	72.8	105.9
8169	26.5	58.1	73.5
8170	22.9	61.7	98.1
8171	32.2	77.7	108.7
8172	32.0	87.0	111.5
8173	27.3	57.1	109.5
8174	24.5	53.3	74.4
8175	29.6	85.3	127.0
8176	24.3	86.6	96.0
8177	23.5	61.1	95.8
8178	31.0	65.1	95.0
8179	20.6	76.4	91.3
8180	21.4	63.2	91.9
8181	20.1	85.1	96.5
8182	22.3	54.3	81.1
8183	21.0	51.5	96.6
8184	34.9	58.3	119.5
8185	24.3	61.4	69.8
8186	22.2	54.5	82.1
8187	23.6	52.6	91.5
8188	34.0	80.2	124.1
8189	27.8	56.6	119.8
8190	25.5	86.6	121.8
8191	33.1	64.7	86.5
8192	25.9	76.8	112.8
8193	25.0	59.0	69.1
8194	23.1	59.6	95.0
8195	25.7	73.0	83.5
8196	24.8	72.4	101.8
8197	30.2	80.7	113.0
8198	24.3	80.3	114.0
8199	28.7	76.8	125.4
8200	21.0	68.0	90.3
8201	22.9	85.6	72.2
8202	26.1	74.9	97.7
8203	34.1	89.6	117.0
8204	25.7	82.8	118.2
8205	30.0	51.8	99.5
8206	23.8	62.8	89.4
8207	21.9	72.9	110.2
8208	20.9	78.9	95.2
8209	24.6	72.0	124.7
8210	22.4	81.4	119.4
8211	22.6	61.3	82.2
8212	31.4	57.4	73.2
8213	20.2	52.2	65.7
8214	28.4	72.9	89.9
8215	25.7	77.5	96.3
8216	27.6	63.0	85.1
8217	28.4	74.5	101.1
8218	24.7	52.1	85.4
8219	24.4	54.0	109.5
8220	31.0	78.1	129.1
8221	33.1	64.7	114.7
8222	22.9	76.9	102.5
8223	21.5	83.3	88.9
8224	33.5	84.1	103.4
8225	25.2	56.9	77.4
8226	28.3	69.5	121.7
8227	25.4	79.4	105.2
8228	21.9	81.0	74.6
8229	28.8	81.4	112.1
8230	27.9	59.1	112.2
8231	23.0	57.7	73.9
8232	26.8	73.6	110.8
8233	32.0	79.6	125.8
8234	28.9	62.8	105.4
8235	21.5	54.2	66.7
8236	28.2	78.7	77.8
8237	30.5	62.0	115.6
8238	31.9	56.7	123.5
8239	29.4	55.9	87.2
8240	22.3	62.6	67.0
8241	30.7	73.7	117.3
8242	30.2	64.3	87.7
8243	20.4	50.8	98.3
8244	26.2	53.9	79.8
8245	25.0	61.6	88.5
8246	30.0	76.4	111.2
8247	23.2	53.9	74.0
8248	28.9	72.4	103.3
8249	33.7	54.8	104.7
8250	32.0	58.5	95.9
8251	33.8	56.9	118.8
8252	34.7	52.7	108.5
8253	20.2	76.9	102.4
8254	29.3	68.5	104.7
8255	26.2	83.2	92.0
8256	32.9	54.0	85.2
8257	23.8	55.8	70.9
8258	34.7	62.3	117.4
8259	29.2	80.6	94.8
8260	31.9	62.2	84.3
8261	21.3	66.3	99.4
8262	22.8	62.1	79.9
8263	31.4	53.2	93.9
8264	20.3	87.6	113.6
8265	32.3	71.9	92.1
8266	20.2	81.5	65.1
8267	29.9	76.3	84.7
8268	25.5	70.6	105.3
8269	29.2	53.6	88.6
8270	30.4	75.7	128.2
8271	25.1	56.2	90.3
8272	21.6	66.6	88.7
8273	21.0	75.2	95.3
8274	28.8	81.3	113.3
8275	27.8	77.4	112.0
8276	31.1	76.9	107.1
8277	27.6	56.0	91.7
8278	26.3	63.8	93.9
8279	26.0	51.7	101.3
8280	20.4	78.8	70.9
8281	25.0	88.1	95.5
8282	34.6	60.6	93.0
8283	33.1	53.5	76.1
8284	24.9	69.0	71.6
8285	28.8	84.3	122.5
8286	32.7	72.1	127.8
8287	26.6	51.9	82.2
8288	20.3	89.0	82.5
8289	21.1	83.1	122.6
8290	27.7	55.3	84.7
8291	34.5	86.9	118.3
8292	30.4	68.0	123.6
8293	21.1	64.9	95.9
8294	22.8	68.4	107.7
8295	31.6	83.4	98.5
8296	32.6	76.4	75.7
8297	29.3	52.4	63.2
8298	29.7	88.3	116.1
8299	20.4	55.9	74.4
8300	32.4	79.8	103.2
8301	31.8	75.4	115.6
8302	23.9	57.5	91.8
8303	30.6	56.8	87.3
8304	23.2	84.8	100.0
8305	20.6	66.8	100.0
8306	23.0	76.2	84.3
8307	22.7	70.2	95.4
8308	25.1	79.1	100.7
8309	26.3	69.2	74.4
8310	27.6	61.5	87.6
8311	27.2	64.5	77.3
8312	24.1	84.4	108.4
8313	20.4	68.7	79.9
8314	29.1	58.5	78.7
8315	25.9	87.4	131.7
8316	24.5	81.9	96.7
8317	33.0	52.2	104.7
8318	31.2	90.0	135.0
8319	32.9	77.8	91.8
8320	27.4	56.4	72.9
8321	22.0	59.5	69.8
8322	30.4	77.7	136.6
8323	23.1	81.2	85.2
8324	26.6	59.6	107.6
8325	21.0	60.3	79.9
8326	32.4	62.3	118.3
8327	21.9	73.9	100.0
8328	33.5	56.9	102.5
8329	33.0	54.2	121.4
8330	27.0	77.2	98.6
8331	31.2	81.2	125.7
8332	29.3	70.0	103.7
8333	32.0	64.6	113.3
8334	26.5	67.3	102.5
8335	31.8	65.5	93.5
8336	26.9	88.4	123.9
8337	34.1	80.7	79.2
8338	27.3	58.3	81.5
8339	26.9	65.4	97.3
8340	31.8	71.8	117.7
8341	32.3	74.5	101.9
8342	28.3	68.7	116.9
8343	22.7	82.4	84.7
8344	27.0	80.7	118.4
8345	34.5	70.2	105.2
8346	31.3	84.2	121.7
8347	32.2	80.0	111.0
8348	20.5	81.1	75.0
8349	27.0	88.3	118.1
8350	29.7	60.7	104.7
8351	32.5	60.7	107.2
8352	20.7	85.6	98.0
8353	32.8	80.9	114.3
8354	28.2	87.1	111.8
8355	23.0	52.5	62.9
8356	24.8	75.1	73.6
8357	24.2	55.8	104.8
8358	28.0	70.2	104.5
8359	20.8	56.2	68.6
8360	22.4	55.1	76.6
8361	32.2	50.5	98.1
8362	22.0	75.2	95.1
8363	23.5	64.4	99.7
8364	26.8	54.2	103.7
8365	27.8	62.9	106.0
8366	31.5	56.8	137.3
8367	26.7	87.7	103.4
8368	31.8	62.8	89.7
8369	29.3	63.4	83.3
8370	21.7	83.6	85.6
8371	22.3	75.9	89.8
8372	26.6	78.4	102.4
8373	26.0	75.4	107.0
8374	31.2	87.8	129.5
8375	28.7	58.3	89.1
8376	25.8	89.6	104.1
8377	22.6	83.2	91.4
8378	23.4	73.6	93.0
8379	28.6	76.5	112.1
8380	26.4	76.0	108.6
8381	27.7	52.3	89.8
8382	22.6	58.7	66.7
8383	29.9	88.5	113.9
8384	32.8	71.4	81.8
8385	23.9	65.1	99.2
8386	27.4	80.5	98.6
8387	34.6	71.0	114.0
8388	25.0	50.5	88.7
8389	28.9	79.4	102.0
8390	21.4	79.3	77.7
8391	29.1	56.6	87.0
8392	21.3	88.3	92.0
8393	34.4	59.0	101.9
8394	30.7	68.3	118.1
8395	31.8	54.6	132.9
8396	30.6	74.1	139.1
8397	28.8	65.0	87.7
8398	26.7	64.1	95.3
8399	32.9	83.1	110.6
8400	34.4	50.4	121.3
8401	27.5	81.9	84.0
8402	34.0	72.9	106.4
8403	28.7	89.4	93.0
8404	28.1	73.6	79.7
8405	26.8	52.2	125.8
8406	23.1	52.0	109.6
8407	20.1	85.3	99.7
8408	23.6	83.6	81.7
8409	27.6	63.8	84.5
8410	25.7	74.7	108.9
8411	26.7	69.6	106.0
8412	34.7	88.7	131.4
8413	25.3	88.0	117.2
8414	26.8	89.4	100.4
8415	22.0	84.7	93.8
8416	20.7	86.4	117.4
8417	31.6	58.7	86.0
8418	28.6	83.2	134.0
8419	31.4	78.4	126.1
8420	22.2	88.5	122.1
8421	28.6	72.9	92.5
8422	23.8	53.4	83.3
8423	23.4	73.9	99.6
8424	20.2	77.5	111.6
8425	22.0	58.8	96.8
8426	24.6	65.8	90.7
8427	21.8	73.9	81.5
8428	34.8	65.0	120.8
8429	24.6	65.0	107.6
8430	22.0	55.3	78.9
8431	23.0	87.6	102.7
8432	28.8	80.0	119.9
8433	21.0	50.0	71.5
8434	32.9	80.6	131.7
8435	34.4	79.6	99.4
8436	23.7	50.4	71.2
8437	26.8	64.8	105.4
8438	20.3	74.3	106.9
8439	29.6	68.1	77.2
8440	26.2	81.1	108.7
8441	24.1	67.0	96.4
8442	23.1	56.2	81.7
8443	29.8	89.1	98.3
8444	26.2	59.7	62.0
8445	22.7	78.7	109.0
8446	30.3	55.7	97.5
8447	28.5	63.2	87.2
8448	32.9	67.7	104.3
8449	21.8	57.7	93.9
8450	31.8	68.0	95.0
8451	30.1	56.3	104.9
8452	21.7	72.4	108.6
8453	30.4	76.5	111.0
8454	26.6	52.5	88.1
8455	34.2	84.8	103.2
8456	22.1	57.4	59.1
8457	29.6	59.0	108.2
8458	25.7	76.5	82.4
8459	34.4	68.8	95.9
8460	24.9	70.0	87.5
8461	34.4	55.1	119.8
8462	33.5	82.2	120.7
8463	24.1	74.7	98.6
8464	32.1	55.4	101.1
8465	34.9	65.0	130.0
8466	23.8	82.4	103.9
8467	26.6	72.7	80.5
8468	27.8	54.3	101.1
8469	24.4	64.9	67.0
8470	20.2	59.7	77.3
8471	23.3	70.7	93.7
8472	24.2	83.7	104.5
8473	26.7	67.5	91.7
8474	22.6	67.3	76.7
8475	33.1	86.2	90.8
8476	30.6	73.0	112.9
8477	21.3	72.6	91.6
8478	29.8	60.5	83.1
8479	29.8	74.3	114.4
8480	34.3	73.0	128.6
8481	20.0	65.9	90.0
8482	23.7	89.6	93.7
8483	33.9	85.3	103.6
8484	34.0	80.0	93.2
8485	30.8	71.5	77.1
8486	31.5	68.5	123.0
8487	21.4	57.4	87.8
8488	27.7	62.2	98.1
8489	23.5	81.0	95.4
8490	22.7	68.1	78.4
8491	32.2	85.3	100.3
8492	22.0	55.9	93.0
8493	27.0	70.3	110.3
8494	34.1	75.9	100.9
8495	22.8	70.7	78.0
8496	34.7	85.6	134.7
8497	34.9	89.6	111.8
8498	28.3	54.6	65.2
8499	22.6	55.2	72.0
8500	24.7	55.2	108.0
8501	26.4	77.2	108.0
8502	24.6	64.9	75.7
8503	24.2	79.3	98.1
8504	34.6	66.2	115.6
8505	22.3	75.1	90.5
8506	31.0	80.8	124.9
8507	20.0	71.9	77.8
8508	28.9	71.6	101.4
8509	33.7	53.5	114.1
8510	24.3	66.4	113.8
8511	22.8	71.8	100.4
8512	29.8	68.5	101.7
8513	30.7	86.0	119.0
8514	30.3	86.3	110.1
8515	24.8	82.9	127.4
8516	23.8	65.0	86.4
8517	34.3	78.7	140.9
8518	33.8	65.8	99.5
8519	26.9	59.3	114.4
8520	32.7	63.7	113.5
8521	26.8	52.8	95.2
8522	26.4	63.3	82.0
8523	22.4	68.4	82.2
8524	26.4	88.2	106.0
8525	28.1	62.5	97.6
8526	20.3	86.1	105.1
8527	26.7	59.2	101.8
8528	31.7	57.6	95.1
8529	30.2	70.8	106.9
8530	29.5	76.9	92.6
8531	33.6	51.8	95.7
8532	20.3	58.8	81.9
8533	28.4	68.2	98.1
8534	31.8	63.2	100.5
8535	28.1	78.5	121.6
8536	24.9	70.4	76.4
8537	22.0	56.4	62.2
8538	33.3	85.8	102.6
8539	27.1	61.7	91.4
8540	33.2	79.2	127.7
8541	28.8	81.2	102.2
8542	30.1	88.5	118.8
8543	32.1	69.9	116.9
8544	29.9	74.6	102.3
8545	26.0	63.4	126.6
8546	27.7	77.1	113.0
8547	32.0	68.5	120.0
8548	25.6	67.5	109.4
8549	25.8	84.2	100.7
8550	21.4	52.0	91.1
8551	33.7	85.3	141.5
8552	21.4	84.1	84.0
8553	29.7	70.3	92.9
8554	26.2	69.6	85.6
8555	26.1	64.5	86.8
8556	30.2	89.8	106.3
8557	21.0	54.4	97.2
8558	28.9	73.6	102.0
8559	31.6	77.3	91.7
8560	32.4	87.4	105.9
8561	22.6	81.2	103.2
8562	33.5	75.8	104.1
8563	29.8	54.7	105.7
8564	33.2	64.9	84.8
8565	27.3	55.6	113.0
8566	28.1	85.2	99.8
8567	33.8	80.0	110.1
8568	33.5	80.3	110.2
8569	26.7	76.1	94.7
8570	24.1	70.3	103.8
8571	25.9	56.0	92.4
8572	25.8	63.2	95.3
8573	24.3	55.5	68.6
8574	24.0	79.0	101.7
8575	32.9	56.4	120.0
8576	21.0	78.1	98.4
8577	30.2	77.7	103.2
8578	22.6	68.4	45.3
8579	25.2	55.4	108.6
8580	20.9	62.6	82.3
8581	24.0	62.8	95.8
8582	31.5	78.0	122.0
8583	33.3	54.5	107.5
8584	23.3	83.2	95.7
8585	27.0	80.4	104.0
8586	27.1	57.5	88.4
8587	33.1	78.8	97.9
8588	31.4	76.7	130.0
8589	27.7	79.9	103.8
8590	30.1	57.6	97.1
8591	32.7	56.3	87.0
8592	20.1	59.5	90.4
8593	26.0	64.6	85.2
8594	33.6	81.7	85.6
8595	31.1	79.5	97.4
8596	28.1	87.0	106.1
8597	27.9	52.3	91.2
8598	25.2	50.5	79.6
8599	27.8	78.0	112.0
8600	29.8	61.2	118.4
8601	26.3	63.4	94.0
8602	30.7	71.9	106.1
8603	32.9	54.1	84.5
8604	22.3	75.7	94.7
8605	26.8	63.0	72.2
8606	26.1	75.3	90.0
8607	30.3	83.4	112.5
8608	23.7	56.8	137.3
8609	29.6	87.2	112.5
8610	33.2	71.2	86.9
8611	26.3	86.9	122.4
8612	33.7	58.3	85.6
8613	34.9	74.2	107.2
8614	21.6	66.2	75.4
8615	23.5	81.0	108.4
8616	34.3	74.2	108.7
8617	34.4	69.8	109.7
8618	21.5	86.5	99.5
8619	20.2	65.1	78.7
8620	22.4	58.8	65.1
8621	34.9	74.3	128.7
8622	22.7	75.0	88.9
8623	27.5	67.6	102.4
8624	32.7	69.5	92.0
8625	20.3	88.4	113.9
8626	29.1	79.3	106.9
8627	24.2	54.4	67.7
8628	32.9	58.5	108.3
8629	24.3	89.0	103.0
8630	30.3	79.1	140.6
8631	30.1	86.6	123.2
8632	23.3	62.2	70.2
8633	20.5	79.7	76.4
8634	26.1	78.6	110.7
8635	24.3	61.8	101.7
8636	32.1	72.0	125.0
8637	32.0	75.1	120.9
8638	26.9	69.2	118.3
8639	29.1	83.1	106.6
8640	29.1	83.3	110.3
8641	32.4	84.0	111.0
8642	26.4	82.1	84.2
8643	24.1	69.5	92.9
8644	24.0	65.3	81.8
8645	28.0	83.3	87.0
8646	26.7	69.6	71.7
8647	26.6	59.9	97.6
8648	21.4	70.3	102.1
8649	30.8	55.7	121.6
8650	23.2	77.7	134.3
8651	23.0	63.4	94.3
8652	26.2	60.4	95.6
8653	23.4	88.3	77.9
8654	28.8	81.1	83.3
8655	25.6	81.5	78.8
8656	26.7	74.9	94.5
8657	28.1	83.6	117.6
8658	23.1	80.4	110.6
8659	22.3	74.0	111.0
8660	33.2	88.4	116.3
8661	26.5	57.7	90.6
8662	26.2	87.7	117.5
8663	20.5	66.1	87.6
8664	27.5	71.1	94.2
8665	28.3	54.9	99.3
8666	28.4	71.6	109.7
8667	30.6	74.4	133.1
8668	22.7	89.9	96.2
8669	23.8	89.0	118.9
8670	32.2	88.7	111.3
8671	34.2	63.9	110.8
8672	22.0	89.7	91.7
8673	27.5	68.2	97.9
8674	23.2	84.1	94.4
8675	20.9	58.7	82.1
8676	24.9	70.2	74.3
8677	22.2	88.6	103.8
8678	30.6	87.9	119.8
8679	28.0	77.3	107.1
8680	22.2	81.9	95.7
8681	20.1	57.1	83.2
8682	32.1	78.9	102.5
8683	22.6	74.7	74.3
8684	29.1	53.7	81.1
8685	25.1	54.5	80.1
8686	28.8	54.3	80.2
8687	24.7	79.0	103.6
8688	21.3	55.7	64.7
8689	23.3	68.7	101.3
8690	22.8	64.3	93.3
8691	26.4	72.0	110.7
8692	29.9	78.3	111.4
8693	24.0	77.4	104.0
8694	20.2	70.6	105.6
8695	27.8	68.6	95.4
8696	29.1	65.9	113.0
8697	34.4	84.5	120.8
8698	28.8	63.2	86.0
8699	27.1	60.4	89.7
8700	28.6	79.7	101.8
8701	33.9	64.4	98.6
8702	32.4	83.9	103.8
8703	24.8	63.1	96.8
8704	23.6	78.1	101.1
8705	23.9	51.8	77.3
8706	27.6	65.4	94.1
8707	31.2	63.7	90.5
8708	27.5	82.7	88.4
8709	21.0	88.7	78.1
8710	30.9	68.4	128.3
8711	32.1	83.0	121.1
8712	24.3	78.0	92.5
8713	30.0	88.7	110.2
8714	26.4	82.4	108.4
8715	33.3	53.1	114.1
8716	32.7	78.5	145.9
8717	27.9	71.4	104.2
8718	30.4	50.7	105.2
8719	33.3	60.1	121.0
8720	27.4	86.9	100.1
8721	24.7	87.0	105.8
8722	31.3	82.0	71.5
8723	23.3	89.3	56.5
8724	25.8	82.3	121.2
8725	33.0	50.4	98.4
8726	30.9	61.5	124.1
8727	26.1	51.2	83.3
8728	23.2	53.8	72.8
8729	25.3	58.8	119.5
8730	24.3	70.1	97.4
8731	22.6	83.9	83.0
8732	31.1	84.5	95.1
8733	23.8	74.6	93.4
8734	26.8	87.1	118.2
8735	25.8	70.0	98.3
8736	34.7	85.6	96.3
8737	25.9	68.2	93.8
8738	21.2	61.1	70.9
8739	21.3	86.7	100.1
8740	28.9	65.5	88.1
8741	29.0	70.1	117.4
8742	26.3	63.2	94.1
8743	26.5	76.5	105.9
8744	20.8	89.8	81.8
8745	27.7	51.0	78.3
8746	27.6	86.0	73.8
8747	22.2	50.2	77.7
8748	21.6	64.6	108.3
8749	21.9	56.7	52.0
8750	21.5	80.3	81.9
8751	29.1	52.0	83.5
8752	22.9	72.1	99.6
8753	23.8	61.8	70.2
8754	22.6	55.3	65.1
8755	34.4	80.9	128.8
8756	32.8	58.7	113.3
8757	23.5	58.9	107.0
8758	24.9	61.0	117.1
8759	23.1	73.5	93.0
8760	27.4	76.4	100.9
8761	20.3	50.7	76.3
8762	30.1	59.7	107.8
8763	27.8	67.2	120.9
8764	33.5	63.3	124.1
8765	22.5	85.4	97.3
8766	32.1	81.5	120.4
8767	31.9	75.0	103.3
8768	21.9	63.5	84.4
8769	26.0	78.0	120.3
8770	22.6	83.7	98.9
8771	23.8	73.8	76.7
8772	23.9	81.4	84.8
8773	28.3	80.0	100.8
8774	26.2	72.9	104.5
8775	34.2	62.5	112.0
8776	21.9	79.8	93.5
8777	34.6	58.3	114.2
8778	23.5	81.2	107.6
8779	31.6	82.2	112.5
8780	25.1	82.9	90.4
8781	22.1	68.9	109.0
8782	32.9	57.7	124.5
8783	24.6	54.0	100.4
8784	29.9	79.7	115.1
8785	28.5	85.5	117.1
8786	27.1	76.0	96.9
8787	27.4	55.8	115.4
8788	31.0	87.4	100.2
8789	21.3	89.6	132.7
8790	30.0	67.3	90.4
8791	33.4	73.8	89.2
8792	20.9	81.1	68.4
8793	22.1	79.5	71.2
8794	30.7	88.7	140.0
8795	26.6	54.6	103.7
8796	26.1	73.2	98.7
8797	22.1	77.7	99.5
8798	27.6	85.6	123.1
8799	21.9	85.0	87.5
8800	27.1	89.1	123.2
8801	31.5	70.5	104.0
8802	23.9	83.2	80.8
8803	27.2	67.1	90.8
8804	34.9	66.9	106.9
8805	30.3	60.1	92.7
8806	32.6	82.7	124.5
8807	26.2	89.4	112.2
8808	31.5	60.3	98.7
8809	20.6	52.2	73.4
8810	21.8	82.6	86.0
8811	23.0	74.8	106.5
8812	26.0	88.4	121.8
8813	32.7	60.1	91.9
8814	25.2	52.8	76.8
8815	29.8	69.7	109.9
8816	30.6	53.4	111.0
8817	28.8	60.5	100.2
8818	25.4	55.0	86.7
8819	28.7	59.0	86.7
8820	25.1	54.2	104.5
8821	21.3	88.2	101.5
8822	34.9	61.1	136.5
8823	21.9	67.8	82.8
8824	21.1	85.9	83.8
8825	33.2	77.1	103.0
8826	24.5	74.7	120.9
8827	29.8	78.2	112.4
8828	24.9	83.2	91.4
8829	25.9	85.1	91.9
8830	23.9	75.7	86.9
8831	25.1	85.6	108.7
8832	26.2	71.4	120.4
8833	30.8	61.1	131.8
8834	27.7	85.2	134.1
8835	34.2	71.7	139.9
8836	20.6	86.2	74.2
8837	27.5	51.6	82.3
8838	28.8	65.9	113.3
8839	33.8	87.9	102.7
8840	20.7	60.0	43.3
8841	28.6	87.7	114.5
8842	32.8	88.2	128.9
8843	23.6	85.3	103.3
8844	33.1	72.5	82.6
8845	20.3	75.9	89.4
8846	31.0	84.8	129.9
8847	34.0	81.0	139.5
8848	29.9	75.2	141.3
8849	26.6	89.3	101.4
8850	20.7	77.4	112.7
8851	33.8	89.0	131.9
8852	27.1	52.3	113.6
8853	20.4	55.6	105.2
8854	30.3	68.1	114.8
8855	27.2	65.4	100.7
8856	21.9	81.3	75.7
8857	23.2	56.4	80.8
8858	21.0	89.0	74.4
8859	28.6	62.6	82.7
8860	29.3	67.2	99.9
8861	27.6	61.0	92.1
8862	32.3	73.2	92.9
8863	32.9	52.3	97.4
8864	29.2	56.0	84.9
8865	20.2	79.8	73.9
8866	30.4	57.5	93.3
8867	26.3	59.4	79.3
8868	28.5	81.7	119.4
8869	29.7	53.7	110.8
8870	25.3	67.5	106.8
8871	33.8	50.9	107.0
8872	22.0	63.9	91.7
8873	30.1	78.0	91.1
8874	20.1	53.6	44.3
8875	33.9	85.5	119.8
8876	21.7	86.4	51.0
8877	21.4	54.2	59.2
8878	25.0	89.6	85.2
8879	25.6	61.9	85.5
8880	23.2	53.4	61.0
8881	28.8	50.2	75.3
8882	26.6	66.3	62.3
8883	20.5	75.2	82.3
8884	24.8	63.3	78.1
8885	32.2	83.5	108.5
8886	30.3	78.7	91.0
8887	30.9	64.0	94.6
8888	30.5	79.4	122.9
8889	24.7	87.6	108.0
8890	21.5	53.7	94.0
8891	24.1	62.2	78.0
8892	32.5	68.5	121.6
8893	34.7	69.9	120.8
8894	27.4	71.7	89.9
8895	20.1	62.0	84.1
8896	22.1	76.7	123.6
8897	24.8	75.8	102.1
8898	28.7	73.1	112.1
8899	21.1	54.6	98.9
8900	34.2	69.1	124.0
8901	25.5	64.2	82.6
8902	33.7	69.6	123.9
8903	31.7	86.9	120.9
8904	31.3	69.2	109.2
8905	29.1	50.6	73.0
8906	29.4	67.6	92.6
8907	29.6	82.8	87.2
8908	29.4	81.2	114.2
8909	28.3	70.5	86.2
8910	34.8	60.0	105.7
8911	31.0	68.6	112.4
8912	31.7	72.5	95.2
8913	33.1	90.0	139.1
8914	23.2	75.8	97.3
8915	21.3	77.8	82.2
8916	27.2	69.7	99.3
8917	27.7	64.2	81.7
8918	32.4	82.5	107.5
8919	26.7	69.8	98.9
8920	28.6	89.8	112.6
8921	27.9	68.3	84.1
8922	20.6	52.7	62.2
8923	29.2	77.3	110.0
8924	32.4	51.9	98.7
8925	22.4	60.0	82.4
8926	28.9	64.1	83.9
8927	28.9	79.6	119.3
8928	22.5	69.8	92.4
8929	21.9	51.1	66.8
8930	34.7	74.7	86.8
8931	25.9	66.5	74.9
8932	23.4	86.9	95.6
8933	22.6	70.0	91.1
8934	30.0	78.4	125.3
8935	29.1	58.8	91.2
8936	29.7	80.4	132.4
8937	21.3	78.8	70.2
8938	33.4	86.2	105.8
8939	25.8	51.4	73.6
8940	24.7	67.9	71.0
8941	26.9	77.2	93.3
8942	25.9	53.8	88.4
8943	33.0	66.4	101.4
8944	33.9	87.7	111.4
8945	24.6	67.4	96.9
8946	33.0	89.4	126.0
8947	31.7	52.3	90.9
8948	34.0	78.7	133.2
8949	23.7	73.2	106.8
8950	28.7	70.0	105.1
8951	24.1	88.8	102.5
8952	32.4	55.2	97.4
8953	20.1	85.8	97.6
8954	28.5	77.6	119.7
8955	25.1	60.4	86.4
8956	24.8	86.1	94.4
8957	29.7	67.2	107.4
8958	32.8	82.6	116.7
8959	29.1	65.6	97.0
8960	32.8	84.0	106.7
8961	24.0	75.5	121.1
8962	27.8	55.6	96.4
8963	26.8	76.0	113.2
8964	20.2	57.7	97.7
8965	28.4	66.5	93.7
8966	29.9	56.8	100.0
8967	28.9	50.9	87.2
8968	31.0	58.5	93.8
8969	28.6	71.5	99.9
8970	21.0	69.3	82.4
8971	21.7	70.1	80.7
8972	28.9	59.9	117.0
8973	24.1	77.4	111.6
8974	21.2	78.2	90.4
8975	26.4	64.3	62.5
8976	28.3	85.2	72.1
8977	24.9	75.8	97.6
8978	30.8	78.5	90.2
8979	29.7	61.1	105.5
8980	25.0	50.0	57.2
8981	31.3	84.6	131.4
8982	29.7	82.9	109.0
8983	29.6	54.9	109.7
8984	28.3	65.0	101.2
8985	20.2	76.5	99.2
8986	30.4	76.1	98.3
8987	25.6	84.4	80.8
8988	34.1	55.6	119.9
8989	32.3	67.2	105.8
8990	28.8	53.9	100.3
8991	23.8	65.6	87.5
8992	23.1	50.6	91.1
8993	25.1	85.9	109.5
8994	27.1	71.1	101.0
8995	24.4	84.0	110.5
8996	27.7	52.4	112.2
8997	22.5	59.1	92.7
8998	34.7	60.4	114.9
8999	21.6	65.5	98.4
9000	34.0	82.1	110.5
9001	33.7	65.5	111.2
9002	27.9	58.2	93.1
9003	30.9	52.6	89.0
9004	26.5	53.2	92.2
9005	29.5	80.4	127.2
9006	25.1	67.8	103.7
9007	24.5	79.0	94.3
9008	28.7	77.3	128.2
9009	27.5	55.4	95.5
9010	28.7	55.7	85.8
9011	24.3	80.2	105.3
9012	25.5	78.9	118.5
9013	21.3	65.1	96.6
9014	20.8	53.1	83.1
9015	23.8	50.5	82.5
9016	21.1	61.5	88.0
9017	21.6	50.4	73.9
9018	32.2	59.2	98.3
9019	20.6	66.8	94.0
9020	29.9	54.9	98.9
9021	24.1	54.2	80.1
9022	33.1	85.9	118.7
9023	27.3	73.4	103.0
9024	24.6	87.4	112.6
9025	27.8	63.8	92.3
9026	25.7	77.1	100.5
9027	28.5	58.2	93.6
9028	21.7	74.7	111.8
9029	35.0	55.2	108.2
9030	26.4	50.1	75.1
9031	25.2	87.3	119.8
9032	30.7	72.2	126.6
9033	25.5	87.1	92.8
9034	32.5	63.4	99.3
9035	26.8	63.1	113.4
9036	30.8	66.0	114.4
9037	21.6	78.2	135.3
9038	32.7	72.6	115.4
9039	31.0	87.0	113.9
9040	23.2	51.0	69.3
9041	22.2	78.3	98.7
9042	24.7	63.2	92.8
9043	34.6	57.2	105.3
9044	23.9	70.4	93.2
9045	26.8	70.2	87.8
9046	20.5	55.5	85.2
9047	26.0	58.1	77.3
9048	28.6	66.3	89.0
9049	34.3	66.4	78.7
9050	27.8	62.7	87.3
9051	32.3	55.9	84.1
9052	28.2	50.2	86.3
9053	20.6	88.8	120.8
9054	24.7	87.7	123.5
9055	28.6	69.3	80.9
9056	34.3	89.8	115.1
9057	32.9	76.9	125.3
9058	23.4	52.8	73.9
9059	23.3	54.7	84.8
9060	23.0	86.6	101.7
9061	33.8	75.2	94.1
9062	32.8	83.7	135.0
9063	31.6	85.9	122.1
9064	25.9	67.9	101.0
9065	27.6	51.9	100.8
9066	27.0	57.5	79.1
9067	23.8	52.7	67.8
9068	27.6	57.5	112.3
9069	20.5	66.4	89.8
9070	22.0	54.7	104.9
9071	33.3	56.7	76.2
9072	31.3	67.8	105.1
9073	26.3	63.6	97.4
9074	27.8	68.7	94.9
9075	25.5	67.2	98.7
9076	31.1	75.8	116.2
9077	31.8	87.5	119.9
9078	31.4	54.3	102.5
9079	30.8	54.0	87.4
9080	23.1	84.1	95.4
9081	25.1	70.3	101.6
9082	27.0	80.7	116.9
9083	25.0	58.6	101.2
9084	31.3	83.2	100.7
9085	24.9	87.0	103.4
9086	22.1	75.4	102.1
9087	26.0	54.2	94.1
9088	34.7	85.8	131.3
9089	23.4	81.7	96.4
9090	29.2	80.0	114.0
9091	26.5	51.5	83.1
9092	21.1	82.0	91.2
9093	27.3	55.5	93.9
9094	30.5	58.9	107.2
9095	27.7	73.1	89.3
9096	33.1	60.6	112.0
9097	24.3	76.5	105.9
9098	21.3	74.3	100.8
9099	34.0	54.3	62.7
9100	25.7	76.2	99.3
9101	28.6	87.0	104.4
9102	31.9	56.4	100.8
9103	24.9	73.9	96.3
9104	30.7	63.7	117.5
9105	22.0	68.4	76.3
9106	24.4	61.5	82.8
9107	22.2	64.2	91.3
9108	32.2	51.2	129.4
9109	23.3	89.3	134.9
9110	30.8	75.0	140.3
9111	34.1	70.0	99.7
9112	27.9	65.3	87.7
9113	28.1	71.6	80.3
9114	26.9	65.2	82.3
9115	24.9	64.4	87.9
9116	27.1	68.6	97.7
9117	29.0	61.0	115.0
9118	34.8	57.2	110.4
9119	34.1	72.3	117.1
9120	32.9	83.7	109.5
9121	33.3	56.1	76.9
9122	27.0	51.3	81.5
9123	29.9	59.9	121.3
9124	33.4	89.2	131.8
9125	25.9	83.2	115.3
9126	34.4	73.8	125.2
9127	26.2	87.2	105.8
9128	29.0	67.8	96.7
9129	30.6	89.3	141.1
9130	34.3	61.9	90.7
9131	23.7	59.6	84.6
9132	31.2	75.5	107.0
9133	27.8	65.1	101.7
9134	24.0	75.1	85.1
9135	31.6	62.2	92.7
9136	28.3	74.7	99.2
9137	29.9	61.0	127.1
9138	24.8	52.0	78.1
9139	27.2	86.5	98.6
9140	29.3	85.3	110.4
9141	26.1	88.8	102.1
9142	23.0	78.7	101.1
9143	34.4	77.3	106.1
9144	27.7	72.4	101.8
9145	31.0	55.0	113.3
9146	26.2	57.6	99.0
9147	25.3	61.6	117.1
9148	26.1	85.6	115.7
9149	26.1	56.9	68.1
9150	28.2	86.9	91.3
9151	28.2	70.9	112.2
9152	27.5	78.6	103.1
9153	22.0	54.4	73.6
9154	27.4	60.8	88.7
9155	22.5	88.3	100.7
9156	21.9	60.6	93.8
9157	34.0	61.9	131.0
9158	29.1	57.9	108.5
9159	29.9	55.2	78.0
9160	26.0	59.3	92.0
9161	33.6	75.7	123.0
9162	29.6	68.2	99.5
9163	31.5	72.2	125.3
9164	25.5	54.9	94.0
9165	34.4	82.1	117.9
9166	32.3	81.4	120.9
9167	32.8	50.9	101.0
9168	22.6	65.3	107.6
9169	24.1	52.8	96.0
9170	24.3	81.7	94.7
9171	24.1	79.5	87.6
9172	32.8	86.1	117.5
9173	20.5	59.5	92.5
9174	21.1	68.3	99.9
9175	24.1	57.4	94.4
9176	23.0	64.8	104.8
9177	23.5	70.9	93.3
9178	32.0	52.1	91.1
9179	28.4	78.6	112.4
9180	20.1	71.7	93.2
9181	26.4	83.2	94.1
9182	26.1	60.9	83.6
9183	21.7	86.1	84.6
9184	30.1	89.9	89.2
9185	30.5	86.8	105.8
9186	30.8	81.1	96.1
9187	30.9	82.5	122.2
9188	20.0	72.9	98.2
9189	34.3	57.6	93.5
9190	32.2	77.1	103.1
9191	33.6	78.5	118.0
9192	20.2	89.4	98.7
9193	34.0	71.7	121.9
9194	32.1	60.9	118.9
9195	32.6	77.3	113.2
9196	21.4	89.2	99.0
9197	31.1	57.1	66.0
9198	34.4	63.0	109.8
9199	30.2	71.7	108.5
9200	28.6	56.8	97.6
9201	34.2	50.9	144.9
9202	26.6	63.5	127.4
9203	29.0	84.6	115.7
9204	27.1	51.7	94.0
9205	34.0	67.2	105.8
9206	21.1	80.5	97.4
9207	27.5	88.1	115.0
9208	30.3	89.4	116.4
9209	31.9	66.9	84.8
9210	28.7	88.0	97.1
9211	33.6	51.4	121.8
9212	34.1	79.8	104.6
9213	21.0	75.7	83.7
9214	26.0	60.0	101.2
9215	20.4	70.3	115.3
9216	24.9	55.2	77.2
9217	28.1	84.9	109.4
9218	33.7	64.3	99.6
9219	32.7	75.0	95.9
9220	21.9	56.4	58.9
9221	21.4	58.2	99.9
9222	28.8	89.7	113.8
9223	28.0	80.1	110.3
9224	24.0	88.5	105.1
9225	33.5	61.8	103.4
9226	33.9	56.6	116.8
9227	26.0	70.1	131.8
9228	33.4	69.8	115.9
9229	25.8	57.0	112.0
9230	31.1	79.3	115.8
9231	27.1	64.5	76.4
9232	21.8	57.5	70.4
9233	33.9	63.3	100.6
9234	26.8	72.5	94.1
9235	31.0	79.1	81.9
9236	25.5	69.3	96.2
9237	20.3	71.0	74.6
9238	21.5	55.6	61.9
9239	27.4	86.6	111.1
9240	30.3	87.1	125.4
9241	25.0	77.3	122.6
9242	30.4	50.7	77.9
9243	30.5	71.5	111.9
9244	30.6	75.2	95.0
9245	27.4	89.8	119.4
9246	33.7	89.8	124.2
9247	27.3	84.3	92.6
9248	26.8	52.6	66.3
9249	23.0	88.1	115.2
9250	24.6	74.5	111.2
9251	20.6	82.0	88.2
9252	29.5	66.3	91.0
9253	23.7	62.8	82.2
9254	24.6	68.5	115.3
9255	31.6	55.9	96.6
9256	24.9	64.3	97.4
9257	23.6	84.3	79.0
9258	22.5	51.5	65.8
9259	31.6	56.0	81.5
9260	21.9	55.0	67.7
9261	26.8	66.1	96.8
9262	27.6	89.9	102.7
9263	30.3	56.9	92.5
9264	29.5	55.8	88.9
9265	32.2	86.6	110.3
9266	20.7	85.3	97.6
9267	24.4	51.3	98.1
9268	24.2	80.1	110.7
9269	22.2	76.2	119.1
9270	24.3	80.7	109.5
9271	24.6	69.8	110.8
9272	27.8	89.7	111.5
9273	30.0	51.8	101.2
9274	25.7	59.4	98.0
9275	30.8	65.9	109.8
9276	25.0	68.0	107.3
9277	24.4	86.9	107.6
9278	28.1	72.4	115.2
9279	20.4	51.8	85.7
9280	21.2	66.3	90.4
9281	26.3	66.7	86.1
9282	34.1	88.6	126.8
9283	30.8	74.0	106.5
9284	21.3	75.4	93.0
9285	32.7	78.5	82.5
9286	31.0	80.8	93.9
9287	29.2	75.4	104.8
9288	32.3	59.5	103.6
9289	26.1	85.0	104.1
9290	23.3	79.3	110.2
9291	27.7	79.7	118.3
9292	28.2	89.9	123.9
9293	28.1	82.1	104.6
9294	28.5	83.2	115.8
9295	34.2	88.1	129.2
9296	33.5	56.0	112.7
9297	33.1	69.9	105.3
9298	32.0	73.2	110.5
9299	34.2	63.2	137.7
9300	21.5	83.6	100.4
9301	24.0	80.5	87.9
9302	27.4	78.8	98.4
9303	32.7	89.9	101.4
9304	27.6	60.4	110.1
9305	31.2	79.4	116.4
9306	22.1	72.1	94.6
9307	23.8	62.5	79.7
9308	31.0	56.4	75.6
9309	22.5	85.8	75.0
9310	25.3	73.8	109.1
9311	24.0	83.0	80.2
9312	25.2	71.8	107.7
9313	30.6	58.8	112.7
9314	25.5	63.5	99.9
9315	28.3	65.3	89.3
9316	21.5	88.9	89.0
9317	32.1	50.2	116.2
9318	25.5	89.4	111.7
9319	29.7	89.2	113.4
9320	30.9	89.8	117.7
9321	23.1	69.1	109.9
9322	33.3	88.6	134.5
9323	29.2	65.8	118.4
9324	26.4	51.1	120.1
9325	22.7	59.0	77.7
9326	34.1	87.8	122.9
9327	31.3	50.6	97.4
9328	23.1	71.8	77.4
9329	25.1	53.0	90.3
9330	32.1	61.5	94.1
9331	30.4	53.5	109.4
9332	31.5	84.4	126.2
9333	26.6	73.6	73.5
9334	30.7	86.1	84.5
9335	25.8	77.5	63.5
9336	23.2	88.8	95.7
9337	29.5	70.4	122.5
9338	34.6	75.5	143.4
9339	24.7	73.1	102.8
9340	26.9	69.4	120.3
9341	30.1	83.8	143.9
9342	28.1	75.8	110.4
9343	32.7	82.1	127.9
9344	31.4	81.5	103.4
9345	20.9	57.6	83.4
9346	35.0	76.0	114.2
9347	31.3	58.0	104.8
9348	33.0	73.3	100.6
9349	29.8	77.1	79.4
9350	32.8	89.9	122.7
9351	21.7	51.2	73.9
9352	25.2	53.6	97.7
9353	33.1	53.1	101.1
9354	23.0	65.9	87.0
9355	21.2	82.9	101.9
9356	31.8	83.8	110.6
9357	32.5	79.5	115.9
9358	22.4	85.9	124.7
9359	32.8	62.9	120.4
9360	30.3	53.5	90.3
9361	27.8	52.3	56.4
9362	32.5	84.1	138.3
9363	26.3	79.2	97.1
9364	22.9	77.9	97.9
9365	24.3	63.6	91.4
9366	27.6	65.2	80.7
9367	28.0	88.3	109.5
9368	32.1	52.6	139.2
9369	31.9	80.9	110.6
9370	28.7	62.4	112.2
9371	31.7	51.6	113.9
9372	22.9	79.7	83.3
9373	20.8	63.2	66.7
9374	33.1	78.9	93.7
9375	21.1	78.3	97.7
9376	23.7	71.4	80.6
9377	30.4	81.1	113.6
9378	26.1	73.2	64.1
9379	33.1	61.5	86.7
9380	24.5	79.4	87.0
9381	20.2	73.6	80.8
9382	24.5	50.5	74.4
9383	28.7	86.1	117.8
9384	25.6	71.8	113.7
9385	28.0	84.7	111.5
9386	33.1	85.3	115.9
9387	33.7	67.8	109.0
9388	24.0	70.3	109.0
9389	26.9	66.6	86.0
9390	28.2	68.0	110.9
9391	34.2	85.8	132.0
9392	35.0	81.5	103.5
9393	23.5	55.1	82.7
9394	30.9	74.4	141.9
9395	25.7	89.8	107.9
9396	20.1	73.8	81.7
9397	20.1	81.4	89.5
9398	26.9	80.8	101.8
9399	27.3	64.0	102.2
9400	20.3	64.9	77.6
9401	30.3	79.0	89.3
9402	24.4	70.0	84.4
9403	28.4	72.8	110.0
9404	24.5	78.5	82.7
9405	22.5	81.1	101.2
9406	26.1	60.9	87.5
9407	23.5	55.9	98.2
9408	28.0	61.7	114.1
9409	23.0	70.3	104.5
9410	27.6	63.7	121.7
9411	22.4	72.7	70.5
9412	30.1	52.1	91.6
9413	31.3	70.4	105.0
9414	21.7	64.7	79.0
9415	27.0	71.4	52.0
9416	21.1	66.9	73.0
9417	29.0	61.4	94.9
9418	24.0	86.2	96.6
9419	27.9	57.4	91.3
9420	27.8	77.3	95.1
9421	33.9	87.0	111.1
9422	28.2	71.5	111.2
9423	28.7	85.1	94.2
9424	26.0	55.0	92.2
9425	34.2	69.8	113.5
9426	31.7	68.3	115.1
9427	24.3	50.3	85.2
9428	32.7	67.7	114.8
9429	26.5	64.8	101.2
9430	32.4	76.8	101.7
9431	32.3	87.5	96.0
9432	22.8	53.4	96.5
9433	30.5	63.1	105.5
9434	24.4	67.8	73.3
9435	24.5	68.2	92.0
9436	24.4	81.0	100.1
9437	30.9	67.7	98.8
9438	23.4	51.1	101.5
9439	20.0	78.4	73.7
9440	30.7	85.4	109.1
9441	22.6	70.6	97.1
9442	21.6	73.2	59.5
9443	23.6	56.5	103.0
9444	25.7	58.8	86.8
9445	27.1	59.4	104.3
9446	20.7	67.2	98.1
9447	34.6	87.1	112.9
9448	30.7	70.9	97.9
9449	24.8	57.7	59.7
9450	24.8	60.6	99.0
9451	26.7	65.4	83.6
9452	29.4	74.9	112.7
9453	22.2	67.6	75.1
9454	22.8	65.7	71.7
9455	32.9	72.6	98.7
9456	23.8	59.7	92.6
9457	25.7	53.2	96.7
9458	33.1	51.0	92.1
9459	29.9	60.1	109.2
9460	25.1	53.7	91.0
9461	30.3	63.5	89.8
9462	20.3	80.9	115.4
9463	31.0	78.7	98.3
9464	27.3	74.4	80.5
9465	32.2	84.1	101.2
9466	34.3	61.3	126.8
9467	33.9	85.4	132.2
9468	33.6	66.0	137.5
9469	27.7	66.0	97.2
9470	25.4	66.2	92.3
9471	27.0	53.9	79.6
9472	30.3	89.0	146.2
9473	33.3	55.5	103.4
9474	23.1	63.6	97.5
9475	33.8	62.8	115.9
9476	32.2	53.0	110.3
9477	34.7	56.1	115.4
9478	33.2	51.8	105.2
9479	24.2	61.7	108.9
9480	21.6	84.7	107.2
9481	21.7	63.6	52.2
9482	24.4	54.9	72.2
9483	29.2	75.8	104.5
9484	32.1	89.9	115.1
9485	33.5	59.3	79.2
9486	29.4	61.2	99.6
9487	20.1	88.9	104.6
9488	22.8	57.2	110.0
9489	21.5	70.4	63.8
9490	25.4	59.6	78.2
9491	27.5	87.3	114.4
9492	20.7	89.3	80.4
9493	25.2	82.6	112.2
9494	22.7	62.6	87.4
9495	29.7	66.1	103.5
9496	27.0	59.7	69.3
9497	27.4	85.6	82.0
9498	26.4	86.6	80.1
9499	34.3	66.8	114.3
9500	23.2	76.3	81.4
9501	27.7	56.6	109.8
9502	31.0	67.4	85.9
9503	28.4	75.3	100.9
9504	33.9	65.4	81.0
9505	25.7	64.3	99.8
9506	27.0	50.0	109.9
9507	21.3	82.2	100.3
9508	29.1	85.6	110.2
9509	24.3	88.8	94.5
9510	22.4	78.8	81.8
9511	28.2	72.0	100.8
9512	28.0	60.8	82.0
9513	21.1	90.0	79.8
9514	30.5	73.6	125.7
9515	29.4	77.2	99.6
9516	22.8	77.3	116.2
9517	27.0	83.8	119.2
9518	30.8	50.4	122.5
9519	27.9	58.8	89.5
9520	25.9	76.6	98.3
9521	24.8	85.8	101.9
9522	29.2	77.4	102.8
9523	34.1	66.5	105.8
9524	30.1	64.5	80.5
9525	21.1	79.5	103.7
9526	26.9	79.6	107.6
9527	33.4	74.3	104.0
9528	21.4	61.7	86.7
9529	34.8	87.0	122.0
9530	34.2	72.1	125.7
9531	21.2	81.6	90.4
9532	34.0	58.6	99.9
9533	25.4	63.8	87.9
9534	32.7	85.0	124.3
9535	26.3	52.0	76.8
9536	26.6	70.5	104.3
9537	29.5	69.3	92.8
9538	31.6	80.0	100.7
9539	20.5	61.3	96.9
9540	28.9	58.8	112.5
9541	22.8	87.0	99.4
9542	25.2	72.9	113.4
9543	25.2	54.2	71.1
9544	27.0	57.7	68.3
9545	25.0	90.0	86.3
9546	21.6	57.8	73.4
9547	22.2	74.4	89.5
9548	20.5	66.8	76.7
9549	27.1	85.4	103.6
9550	34.3	80.2	109.4
9551	21.7	73.9	101.6
9552	34.2	50.4	82.8
9553	31.0	85.2	83.9
9554	29.6	67.8	85.4
9555	29.7	87.3	99.8
9556	32.4	69.8	138.3
9557	21.6	77.8	105.1
9558	27.6	52.8	90.3
9559	30.5	79.8	110.3
9560	28.8	63.5	102.5
9561	32.5	64.1	117.6
9562	21.1	54.7	117.3
9563	30.4	55.9	112.5
9564	28.0	57.4	83.5
9565	25.7	63.1	80.5
9566	25.1	85.7	92.6
9567	29.3	64.7	123.6
9568	33.4	79.0	139.4
9569	27.4	53.3	79.6
9570	32.4	73.6	94.4
9571	26.0	69.3	95.4
9572	21.5	89.1	102.6
9573	20.9	83.8	90.0
9574	20.8	68.2	80.5
9575	25.7	81.0	110.7
9576	25.1	57.7	79.9
9577	30.8	72.5	80.1
9578	31.1	53.0	91.6
9579	20.8	63.9	73.2
9580	23.3	59.0	88.2
9581	24.1	78.8	83.3
9582	28.2	69.6	116.0
9583	22.2	80.0	123.6
9584	22.0	70.6	91.2
9585	34.2	53.5	107.1
9586	32.1	79.4	104.1
9587	22.7	83.3	63.6
9588	26.1	86.1	97.8
9589	25.3	72.9	94.5
9590	31.9	80.1	117.2
9591	27.7	80.1	136.1
9592	21.9	56.2	97.0
9593	31.1	56.6	70.2
9594	26.0	52.8	69.3
9595	23.9	62.8	87.2
9596	25.6	68.9	91.0
9597	27.5	89.9	101.7
9598	25.1	67.2	68.4
9599	23.6	79.0	98.1
9600	26.0	77.7	113.2
9601	20.3	58.2	64.2
9602	31.6	52.3	112.8
9603	22.6	71.8	86.8
9604	20.7	78.0	84.8
9605	29.8	89.9	101.9
9606	31.6	64.3	116.9
9607	32.2	85.9	133.5
9608	27.4	65.3	94.9
9609	23.1	77.6	87.8
9610	31.1	73.9	127.0
9611	30.5	52.1	113.9
9612	23.7	53.1	101.6
9613	33.6	50.8	129.5
9614	21.6	64.8	65.9
9615	34.7	79.8	115.5
9616	32.9	56.9	113.6
9617	30.3	74.2	117.3
9618	34.1	61.6	103.3
9619	30.8	81.9	129.4
9620	22.9	81.9	94.7
9621	26.6	81.0	139.1
9622	21.1	71.0	85.2
9623	25.8	61.4	71.8
9624	31.1	82.4	108.0
9625	25.8	57.4	92.5
9626	25.0	61.6	97.5
9627	28.9	57.4	84.7
9628	33.1	77.0	116.5
9629	20.7	77.4	109.4
9630	25.8	76.1	115.8
9631	22.4	66.6	79.2
9632	30.4	54.0	90.6
9633	21.6	86.4	86.9
9634	30.0	70.3	127.1
9635	24.3	66.3	86.0
9636	23.0	73.6	97.2
9637	34.0	57.7	105.6
9638	20.3	55.3	63.2
9639	26.6	66.2	97.8
9640	20.3	59.1	55.9
9641	27.3	59.8	102.1
9642	27.5	85.7	92.6
9643	24.8	71.2	126.7
9644	22.0	69.3	102.3
9645	25.6	77.6	105.3
9646	30.1	88.1	106.7
9647	31.7	54.5	89.6
9648	28.0	83.3	103.1
9649	28.8	73.4	112.5
9650	23.0	55.8	83.8
9651	24.3	61.9	79.6
9652	22.4	69.3	77.8
9653	23.7	77.6	78.2
9654	23.4	59.7	72.2
9655	27.8	71.4	85.6
9656	28.4	77.4	87.3
9657	34.2	67.9	81.9
9658	22.9	84.5	86.3
9659	29.6	84.8	106.8
9660	32.3	68.8	129.4
9661	28.4	88.9	146.4
9662	23.8	53.0	104.6
9663	23.9	50.1	58.9
9664	20.6	65.2	79.3
9665	24.6	74.0	124.2
9666	31.2	75.2	98.6
9667	20.7	69.1	79.5
9668	23.3	55.0	91.1
9669	30.6	56.8	104.7
9670	31.7	84.1	123.3
9671	26.8	84.7	110.3
9672	30.5	77.0	95.9
9673	25.8	76.6	113.5
9674	22.4	73.9	105.5
9675	26.0	58.1	84.1
9676	28.7	67.1	122.1
9677	34.2	77.8	94.8
9678	21.0	71.5	96.8
9679	27.6	50.7	102.5
9680	24.9	88.1	117.8
9681	27.6	83.8	85.8
9682	20.4	60.4	62.2
9683	24.7	74.7	93.5
9684	32.3	86.9	119.8
9685	28.3	53.8	93.8
9686	26.8	70.1	66.5
9687	24.3	68.2	92.4
9688	24.5	66.4	68.8
9689	25.7	83.4	117.1
9690	32.5	65.2	119.5
9691	34.5	52.5	120.3
9692	26.6	52.6	86.1
9693	25.9	51.7	87.2
9694	32.7	66.4	84.2
9695	26.4	78.7	103.2
9696	28.3	58.1	106.5
9697	23.5	75.9	98.0
9698	31.2	77.5	81.2
9699	28.0	60.2	77.3
9700	32.1	74.0	115.3
9701	31.7	77.4	122.8
9702	23.2	68.7	113.0
9703	30.7	63.5	107.5
9704	32.0	74.8	102.2
9705	25.2	89.1	102.7
9706	22.6	67.1	78.2
9707	20.0	65.7	67.8
9708	26.8	68.6	104.8
9709	25.3	53.0	67.8
9710	28.3	72.1	101.7
9711	22.8	63.1	81.8
9712	32.9	54.9	96.5
9713	23.9	68.7	82.9
9714	23.4	50.1	87.7
9715	27.2	66.1	87.4
9716	27.5	54.2	108.4
9717	23.2	51.0	107.2
9718	24.1	83.0	115.2
9719	22.5	86.6	106.0
9720	30.8	58.3	110.9
9721	31.6	71.6	111.2
9722	26.9	61.1	90.1
9723	30.7	69.7	81.8
9724	31.0	67.5	115.6
9725	22.1	60.8	65.3
9726	34.5	78.0	109.0
9727	32.3	55.1	112.2
9728	23.1	52.1	97.5
9729	22.8	80.7	111.1
9730	21.9	76.6	111.6
9731	22.1	69.9	116.4
9732	31.2	68.7	121.2
9733	27.0	69.9	113.8
9734	31.7	67.5	99.0
9735	31.2	65.7	77.6
9736	29.1	70.0	109.6
9737	30.3	71.1	96.6
9738	20.3	77.7	87.2
9739	24.7	78.4	93.7
9740	29.6	65.1	109.4
9741	20.1	66.5	103.8
9742	20.5	64.9	95.1
9743	32.8	71.5	114.8
9744	30.3	68.1	98.1
9745	24.0	85.6	120.3
9746	30.3	77.9	89.8
9747	31.9	85.9	98.4
9748	24.6	78.4	104.0
9749	20.5	88.8	116.8
9750	34.0	75.4	127.8
9751	25.2	88.5	105.1
9752	21.6	56.3	91.2
9753	27.4	52.1	82.4
9754	31.5	73.2	112.2
9755	23.3	89.3	78.8
9756	24.0	66.7	51.0
9757	23.6	58.5	88.8
9758	34.9	70.9	101.6
9759	23.0	76.0	80.9
9760	28.6	62.6	87.1
9761	33.9	78.6	132.4
9762	22.2	89.0	98.2
9763	34.6	85.9	127.1
9764	34.2	61.7	98.1
9765	33.3	63.1	96.1
9766	23.2	64.9	89.4
9767	29.5	65.8	115.3
9768	31.4	54.0	101.6
9769	34.8	80.5	123.0
9770	22.7	64.6	54.8
9771	31.5	85.2	121.1
9772	25.1	87.1	84.8
9773	22.6	51.0	60.0
9774	26.3	89.5	114.0
9775	31.9	78.4	151.2
9776	27.0	70.8	114.7
9777	28.1	65.6	100.7
9778	34.9	70.7	144.1
9779	26.0	63.0	98.8
9780	29.2	74.9	76.3
9781	25.5	53.7	71.0
9782	25.9	74.8	90.8
9783	30.4	61.0	109.4
9784	34.1	50.7	124.1
9785	28.1	72.1	104.1
9786	31.5	73.1	112.9
9787	21.3	67.1	85.0
9788	23.2	52.9	90.1
9789	27.5	85.7	98.9
9790	20.3	74.5	85.2
9791	23.8	54.6	92.6
9792	27.8	70.4	82.9
9793	20.2	69.9	107.5
9794	24.0	52.4	73.4
9795	27.7	74.3	88.5
9796	28.6	82.3	121.9
9797	33.9	80.0	155.2
9798	29.7	58.1	73.7
9799	26.2	84.5	113.7
9800	34.0	63.7	105.2
9801	31.8	87.9	109.2
9802	23.0	52.9	54.6
9803	22.0	69.4	86.9
9804	30.1	73.9	109.8
9805	28.4	59.9	64.5
9806	31.8	80.9	96.4
9807	31.1	75.1	115.7
9808	29.4	50.7	107.9
9809	34.8	74.3	110.0
9810	28.0	69.7	103.7
9811	21.7	57.8	92.8
9812	32.4	89.8	143.3
9813	23.8	85.9	102.5
9814	31.7	61.7	121.7
9815	34.4	71.6	116.6
9816	30.5	62.7	111.4
9817	28.9	81.0	108.5
9818	26.9	87.2	113.0
9819	25.5	64.4	100.8
9820	25.3	82.2	103.4
9821	29.5	69.9	114.9
9822	31.3	65.9	115.7
9823	30.2	87.5	117.8
9824	23.0	70.4	96.1
9825	27.4	68.7	72.5
9826	31.9	76.9	116.9
9827	27.1	60.4	77.0
9828	28.0	63.0	88.5
9829	31.6	87.3	143.3
9830	29.9	77.1	120.8
9831	26.1	83.1	102.8
9832	33.4	60.8	107.5
9833	22.4	71.8	83.6
9834	34.9	88.9	126.8
9835	21.8	62.7	94.5
9836	20.2	56.4	83.6
9837	33.4	70.4	83.1
9838	23.7	65.5	85.1
9839	30.9	56.4	86.8
9840	32.2	85.5	135.6
9841	32.9	89.6	134.5
9842	34.9	72.7	118.3
9843	24.4	81.0	121.4
9844	30.7	84.4	108.8
9845	21.7	78.0	89.5
9846	26.1	51.8	84.4
9847	32.7	56.3	87.9
9848	25.5	52.8	87.2
9849	28.9	50.4	115.7
9850	27.6	62.2	113.7
9851	29.7	65.7	106.4
9852	34.6	59.6	125.8
9853	20.8	52.6	60.2
9854	28.6	71.2	93.5
9855	32.9	60.9	89.9
9856	27.2	81.8	95.3
9857	21.2	50.3	54.7
9858	28.4	83.7	98.8
9859	25.0	88.2	116.0
9860	22.3	78.6	109.3
9861	32.7	79.3	123.0
9862	27.8	87.3	95.7
9863	34.0	58.4	109.6
9864	32.1	89.8	141.6
9865	30.4	80.9	108.2
9866	20.1	79.1	102.5
9867	26.4	64.4	107.3
9868	23.0	71.8	107.4
9869	33.7	76.2	88.4
9870	22.6	74.8	78.3
9871	24.3	78.2	67.5
9872	27.8	53.3	77.5
9873	24.0	64.2	88.2
9874	23.1	67.4	86.9
9875	29.0	60.4	88.8
9876	21.3	56.9	97.0
9877	20.9	55.6	80.7
9878	25.6	64.7	88.9
9879	30.8	69.7	110.4
9880	28.3	52.5	100.6
9881	26.3	87.9	111.2
9882	28.5	80.6	118.8
9883	25.5	79.2	109.0
9884	34.0	56.9	113.0
9885	20.8	74.2	73.4
9886	30.1	71.2	123.6
9887	33.4	89.3	118.3
9888	32.1	79.9	118.0
9889	22.8	73.0	90.7
9890	24.4	84.0	113.5
9891	30.8	56.2	103.8
9892	21.3	50.6	73.4
9893	32.2	77.6	98.1
9894	30.8	53.9	108.3
9895	30.9	54.6	89.7
9896	21.5	79.8	117.3
9897	30.8	60.8	92.8
9898	30.2	75.1	78.9
9899	32.5	86.7	135.8
9900	20.6	62.7	87.5
9901	20.3	58.7	71.8
9902	25.6	54.3	92.8
9903	22.2	55.2	72.8
9904	28.4	52.5	75.4
9905	33.8	53.5	104.6
9906	25.9	67.3	74.4
9907	32.7	62.8	125.2
9908	20.0	78.3	109.6
9909	22.5	84.8	78.5
9910	20.5	81.4	83.5
9911	24.9	71.2	99.6
9912	33.6	54.1	118.8
9913	21.5	78.4	76.6
9914	29.1	64.5	108.5
9915	26.8	53.4	84.6
9916	34.1	83.7	122.5
9917	21.8	63.5	88.2
9918	23.2	58.7	95.8
9919	20.4	84.9	107.7
9920	26.5	86.1	123.2
9921	24.2	63.6	98.6
9922	33.0	64.2	100.5
9923	29.1	73.2	109.0
9924	29.2	79.3	100.5
9925	28.0	52.5	100.4
9926	21.4	73.7	97.0
9927	26.7	88.1	103.3
9928	35.0	60.5	117.4
9929	32.5	86.4	117.1
9930	33.4	88.0	139.6
9931	32.3	60.8	108.1
9932	21.5	80.2	108.8
9933	23.4	59.6	84.4
9934	20.0	79.5	87.4
9935	24.6	81.9	93.1
9936	21.6	59.9	104.9
9937	27.1	78.6	105.4
9938	30.2	82.5	105.2
9939	33.1	64.3	94.1
9940	31.2	56.7	65.7
9941	34.1	53.7	106.0
9942	20.8	73.0	101.7
9943	20.2	89.1	116.2
9944	29.9	82.9	108.5
9945	24.3	67.4	94.9
9946	23.8	71.5	65.8
9947	25.0	61.2	94.1
9948	24.0	56.5	104.3
9949	27.7	69.3	93.7
9950	26.6	68.5	97.0
9951	27.7	70.9	92.1
9952	30.1	88.1	134.7
9953	25.8	74.2	90.5
9954	23.8	74.2	105.8
9955	22.5	55.1	74.8
9956	25.2	89.9	98.0
9957	31.1	80.9	93.5
9958	31.4	85.1	107.9
9959	30.0	66.6	116.8
9960	23.5	70.1	94.2
9961	28.8	70.9	101.5
9962	28.6	57.8	124.1
9963	27.3	77.6	100.9
9964	28.2	86.1	115.8
9965	27.4	56.5	96.6
9966	28.5	53.5	118.5
9967	30.7	79.5	112.9
9968	21.6	60.9	99.2
9969	31.2	75.0	97.4
9970	22.0	77.8	64.6
9971	21.0	62.9	99.7
9972	34.6	82.6	110.9
9973	34.4	72.0	103.9
9974	20.9	84.8	101.6
9975	26.6	80.5	126.4
9976	22.8	84.7	97.9
9977	27.3	50.8	95.1
9978	32.5	59.7	101.7
9979	34.3	53.6	119.8
9980	29.5	67.7	95.6
9981	25.3	85.6	106.3
9982	29.0	68.7	110.8
9983	24.7	84.0	89.7
9984	33.6	63.1	79.8
9985	33.1	63.6	83.8
9986	28.4	85.8	90.9
9987	24.9	67.0	62.9
9988	24.4	81.6	94.2
9989	20.5	59.5	66.9
9990	32.2	88.0	98.3
9991	26.8	73.0	96.7
9992	24.9	80.4	111.4
9993	27.1	53.6	71.9
9994	32.3	69.7	115.4
9995	21.9	86.0	63.8
9996	32.9	85.1	99.7
9997	33.5	51.9	109.2
9998	34.2	62.1	108.8
9999	26.0	67.7	130.4
10000	23.3	56.9	100.8
