CHR,SNP,POS,A1,A2,MAF,Major_AF,Call_Rate,AA_Freq,AB_Freq,BB_Freq,Missing_Rate
1,1:19676,19676,G,A,0.9565,0.0435,1.0,0.003,0.081,0.916,0.0
1,1:29726,29726,G,A,0.86,0.14,1.0,0.022,0.236,0.742,0.0
1,1:49977,49977,G,A,0.5315,0.4685,1.0,0.225,0.487,0.288,0.0
1,1:61088,61088,G,A,0.7665,0.2335,1.0,0.061,0.345,0.594,0.0
1,1:67662,67662,G,A,0.893,0.107,1.0,0.011,0.192,0.797,0.0
1,1:70641,70641,G,A,0.7385,0.2615,1.0,0.057,0.409,0.534,0.0
1,1:77176,77176,G,A,0.5855,0.4145,1.0,0.175,0.479,0.346,0.0
1,1:112936,112936,G,A,0.719,0.281,1.0,0.079,0.404,0.517,0.0
1,1:125356,125356,G,A,0.555,0.445,1.0,0.19,0.51,0.3,0.0
1,1:181361,181361,G,A,0.555,0.445,1.0,0.195,0.5,0.305,0.0
1,1:197776,197776,G,A,0.731,0.269,1.0,0.071,0.396,0.533,0.0
1,1:224696,224696,G,A,0.9205,0.0795,1.0,0.004,0.151,0.845,0.0
1,1:225392,225392,G,A,0.637,0.363,1.0,0.138,0.45,0.412,0.0
1,1:271837,271837,G,A,0.7945,0.2055,1.0,0.044,0.323,0.633,0.0
1,1:278496,278496,G,A,0.5985,0.4015,1.0,0.159,0.485,0.356,0.0
1,1:285712,285712,G,A,0.8005,0.1995,1.0,0.037,0.325,0.638,0.0
1,1:308618,308618,G,A,0.8165,0.1835,1.0,0.038,0.291,0.671,0.0
1,1:344127,344127,G,A,0.7015,0.2985,1.0,0.107,0.383,0.51,0.0
1,1:424529,424529,G,A,0.945,0.055,1.0,0.004,0.102,0.894,0.0
1,1:442940,442940,G,A,0.874,0.126,1.0,0.016,0.22,0.764,0.0
1,1:448346,448346,G,A,0.5815,0.4185,1.0,0.18,0.477,0.343,0.0
1,1:449396,449396,G,A,0.515,0.485,1.0,0.228,0.514,0.258,0.0
1,1:460797,460797,G,A,0.8595,0.1405,1.0,0.021,0.239,0.74,0.0
1,1:484274,484274,G,A,0.617,0.383,1.0,0.135,0.496,0.369,0.0
1,1:529526,529526,G,A,0.9025,0.0975,1.0,0.003,0.189,0.808,0.0
1,1:537978,537978,G,A,0.7425,0.2575,1.0,0.065,0.385,0.55,0.0
1,1:549149,549149,G,A,0.722,0.278,1.0,0.078,0.4,0.522,0.0
1,1:566089,566089,G,A,0.7045,0.2955,1.0,0.086,0.419,0.495,0.0
1,1:571651,571651,G,A,0.7855,0.2145,1.0,0.05,0.329,0.621,0.0
1,1:578527,578527,G,A,0.5735,0.4265,1.0,0.195,0.463,0.342,0.0
1,1:605410,605410,G,A,0.8075,0.1925,1.0,0.039,0.307,0.654,0.0
1,1:611214,611214,G,A,0.7275,0.2725,1.0,0.079,0.387,0.534,0.0
1,1:647297,647297,G,A,0.859,0.141,1.0,0.019,0.244,0.737,0.0
1,1:658004,658004,G,A,0.692,0.308,1.0,0.102,0.412,0.486,0.0
1,1:692925,692925,G,A,0.8575,0.1425,1.0,0.019,0.247,0.734,0.0
1,1:734276,734276,G,A,0.829,0.171,1.0,0.024,0.294,0.682,0.0
1,1:737955,737955,G,A,0.737,0.263,1.0,0.063,0.4,0.537,0.0
1,1:749972,749972,G,A,0.818,0.182,1.0,0.031,0.302,0.667,0.0
1,1:769599,769599,G,A,0.933,0.067,1.0,0.003,0.128,0.869,0.0
1,1:797969,797969,G,A,0.587,0.413,1.0,0.164,0.498,0.338,0.0
1,1:803329,803329,G,A,0.601,0.399,1.0,0.158,0.482,0.36,0.0
1,1:805114,805114,G,A,0.544,0.456,1.0,0.203,0.506,0.291,0.0
1,1:809179,809179,G,A,0.521,0.479,1.0,0.227,0.504,0.269,0.0
1,1:814423,814423,G,A,0.899,0.101,1.0,0.011,0.18,0.809,0.0
1,1:879460,879460,G,A,0.82,0.18,1.0,0.028,0.304,0.668,0.0
1,1:909246,909246,G,A,0.6455,0.3545,1.0,0.122,0.465,0.413,0.0
1,1:917473,917473,G,A,0.5475,0.4525,1.0,0.2,0.505,0.295,0.0
1,1:947273,947273,G,A,0.888,0.112,1.0,0.013,0.198,0.789,0.0
1,1:953693,953693,G,A,0.7535,0.2465,1.0,0.05,0.393,0.557,0.0
1,1:953960,953960,G,A,0.504,0.496,1.0,0.247,0.498,0.255,0.0
1,1:955206,955206,G,A,0.796,0.204,1.0,0.034,0.34,0.626,0.0
1,1:973738,973738,G,A,0.7215,0.2785,1.0,0.07,0.417,0.513,0.0
1,1:981884,981884,G,A,0.643,0.357,1.0,0.131,0.452,0.417,0.0
1,1:996162,996162,G,A,0.767,0.233,1.0,0.046,0.374,0.58,0.0
1,1:1003172,1003172,G,A,0.6245,0.3755,1.0,0.147,0.457,0.396,0.0
1,1:1020155,1020155,G,A,0.8795,0.1205,1.0,0.015,0.211,0.774,0.0
1,1:1043234,1043234,G,A,0.841,0.159,1.0,0.024,0.27,0.706,0.0
1,1:1074962,1074962,G,A,0.79,0.21,1.0,0.045,0.33,0.625,0.0
1,1:1079601,1079601,G,A,0.5045,0.4955,1.0,0.241,0.509,0.25,0.0
1,1:1116272,1116272,G,A,0.7855,0.2145,1.0,0.048,0.333,0.619,0.0
1,1:1132659,1132659,G,A,0.54,0.46,1.0,0.196,0.528,0.276,0.0
1,1:1135965,1135965,G,A,0.5575,0.4425,1.0,0.203,0.479,0.318,0.0
1,1:1164796,1164796,G,A,0.6405,0.3595,1.0,0.127,0.465,0.408,0.0
1,1:1193983,1193983,G,A,0.7705,0.2295,1.0,0.048,0.363,0.589,0.0
1,1:1222870,1222870,G,A,0.7945,0.2055,1.0,0.04,0.331,0.629,0.0
1,1:1228808,1228808,G,A,0.6535,0.3465,1.0,0.119,0.455,0.426,0.0
1,1:1270897,1270897,G,A,0.8525,0.1475,1.0,0.022,0.251,0.727,0.0
1,1:1286644,1286644,G,A,0.7855,0.2145,1.0,0.046,0.337,0.617,0.0
1,1:1308508,1308508,G,A,0.5935,0.4065,1.0,0.171,0.471,0.358,0.0
1,1:1369278,1369278,G,A,0.8475,0.1525,1.0,0.024,0.257,0.719,0.0
1,1:1383876,1383876,G,A,0.575,0.425,1.0,0.179,0.492,0.329,0.0
1,1:1406151,1406151,G,A,0.6925,0.3075,1.0,0.084,0.447,0.469,0.0
1,1:1406369,1406369,G,A,0.722,0.278,1.0,0.076,0.404,0.52,0.0
1,1:1416954,1416954,G,A,0.6775,0.3225,1.0,0.102,0.441,0.457,0.0
1,1:1428128,1428128,G,A,0.654,0.346,1.0,0.121,0.45,0.429,0.0
1,1:1429291,1429291,G,A,0.6995,0.3005,1.0,0.081,0.439,0.48,0.0
1,1:1443718,1443718,G,A,0.6175,0.3825,1.0,0.153,0.459,0.388,0.0
1,1:1472543,1472543,G,A,0.796,0.204,1.0,0.035,0.338,0.627,0.0
1,1:1500949,1500949,G,A,0.562,0.438,1.0,0.198,0.48,0.322,0.0
1,1:1514543,1514543,G,A,0.8505,0.1495,1.0,0.023,0.253,0.724,0.0
1,1:1524103,1524103,G,A,0.619,0.381,1.0,0.138,0.486,0.376,0.0
1,1:1531065,1531065,G,A,0.784,0.216,1.0,0.042,0.348,0.61,0.0
1,1:1534228,1534228,G,A,0.653,0.347,1.0,0.119,0.456,0.425,0.0
1,1:1543813,1543813,G,A,0.928,0.072,1.0,0.009,0.126,0.865,0.0
1,1:1559758,1559758,G,A,0.783,0.217,1.0,0.06,0.314,0.626,0.0
1,1:1578316,1578316,G,A,0.5005,0.4995,1.0,0.242,0.515,0.243,0.0
1,1:1635157,1635157,G,A,0.68,0.32,1.0,0.091,0.458,0.451,0.0
1,1:1636676,1636676,G,A,0.7345,0.2655,1.0,0.071,0.389,0.54,0.0
1,1:1649730,1649730,G,A,0.8305,0.1695,1.0,0.032,0.275,0.693,0.0
1,1:1656672,1656672,G,A,0.726,0.274,1.0,0.078,0.392,0.53,0.0
1,1:1668322,1668322,G,A,0.567,0.433,1.0,0.191,0.484,0.325,0.0
1,1:1722321,1722321,G,A,0.804,0.196,1.0,0.035,0.322,0.643,0.0
1,1:1722908,1722908,G,A,0.697,0.303,1.0,0.109,0.388,0.503,0.0
1,1:1726200,1726200,G,A,0.6505,0.3495,1.0,0.131,0.437,0.432,0.0
1,1:1748015,1748015,G,A,0.766,0.234,1.0,0.043,0.382,0.575,0.0
1,1:1749737,1749737,G,A,0.8205,0.1795,1.0,0.033,0.293,0.674,0.0
1,1:1760512,1760512,G,A,0.87,0.13,1.0,0.018,0.224,0.758,0.0
1,1:1805519,1805519,G,A,0.921,0.079,1.0,0.006,0.146,0.848,0.0
1,1:1805809,1805809,G,A,0.8345,0.1655,1.0,0.029,0.273,0.698,0.0
1,1:1821368,1821368,G,A,0.941,0.059,1.0,0.002,0.114,0.884,0.0
1,1:1894555,1894555,G,A,0.6085,0.3915,1.0,0.152,0.479,0.369,0.0
1,1:1901741,1901741,G,A,0.9045,0.0955,1.0,0.01,0.171,0.819,0.0
1,1:1912585,1912585,G,A,0.5415,0.4585,1.0,0.204,0.509,0.287,0.0
1,1:1940370,1940370,G,A,0.7295,0.2705,1.0,0.068,0.405,0.527,0.0
1,1:1983510,1983510,G,A,0.754,0.246,1.0,0.054,0.384,0.562,0.0
1,1:1989174,1989174,G,A,0.915,0.085,1.0,0.008,0.154,0.838,0.0
1,1:1992826,1992826,G,A,0.8765,0.1235,1.0,0.015,0.217,0.768,0.0
1,1:1998174,1998174,G,A,0.5835,0.4165,1.0,0.168,0.497,0.335,0.0
1,1:2009607,2009607,G,A,0.6475,0.3525,1.0,0.129,0.447,0.424,0.0
1,1:2014018,2014018,G,A,0.904,0.096,1.0,0.005,0.182,0.813,0.0
1,1:2059386,2059386,G,A,0.644,0.356,1.0,0.116,0.48,0.404,0.0
1,1:2086214,2086214,G,A,0.879,0.121,1.0,0.016,0.21,0.774,0.0
1,1:2090213,2090213,G,A,0.623,0.377,1.0,0.138,0.478,0.384,0.0
1,1:2120712,2120712,G,A,0.5265,0.4735,1.0,0.233,0.481,0.286,0.0
1,1:2141913,2141913,G,A,0.6185,0.3815,1.0,0.152,0.459,0.389,0.0
1,1:2155749,2155749,G,A,0.59,0.41,1.0,0.173,0.474,0.353,0.0
1,1:2173514,2173514,G,A,0.668,0.332,1.0,0.095,0.474,0.431,0.0
1,1:2195691,2195691,G,A,0.954,0.046,1.0,0.003,0.086,0.911,0.0
1,1:2235001,2235001,G,A,0.595,0.405,1.0,0.162,0.486,0.352,0.0
1,1:2250398,2250398,G,A,0.764,0.236,1.0,0.057,0.358,0.585,0.0
1,1:2253723,2253723,G,A,0.5435,0.4565,1.0,0.215,0.483,0.302,0.0
1,1:2276361,2276361,G,A,0.6705,0.3295,1.0,0.109,0.441,0.45,0.0
1,1:2276788,2276788,G,A,0.8705,0.1295,1.0,0.023,0.213,0.764,0.0
1,1:2298757,2298757,G,A,0.9245,0.0755,1.0,0.005,0.141,0.854,0.0
1,1:2320689,2320689,G,A,0.713,0.287,1.0,0.085,0.404,0.511,0.0
1,1:2322524,2322524,G,A,0.6765,0.3235,1.0,0.101,0.445,0.454,0.0
1,1:2338378,2338378,G,A,0.572,0.428,1.0,0.185,0.486,0.329,0.0
1,1:2363163,2363163,G,A,0.948,0.052,1.0,0.004,0.096,0.9,0.0
1,1:2373140,2373140,G,A,0.5765,0.4235,1.0,0.182,0.483,0.335,0.0
1,1:2382358,2382358,G,A,0.775,0.225,1.0,0.047,0.356,0.597,0.0
1,1:2464723,2464723,G,A,0.7035,0.2965,1.0,0.093,0.407,0.5,0.0
1,1:2480018,2480018,G,A,0.7115,0.2885,1.0,0.073,0.431,0.496,0.0
1,1:2484414,2484414,G,A,0.775,0.225,1.0,0.036,0.378,0.586,0.0
1,1:2503772,2503772,G,A,0.867,0.133,1.0,0.017,0.232,0.751,0.0
1,1:2592317,2592317,G,A,0.912,0.088,1.0,0.011,0.154,0.835,0.0
1,1:2592537,2592537,G,A,0.8545,0.1455,1.0,0.022,0.247,0.731,0.0
1,1:2597481,2597481,G,A,0.6285,0.3715,1.0,0.143,0.457,0.4,0.0
1,1:2607412,2607412,G,A,0.651,0.349,1.0,0.114,0.47,0.416,0.0
1,1:2609090,2609090,G,A,0.655,0.345,1.0,0.12,0.45,0.43,0.0
1,1:2615805,2615805,G,A,0.542,0.458,1.0,0.203,0.51,0.287,0.0
1,1:2640329,2640329,G,A,0.729,0.271,1.0,0.077,0.388,0.535,0.0
1,1:2667868,2667868,G,A,0.6,0.4,1.0,0.166,0.468,0.366,0.0
1,1:2681207,2681207,G,A,0.6495,0.3505,1.0,0.116,0.469,0.415,0.0
1,1:2721865,2721865,G,A,0.5095,0.4905,1.0,0.238,0.505,0.257,0.0
1,1:2726017,2726017,G,A,0.652,0.348,1.0,0.121,0.454,0.425,0.0
1,1:2744805,2744805,G,A,0.8715,0.1285,1.0,0.014,0.229,0.757,0.0
1,1:2750026,2750026,G,A,0.604,0.396,1.0,0.172,0.448,0.38,0.0
1,1:2773940,2773940,G,A,0.7765,0.2235,1.0,0.043,0.361,0.596,0.0
1,1:2825897,2825897,G,A,0.8485,0.1515,1.0,0.024,0.255,0.721,0.0
1,1:2843237,2843237,G,A,0.828,0.172,1.0,0.026,0.292,0.682,0.0
1,1:2844665,2844665,G,A,0.5705,0.4295,1.0,0.178,0.503,0.319,0.0
1,1:2846275,2846275,G,A,0.7655,0.2345,1.0,0.055,0.359,0.586,0.0
1,1:2887297,2887297,G,A,0.738,0.262,1.0,0.064,0.396,0.54,0.0
1,1:2887699,2887699,G,A,0.936,0.064,1.0,0.005,0.118,0.877,0.0
1,1:2966423,2966423,G,A,0.829,0.171,1.0,0.036,0.27,0.694,0.0
1,1:2975606,2975606,G,A,0.558,0.442,1.0,0.2,0.484,0.316,0.0
1,1:2976243,2976243,G,A,0.722,0.278,1.0,0.071,0.414,0.515,0.0
1,1:3028632,3028632,G,A,0.749,0.251,1.0,0.057,0.388,0.555,0.0
1,1:3033350,3033350,G,A,0.919,0.081,1.0,0.005,0.152,0.843,0.0
1,1:3040268,3040268,G,A,0.8275,0.1725,1.0,0.028,0.289,0.683,0.0
1,1:3049317,3049317,G,A,0.891,0.109,1.0,0.017,0.184,0.799,0.0
1,1:3094236,3094236,G,A,0.868,0.132,1.0,0.016,0.232,0.752,0.0
1,1:3100582,3100582,G,A,0.8065,0.1935,1.0,0.036,0.315,0.649,0.0
1,1:3110692,3110692,G,A,0.9195,0.0805,1.0,0.005,0.151,0.844,0.0
1,1:3119613,3119613,G,A,0.6105,0.3895,1.0,0.146,0.487,0.367,0.0
1,1:3125355,3125355,G,A,0.693,0.307,1.0,0.084,0.446,0.47,0.0
1,1:3133212,3133212,G,A,0.5865,0.4135,1.0,0.169,0.489,0.342,0.0
1,1:3138146,3138146,G,A,0.803,0.197,1.0,0.042,0.31,0.648,0.0
1,1:3151883,3151883,G,A,0.868,0.132,1.0,0.016,0.232,0.752,0.0
1,1:3184791,3184791,G,A,0.6945,0.3055,1.0,0.088,0.435,0.477,0.0
1,1:3266403,3266403,G,A,0.941,0.059,1.0,0.003,0.112,0.885,0.0
1,1:3287094,3287094,G,A,0.8955,0.1045,1.0,0.012,0.185,0.803,0.0
1,1:3314345,3314345,G,A,0.589,0.411,1.0,0.156,0.51,0.334,0.0
1,1:3325316,3325316,G,A,0.5445,0.4555,1.0,0.212,0.487,0.301,0.0
1,1:3330923,3330923,G,A,0.874,0.126,1.0,0.019,0.214,0.767,0.0
1,1:3331069,3331069,G,A,0.595,0.405,1.0,0.156,0.498,0.346,0.0
1,1:3341862,3341862,G,A,0.773,0.227,1.0,0.051,0.352,0.597,0.0
1,1:3344770,3344770,G,A,0.7625,0.2375,1.0,0.064,0.347,0.589,0.0
1,1:3366613,3366613,G,A,0.5535,0.4465,1.0,0.2,0.493,0.307,0.0
1,1:3369721,3369721,G,A,0.678,0.322,1.0,0.117,0.41,0.473,0.0
1,1:3379570,3379570,G,A,0.598,0.402,1.0,0.156,0.492,0.352,0.0
1,1:3385358,3385358,G,A,0.618,0.382,1.0,0.149,0.466,0.385,0.0
1,1:3388446,3388446,G,A,0.6875,0.3125,1.0,0.089,0.447,0.464,0.0
1,1:3433383,3433383,G,A,0.616,0.384,1.0,0.156,0.456,0.388,0.0
1,1:3452815,3452815,G,A,0.6345,0.3655,1.0,0.128,0.475,0.397,0.0
1,1:3456654,3456654,G,A,0.7525,0.2475,1.0,0.065,0.365,0.57,0.0
1,1:3541816,3541816,G,A,0.886,0.114,1.0,0.011,0.206,0.783,0.0
1,1:3584703,3584703,G,A,0.8265,0.1735,1.0,0.036,0.275,0.689,0.0
1,1:3609737,3609737,G,A,0.784,0.216,1.0,0.044,0.344,0.612,0.0
1,1:3641772,3641772,G,A,0.697,0.303,1.0,0.083,0.44,0.477,0.0
1,1:3646805,3646805,G,A,0.8055,0.1945,1.0,0.042,0.305,0.653,0.0
1,1:3668281,3668281,G,A,0.874,0.126,1.0,0.017,0.218,0.765,0.0
1,1:3678622,3678622,G,A,0.937,0.063,1.0,0.007,0.112,0.881,0.0
1,1:3683910,3683910,G,A,0.846,0.154,1.0,0.026,0.256,0.718,0.0
1,1:3693306,3693306,G,A,0.682,0.318,1.0,0.101,0.434,0.465,0.0
1,1:3695962,3695962,G,A,0.8915,0.1085,1.0,0.014,0.189,0.797,0.0
1,1:3699392,3699392,G,A,0.9365,0.0635,1.0,0.006,0.115,0.879,0.0
1,1:3708655,3708655,G,A,0.919,0.081,1.0,0.006,0.15,0.844,0.0
1,1:3741197,3741197,G,A,0.5185,0.4815,1.0,0.238,0.487,0.275,0.0
1,1:3757975,3757975,G,A,0.937,0.063,1.0,0.008,0.11,0.882,0.0
1,1:3792825,3792825,G,A,0.763,0.237,1.0,0.05,0.374,0.576,0.0
1,1:3800987,3800987,G,A,0.64,0.36,1.0,0.118,0.484,0.398,0.0
1,1:3815145,3815145,G,A,0.859,0.141,1.0,0.02,0.242,0.738,0.0
1,1:3828434,3828434,G,A,0.5345,0.4655,1.0,0.213,0.505,0.282,0.0
1,1:3830122,3830122,G,A,0.9365,0.0635,1.0,0.003,0.121,0.876,0.0
1,1:3835599,3835599,G,A,0.5545,0.4455,1.0,0.212,0.467,0.321,0.0
1,1:3845475,3845475,G,A,0.7675,0.2325,1.0,0.055,0.355,0.59,0.0
1,1:3875755,3875755,G,A,0.777,0.223,1.0,0.058,0.33,0.612,0.0
1,1:3881858,3881858,G,A,0.7345,0.2655,1.0,0.069,0.393,0.538,0.0
1,1:3887009,3887009,G,A,0.5155,0.4845,1.0,0.234,0.501,0.265,0.0
1,1:3901404,3901404,G,A,0.6695,0.3305,1.0,0.112,0.437,0.451,0.0
1,1:3924483,3924483,G,A,0.5365,0.4635,1.0,0.214,0.499,0.287,0.0
1,1:3956779,3956779,G,A,0.9385,0.0615,1.0,0.004,0.115,0.881,0.0
1,1:4024734,4024734,G,A,0.533,0.467,1.0,0.213,0.508,0.279,0.0
1,1:4032655,4032655,G,A,0.854,0.146,1.0,0.021,0.25,0.729,0.0
1,1:4035852,4035852,G,A,0.807,0.193,1.0,0.039,0.308,0.653,0.0
1,1:4036406,4036406,G,A,0.913,0.087,1.0,0.009,0.156,0.835,0.0
1,1:4058849,4058849,G,A,0.5615,0.4385,1.0,0.19,0.497,0.313,0.0
1,1:4079442,4079442,G,A,0.7115,0.2885,1.0,0.098,0.381,0.521,0.0
1,1:4109071,4109071,G,A,0.911,0.089,1.0,0.014,0.15,0.836,0.0
1,1:4109405,4109405,G,A,0.768,0.232,1.0,0.058,0.348,0.594,0.0
1,1:4151786,4151786,G,A,0.7755,0.2245,1.0,0.053,0.343,0.604,0.0
1,1:4183840,4183840,G,A,0.9295,0.0705,1.0,0.004,0.133,0.863,0.0
1,1:4264424,4264424,G,A,0.7965,0.2035,1.0,0.036,0.335,0.629,0.0
1,1:4268174,4268174,G,A,0.8355,0.1645,1.0,0.034,0.261,0.705,0.0
1,1:4273446,4273446,G,A,0.553,0.447,1.0,0.197,0.5,0.303,0.0
1,1:4294540,4294540,G,A,0.5765,0.4235,1.0,0.17,0.507,0.323,0.0
1,1:4300916,4300916,G,A,0.8715,0.1285,1.0,0.014,0.229,0.757,0.0
1,1:4327309,4327309,G,A,0.533,0.467,1.0,0.204,0.526,0.27,0.0
1,1:4338844,4338844,G,A,0.627,0.373,1.0,0.143,0.46,0.397,0.0
1,1:4345761,4345761,G,A,0.7325,0.2675,1.0,0.064,0.407,0.529,0.0
1,1:4394644,4394644,G,A,0.741,0.259,1.0,0.064,0.39,0.546,0.0
1,1:4409353,4409353,G,A,0.543,0.457,1.0,0.212,0.49,0.298,0.0
1,1:4421591,4421591,G,A,0.814,0.186,1.0,0.045,0.282,0.673,0.0
1,1:4429900,4429900,G,A,0.7655,0.2345,1.0,0.055,0.359,0.586,0.0
1,1:4437678,4437678,G,A,0.63,0.37,1.0,0.136,0.468,0.396,0.0
1,1:4460277,4460277,G,A,0.6025,0.3975,1.0,0.162,0.471,0.367,0.0
1,1:4464345,4464345,G,A,0.7935,0.2065,1.0,0.048,0.317,0.635,0.0
1,1:4466272,4466272,G,A,0.5145,0.4855,1.0,0.24,0.491,0.269,0.0
1,1:4469354,4469354,G,A,0.838,0.162,1.0,0.021,0.282,0.697,0.0
1,1:4473015,4473015,G,A,0.7925,0.2075,1.0,0.044,0.327,0.629,0.0
1,1:4521374,4521374,G,A,0.8755,0.1245,1.0,0.021,0.207,0.772,0.0
1,1:4523536,4523536,G,A,0.6985,0.3015,1.0,0.077,0.449,0.474,0.0
1,1:4532689,4532689,G,A,0.505,0.495,1.0,0.245,0.5,0.255,0.0
1,1:4545584,4545584,G,A,0.6485,0.3515,1.0,0.116,0.471,0.413,0.0
1,1:4578239,4578239,G,A,0.7435,0.2565,1.0,0.058,0.397,0.545,0.0
1,1:4600109,4600109,G,A,0.506,0.494,1.0,0.245,0.498,0.257,0.0
1,1:4622581,4622581,G,A,0.932,0.068,1.0,0.004,0.128,0.868,0.0
1,1:4672413,4672413,G,A,0.811,0.189,1.0,0.037,0.304,0.659,0.0
1,1:4684347,4684347,G,A,0.5835,0.4165,1.0,0.164,0.505,0.331,0.0
1,1:4739401,4739401,G,A,0.702,0.298,1.0,0.087,0.422,0.491,0.0
1,1:4746772,4746772,G,A,0.947,0.053,1.0,0.003,0.1,0.897,0.0
1,1:4755470,4755470,G,A,0.742,0.258,1.0,0.055,0.406,0.539,0.0
1,1:4790692,4790692,G,A,0.938,0.062,1.0,0.003,0.118,0.879,0.0
1,1:4810834,4810834,G,A,0.6755,0.3245,1.0,0.104,0.441,0.455,0.0
1,1:4816130,4816130,G,A,0.656,0.344,1.0,0.113,0.462,0.425,0.0
1,1:4833178,4833178,G,A,0.87,0.13,1.0,0.011,0.238,0.751,0.0
1,1:4848288,4848288,G,A,0.513,0.487,1.0,0.235,0.504,0.261,0.0
1,1:4854043,4854043,G,A,0.5825,0.4175,1.0,0.176,0.483,0.341,0.0
1,1:4860320,4860320,G,A,0.737,0.263,1.0,0.063,0.4,0.537,0.0
1,1:4876873,4876873,G,A,0.8065,0.1935,1.0,0.037,0.313,0.65,0.0
1,1:4889085,4889085,G,A,0.9365,0.0635,1.0,0.005,0.117,0.878,0.0
1,1:4900165,4900165,G,A,0.646,0.354,1.0,0.126,0.456,0.418,0.0
1,1:4952076,4952076,G,A,0.825,0.175,1.0,0.032,0.286,0.682,0.0
1,1:4975468,4975468,G,A,0.78,0.22,1.0,0.044,0.352,0.604,0.0
1,1:4981506,4981506,G,A,0.753,0.247,1.0,0.065,0.364,0.571,0.0
1,1:4982043,4982043,G,A,0.5645,0.4355,1.0,0.193,0.485,0.322,0.0
1,1:4990962,4990962,G,A,0.566,0.434,1.0,0.199,0.47,0.331,0.0
1,1:5001046,5001046,G,A,0.616,0.384,1.0,0.15,0.468,0.382,0.0
1,1:5016240,5016240,G,A,0.6075,0.3925,1.0,0.154,0.477,0.369,0.0
1,1:5028036,5028036,G,A,0.714,0.286,1.0,0.086,0.4,0.514,0.0
1,1:5051647,5051647,G,A,0.5925,0.4075,1.0,0.172,0.471,0.357,0.0
1,1:5059668,5059668,G,A,0.566,0.434,1.0,0.188,0.492,0.32,0.0
1,1:5071916,5071916,G,A,0.7235,0.2765,1.0,0.071,0.411,0.518,0.0
1,1:5130398,5130398,G,A,0.5485,0.4515,1.0,0.193,0.517,0.29,0.0
1,1:5184503,5184503,G,A,0.532,0.468,1.0,0.222,0.492,0.286,0.0
1,1:5241219,5241219,G,A,0.874,0.126,1.0,0.015,0.222,0.763,0.0
1,1:5250296,5250296,G,A,0.504,0.496,1.0,0.256,0.48,0.264,0.0
1,1:5272865,5272865,G,A,0.832,0.168,1.0,0.027,0.282,0.691,0.0
1,1:5277421,5277421,G,A,0.5385,0.4615,1.0,0.195,0.533,0.272,0.0
1,1:5287914,5287914,G,A,0.5875,0.4125,1.0,0.165,0.495,0.34,0.0
1,1:5290718,5290718,G,A,0.5475,0.4525,1.0,0.198,0.509,0.293,0.0
1,1:5301359,5301359,G,A,0.7435,0.2565,1.0,0.059,0.395,0.546,0.0
1,1:5303944,5303944,G,A,0.8815,0.1185,1.0,0.017,0.203,0.78,0.0
1,1:5311500,5311500,G,A,0.846,0.154,1.0,0.024,0.26,0.716,0.0
1,1:5318332,5318332,G,A,0.806,0.194,1.0,0.042,0.304,0.654,0.0
1,1:5337356,5337356,G,A,0.836,0.164,1.0,0.017,0.294,0.689,0.0
1,1:5345855,5345855,G,A,0.506,0.494,1.0,0.247,0.494,0.259,0.0
1,1:5351827,5351827,G,A,0.875,0.125,1.0,0.015,0.22,0.765,0.0
1,1:5384936,5384936,G,A,0.6485,0.3515,1.0,0.125,0.453,0.422,0.0
1,1:5386160,5386160,G,A,0.732,0.268,1.0,0.069,0.398,0.533,0.0
1,1:5403253,5403253,G,A,0.933,0.067,1.0,0.003,0.128,0.869,0.0
1,1:5409862,5409862,G,A,0.862,0.138,1.0,0.015,0.246,0.739,0.0
1,1:5418953,5418953,G,A,0.519,0.481,1.0,0.238,0.486,0.276,0.0
1,1:5432020,5432020,G,A,0.591,0.409,1.0,0.163,0.492,0.345,0.0
1,1:5438685,5438685,G,A,0.7,0.3,1.0,0.091,0.418,0.491,0.0
1,1:5481141,5481141,G,A,0.9205,0.0795,1.0,0.006,0.147,0.847,0.0
1,1:5525634,5525634,G,A,0.8805,0.1195,1.0,0.008,0.223,0.769,0.0
1,1:5553536,5553536,G,A,0.637,0.363,1.0,0.133,0.46,0.407,0.0
1,1:5562068,5562068,G,A,0.6175,0.3825,1.0,0.151,0.463,0.386,0.0
1,1:5579080,5579080,G,A,0.514,0.486,1.0,0.245,0.482,0.273,0.0
1,1:5596527,5596527,G,A,0.858,0.142,1.0,0.021,0.242,0.737,0.0
1,1:5627746,5627746,G,A,0.674,0.326,1.0,0.108,0.436,0.456,0.0
1,1:5654238,5654238,G,A,0.74,0.26,1.0,0.066,0.388,0.546,0.0
1,1:5666913,5666913,G,A,0.906,0.094,1.0,0.007,0.174,0.819,0.0
1,1:5674720,5674720,G,A,0.78,0.22,1.0,0.041,0.358,0.601,0.0
1,1:5698619,5698619,G,A,0.8055,0.1945,1.0,0.041,0.307,0.652,0.0
1,1:5703395,5703395,G,A,0.7445,0.2555,1.0,0.063,0.385,0.552,0.0
1,1:5720627,5720627,G,A,0.829,0.171,1.0,0.028,0.286,0.686,0.0
1,1:5723602,5723602,G,A,0.717,0.283,1.0,0.088,0.39,0.522,0.0
1,1:5730386,5730386,G,A,0.676,0.324,1.0,0.108,0.432,0.46,0.0
1,1:5752811,5752811,G,A,0.7655,0.2345,1.0,0.049,0.371,0.58,0.0
1,1:5786266,5786266,G,A,0.7915,0.2085,1.0,0.043,0.331,0.626,0.0
1,1:5809042,5809042,G,A,0.6695,0.3305,1.0,0.109,0.443,0.448,0.0
1,1:5813776,5813776,G,A,0.922,0.078,1.0,0.005,0.146,0.849,0.0
1,1:5845448,5845448,G,A,0.543,0.457,1.0,0.217,0.48,0.303,0.0
1,1:5846867,5846867,G,A,0.5085,0.4915,1.0,0.238,0.507,0.255,0.0
1,1:5853585,5853585,G,A,0.9215,0.0785,1.0,0.004,0.149,0.847,0.0
1,1:5872355,5872355,G,A,0.6215,0.3785,1.0,0.131,0.495,0.374,0.0
1,1:5875294,5875294,G,A,0.8295,0.1705,1.0,0.027,0.287,0.686,0.0
1,1:5905951,5905951,G,A,0.763,0.237,1.0,0.064,0.346,0.59,0.0
1,1:5934262,5934262,G,A,0.8145,0.1855,1.0,0.034,0.303,0.663,0.0
1,1:5939335,5939335,G,A,0.8555,0.1445,1.0,0.029,0.231,0.74,0.0
1,1:5949853,5949853,G,A,0.7725,0.2275,1.0,0.06,0.335,0.605,0.0
1,1:5994377,5994377,G,A,0.7895,0.2105,1.0,0.038,0.345,0.617,0.0
1,1:6124153,6124153,G,A,0.774,0.226,1.0,0.043,0.366,0.591,0.0
1,1:6152942,6152942,G,A,0.583,0.417,1.0,0.176,0.482,0.342,0.0
1,1:6155580,6155580,G,A,0.5135,0.4865,1.0,0.232,0.509,0.259,0.0
1,1:6193957,6193957,G,A,0.876,0.124,1.0,0.021,0.206,0.773,0.0
1,1:6194225,6194225,G,A,0.629,0.371,1.0,0.124,0.494,0.382,0.0
1,1:6195201,6195201,G,A,0.7165,0.2835,1.0,0.089,0.389,0.522,0.0
1,1:6200647,6200647,G,A,0.7885,0.2115,1.0,0.038,0.347,0.615,0.0
1,1:6202259,6202259,G,A,0.6545,0.3455,1.0,0.12,0.451,0.429,0.0
1,1:6210716,6210716,G,A,0.5425,0.4575,1.0,0.217,0.481,0.302,0.0
1,1:6238796,6238796,G,A,0.6625,0.3375,1.0,0.106,0.463,0.431,0.0
1,1:6285089,6285089,G,A,0.633,0.367,1.0,0.136,0.462,0.402,0.0
1,1:6292519,6292519,G,A,0.881,0.119,1.0,0.014,0.21,0.776,0.0
1,1:6299493,6299493,G,A,0.618,0.382,1.0,0.148,0.468,0.384,0.0
1,1:6314769,6314769,G,A,0.501,0.499,1.0,0.254,0.49,0.256,0.0
1,1:6319708,6319708,G,A,0.506,0.494,1.0,0.246,0.496,0.258,0.0
1,1:6327091,6327091,G,A,0.744,0.256,1.0,0.081,0.35,0.569,0.0
1,1:6330035,6330035,G,A,0.549,0.451,1.0,0.206,0.49,0.304,0.0
1,1:6336357,6336357,G,A,0.6865,0.3135,1.0,0.112,0.403,0.485,0.0
1,1:6356382,6356382,G,A,0.8935,0.1065,1.0,0.012,0.189,0.799,0.0
1,1:6404004,6404004,G,A,0.5225,0.4775,1.0,0.238,0.479,0.283,0.0
1,1:6423960,6423960,G,A,0.6755,0.3245,1.0,0.098,0.453,0.449,0.0
1,1:6469724,6469724,G,A,0.9045,0.0955,1.0,0.007,0.177,0.816,0.0
1,1:6472974,6472974,G,A,0.68,0.32,1.0,0.107,0.426,0.467,0.0
1,1:6491879,6491879,G,A,0.6265,0.3735,1.0,0.135,0.477,0.388,0.0
1,1:6508857,6508857,G,A,0.8445,0.1555,1.0,0.011,0.289,0.7,0.0
1,1:6512441,6512441,G,A,0.65,0.35,1.0,0.129,0.442,0.429,0.0
1,1:6612209,6612209,G,A,0.509,0.491,1.0,0.236,0.51,0.254,0.0
1,1:6659909,6659909,G,A,0.8315,0.1685,1.0,0.022,0.293,0.685,0.0
1,1:6671204,6671204,G,A,0.7485,0.2515,1.0,0.065,0.373,0.562,0.0
1,1:6687667,6687667,G,A,0.8095,0.1905,1.0,0.033,0.315,0.652,0.0
1,1:6698542,6698542,G,A,0.7635,0.2365,1.0,0.066,0.341,0.593,0.0
1,1:6703561,6703561,G,A,0.561,0.439,1.0,0.196,0.486,0.318,0.0
1,1:6722056,6722056,G,A,0.5615,0.4385,1.0,0.197,0.483,0.32,0.0
1,1:6733216,6733216,G,A,0.947,0.053,1.0,0.002,0.102,0.896,0.0
1,1:6736550,6736550,G,A,0.8995,0.1005,1.0,0.007,0.187,0.806,0.0
1,1:6737321,6737321,G,A,0.785,0.215,1.0,0.038,0.354,0.608,0.0
1,1:6739014,6739014,G,A,0.827,0.173,1.0,0.027,0.292,0.681,0.0
1,1:6760404,6760404,G,A,0.9075,0.0925,1.0,0.006,0.173,0.821,0.0
1,1:6767568,6767568,G,A,0.6425,0.3575,1.0,0.129,0.457,0.414,0.0
1,1:6822604,6822604,G,A,0.651,0.349,1.0,0.119,0.46,0.421,0.0
1,1:6837389,6837389,G,A,0.84,0.16,1.0,0.018,0.284,0.698,0.0
1,1:6839790,6839790,G,A,0.786,0.214,1.0,0.048,0.332,0.62,0.0
1,1:6851804,6851804,G,A,0.725,0.275,1.0,0.077,0.396,0.527,0.0
1,1:6852903,6852903,G,A,0.9315,0.0685,1.0,0.007,0.123,0.87,0.0
1,1:6857659,6857659,G,A,0.876,0.124,1.0,0.02,0.208,0.772,0.0
1,1:6913463,6913463,G,A,0.6565,0.3435,1.0,0.129,0.429,0.442,0.0
1,1:6941246,6941246,G,A,0.7175,0.2825,1.0,0.082,0.401,0.517,0.0
1,1:6964706,6964706,G,A,0.6715,0.3285,1.0,0.099,0.459,0.442,0.0
1,1:6982253,6982253,G,A,0.516,0.484,1.0,0.232,0.504,0.264,0.0
1,1:7021863,7021863,G,A,0.6035,0.3965,1.0,0.154,0.485,0.361,0.0
1,1:7022337,7022337,G,A,0.5305,0.4695,1.0,0.221,0.497,0.282,0.0
1,1:7081531,7081531,G,A,0.6885,0.3115,1.0,0.101,0.421,0.478,0.0
1,1:7083611,7083611,G,A,0.949,0.051,1.0,0.004,0.094,0.902,0.0
1,1:7085905,7085905,G,A,0.905,0.095,1.0,0.014,0.162,0.824,0.0
1,1:7089976,7089976,G,A,0.6255,0.3745,1.0,0.139,0.471,0.39,0.0
1,1:7102174,7102174,G,A,0.8195,0.1805,1.0,0.033,0.295,0.672,0.0
1,1:7130145,7130145,G,A,0.769,0.231,1.0,0.053,0.356,0.591,0.0
1,1:7136030,7136030,G,A,0.6205,0.3795,1.0,0.141,0.477,0.382,0.0
1,1:7152748,7152748,G,A,0.7955,0.2045,1.0,0.034,0.341,0.625,0.0
1,1:7281506,7281506,G,A,0.579,0.421,1.0,0.188,0.466,0.346,0.0
1,1:7322154,7322154,G,A,0.781,0.219,1.0,0.051,0.336,0.613,0.0
1,1:7334902,7334902,G,A,0.93,0.07,1.0,0.007,0.126,0.867,0.0
1,1:7339839,7339839,G,A,0.497,0.503,1.0,0.252,0.502,0.246,0.0
1,1:7347001,7347001,G,A,0.7365,0.2635,1.0,0.074,0.379,0.547,0.0
1,1:7393980,7393980,G,A,0.7985,0.2015,1.0,0.039,0.325,0.636,0.0
1,1:7446154,7446154,G,A,0.5465,0.4535,1.0,0.196,0.515,0.289,0.0
1,1:7449608,7449608,G,A,0.553,0.447,1.0,0.2,0.494,0.306,0.0
1,1:7456986,7456986,G,A,0.93,0.07,1.0,0.004,0.132,0.864,0.0
1,1:7466512,7466512,G,A,0.592,0.408,1.0,0.173,0.47,0.357,0.0
1,1:7468811,7468811,G,A,0.728,0.272,1.0,0.086,0.372,0.542,0.0
1,1:7503277,7503277,G,A,0.647,0.353,1.0,0.123,0.46,0.417,0.0
1,1:7583355,7583355,G,A,0.8835,0.1165,1.0,0.014,0.205,0.781,0.0
1,1:7585154,7585154,G,A,0.646,0.354,1.0,0.124,0.46,0.416,0.0
1,1:7587677,7587677,G,A,0.8525,0.1475,1.0,0.017,0.261,0.722,0.0
1,1:7611433,7611433,G,A,0.9,0.1,1.0,0.011,0.178,0.811,0.0
1,1:7640168,7640168,G,A,0.897,0.103,1.0,0.014,0.178,0.808,0.0
1,1:7654910,7654910,G,A,0.792,0.208,1.0,0.036,0.344,0.62,0.0
1,1:7667858,7667858,G,A,0.4975,0.5025,1.0,0.26,0.485,0.255,0.0
1,1:7726891,7726891,G,A,0.9255,0.0745,1.0,0.008,0.133,0.859,0.0
1,1:7734103,7734103,G,A,0.8155,0.1845,1.0,0.028,0.313,0.659,0.0
1,1:7778749,7778749,G,A,0.7,0.3,1.0,0.079,0.442,0.479,0.0
1,1:7797699,7797699,G,A,0.862,0.138,1.0,0.016,0.244,0.74,0.0
1,1:7887740,7887740,G,A,0.5175,0.4825,1.0,0.233,0.499,0.268,0.0
1,1:7946156,7946156,G,A,0.7615,0.2385,1.0,0.057,0.363,0.58,0.0
1,1:7964444,7964444,G,A,0.647,0.353,1.0,0.109,0.488,0.403,0.0
1,1:7971380,7971380,G,A,0.784,0.216,1.0,0.047,0.338,0.615,0.0
1,1:7997044,7997044,G,A,0.8605,0.1395,1.0,0.018,0.243,0.739,0.0
1,1:8027523,8027523,G,A,0.803,0.197,1.0,0.031,0.332,0.637,0.0
1,1:8074038,8074038,G,A,0.8195,0.1805,1.0,0.028,0.305,0.667,0.0
1,1:8112075,8112075,G,A,0.5735,0.4265,1.0,0.197,0.459,0.344,0.0
1,1:8167708,8167708,G,A,0.9385,0.0615,1.0,0.003,0.117,0.88,0.0
1,1:8181884,8181884,G,A,0.561,0.439,1.0,0.201,0.476,0.323,0.0
1,1:8182536,8182536,G,A,0.762,0.238,1.0,0.057,0.362,0.581,0.0
1,1:8221253,8221253,G,A,0.671,0.329,1.0,0.104,0.45,0.446,0.0
1,1:8234680,8234680,G,A,0.578,0.422,1.0,0.174,0.496,0.33,0.0
1,1:8274438,8274438,G,A,0.7315,0.2685,1.0,0.08,0.377,0.543,0.0
1,1:8329443,8329443,G,A,0.9075,0.0925,1.0,0.01,0.165,0.825,0.0
1,1:8336901,8336901,G,A,0.706,0.294,1.0,0.083,0.422,0.495,0.0
1,1:8351246,8351246,G,A,0.8965,0.1035,1.0,0.008,0.191,0.801,0.0
1,1:8357957,8357957,G,A,0.574,0.426,1.0,0.169,0.514,0.317,0.0
1,1:8368353,8368353,G,A,0.651,0.349,1.0,0.128,0.442,0.43,0.0
1,1:8388513,8388513,G,A,0.6785,0.3215,1.0,0.087,0.469,0.444,0.0
1,1:8411884,8411884,G,A,0.9495,0.0505,1.0,0.001,0.099,0.9,0.0
1,1:8437713,8437713,G,A,0.53,0.47,1.0,0.208,0.524,0.268,0.0
1,1:8439470,8439470,G,A,0.8835,0.1165,1.0,0.011,0.211,0.778,0.0
1,1:8454562,8454562,G,A,0.8745,0.1255,1.0,0.019,0.213,0.768,0.0
1,1:8497553,8497553,G,A,0.496,0.504,1.0,0.265,0.478,0.257,0.0
1,1:8527836,8527836,G,A,0.9235,0.0765,1.0,0.005,0.143,0.852,0.0
1,1:8552443,8552443,G,A,0.6135,0.3865,1.0,0.14,0.493,0.367,0.0
1,1:8556136,8556136,G,A,0.9165,0.0835,1.0,0.007,0.153,0.84,0.0
1,1:8556256,8556256,G,A,0.6315,0.3685,1.0,0.144,0.449,0.407,0.0
1,1:8570557,8570557,G,A,0.573,0.427,1.0,0.194,0.466,0.34,0.0
1,1:8585378,8585378,G,A,0.7865,0.2135,1.0,0.049,0.329,0.622,0.0
1,1:8589748,8589748,G,A,0.811,0.189,1.0,0.036,0.306,0.658,0.0
1,1:8593060,8593060,G,A,0.5295,0.4705,1.0,0.218,0.505,0.277,0.0
1,1:8595961,8595961,G,A,0.913,0.087,1.0,0.005,0.164,0.831,0.0
1,1:8640146,8640146,G,A,0.7895,0.2105,1.0,0.045,0.331,0.624,0.0
1,1:8658145,8658145,G,A,0.6605,0.3395,1.0,0.117,0.445,0.438,0.0
1,1:8659523,8659523,G,A,0.631,0.369,1.0,0.133,0.472,0.395,0.0
1,1:8669442,8669442,G,A,0.745,0.255,1.0,0.072,0.366,0.562,0.0
1,1:8674164,8674164,G,A,0.5715,0.4285,1.0,0.192,0.473,0.335,0.0
1,1:8704814,8704814,G,A,0.56,0.44,1.0,0.18,0.52,0.3,0.0
1,1:8805587,8805587,G,A,0.58,0.42,1.0,0.188,0.464,0.348,0.0
1,1:8815996,8815996,G,A,0.881,0.119,1.0,0.014,0.21,0.776,0.0
1,1:8825151,8825151,G,A,0.647,0.353,1.0,0.119,0.468,0.413,0.0
1,1:8831925,8831925,G,A,0.5625,0.4375,1.0,0.191,0.493,0.316,0.0
1,1:8849852,8849852,G,A,0.907,0.093,1.0,0.005,0.176,0.819,0.0
1,1:8860936,8860936,G,A,0.852,0.148,1.0,0.021,0.254,0.725,0.0
1,1:8910853,8910853,G,A,0.51,0.49,1.0,0.248,0.484,0.268,0.0
1,1:8978990,8978990,G,A,0.7335,0.2665,1.0,0.082,0.369,0.549,0.0
1,1:8989139,8989139,G,A,0.7055,0.2945,1.0,0.088,0.413,0.499,0.0
1,1:9004645,9004645,G,A,0.8,0.2,1.0,0.04,0.32,0.64,0.0
1,1:9017498,9017498,G,A,0.765,0.235,1.0,0.063,0.344,0.593,0.0
1,1:9031371,9031371,G,A,0.532,0.468,1.0,0.221,0.494,0.285,0.0
1,1:9035950,9035950,G,A,0.8505,0.1495,1.0,0.019,0.261,0.72,0.0
1,1:9091045,9091045,G,A,0.818,0.182,1.0,0.027,0.31,0.663,0.0
1,1:9137345,9137345,G,A,0.734,0.266,1.0,0.072,0.388,0.54,0.0
1,1:9144221,9144221,G,A,0.7905,0.2095,1.0,0.055,0.309,0.636,0.0
1,1:9161409,9161409,G,A,0.5485,0.4515,1.0,0.188,0.527,0.285,0.0
1,1:9163767,9163767,G,A,0.6695,0.3305,1.0,0.113,0.435,0.452,0.0
1,1:9176749,9176749,G,A,0.7175,0.2825,1.0,0.073,0.419,0.508,0.0
1,1:9184537,9184537,G,A,0.6825,0.3175,1.0,0.1,0.435,0.465,0.0
1,1:9240659,9240659,G,A,0.937,0.063,1.0,0.005,0.116,0.879,0.0
1,1:9249678,9249678,G,A,0.6205,0.3795,1.0,0.141,0.477,0.382,0.0
1,1:9322005,9322005,G,A,0.8125,0.1875,1.0,0.034,0.307,0.659,0.0
1,1:9326244,9326244,G,A,0.6815,0.3185,1.0,0.098,0.441,0.461,0.0
1,1:9331796,9331796,G,A,0.5735,0.4265,1.0,0.185,0.483,0.332,0.0
1,1:9384452,9384452,G,A,0.7905,0.2095,1.0,0.042,0.335,0.623,0.0
1,1:9392610,9392610,G,A,0.929,0.071,1.0,0.007,0.128,0.865,0.0
1,1:9405635,9405635,G,A,0.952,0.048,1.0,0.003,0.09,0.907,0.0
1,1:9426808,9426808,G,A,0.578,0.422,1.0,0.195,0.454,0.351,0.0
1,1:9427505,9427505,G,A,0.7225,0.2775,1.0,0.082,0.391,0.527,0.0
1,1:9447934,9447934,G,A,0.671,0.329,1.0,0.12,0.418,0.462,0.0
1,1:9451245,9451245,G,A,0.67,0.33,1.0,0.11,0.44,0.45,0.0
1,1:9451338,9451338,G,A,0.878,0.122,1.0,0.02,0.204,0.776,0.0
1,1:9456808,9456808,G,A,0.9405,0.0595,1.0,0.005,0.109,0.886,0.0
1,1:9462744,9462744,G,A,0.84,0.16,1.0,0.029,0.262,0.709,0.0
1,1:9496564,9496564,G,A,0.5045,0.4955,1.0,0.254,0.483,0.263,0.0
1,1:9615755,9615755,G,A,0.7545,0.2455,1.0,0.06,0.371,0.569,0.0
1,1:9618396,9618396,G,A,0.5295,0.4705,1.0,0.217,0.507,0.276,0.0
1,1:9622824,9622824,G,A,0.842,0.158,1.0,0.02,0.276,0.704,0.0
1,1:9625106,9625106,G,A,0.616,0.384,1.0,0.152,0.464,0.384,0.0
1,1:9702702,9702702,G,A,0.9355,0.0645,1.0,0.003,0.123,0.874,0.0
1,1:9714178,9714178,G,A,0.954,0.046,1.0,0.002,0.088,0.91,0.0
1,1:9714892,9714892,G,A,0.7325,0.2675,1.0,0.07,0.395,0.535,0.0
1,1:9734817,9734817,G,A,0.6565,0.3435,1.0,0.127,0.433,0.44,0.0
1,1:9742258,9742258,G,A,0.519,0.481,1.0,0.228,0.506,0.266,0.0
1,1:9787558,9787558,G,A,0.949,0.051,1.0,0.006,0.09,0.904,0.0
1,1:9803006,9803006,G,A,0.5235,0.4765,1.0,0.219,0.515,0.266,0.0
1,1:9810405,9810405,G,A,0.7405,0.2595,1.0,0.064,0.391,0.545,0.0
1,1:9818160,9818160,G,A,0.6095,0.3905,1.0,0.149,0.483,0.368,0.0
1,1:9828367,9828367,G,A,0.6585,0.3415,1.0,0.122,0.439,0.439,0.0
1,1:9837696,9837696,G,A,0.8365,0.1635,1.0,0.021,0.285,0.694,0.0
1,1:9909552,9909552,G,A,0.795,0.205,1.0,0.052,0.306,0.642,0.0
1,1:9913842,9913842,G,A,0.684,0.316,1.0,0.093,0.446,0.461,0.0
1,1:9935870,9935870,G,A,0.903,0.097,1.0,0.011,0.172,0.817,0.0
1,1:9937094,9937094,G,A,0.5805,0.4195,1.0,0.175,0.489,0.336,0.0
1,1:9944146,9944146,G,A,0.584,0.416,1.0,0.171,0.49,0.339,0.0
1,1:9944791,9944791,G,A,0.5815,0.4185,1.0,0.172,0.493,0.335,0.0
1,1:9953822,9953822,G,A,0.569,0.431,1.0,0.19,0.482,0.328,0.0
1,1:9955952,9955952,G,A,0.6425,0.3575,1.0,0.127,0.461,0.412,0.0
1,1:9963442,9963442,G,A,0.612,0.388,1.0,0.149,0.478,0.373,0.0
1,1:9986299,9986299,G,A,0.692,0.308,1.0,0.095,0.426,0.479,0.0
1,1:10016390,10016390,G,A,0.8575,0.1425,1.0,0.02,0.245,0.735,0.0
1,1:10047454,10047454,G,A,0.9215,0.0785,1.0,0.007,0.143,0.85,0.0
1,1:10047596,10047596,G,A,0.8575,0.1425,1.0,0.019,0.247,0.734,0.0
1,1:10055080,10055080,G,A,0.872,0.128,1.0,0.02,0.216,0.764,0.0
1,1:10091986,10091986,G,A,0.617,0.383,1.0,0.156,0.454,0.39,0.0
1,1:10095126,10095126,G,A,0.531,0.469,1.0,0.226,0.486,0.288,0.0
1,1:10104108,10104108,G,A,0.5835,0.4165,1.0,0.166,0.501,0.333,0.0
1,1:10108632,10108632,G,A,0.4945,0.5055,1.0,0.247,0.517,0.236,0.0
1,1:10115079,10115079,G,A,0.9335,0.0665,1.0,0.007,0.119,0.874,0.0
1,1:10117274,10117274,G,A,0.936,0.064,1.0,0.002,0.124,0.874,0.0
1,1:10151608,10151608,G,A,0.6445,0.3555,1.0,0.138,0.435,0.427,0.0
1,1:10192258,10192258,G,A,0.9405,0.0595,1.0,0.002,0.115,0.883,0.0
1,1:10196895,10196895,G,A,0.5395,0.4605,1.0,0.217,0.487,0.296,0.0
1,1:10198500,10198500,G,A,0.7415,0.2585,1.0,0.077,0.363,0.56,0.0
1,1:10249580,10249580,G,A,0.5215,0.4785,1.0,0.237,0.483,0.28,0.0
1,1:10274622,10274622,G,A,0.8245,0.1755,1.0,0.032,0.287,0.681,0.0
1,1:10292659,10292659,G,A,0.6355,0.3645,1.0,0.14,0.449,0.411,0.0
1,1:10320856,10320856,G,A,0.6525,0.3475,1.0,0.12,0.455,0.425,0.0
1,1:10321337,10321337,G,A,0.8315,0.1685,1.0,0.027,0.283,0.69,0.0
1,1:10384779,10384779,G,A,0.791,0.209,1.0,0.044,0.33,0.626,0.0
1,1:10390285,10390285,G,A,0.688,0.312,1.0,0.098,0.428,0.474,0.0
1,1:10392035,10392035,G,A,0.7845,0.2155,1.0,0.043,0.345,0.612,0.0
1,1:10421318,10421318,G,A,0.737,0.263,1.0,0.075,0.376,0.549,0.0
1,1:10421959,10421959,G,A,0.745,0.255,1.0,0.07,0.37,0.56,0.0
1,1:10427149,10427149,G,A,0.64,0.36,1.0,0.117,0.486,0.397,0.0
1,1:10431930,10431930,G,A,0.9095,0.0905,1.0,0.012,0.157,0.831,0.0
1,1:10444454,10444454,G,A,0.529,0.471,1.0,0.236,0.47,0.294,0.0
1,1:10466616,10466616,G,A,0.921,0.079,1.0,0.009,0.14,0.851,0.0
1,1:10478543,10478543,G,A,0.804,0.196,1.0,0.045,0.302,0.653,0.0
1,1:10488952,10488952,G,A,0.941,0.059,1.0,0.002,0.114,0.884,0.0
1,1:10495301,10495301,G,A,0.59,0.41,1.0,0.166,0.488,0.346,0.0
1,1:10528295,10528295,G,A,0.898,0.102,1.0,0.009,0.186,0.805,0.0
1,1:10539670,10539670,G,A,0.8075,0.1925,1.0,0.036,0.313,0.651,0.0
1,1:10556087,10556087,G,A,0.753,0.247,1.0,0.065,0.364,0.571,0.0
1,1:10563215,10563215,G,A,0.5905,0.4095,1.0,0.163,0.493,0.344,0.0
1,1:10569321,10569321,G,A,0.6075,0.3925,1.0,0.146,0.493,0.361,0.0
1,1:10608791,10608791,G,A,0.8805,0.1195,1.0,0.013,0.213,0.774,0.0
1,1:10617245,10617245,G,A,0.7555,0.2445,1.0,0.053,0.383,0.564,0.0
1,1:10669436,10669436,G,A,0.8,0.2,1.0,0.03,0.34,0.63,0.0
1,1:10670217,10670217,G,A,0.5045,0.4955,1.0,0.249,0.493,0.258,0.0
1,1:10679044,10679044,G,A,0.535,0.465,1.0,0.218,0.494,0.288,0.0
1,1:10679745,10679745,G,A,0.8875,0.1125,1.0,0.013,0.199,0.788,0.0
1,1:10686963,10686963,G,A,0.748,0.252,1.0,0.06,0.384,0.556,0.0
1,1:10688728,10688728,G,A,0.7385,0.2615,1.0,0.064,0.395,0.541,0.0
1,1:10717208,10717208,G,A,0.5145,0.4855,1.0,0.229,0.513,0.258,0.0
1,1:10736302,10736302,G,A,0.611,0.389,1.0,0.144,0.49,0.366,0.0
1,1:10758431,10758431,G,A,0.606,0.394,1.0,0.151,0.486,0.363,0.0
1,1:10760889,10760889,G,A,0.785,0.215,1.0,0.05,0.33,0.62,0.0
1,1:10774987,10774987,G,A,0.643,0.357,1.0,0.117,0.48,0.403,0.0
1,1:10779707,10779707,G,A,0.8085,0.1915,1.0,0.036,0.311,0.653,0.0
1,1:10822815,10822815,G,A,0.5845,0.4155,1.0,0.159,0.513,0.328,0.0
1,1:10831891,10831891,G,A,0.515,0.485,1.0,0.234,0.502,0.264,0.0
1,1:10833584,10833584,G,A,0.693,0.307,1.0,0.108,0.398,0.494,0.0
1,1:10848681,10848681,G,A,0.702,0.298,1.0,0.09,0.416,0.494,0.0
1,1:10854521,10854521,G,A,0.5385,0.4615,1.0,0.213,0.497,0.29,0.0
1,1:10856761,10856761,G,A,0.555,0.445,1.0,0.218,0.454,0.328,0.0
1,1:10880727,10880727,G,A,0.9015,0.0985,1.0,0.011,0.175,0.814,0.0
1,1:10897035,10897035,G,A,0.6335,0.3665,1.0,0.127,0.479,0.394,0.0
1,1:10916877,10916877,G,A,0.6635,0.3365,1.0,0.111,0.451,0.438,0.0
1,1:10959015,10959015,G,A,0.8515,0.1485,1.0,0.014,0.269,0.717,0.0
1,1:10970724,10970724,G,A,0.898,0.102,1.0,0.011,0.182,0.807,0.0
1,1:10971178,10971178,G,A,0.8185,0.1815,1.0,0.023,0.317,0.66,0.0
1,1:10986869,10986869,G,A,0.8755,0.1245,1.0,0.018,0.213,0.769,0.0
1,1:11021187,11021187,G,A,0.8375,0.1625,1.0,0.024,0.277,0.699,0.0
1,1:11044591,11044591,G,A,0.539,0.461,1.0,0.227,0.468,0.305,0.0
1,1:11045634,11045634,G,A,0.537,0.463,1.0,0.215,0.496,0.289,0.0
1,1:11059861,11059861,G,A,0.8415,0.1585,1.0,0.028,0.261,0.711,0.0
1,1:11074356,11074356,G,A,0.843,0.157,1.0,0.024,0.266,0.71,0.0
1,1:11082323,11082323,G,A,0.7655,0.2345,1.0,0.06,0.349,0.591,0.0
1,1:11091990,11091990,G,A,0.6465,0.3535,1.0,0.124,0.459,0.417,0.0
1,1:11098253,11098253,G,A,0.8805,0.1195,1.0,0.012,0.215,0.773,0.0
1,1:11103832,11103832,G,A,0.5815,0.4185,1.0,0.184,0.469,0.347,0.0
1,1:11135475,11135475,G,A,0.915,0.085,1.0,0.01,0.15,0.84,0.0
1,1:11145553,11145553,G,A,0.882,0.118,1.0,0.013,0.21,0.777,0.0
1,1:11149698,11149698,G,A,0.6655,0.3345,1.0,0.103,0.463,0.434,0.0
1,1:11152154,11152154,G,A,0.8705,0.1295,1.0,0.01,0.239,0.751,0.0
1,1:11186362,11186362,G,A,0.844,0.156,1.0,0.025,0.262,0.713,0.0
1,1:11199748,11199748,G,A,0.553,0.447,1.0,0.2,0.494,0.306,0.0
1,1:11245870,11245870,G,A,0.7895,0.2105,1.0,0.045,0.331,0.624,0.0
1,1:11292149,11292149,G,A,0.519,0.481,1.0,0.247,0.468,0.285,0.0
1,1:11301120,11301120,G,A,0.9005,0.0995,1.0,0.008,0.183,0.809,0.0
1,1:11309412,11309412,G,A,0.5215,0.4785,1.0,0.225,0.507,0.268,0.0
1,1:11310553,11310553,G,A,0.533,0.467,1.0,0.217,0.5,0.283,0.0
1,1:11319248,11319248,G,A,0.7095,0.2905,1.0,0.084,0.413,0.503,0.0
1,1:11326238,11326238,G,A,0.6085,0.3915,1.0,0.163,0.457,0.38,0.0
1,1:11331384,11331384,G,A,0.7545,0.2455,1.0,0.066,0.359,0.575,0.0
1,1:11353541,11353541,G,A,0.601,0.399,1.0,0.157,0.484,0.359,0.0
1,1:11360590,11360590,G,A,0.8485,0.1515,1.0,0.025,0.253,0.722,0.0
1,1:11368857,11368857,G,A,0.544,0.456,1.0,0.208,0.496,0.296,0.0
1,1:11368955,11368955,G,A,0.6105,0.3895,1.0,0.147,0.485,0.368,0.0
1,1:11377788,11377788,G,A,0.6235,0.3765,1.0,0.157,0.439,0.404,0.0
1,1:11392367,11392367,G,A,0.585,0.415,1.0,0.167,0.496,0.337,0.0
1,1:11415377,11415377,G,A,0.7895,0.2105,1.0,0.041,0.339,0.62,0.0
1,1:11416758,11416758,G,A,0.861,0.139,1.0,0.018,0.242,0.74,0.0
1,1:11471762,11471762,G,A,0.795,0.205,1.0,0.044,0.322,0.634,0.0
1,1:11476430,11476430,G,A,0.924,0.076,1.0,0.008,0.136,0.856,0.0
1,1:11484509,11484509,G,A,0.8375,0.1625,1.0,0.026,0.273,0.701,0.0
1,1:11506306,11506306,G,A,0.67,0.33,1.0,0.098,0.464,0.438,0.0
1,1:11546082,11546082,G,A,0.5985,0.4015,1.0,0.169,0.465,0.366,0.0
1,1:11551410,11551410,G,A,0.5215,0.4785,1.0,0.238,0.481,0.281,0.0
1,1:11552292,11552292,G,A,0.6155,0.3845,1.0,0.163,0.443,0.394,0.0
1,1:11579150,11579150,G,A,0.5495,0.4505,1.0,0.182,0.537,0.281,0.0
1,1:11592112,11592112,G,A,0.8245,0.1755,1.0,0.033,0.285,0.682,0.0
1,1:11606244,11606244,G,A,0.635,0.365,1.0,0.138,0.454,0.408,0.0
1,1:11609077,11609077,G,A,0.5085,0.4915,1.0,0.237,0.509,0.254,0.0
1,1:11616153,11616153,G,A,0.69,0.31,1.0,0.095,0.43,0.475,0.0
1,1:11618628,11618628,G,A,0.7635,0.2365,1.0,0.053,0.367,0.58,0.0
1,1:11630983,11630983,G,A,0.8435,0.1565,1.0,0.027,0.259,0.714,0.0
1,1:11643209,11643209,G,A,0.8165,0.1835,1.0,0.033,0.301,0.666,0.0
1,1:11654305,11654305,G,A,0.858,0.142,1.0,0.019,0.246,0.735,0.0
1,1:11667878,11667878,G,A,0.6375,0.3625,1.0,0.128,0.469,0.403,0.0
1,1:11671440,11671440,G,A,0.6075,0.3925,1.0,0.166,0.453,0.381,0.0
1,1:11683983,11683983,G,A,0.614,0.386,1.0,0.158,0.456,0.386,0.0
1,1:11707869,11707869,G,A,0.742,0.258,1.0,0.066,0.384,0.55,0.0
1,1:11720478,11720478,G,A,0.8885,0.1115,1.0,0.01,0.203,0.787,0.0
1,1:11726299,11726299,G,A,0.76,0.24,1.0,0.065,0.35,0.585,0.0
1,1:11748769,11748769,G,A,0.609,0.391,1.0,0.158,0.466,0.376,0.0
1,1:11756879,11756879,G,A,0.547,0.453,1.0,0.213,0.48,0.307,0.0
1,1:11872753,11872753,G,A,0.9215,0.0785,1.0,0.005,0.147,0.848,0.0
1,1:11914971,11914971,G,A,0.831,0.169,1.0,0.024,0.29,0.686,0.0
1,1:11918530,11918530,G,A,0.505,0.495,1.0,0.244,0.502,0.254,0.0
1,1:11950572,11950572,G,A,0.7395,0.2605,1.0,0.07,0.381,0.549,0.0
1,1:11950832,11950832,G,A,0.925,0.075,1.0,0.005,0.14,0.855,0.0
1,1:11951553,11951553,G,A,0.8555,0.1445,1.0,0.015,0.259,0.726,0.0
1,1:11952315,11952315,G,A,0.57,0.43,1.0,0.195,0.47,0.335,0.0
1,1:11953071,11953071,G,A,0.6295,0.3705,1.0,0.134,0.473,0.393,0.0
1,1:11959208,11959208,G,A,0.848,0.152,1.0,0.027,0.25,0.723,0.0
1,1:11963777,11963777,G,A,0.898,0.102,1.0,0.011,0.182,0.807,0.0
1,1:11984399,11984399,G,A,0.922,0.078,1.0,0.004,0.148,0.848,0.0
1,1:12006206,12006206,G,A,0.727,0.273,1.0,0.069,0.408,0.523,0.0
1,1:12084336,12084336,G,A,0.642,0.358,1.0,0.116,0.484,0.4,0.0
1,1:12126468,12126468,G,A,0.81,0.19,1.0,0.042,0.296,0.662,0.0
1,1:12132694,12132694,G,A,0.914,0.086,1.0,0.008,0.156,0.836,0.0
1,1:12138392,12138392,G,A,0.741,0.259,1.0,0.073,0.372,0.555,0.0
1,1:12155093,12155093,G,A,0.8605,0.1395,1.0,0.016,0.247,0.737,0.0
1,1:12155864,12155864,G,A,0.8555,0.1445,1.0,0.018,0.253,0.729,0.0
1,1:12195227,12195227,G,A,0.598,0.402,1.0,0.157,0.49,0.353,0.0
1,1:12225856,12225856,G,A,0.6805,0.3195,1.0,0.1,0.439,0.461,0.0
1,1:12243027,12243027,G,A,0.796,0.204,1.0,0.043,0.322,0.635,0.0
1,1:12267884,12267884,G,A,0.7335,0.2665,1.0,0.074,0.385,0.541,0.0
1,1:12299756,12299756,G,A,0.862,0.138,1.0,0.022,0.232,0.746,0.0
1,1:12310060,12310060,G,A,0.6985,0.3015,1.0,0.098,0.407,0.495,0.0
1,1:12312830,12312830,G,A,0.621,0.379,1.0,0.147,0.464,0.389,0.0
1,1:12374889,12374889,G,A,0.756,0.244,1.0,0.054,0.38,0.566,0.0
1,1:12417421,12417421,G,A,0.779,0.221,1.0,0.05,0.342,0.608,0.0
1,1:12431396,12431396,G,A,0.8375,0.1625,1.0,0.026,0.273,0.701,0.0
1,1:12433197,12433197,G,A,0.8105,0.1895,1.0,0.032,0.315,0.653,0.0
1,1:12457081,12457081,G,A,0.762,0.238,1.0,0.054,0.368,0.578,0.0
1,1:12485001,12485001,G,A,0.8205,0.1795,1.0,0.028,0.303,0.669,0.0
1,1:12503248,12503248,G,A,0.914,0.086,1.0,0.006,0.16,0.834,0.0
1,1:12545746,12545746,G,A,0.871,0.129,1.0,0.015,0.228,0.757,0.0
1,1:12569022,12569022,G,A,0.5045,0.4955,1.0,0.236,0.519,0.245,0.0
1,1:12613998,12613998,G,A,0.775,0.225,1.0,0.059,0.332,0.609,0.0
1,1:12617620,12617620,G,A,0.5895,0.4105,1.0,0.169,0.483,0.348,0.0
1,1:12633011,12633011,G,A,0.636,0.364,1.0,0.137,0.454,0.409,0.0
1,1:12663724,12663724,G,A,0.705,0.295,1.0,0.09,0.41,0.5,0.0
1,1:12670381,12670381,G,A,0.7405,0.2595,1.0,0.07,0.379,0.551,0.0
1,1:12707036,12707036,G,A,0.647,0.353,1.0,0.134,0.438,0.428,0.0
1,1:12719243,12719243,G,A,0.701,0.299,1.0,0.087,0.424,0.489,0.0
1,1:12722095,12722095,G,A,0.63,0.37,1.0,0.136,0.468,0.396,0.0
1,1:12756936,12756936,G,A,0.4985,0.5015,1.0,0.244,0.515,0.241,0.0
1,1:12762751,12762751,G,A,0.817,0.183,1.0,0.035,0.296,0.669,0.0
1,1:12774616,12774616,G,A,0.8025,0.1975,1.0,0.044,0.307,0.649,0.0
1,1:12790903,12790903,G,A,0.6315,0.3685,1.0,0.139,0.459,0.402,0.0
1,1:12796933,12796933,G,A,0.581,0.419,1.0,0.19,0.458,0.352,0.0
1,1:12818332,12818332,G,A,0.846,0.154,1.0,0.021,0.266,0.713,0.0
1,1:12831596,12831596,G,A,0.5405,0.4595,1.0,0.209,0.501,0.29,0.0
1,1:12834264,12834264,G,A,0.528,0.472,1.0,0.226,0.492,0.282,0.0
1,1:12842660,12842660,G,A,0.765,0.235,1.0,0.051,0.368,0.581,0.0
1,1:12851425,12851425,G,A,0.826,0.174,1.0,0.025,0.298,0.677,0.0
1,1:12856499,12856499,G,A,0.769,0.231,1.0,0.061,0.34,0.599,0.0
1,1:12866620,12866620,G,A,0.8555,0.1445,1.0,0.019,0.251,0.73,0.0
1,1:12920740,12920740,G,A,0.917,0.083,1.0,0.002,0.162,0.836,0.0
1,1:12984809,12984809,G,A,0.591,0.409,1.0,0.156,0.506,0.338,0.0
1,1:12988366,12988366,G,A,0.6915,0.3085,1.0,0.09,0.437,0.473,0.0
1,1:12998379,12998379,G,A,0.736,0.264,1.0,0.061,0.406,0.533,0.0
1,1:13021574,13021574,G,A,0.8655,0.1345,1.0,0.019,0.231,0.75,0.0
1,1:13022705,13022705,G,A,0.6955,0.3045,1.0,0.087,0.435,0.478,0.0
1,1:13045698,13045698,G,A,0.785,0.215,1.0,0.043,0.344,0.613,0.0
1,1:13059041,13059041,G,A,0.723,0.277,1.0,0.07,0.414,0.516,0.0
1,1:13081783,13081783,G,A,0.9085,0.0915,1.0,0.007,0.169,0.824,0.0
1,1:13099508,13099508,G,A,0.5335,0.4665,1.0,0.209,0.515,0.276,0.0
1,1:13116916,13116916,G,A,0.591,0.409,1.0,0.165,0.488,0.347,0.0
1,1:13135872,13135872,G,A,0.629,0.371,1.0,0.145,0.452,0.403,0.0
1,1:13143609,13143609,G,A,0.688,0.312,1.0,0.101,0.422,0.477,0.0
1,1:13187278,13187278,G,A,0.8475,0.1525,1.0,0.021,0.263,0.716,0.0
1,1:13217649,13217649,G,A,0.9065,0.0935,1.0,0.017,0.153,0.83,0.0
1,1:13245463,13245463,G,A,0.7945,0.2055,1.0,0.047,0.317,0.636,0.0
1,1:13245697,13245697,G,A,0.7635,0.2365,1.0,0.054,0.365,0.581,0.0
1,1:13283693,13283693,G,A,0.606,0.394,1.0,0.144,0.5,0.356,0.0
1,1:13296139,13296139,G,A,0.873,0.127,1.0,0.014,0.226,0.76,0.0
1,1:13298373,13298373,G,A,0.587,0.413,1.0,0.155,0.516,0.329,0.0
1,1:13315093,13315093,G,A,0.759,0.241,1.0,0.055,0.372,0.573,0.0
1,1:13321009,13321009,G,A,0.564,0.436,1.0,0.181,0.51,0.309,0.0
1,1:13322451,13322451,G,A,0.7235,0.2765,1.0,0.078,0.397,0.525,0.0
1,1:13331234,13331234,G,A,0.9265,0.0735,1.0,0.008,0.131,0.861,0.0
1,1:13426717,13426717,G,A,0.685,0.315,1.0,0.114,0.402,0.484,0.0
1,1:13431836,13431836,G,A,0.772,0.228,1.0,0.057,0.342,0.601,0.0
1,1:13453859,13453859,G,A,0.7505,0.2495,1.0,0.057,0.385,0.558,0.0
1,1:13470138,13470138,G,A,0.586,0.414,1.0,0.175,0.478,0.347,0.0
1,1:13476006,13476006,G,A,0.836,0.164,1.0,0.028,0.272,0.7,0.0
1,1:13479855,13479855,G,A,0.9405,0.0595,1.0,0.004,0.111,0.885,0.0
1,1:13487011,13487011,G,A,0.8195,0.1805,1.0,0.039,0.283,0.678,0.0
1,1:13531115,13531115,G,A,0.8785,0.1215,1.0,0.012,0.219,0.769,0.0
1,1:13579174,13579174,G,A,0.8005,0.1995,1.0,0.036,0.327,0.637,0.0
1,1:13580995,13580995,G,A,0.8475,0.1525,1.0,0.021,0.263,0.716,0.0
1,1:13605805,13605805,G,A,0.9045,0.0955,1.0,0.009,0.173,0.818,0.0
1,1:13609570,13609570,G,A,0.569,0.431,1.0,0.186,0.49,0.324,0.0
1,1:13618724,13618724,G,A,0.857,0.143,1.0,0.022,0.242,0.736,0.0
1,1:13630085,13630085,G,A,0.792,0.208,1.0,0.041,0.334,0.625,0.0
1,1:13654688,13654688,G,A,0.9485,0.0515,1.0,0.002,0.099,0.899,0.0
1,1:13654773,13654773,G,A,0.612,0.388,1.0,0.145,0.486,0.369,0.0
1,1:13657006,13657006,G,A,0.7395,0.2605,1.0,0.063,0.395,0.542,0.0
1,1:13689494,13689494,G,A,0.571,0.429,1.0,0.188,0.482,0.33,0.0
1,1:13691165,13691165,G,A,0.93,0.07,1.0,0.005,0.13,0.865,0.0
1,1:13721795,13721795,G,A,0.8785,0.1215,1.0,0.013,0.217,0.77,0.0
1,1:13757650,13757650,G,A,0.837,0.163,1.0,0.034,0.258,0.708,0.0
1,1:13763701,13763701,G,A,0.551,0.449,1.0,0.194,0.51,0.296,0.0
1,1:13769206,13769206,G,A,0.7905,0.2095,1.0,0.045,0.329,0.626,0.0
1,1:13781010,13781010,G,A,0.8765,0.1235,1.0,0.016,0.215,0.769,0.0
1,1:13792250,13792250,G,A,0.58,0.42,1.0,0.185,0.47,0.345,0.0
1,1:13798271,13798271,G,A,0.796,0.204,1.0,0.04,0.328,0.632,0.0
1,1:13822357,13822357,G,A,0.8005,0.1995,1.0,0.034,0.331,0.635,0.0
1,1:13824881,13824881,G,A,0.651,0.349,1.0,0.11,0.478,0.412,0.0
1,1:13832641,13832641,G,A,0.7765,0.2235,1.0,0.041,0.365,0.594,0.0
1,1:13839095,13839095,G,A,0.945,0.055,1.0,0.003,0.104,0.893,0.0
1,1:13863530,13863530,G,A,0.524,0.476,1.0,0.23,0.492,0.278,0.0
1,1:13881179,13881179,G,A,0.849,0.151,1.0,0.021,0.26,0.719,0.0
1,1:13907580,13907580,G,A,0.83,0.17,1.0,0.021,0.298,0.681,0.0
1,1:13925414,13925414,G,A,0.8935,0.1065,1.0,0.01,0.193,0.797,0.0
1,1:13942403,13942403,G,A,0.871,0.129,1.0,0.015,0.228,0.757,0.0
1,1:13952822,13952822,G,A,0.7265,0.2735,1.0,0.076,0.395,0.529,0.0
1,1:13953368,13953368,G,A,0.5435,0.4565,1.0,0.195,0.523,0.282,0.0
1,1:13981529,13981529,G,A,0.614,0.386,1.0,0.152,0.468,0.38,0.0
1,1:14004882,14004882,G,A,0.648,0.352,1.0,0.127,0.45,0.423,0.0
1,1:14013404,14013404,G,A,0.7845,0.2155,1.0,0.042,0.347,0.611,0.0
1,1:14054780,14054780,G,A,0.585,0.415,1.0,0.175,0.48,0.345,0.0
1,1:14058703,14058703,G,A,0.734,0.266,1.0,0.075,0.382,0.543,0.0
1,1:14063919,14063919,G,A,0.7465,0.2535,1.0,0.067,0.373,0.56,0.0
1,1:14067122,14067122,G,A,0.499,0.501,1.0,0.26,0.482,0.258,0.0
1,1:14072990,14072990,G,A,0.666,0.334,1.0,0.118,0.432,0.45,0.0
1,1:14106895,14106895,G,A,0.559,0.441,1.0,0.191,0.5,0.309,0.0
1,1:14150541,14150541,G,A,0.7295,0.2705,1.0,0.067,0.407,0.526,0.0
1,1:14160135,14160135,G,A,0.8715,0.1285,1.0,0.024,0.209,0.767,0.0
1,1:14218201,14218201,G,A,0.515,0.485,1.0,0.232,0.506,0.262,0.0
1,1:14219887,14219887,G,A,0.6765,0.3235,1.0,0.108,0.431,0.461,0.0
1,1:14226225,14226225,G,A,0.8795,0.1205,1.0,0.012,0.217,0.771,0.0
1,1:14246174,14246174,G,A,0.6355,0.3645,1.0,0.116,0.497,0.387,0.0
1,1:14263316,14263316,G,A,0.738,0.262,1.0,0.074,0.376,0.55,0.0
1,1:14284504,14284504,G,A,0.5895,0.4105,1.0,0.165,0.491,0.344,0.0
1,1:14315680,14315680,G,A,0.8365,0.1635,1.0,0.032,0.263,0.705,0.0
1,1:14369953,14369953,G,A,0.5315,0.4685,1.0,0.214,0.509,0.277,0.0
1,1:14372529,14372529,G,A,0.8195,0.1805,1.0,0.035,0.291,0.674,0.0
1,1:14418935,14418935,G,A,0.519,0.481,1.0,0.238,0.486,0.276,0.0
1,1:14421669,14421669,G,A,0.632,0.368,1.0,0.131,0.474,0.395,0.0
1,1:14497055,14497055,G,A,0.508,0.492,1.0,0.24,0.504,0.256,0.0
1,1:14503357,14503357,G,A,0.6265,0.3735,1.0,0.133,0.481,0.386,0.0
1,1:14509188,14509188,G,A,0.593,0.407,1.0,0.156,0.502,0.342,0.0
1,1:14512254,14512254,G,A,0.8865,0.1135,1.0,0.017,0.193,0.79,0.0
1,1:14514255,14514255,G,A,0.9425,0.0575,1.0,0.002,0.111,0.887,0.0
1,1:14534057,14534057,G,A,0.9,0.1,1.0,0.016,0.168,0.816,0.0
1,1:14557760,14557760,G,A,0.759,0.241,1.0,0.061,0.36,0.579,0.0
1,1:14573459,14573459,G,A,0.7765,0.2235,1.0,0.05,0.347,0.603,0.0
1,1:14573835,14573835,G,A,0.8765,0.1235,1.0,0.016,0.215,0.769,0.0
1,1:14578364,14578364,G,A,0.9355,0.0645,1.0,0.004,0.121,0.875,0.0
1,1:14625667,14625667,G,A,0.632,0.368,1.0,0.136,0.464,0.4,0.0
1,1:14650272,14650272,G,A,0.8765,0.1235,1.0,0.011,0.225,0.764,0.0
1,1:14677070,14677070,G,A,0.503,0.497,1.0,0.243,0.508,0.249,0.0
1,1:14677442,14677442,G,A,0.903,0.097,1.0,0.011,0.172,0.817,0.0
1,1:14681317,14681317,G,A,0.793,0.207,1.0,0.035,0.344,0.621,0.0
1,1:14689950,14689950,G,A,0.742,0.258,1.0,0.071,0.374,0.555,0.0
1,1:14693326,14693326,G,A,0.852,0.148,1.0,0.023,0.25,0.727,0.0
1,1:14716533,14716533,G,A,0.725,0.275,1.0,0.08,0.39,0.53,0.0
1,1:14716696,14716696,G,A,0.89,0.11,1.0,0.013,0.194,0.793,0.0
1,1:14717084,14717084,G,A,0.9485,0.0515,1.0,0.001,0.101,0.898,0.0
1,1:14722792,14722792,G,A,0.6265,0.3735,1.0,0.15,0.447,0.403,0.0
1,1:14749152,14749152,G,A,0.5675,0.4325,1.0,0.184,0.497,0.319,0.0
1,1:14764961,14764961,G,A,0.7055,0.2945,1.0,0.092,0.405,0.503,0.0
1,1:14793753,14793753,G,A,0.846,0.154,1.0,0.026,0.256,0.718,0.0
1,1:14804512,14804512,G,A,0.778,0.222,1.0,0.039,0.366,0.595,0.0
1,1:14812144,14812144,G,A,0.678,0.322,1.0,0.102,0.44,0.458,0.0
1,1:14881729,14881729,G,A,0.938,0.062,1.0,0.005,0.114,0.881,0.0
1,1:14931116,14931116,G,A,0.91,0.09,1.0,0.006,0.168,0.826,0.0
1,1:14986158,14986158,G,A,0.51,0.49,1.0,0.247,0.486,0.267,0.0
1,1:15033889,15033889,G,A,0.642,0.358,1.0,0.133,0.45,0.417,0.0
1,1:15043404,15043404,G,A,0.6195,0.3805,1.0,0.14,0.481,0.379,0.0
1,1:15074662,15074662,G,A,0.9045,0.0955,1.0,0.01,0.171,0.819,0.0
1,1:15099204,15099204,G,A,0.8305,0.1695,1.0,0.021,0.297,0.682,0.0
1,1:15105102,15105102,G,A,0.7645,0.2355,1.0,0.058,0.355,0.587,0.0
1,1:15125441,15125441,G,A,0.8545,0.1455,1.0,0.02,0.251,0.729,0.0
1,1:15135764,15135764,G,A,0.598,0.402,1.0,0.156,0.492,0.352,0.0
1,1:15148531,15148531,G,A,0.6795,0.3205,1.0,0.097,0.447,0.456,0.0
1,1:15152995,15152995,G,A,0.851,0.149,1.0,0.023,0.252,0.725,0.0
1,1:15168971,15168971,G,A,0.6145,0.3855,1.0,0.132,0.507,0.361,0.0
1,1:15170522,15170522,G,A,0.713,0.287,1.0,0.082,0.41,0.508,0.0
1,1:15192218,15192218,G,A,0.8525,0.1475,1.0,0.022,0.251,0.727,0.0
1,1:15342277,15342277,G,A,0.5765,0.4235,1.0,0.19,0.467,0.343,0.0
1,1:15421041,15421041,G,A,0.8315,0.1685,1.0,0.031,0.275,0.694,0.0
1,1:15433223,15433223,G,A,0.6405,0.3595,1.0,0.136,0.447,0.417,0.0
1,1:15438826,15438826,G,A,0.777,0.223,1.0,0.049,0.348,0.603,0.0
1,1:15510436,15510436,G,A,0.6115,0.3885,1.0,0.15,0.477,0.373,0.0
1,1:15512660,15512660,G,A,0.758,0.242,1.0,0.053,0.378,0.569,0.0
1,1:15527001,15527001,G,A,0.816,0.184,1.0,0.04,0.288,0.672,0.0
1,1:15542212,15542212,G,A,0.5225,0.4775,1.0,0.236,0.483,0.281,0.0
1,1:15551271,15551271,G,A,0.602,0.398,1.0,0.159,0.478,0.363,0.0
1,1:15560244,15560244,G,A,0.585,0.415,1.0,0.161,0.508,0.331,0.0
1,1:15586927,15586927,G,A,0.815,0.185,1.0,0.034,0.302,0.664,0.0
1,1:15590662,15590662,G,A,0.814,0.186,1.0,0.033,0.306,0.661,0.0
1,1:15624799,15624799,G,A,0.8705,0.1295,1.0,0.016,0.227,0.757,0.0
1,1:15648246,15648246,G,A,0.7745,0.2255,1.0,0.055,0.341,0.604,0.0
1,1:15663646,15663646,G,A,0.51,0.49,1.0,0.239,0.502,0.259,0.0
1,1:15697606,15697606,G,A,0.6875,0.3125,1.0,0.094,0.437,0.469,0.0
1,1:15702853,15702853,G,A,0.6275,0.3725,1.0,0.131,0.483,0.386,0.0
1,1:15711073,15711073,G,A,0.626,0.374,1.0,0.143,0.462,0.395,0.0
1,1:15732904,15732904,G,A,0.8765,0.1235,1.0,0.02,0.207,0.773,0.0
1,1:15734210,15734210,G,A,0.929,0.071,1.0,0.004,0.134,0.862,0.0
1,1:15762513,15762513,G,A,0.9015,0.0985,1.0,0.011,0.175,0.814,0.0
1,1:15808459,15808459,G,A,0.6525,0.3475,1.0,0.108,0.479,0.413,0.0
1,1:15814829,15814829,G,A,0.7545,0.2455,1.0,0.065,0.361,0.574,0.0
1,1:15851429,15851429,G,A,0.5305,0.4695,1.0,0.213,0.513,0.274,0.0
1,1:15861937,15861937,G,A,0.7755,0.2245,1.0,0.067,0.315,0.618,0.0
1,1:15876697,15876697,G,A,0.907,0.093,1.0,0.013,0.16,0.827,0.0
1,1:15886373,15886373,G,A,0.5165,0.4835,1.0,0.227,0.513,0.26,0.0
1,1:15900477,15900477,G,A,0.7625,0.2375,1.0,0.056,0.363,0.581,0.0
1,1:15942097,15942097,G,A,0.58,0.42,1.0,0.174,0.492,0.334,0.0
1,1:15985250,15985250,G,A,0.9345,0.0655,1.0,0.007,0.117,0.876,0.0
1,1:15993239,15993239,G,A,0.8035,0.1965,1.0,0.049,0.295,0.656,0.0
1,1:16002438,16002438,G,A,0.699,0.301,1.0,0.096,0.41,0.494,0.0
1,1:16037628,16037628,G,A,0.7245,0.2755,1.0,0.074,0.403,0.523,0.0
1,1:16045908,16045908,G,A,0.614,0.386,1.0,0.144,0.484,0.372,0.0
1,1:16052466,16052466,G,A,0.5605,0.4395,1.0,0.187,0.505,0.308,0.0
1,1:16077580,16077580,G,A,0.593,0.407,1.0,0.169,0.476,0.355,0.0
1,1:16099249,16099249,G,A,0.8155,0.1845,1.0,0.029,0.311,0.66,0.0
1,1:16136572,16136572,G,A,0.501,0.499,1.0,0.256,0.486,0.258,0.0
1,1:16140114,16140114,G,A,0.569,0.431,1.0,0.182,0.498,0.32,0.0
1,1:16150866,16150866,G,A,0.6675,0.3325,1.0,0.118,0.429,0.453,0.0
1,1:16167671,16167671,G,A,0.731,0.269,1.0,0.069,0.4,0.531,0.0
1,1:16169765,16169765,G,A,0.7105,0.2895,1.0,0.084,0.411,0.505,0.0
1,1:16177173,16177173,G,A,0.637,0.363,1.0,0.129,0.468,0.403,0.0
1,1:16192669,16192669,G,A,0.7275,0.2725,1.0,0.082,0.381,0.537,0.0
1,1:16202559,16202559,G,A,0.4975,0.5025,1.0,0.258,0.489,0.253,0.0
1,1:16203306,16203306,G,A,0.6385,0.3615,1.0,0.13,0.463,0.407,0.0
1,1:16213226,16213226,G,A,0.847,0.153,1.0,0.02,0.266,0.714,0.0
1,1:16215666,16215666,G,A,0.653,0.347,1.0,0.129,0.436,0.435,0.0
1,1:16263883,16263883,G,A,0.7355,0.2645,1.0,0.064,0.401,0.535,0.0
1,1:16374602,16374602,G,A,0.8755,0.1245,1.0,0.015,0.219,0.766,0.0
1,1:16394488,16394488,G,A,0.735,0.265,1.0,0.07,0.39,0.54,0.0
1,1:16405567,16405567,G,A,0.566,0.434,1.0,0.189,0.49,0.321,0.0
1,1:16406441,16406441,G,A,0.9395,0.0605,1.0,0.001,0.119,0.88,0.0
1,1:16411414,16411414,G,A,0.5775,0.4225,1.0,0.162,0.521,0.317,0.0
1,1:16413329,16413329,G,A,0.638,0.362,1.0,0.13,0.464,0.406,0.0
1,1:16413487,16413487,G,A,0.636,0.364,1.0,0.125,0.478,0.397,0.0
1,1:16413807,16413807,G,A,0.537,0.463,1.0,0.204,0.518,0.278,0.0
1,1:16434344,16434344,G,A,0.518,0.482,1.0,0.239,0.486,0.275,0.0
1,1:16448426,16448426,G,A,0.819,0.181,1.0,0.034,0.294,0.672,0.0
1,1:16514878,16514878,G,A,0.5325,0.4675,1.0,0.212,0.511,0.277,0.0
1,1:16525824,16525824,G,A,0.8495,0.1505,1.0,0.021,0.259,0.72,0.0
1,1:16530110,16530110,G,A,0.895,0.105,1.0,0.012,0.186,0.802,0.0
1,1:16600353,16600353,G,A,0.6935,0.3065,1.0,0.083,0.447,0.47,0.0
1,1:16618154,16618154,G,A,0.549,0.451,1.0,0.189,0.524,0.287,0.0
1,1:16620938,16620938,G,A,0.9285,0.0715,1.0,0.002,0.139,0.859,0.0
1,1:16663289,16663289,G,A,0.7335,0.2665,1.0,0.082,0.369,0.549,0.0
1,1:16684389,16684389,G,A,0.646,0.354,1.0,0.123,0.462,0.415,0.0
1,1:16689089,16689089,G,A,0.6095,0.3905,1.0,0.159,0.463,0.378,0.0
1,1:16701251,16701251,G,A,0.7055,0.2945,1.0,0.084,0.421,0.495,0.0
1,1:16770275,16770275,G,A,0.677,0.323,1.0,0.11,0.426,0.464,0.0
1,1:16794514,16794514,G,A,0.7345,0.2655,1.0,0.073,0.385,0.542,0.0
1,1:16796694,16796694,G,A,0.626,0.374,1.0,0.127,0.494,0.379,0.0
1,1:16816570,16816570,G,A,0.772,0.228,1.0,0.052,0.352,0.596,0.0
1,1:16828924,16828924,G,A,0.8335,0.1665,1.0,0.027,0.279,0.694,0.0
1,1:16845365,16845365,G,A,0.8235,0.1765,1.0,0.037,0.279,0.684,0.0
1,1:16861871,16861871,G,A,0.6365,0.3635,1.0,0.13,0.467,0.403,0.0
1,1:16869253,16869253,G,A,0.521,0.479,1.0,0.227,0.504,0.269,0.0
1,1:16887295,16887295,G,A,0.8345,0.1655,1.0,0.024,0.283,0.693,0.0
1,1:16920197,16920197,G,A,0.8225,0.1775,1.0,0.033,0.289,0.678,0.0
1,1:16934381,16934381,G,A,0.637,0.363,1.0,0.13,0.466,0.404,0.0
1,1:16938662,16938662,G,A,0.9475,0.0525,1.0,0.004,0.097,0.899,0.0
1,1:16953832,16953832,G,A,0.5755,0.4245,1.0,0.185,0.479,0.336,0.0
1,1:16994987,16994987,G,A,0.783,0.217,1.0,0.05,0.334,0.616,0.0
1,1:17016234,17016234,G,A,0.5195,0.4805,1.0,0.239,0.483,0.278,0.0
1,1:17021094,17021094,G,A,0.6455,0.3545,1.0,0.125,0.459,0.416,0.0
1,1:17022361,17022361,G,A,0.5815,0.4185,1.0,0.191,0.455,0.354,0.0
1,1:17028709,17028709,G,A,0.8695,0.1305,1.0,0.013,0.235,0.752,0.0
1,1:17066319,17066319,G,A,0.792,0.208,1.0,0.045,0.326,0.629,0.0
1,1:17071963,17071963,G,A,0.8295,0.1705,1.0,0.024,0.293,0.683,0.0
1,1:17089240,17089240,G,A,0.618,0.382,1.0,0.157,0.45,0.393,0.0
1,1:17127284,17127284,G,A,0.9435,0.0565,1.0,0.007,0.099,0.894,0.0
1,1:17163811,17163811,G,A,0.6525,0.3475,1.0,0.116,0.463,0.421,0.0
1,1:17196046,17196046,G,A,0.5625,0.4375,1.0,0.196,0.483,0.321,0.0
1,1:17260672,17260672,G,A,0.9295,0.0705,1.0,0.007,0.127,0.866,0.0
1,1:17278807,17278807,G,A,0.814,0.186,1.0,0.035,0.302,0.663,0.0
1,1:17292910,17292910,G,A,0.8655,0.1345,1.0,0.017,0.235,0.748,0.0
1,1:17296382,17296382,G,A,0.498,0.502,1.0,0.262,0.48,0.258,0.0
1,1:17298461,17298461,G,A,0.486,0.514,1.0,0.264,0.5,0.236,0.0
1,1:17310853,17310853,G,A,0.886,0.114,1.0,0.016,0.196,0.788,0.0
1,1:17353136,17353136,G,A,0.8565,0.1435,1.0,0.018,0.251,0.731,0.0
1,1:17393154,17393154,G,A,0.9375,0.0625,1.0,0.005,0.115,0.88,0.0
1,1:17406302,17406302,G,A,0.6785,0.3215,1.0,0.111,0.421,0.468,0.0
1,1:17434168,17434168,G,A,0.6435,0.3565,1.0,0.134,0.445,0.421,0.0
1,1:17438119,17438119,G,A,0.6375,0.3625,1.0,0.137,0.451,0.412,0.0
1,1:17443382,17443382,G,A,0.831,0.169,1.0,0.035,0.268,0.697,0.0
1,1:17456058,17456058,G,A,0.869,0.131,1.0,0.013,0.236,0.751,0.0
1,1:17457884,17457884,G,A,0.9235,0.0765,1.0,0.002,0.149,0.849,0.0
1,1:17486879,17486879,G,A,0.683,0.317,1.0,0.099,0.436,0.465,0.0
1,1:17503548,17503548,G,A,0.8395,0.1605,1.0,0.031,0.259,0.71,0.0
1,1:17541338,17541338,G,A,0.901,0.099,1.0,0.014,0.17,0.816,0.0
1,1:17547390,17547390,G,A,0.787,0.213,1.0,0.05,0.326,0.624,0.0
1,1:17562549,17562549,G,A,0.878,0.122,1.0,0.019,0.206,0.775,0.0
1,1:17569188,17569188,G,A,0.7305,0.2695,1.0,0.07,0.399,0.531,0.0
1,1:17579066,17579066,G,A,0.887,0.113,1.0,0.019,0.188,0.793,0.0
1,1:17583781,17583781,G,A,0.5315,0.4685,1.0,0.208,0.521,0.271,0.0
1,1:17606952,17606952,G,A,0.7975,0.2025,1.0,0.045,0.315,0.64,0.0
1,1:17642356,17642356,G,A,0.733,0.267,1.0,0.077,0.38,0.543,0.0
1,1:17644181,17644181,G,A,0.663,0.337,1.0,0.113,0.448,0.439,0.0
1,1:17675549,17675549,G,A,0.5745,0.4255,1.0,0.179,0.493,0.328,0.0
1,1:17686928,17686928,G,A,0.538,0.462,1.0,0.224,0.476,0.3,0.0
1,1:17687992,17687992,G,A,0.783,0.217,1.0,0.052,0.33,0.618,0.0
1,1:17691445,17691445,G,A,0.756,0.244,1.0,0.055,0.378,0.567,0.0
1,1:17728139,17728139,G,A,0.8815,0.1185,1.0,0.007,0.223,0.77,0.0
1,1:17750765,17750765,G,A,0.863,0.137,1.0,0.015,0.244,0.741,0.0
1,1:17789601,17789601,G,A,0.626,0.374,1.0,0.134,0.48,0.386,0.0
1,1:17807334,17807334,G,A,0.746,0.254,1.0,0.061,0.386,0.553,0.0
1,1:17810472,17810472,G,A,0.5675,0.4325,1.0,0.185,0.495,0.32,0.0
1,1:17811803,17811803,G,A,0.71,0.29,1.0,0.088,0.404,0.508,0.0
1,1:17824014,17824014,G,A,0.817,0.183,1.0,0.034,0.298,0.668,0.0
1,1:17824560,17824560,G,A,0.655,0.345,1.0,0.106,0.478,0.416,0.0
1,1:17832892,17832892,G,A,0.735,0.265,1.0,0.07,0.39,0.54,0.0
1,1:17864558,17864558,G,A,0.54,0.46,1.0,0.22,0.48,0.3,0.0
1,1:17882751,17882751,G,A,0.7835,0.2165,1.0,0.052,0.329,0.619,0.0
1,1:17920170,17920170,G,A,0.857,0.143,1.0,0.018,0.25,0.732,0.0
1,1:17943887,17943887,G,A,0.7525,0.2475,1.0,0.064,0.367,0.569,0.0
1,1:17962328,17962328,G,A,0.5585,0.4415,1.0,0.188,0.507,0.305,0.0
1,1:17977749,17977749,G,A,0.5735,0.4265,1.0,0.185,0.483,0.332,0.0
1,1:18001961,18001961,G,A,0.5435,0.4565,1.0,0.21,0.493,0.297,0.0
1,1:18004439,18004439,G,A,0.584,0.416,1.0,0.181,0.47,0.349,0.0
1,1:18093040,18093040,G,A,0.8005,0.1995,1.0,0.039,0.321,0.64,0.0
1,1:18100700,18100700,G,A,0.6865,0.3135,1.0,0.1,0.427,0.473,0.0
1,1:18130255,18130255,G,A,0.608,0.392,1.0,0.144,0.496,0.36,0.0
1,1:18130541,18130541,G,A,0.5705,0.4295,1.0,0.192,0.475,0.333,0.0
1,1:18138520,18138520,G,A,0.779,0.221,1.0,0.049,0.344,0.607,0.0
1,1:18144440,18144440,G,A,0.7245,0.2755,1.0,0.08,0.391,0.529,0.0
1,1:18149287,18149287,G,A,0.827,0.173,1.0,0.027,0.292,0.681,0.0
1,1:18152862,18152862,G,A,0.6305,0.3695,1.0,0.128,0.483,0.389,0.0
1,1:18161635,18161635,G,A,0.647,0.353,1.0,0.123,0.46,0.417,0.0
1,1:18173653,18173653,G,A,0.681,0.319,1.0,0.093,0.452,0.455,0.0
1,1:18246136,18246136,G,A,0.6615,0.3385,1.0,0.118,0.441,0.441,0.0
1,1:18268850,18268850,G,A,0.516,0.484,1.0,0.239,0.49,0.271,0.0
1,1:18275556,18275556,G,A,0.582,0.418,1.0,0.165,0.506,0.329,0.0
1,1:18283362,18283362,G,A,0.884,0.116,1.0,0.014,0.204,0.782,0.0
1,1:18291318,18291318,G,A,0.6735,0.3265,1.0,0.102,0.449,0.449,0.0
1,1:18298918,18298918,G,A,0.8695,0.1305,1.0,0.013,0.235,0.752,0.0
1,1:18303751,18303751,G,A,0.864,0.136,1.0,0.02,0.232,0.748,0.0
1,1:18317941,18317941,G,A,0.753,0.247,1.0,0.066,0.362,0.572,0.0
1,1:18321830,18321830,G,A,0.7265,0.2735,1.0,0.068,0.411,0.521,0.0
1,1:18333735,18333735,G,A,0.896,0.104,1.0,0.009,0.19,0.801,0.0
1,1:18380187,18380187,G,A,0.7145,0.2855,1.0,0.076,0.419,0.505,0.0
1,1:18392994,18392994,G,A,0.8775,0.1225,1.0,0.018,0.209,0.773,0.0
1,1:18434370,18434370,G,A,0.6895,0.3105,1.0,0.094,0.433,0.473,0.0
1,1:18458858,18458858,G,A,0.585,0.415,1.0,0.178,0.474,0.348,0.0
1,1:18463213,18463213,G,A,0.913,0.087,1.0,0.011,0.152,0.837,0.0
1,1:18484759,18484759,G,A,0.7825,0.2175,1.0,0.056,0.323,0.621,0.0
1,1:18492847,18492847,G,A,0.849,0.151,1.0,0.022,0.258,0.72,0.0
1,1:18557969,18557969,G,A,0.6925,0.3075,1.0,0.096,0.423,0.481,0.0
1,1:18562776,18562776,G,A,0.553,0.447,1.0,0.191,0.512,0.297,0.0
1,1:18583427,18583427,G,A,0.8605,0.1395,1.0,0.019,0.241,0.74,0.0
1,1:18589322,18589322,G,A,0.643,0.357,1.0,0.119,0.476,0.405,0.0
1,1:18608311,18608311,G,A,0.915,0.085,1.0,0.01,0.15,0.84,0.0
1,1:18644523,18644523,G,A,0.6945,0.3055,1.0,0.094,0.423,0.483,0.0
1,1:18664180,18664180,G,A,0.656,0.344,1.0,0.124,0.44,0.436,0.0
1,1:18673437,18673437,G,A,0.645,0.355,1.0,0.121,0.468,0.411,0.0
1,1:18720028,18720028,G,A,0.5935,0.4065,1.0,0.158,0.497,0.345,0.0
1,1:18727584,18727584,G,A,0.745,0.255,1.0,0.065,0.38,0.555,0.0
1,1:18737372,18737372,G,A,0.6105,0.3895,1.0,0.145,0.489,0.366,0.0
1,1:18740106,18740106,G,A,0.745,0.255,1.0,0.066,0.378,0.556,0.0
1,1:18757507,18757507,G,A,0.796,0.204,1.0,0.039,0.33,0.631,0.0
1,1:18786177,18786177,G,A,0.813,0.187,1.0,0.041,0.292,0.667,0.0
1,1:18803797,18803797,G,A,0.868,0.132,1.0,0.014,0.236,0.75,0.0
1,1:18804537,18804537,G,A,0.621,0.379,1.0,0.133,0.492,0.375,0.0
1,1:18861721,18861721,G,A,0.8765,0.1235,1.0,0.012,0.223,0.765,0.0
1,1:18877238,18877238,G,A,0.6575,0.3425,1.0,0.117,0.451,0.432,0.0
1,1:18892009,18892009,G,A,0.643,0.357,1.0,0.129,0.456,0.415,0.0
1,1:18895650,18895650,G,A,0.817,0.183,1.0,0.031,0.304,0.665,0.0
1,1:18904816,18904816,G,A,0.748,0.252,1.0,0.065,0.374,0.561,0.0
1,1:18926200,18926200,G,A,0.641,0.359,1.0,0.125,0.468,0.407,0.0
1,1:18967439,18967439,G,A,0.9555,0.0445,1.0,0.0,0.089,0.911,0.0
1,1:18992384,18992384,G,A,0.8315,0.1685,1.0,0.021,0.295,0.684,0.0
1,1:18994398,18994398,G,A,0.796,0.204,1.0,0.035,0.338,0.627,0.0
1,1:19012022,19012022,G,A,0.525,0.475,1.0,0.242,0.466,0.292,0.0
1,1:19032580,19032580,G,A,0.737,0.263,1.0,0.069,0.388,0.543,0.0
1,1:19053323,19053323,G,A,0.7215,0.2785,1.0,0.069,0.419,0.512,0.0
1,1:19097932,19097932,G,A,0.645,0.355,1.0,0.125,0.46,0.415,0.0
1,1:19155152,19155152,G,A,0.7475,0.2525,1.0,0.069,0.367,0.564,0.0
1,1:19156054,19156054,G,A,0.756,0.244,1.0,0.063,0.362,0.575,0.0
1,1:19164529,19164529,G,A,0.5005,0.4995,1.0,0.254,0.491,0.255,0.0
1,1:19214048,19214048,G,A,0.5895,0.4105,1.0,0.171,0.479,0.35,0.0
1,1:19215281,19215281,G,A,0.6355,0.3645,1.0,0.129,0.471,0.4,0.0
1,1:19221243,19221243,G,A,0.7265,0.2735,1.0,0.07,0.407,0.523,0.0
1,1:19262887,19262887,G,A,0.7875,0.2125,1.0,0.043,0.339,0.618,0.0
1,1:19312611,19312611,G,A,0.701,0.299,1.0,0.096,0.406,0.498,0.0
1,1:19339822,19339822,G,A,0.7395,0.2605,1.0,0.068,0.385,0.547,0.0
1,1:19350836,19350836,G,A,0.7465,0.2535,1.0,0.06,0.387,0.553,0.0
1,1:19363134,19363134,G,A,0.851,0.149,1.0,0.019,0.26,0.721,0.0
1,1:19369887,19369887,G,A,0.5915,0.4085,1.0,0.159,0.499,0.342,0.0
1,1:19384839,19384839,G,A,0.5745,0.4255,1.0,0.174,0.503,0.323,0.0
1,1:19391452,19391452,G,A,0.816,0.184,1.0,0.036,0.296,0.668,0.0
1,1:19397197,19397197,G,A,0.814,0.186,1.0,0.032,0.308,0.66,0.0
1,1:19398375,19398375,G,A,0.83,0.17,1.0,0.033,0.274,0.693,0.0
1,1:19413939,19413939,G,A,0.876,0.124,1.0,0.017,0.214,0.769,0.0
1,1:19432054,19432054,G,A,0.573,0.427,1.0,0.197,0.46,0.343,0.0
1,1:19433355,19433355,G,A,0.838,0.162,1.0,0.035,0.254,0.711,0.0
1,1:19471462,19471462,G,A,0.6395,0.3605,1.0,0.125,0.471,0.404,0.0
1,1:19482216,19482216,G,A,0.9115,0.0885,1.0,0.01,0.157,0.833,0.0
1,1:19511513,19511513,G,A,0.624,0.376,1.0,0.155,0.442,0.403,0.0
1,1:19575138,19575138,G,A,0.895,0.105,1.0,0.01,0.19,0.8,0.0
1,1:19576704,19576704,G,A,0.881,0.119,1.0,0.008,0.222,0.77,0.0
1,1:19628491,19628491,G,A,0.577,0.423,1.0,0.176,0.494,0.33,0.0
1,1:19636870,19636870,G,A,0.828,0.172,1.0,0.033,0.278,0.689,0.0
1,1:19643674,19643674,G,A,0.876,0.124,1.0,0.01,0.228,0.762,0.0
1,1:19651516,19651516,G,A,0.7015,0.2985,1.0,0.091,0.415,0.494,0.0
1,1:19655821,19655821,G,A,0.916,0.084,1.0,0.011,0.146,0.843,0.0
1,1:19659207,19659207,G,A,0.636,0.364,1.0,0.135,0.458,0.407,0.0
1,1:19661008,19661008,G,A,0.5665,0.4335,1.0,0.195,0.477,0.328,0.0
1,1:19678934,19678934,G,A,0.83,0.17,1.0,0.035,0.27,0.695,0.0
1,1:19699314,19699314,G,A,0.639,0.361,1.0,0.132,0.458,0.41,0.0
1,1:19749000,19749000,G,A,0.928,0.072,1.0,0.01,0.124,0.866,0.0
1,1:19759627,19759627,G,A,0.7585,0.2415,1.0,0.058,0.367,0.575,0.0
1,1:19789003,19789003,G,A,0.5335,0.4665,1.0,0.207,0.519,0.274,0.0
1,1:19847988,19847988,G,A,0.6875,0.3125,1.0,0.103,0.419,0.478,0.0
1,1:19877715,19877715,G,A,0.78,0.22,1.0,0.04,0.36,0.6,0.0
1,1:19894389,19894389,G,A,0.949,0.051,1.0,0.001,0.1,0.899,0.0
1,1:19896951,19896951,G,A,0.819,0.181,1.0,0.038,0.286,0.676,0.0
1,1:19908426,19908426,G,A,0.7535,0.2465,1.0,0.059,0.375,0.566,0.0
1,1:19931457,19931457,G,A,0.774,0.226,1.0,0.049,0.354,0.597,0.0
1,1:19952901,19952901,G,A,0.7445,0.2555,1.0,0.069,0.373,0.558,0.0
1,1:19975373,19975373,G,A,0.9395,0.0605,1.0,0.005,0.111,0.884,0.0
1,1:19992067,19992067,G,A,0.7155,0.2845,1.0,0.082,0.405,0.513,0.0
1,1:20000739,20000739,G,A,0.8335,0.1665,1.0,0.026,0.281,0.693,0.0
1,1:20020304,20020304,G,A,0.7675,0.2325,1.0,0.05,0.365,0.585,0.0
1,1:20057989,20057989,G,A,0.5295,0.4705,1.0,0.233,0.475,0.292,0.0
1,1:20060189,20060189,G,A,0.5615,0.4385,1.0,0.201,0.475,0.324,0.0
1,1:20060833,20060833,G,A,0.7675,0.2325,1.0,0.044,0.377,0.579,0.0
1,1:20080581,20080581,G,A,0.9225,0.0775,1.0,0.007,0.141,0.852,0.0
1,1:20080674,20080674,G,A,0.5695,0.4305,1.0,0.187,0.487,0.326,0.0
1,1:20088366,20088366,G,A,0.77,0.23,1.0,0.042,0.376,0.582,0.0
1,1:20096060,20096060,G,A,0.7365,0.2635,1.0,0.074,0.379,0.547,0.0
1,1:20122243,20122243,G,A,0.9055,0.0945,1.0,0.009,0.171,0.82,0.0
1,1:20137709,20137709,G,A,0.6315,0.3685,1.0,0.141,0.455,0.404,0.0
1,1:20153174,20153174,G,A,0.6365,0.3635,1.0,0.128,0.471,0.401,0.0
1,1:20153730,20153730,G,A,0.766,0.234,1.0,0.057,0.354,0.589,0.0
1,1:20154995,20154995,G,A,0.5495,0.4505,1.0,0.199,0.503,0.298,0.0
1,1:20159132,20159132,G,A,0.9335,0.0665,1.0,0.003,0.127,0.87,0.0
1,1:20167959,20167959,G,A,0.8125,0.1875,1.0,0.04,0.295,0.665,0.0
1,1:20176969,20176969,G,A,0.8605,0.1395,1.0,0.021,0.237,0.742,0.0
1,1:20193881,20193881,G,A,0.6455,0.3545,1.0,0.137,0.435,0.428,0.0
1,1:20218083,20218083,G,A,0.854,0.146,1.0,0.022,0.248,0.73,0.0
1,1:20279847,20279847,G,A,0.631,0.369,1.0,0.136,0.466,0.398,0.0
1,1:20281690,20281690,G,A,0.5945,0.4055,1.0,0.174,0.463,0.363,0.0
1,1:20353728,20353728,G,A,0.595,0.405,1.0,0.166,0.478,0.356,0.0
1,1:20411012,20411012,G,A,0.935,0.065,1.0,0.006,0.118,0.876,0.0
1,1:20426496,20426496,G,A,0.5255,0.4745,1.0,0.202,0.545,0.253,0.0
1,1:20462321,20462321,G,A,0.628,0.372,1.0,0.143,0.458,0.399,0.0
1,1:20481914,20481914,G,A,0.5655,0.4345,1.0,0.179,0.511,0.31,0.0
1,1:20491596,20491596,G,A,0.66,0.34,1.0,0.117,0.446,0.437,0.0
1,1:20515190,20515190,G,A,0.7075,0.2925,1.0,0.093,0.399,0.508,0.0
1,1:20521014,20521014,G,A,0.669,0.331,1.0,0.121,0.42,0.459,0.0
1,1:20523386,20523386,G,A,0.7855,0.2145,1.0,0.047,0.335,0.618,0.0
1,1:20536722,20536722,G,A,0.729,0.271,1.0,0.068,0.406,0.526,0.0
1,1:20554755,20554755,G,A,0.629,0.371,1.0,0.125,0.492,0.383,0.0
1,1:20560092,20560092,G,A,0.635,0.365,1.0,0.122,0.486,0.392,0.0
1,1:20568698,20568698,G,A,0.677,0.323,1.0,0.105,0.436,0.459,0.0
1,1:20589227,20589227,G,A,0.921,0.079,1.0,0.004,0.15,0.846,0.0
1,1:20596929,20596929,G,A,0.8245,0.1755,1.0,0.029,0.293,0.678,0.0
1,1:20606266,20606266,G,A,0.683,0.317,1.0,0.1,0.434,0.466,0.0
1,1:20610501,20610501,G,A,0.7475,0.2525,1.0,0.066,0.373,0.561,0.0
1,1:20668330,20668330,G,A,0.785,0.215,1.0,0.04,0.35,0.61,0.0
1,1:20681939,20681939,G,A,0.614,0.386,1.0,0.154,0.464,0.382,0.0
1,1:20686656,20686656,G,A,0.7735,0.2265,1.0,0.048,0.357,0.595,0.0
1,1:20696166,20696166,G,A,0.5245,0.4755,1.0,0.218,0.515,0.267,0.0
1,1:20709964,20709964,G,A,0.707,0.293,1.0,0.085,0.416,0.499,0.0
1,1:20717502,20717502,G,A,0.7405,0.2595,1.0,0.065,0.389,0.546,0.0
1,1:20718454,20718454,G,A,0.807,0.193,1.0,0.038,0.31,0.652,0.0
1,1:20729472,20729472,G,A,0.8855,0.1145,1.0,0.01,0.209,0.781,0.0
1,1:20757270,20757270,G,A,0.946,0.054,1.0,0.003,0.102,0.895,0.0
1,1:20778287,20778287,G,A,0.629,0.371,1.0,0.141,0.46,0.399,0.0
1,1:20803159,20803159,G,A,0.9175,0.0825,1.0,0.008,0.149,0.843,0.0
1,1:20808636,20808636,G,A,0.81,0.19,1.0,0.037,0.306,0.657,0.0
1,1:20811681,20811681,G,A,0.558,0.442,1.0,0.194,0.496,0.31,0.0
1,1:20812710,20812710,G,A,0.7315,0.2685,1.0,0.076,0.385,0.539,0.0
1,1:20814993,20814993,G,A,0.5455,0.4545,1.0,0.21,0.489,0.301,0.0
1,1:20833174,20833174,G,A,0.931,0.069,1.0,0.006,0.126,0.868,0.0
1,1:20840175,20840175,G,A,0.591,0.409,1.0,0.17,0.478,0.352,0.0
1,1:20868902,20868902,G,A,0.5295,0.4705,1.0,0.224,0.493,0.283,0.0
1,1:20885051,20885051,G,A,0.529,0.471,1.0,0.229,0.484,0.287,0.0
1,1:20892579,20892579,G,A,0.806,0.194,1.0,0.042,0.304,0.654,0.0
1,1:20969113,20969113,G,A,0.908,0.092,1.0,0.01,0.164,0.826,0.0
1,1:20974296,20974296,G,A,0.5505,0.4495,1.0,0.207,0.485,0.308,0.0
1,1:20978982,20978982,G,A,0.886,0.114,1.0,0.013,0.202,0.785,0.0
1,1:20989594,20989594,G,A,0.704,0.296,1.0,0.083,0.426,0.491,0.0
1,1:21081789,21081789,G,A,0.7595,0.2405,1.0,0.061,0.359,0.58,0.0
1,1:21088013,21088013,G,A,0.526,0.474,1.0,0.22,0.508,0.272,0.0
1,1:21089934,21089934,G,A,0.766,0.234,1.0,0.059,0.35,0.591,0.0
1,1:21104793,21104793,G,A,0.7675,0.2325,1.0,0.049,0.367,0.584,0.0
1,1:21114004,21114004,G,A,0.702,0.298,1.0,0.09,0.416,0.494,0.0
1,1:21123874,21123874,G,A,0.704,0.296,1.0,0.084,0.424,0.492,0.0
1,1:21130344,21130344,G,A,0.746,0.254,1.0,0.062,0.384,0.554,0.0
1,1:21173867,21173867,G,A,0.736,0.264,1.0,0.076,0.376,0.548,0.0
1,1:21200097,21200097,G,A,0.908,0.092,1.0,0.007,0.17,0.823,0.0
1,1:21200625,21200625,G,A,0.5435,0.4565,1.0,0.229,0.455,0.316,0.0
1,1:21217067,21217067,G,A,0.843,0.157,1.0,0.025,0.264,0.711,0.0
1,1:21223035,21223035,G,A,0.698,0.302,1.0,0.093,0.418,0.489,0.0
1,1:21223677,21223677,G,A,0.9345,0.0655,1.0,0.004,0.123,0.873,0.0
1,1:21227469,21227469,G,A,0.807,0.193,1.0,0.042,0.302,0.656,0.0
1,1:21232431,21232431,G,A,0.646,0.354,1.0,0.116,0.476,0.408,0.0
1,1:21258834,21258834,G,A,0.738,0.262,1.0,0.074,0.376,0.55,0.0
1,1:21284384,21284384,G,A,0.603,0.397,1.0,0.152,0.49,0.358,0.0
1,1:21288949,21288949,G,A,0.877,0.123,1.0,0.013,0.22,0.767,0.0
1,1:21320140,21320140,G,A,0.524,0.476,1.0,0.242,0.468,0.29,0.0
1,1:21351510,21351510,G,A,0.749,0.251,1.0,0.062,0.378,0.56,0.0
1,1:21444022,21444022,G,A,0.705,0.295,1.0,0.094,0.402,0.504,0.0
1,1:21485786,21485786,G,A,0.8405,0.1595,1.0,0.034,0.251,0.715,0.0
1,1:21496824,21496824,G,A,0.7925,0.2075,1.0,0.049,0.317,0.634,0.0
1,1:21498556,21498556,G,A,0.659,0.341,1.0,0.112,0.458,0.43,0.0
1,1:21586326,21586326,G,A,0.787,0.213,1.0,0.038,0.35,0.612,0.0
1,1:21595967,21595967,G,A,0.635,0.365,1.0,0.138,0.454,0.408,0.0
1,1:21609308,21609308,G,A,0.8205,0.1795,1.0,0.026,0.307,0.667,0.0
1,1:21609908,21609908,G,A,0.6205,0.3795,1.0,0.139,0.481,0.38,0.0
1,1:21614134,21614134,G,A,0.6385,0.3615,1.0,0.114,0.495,0.391,0.0
1,1:21636438,21636438,G,A,0.8585,0.1415,1.0,0.021,0.241,0.738,0.0
1,1:21646140,21646140,G,A,0.9225,0.0775,1.0,0.009,0.137,0.854,0.0
1,1:21650279,21650279,G,A,0.533,0.467,1.0,0.207,0.52,0.273,0.0
1,1:21654925,21654925,G,A,0.8365,0.1635,1.0,0.03,0.267,0.703,0.0
1,1:21670308,21670308,G,A,0.6875,0.3125,1.0,0.109,0.407,0.484,0.0
1,1:21672157,21672157,G,A,0.8095,0.1905,1.0,0.034,0.313,0.653,0.0
1,1:21680042,21680042,G,A,0.651,0.349,1.0,0.115,0.468,0.417,0.0
1,1:21725225,21725225,G,A,0.618,0.382,1.0,0.142,0.48,0.378,0.0
1,1:21731799,21731799,G,A,0.922,0.078,1.0,0.008,0.14,0.852,0.0
1,1:21739357,21739357,G,A,0.9295,0.0705,1.0,0.004,0.133,0.863,0.0
1,1:21765240,21765240,G,A,0.4965,0.5035,1.0,0.246,0.515,0.239,0.0
1,1:21777763,21777763,G,A,0.6055,0.3945,1.0,0.159,0.471,0.37,0.0
1,1:21794867,21794867,G,A,0.8365,0.1635,1.0,0.028,0.271,0.701,0.0
1,1:21814502,21814502,G,A,0.7145,0.2855,1.0,0.086,0.399,0.515,0.0
1,1:21821297,21821297,G,A,0.5215,0.4785,1.0,0.23,0.497,0.273,0.0
1,1:21827622,21827622,G,A,0.7085,0.2915,1.0,0.091,0.401,0.508,0.0
1,1:21845219,21845219,G,A,0.7585,0.2415,1.0,0.054,0.375,0.571,0.0
1,1:21847631,21847631,G,A,0.94,0.06,1.0,0.005,0.11,0.885,0.0
1,1:21859074,21859074,G,A,0.704,0.296,1.0,0.089,0.414,0.497,0.0
1,1:21882941,21882941,G,A,0.5605,0.4395,1.0,0.205,0.469,0.326,0.0
1,1:21884602,21884602,G,A,0.688,0.312,1.0,0.094,0.436,0.47,0.0
1,1:21900147,21900147,G,A,0.604,0.396,1.0,0.148,0.496,0.356,0.0
1,1:21900339,21900339,G,A,0.5525,0.4475,1.0,0.195,0.505,0.3,0.0
1,1:21921118,21921118,G,A,0.761,0.239,1.0,0.06,0.358,0.582,0.0
1,1:21937541,21937541,G,A,0.76,0.24,1.0,0.058,0.364,0.578,0.0
1,1:21958274,21958274,G,A,0.524,0.476,1.0,0.232,0.488,0.28,0.0
1,1:21959318,21959318,G,A,0.7785,0.2215,1.0,0.039,0.365,0.596,0.0
1,1:21970759,21970759,G,A,0.6605,0.3395,1.0,0.112,0.455,0.433,0.0
1,1:21982814,21982814,G,A,0.686,0.314,1.0,0.102,0.424,0.474,0.0
1,1:21992839,21992839,G,A,0.74,0.26,1.0,0.074,0.372,0.554,0.0
1,1:22005783,22005783,G,A,0.667,0.333,1.0,0.122,0.422,0.456,0.0
1,1:22015778,22015778,G,A,0.625,0.375,1.0,0.14,0.47,0.39,0.0
1,1:22064335,22064335,G,A,0.5345,0.4655,1.0,0.217,0.497,0.286,0.0
1,1:22076455,22076455,G,A,0.5845,0.4155,1.0,0.172,0.487,0.341,0.0
1,1:22098346,22098346,G,A,0.793,0.207,1.0,0.044,0.326,0.63,0.0
1,1:22148024,22148024,G,A,0.7535,0.2465,1.0,0.063,0.367,0.57,0.0
1,1:22178435,22178435,G,A,0.5455,0.4545,1.0,0.208,0.493,0.299,0.0
1,1:22197929,22197929,G,A,0.84,0.16,1.0,0.023,0.274,0.703,0.0
1,1:22210218,22210218,G,A,0.7955,0.2045,1.0,0.044,0.321,0.635,0.0
1,1:22268807,22268807,G,A,0.652,0.348,1.0,0.126,0.444,0.43,0.0
1,1:22315020,22315020,G,A,0.887,0.113,1.0,0.01,0.206,0.784,0.0
1,1:22335236,22335236,G,A,0.591,0.409,1.0,0.174,0.47,0.356,0.0
1,1:22362926,22362926,G,A,0.5145,0.4855,1.0,0.237,0.497,0.266,0.0
1,1:22371393,22371393,G,A,0.6695,0.3305,1.0,0.112,0.437,0.451,0.0
1,1:22383811,22383811,G,A,0.9275,0.0725,1.0,0.008,0.129,0.863,0.0
1,1:22406698,22406698,G,A,0.8485,0.1515,1.0,0.021,0.261,0.718,0.0
1,1:22419481,22419481,G,A,0.9115,0.0885,1.0,0.01,0.157,0.833,0.0
1,1:22432852,22432852,G,A,0.813,0.187,1.0,0.036,0.302,0.662,0.0
1,1:22438281,22438281,G,A,0.509,0.491,1.0,0.243,0.496,0.261,0.0
1,1:22456259,22456259,G,A,0.7725,0.2275,1.0,0.052,0.351,0.597,0.0
1,1:22461014,22461014,G,A,0.874,0.126,1.0,0.016,0.22,0.764,0.0
1,1:22468493,22468493,G,A,0.651,0.349,1.0,0.12,0.458,0.422,0.0
1,1:22470292,22470292,G,A,0.5465,0.4535,1.0,0.216,0.475,0.309,0.0
1,1:22536637,22536637,G,A,0.9365,0.0635,1.0,0.002,0.123,0.875,0.0
1,1:22558782,22558782,G,A,0.66,0.34,1.0,0.129,0.422,0.449,0.0
1,1:22564966,22564966,G,A,0.8155,0.1845,1.0,0.032,0.305,0.663,0.0
1,1:22576163,22576163,G,A,0.7695,0.2305,1.0,0.046,0.369,0.585,0.0
1,1:22632536,22632536,G,A,0.848,0.152,1.0,0.022,0.26,0.718,0.0
1,1:22636263,22636263,G,A,0.5435,0.4565,1.0,0.214,0.485,0.301,0.0
1,1:22640052,22640052,G,A,0.532,0.468,1.0,0.219,0.498,0.283,0.0
1,1:22644721,22644721,G,A,0.6675,0.3325,1.0,0.101,0.463,0.436,0.0
1,1:22674715,22674715,G,A,0.941,0.059,1.0,0.004,0.11,0.886,0.0
1,1:22700315,22700315,G,A,0.5155,0.4845,1.0,0.246,0.477,0.277,0.0
1,1:22725757,22725757,G,A,0.745,0.255,1.0,0.072,0.366,0.562,0.0
1,1:22740076,22740076,G,A,0.7355,0.2645,1.0,0.076,0.377,0.547,0.0
1,1:22761901,22761901,G,A,0.6,0.4,1.0,0.17,0.46,0.37,0.0
1,1:22763343,22763343,G,A,0.665,0.335,1.0,0.116,0.438,0.446,0.0
1,1:22791343,22791343,G,A,0.8955,0.1045,1.0,0.011,0.187,0.802,0.0
1,1:22802312,22802312,G,A,0.909,0.091,1.0,0.007,0.168,0.825,0.0
1,1:22821212,22821212,G,A,0.8415,0.1585,1.0,0.028,0.261,0.711,0.0
1,1:22826748,22826748,G,A,0.9205,0.0795,1.0,0.004,0.151,0.845,0.0
1,1:22897065,22897065,G,A,0.561,0.439,1.0,0.195,0.488,0.317,0.0
1,1:22910283,22910283,G,A,0.9325,0.0675,1.0,0.005,0.125,0.87,0.0
1,1:22922482,22922482,G,A,0.528,0.472,1.0,0.22,0.504,0.276,0.0
1,1:22937903,22937903,G,A,0.9075,0.0925,1.0,0.009,0.167,0.824,0.0
1,1:22961594,22961594,G,A,0.552,0.448,1.0,0.208,0.48,0.312,0.0
1,1:22992357,22992357,G,A,0.823,0.177,1.0,0.039,0.276,0.685,0.0
1,1:22993421,22993421,G,A,0.652,0.348,1.0,0.121,0.454,0.425,0.0
1,1:23020886,23020886,G,A,0.799,0.201,1.0,0.039,0.324,0.637,0.0
1,1:23027076,23027076,G,A,0.926,0.074,1.0,0.006,0.136,0.858,0.0
1,1:23063156,23063156,G,A,0.617,0.383,1.0,0.155,0.456,0.389,0.0
1,1:23066466,23066466,G,A,0.5925,0.4075,1.0,0.166,0.483,0.351,0.0
1,1:23101384,23101384,G,A,0.8295,0.1705,1.0,0.032,0.277,0.691,0.0
1,1:23116993,23116993,G,A,0.608,0.392,1.0,0.153,0.478,0.369,0.0
1,1:23151418,23151418,G,A,0.7435,0.2565,1.0,0.061,0.391,0.548,0.0
1,1:23195171,23195171,G,A,0.643,0.357,1.0,0.129,0.456,0.415,0.0
1,1:23215062,23215062,G,A,0.675,0.325,1.0,0.117,0.416,0.467,0.0
1,1:23216268,23216268,G,A,0.5405,0.4595,1.0,0.212,0.495,0.293,0.0
1,1:23234511,23234511,G,A,0.8035,0.1965,1.0,0.044,0.305,0.651,0.0
1,1:23240985,23240985,G,A,0.889,0.111,1.0,0.016,0.19,0.794,0.0
1,1:23250724,23250724,G,A,0.589,0.411,1.0,0.163,0.496,0.341,0.0
1,1:23255667,23255667,G,A,0.5795,0.4205,1.0,0.178,0.485,0.337,0.0
1,1:23277459,23277459,G,A,0.9395,0.0605,1.0,0.001,0.119,0.88,0.0
1,1:23278770,23278770,G,A,0.876,0.124,1.0,0.014,0.22,0.766,0.0
1,1:23284857,23284857,G,A,0.5555,0.4445,1.0,0.213,0.463,0.324,0.0
1,1:23284877,23284877,G,A,0.69,0.31,1.0,0.093,0.434,0.473,0.0
1,1:23289644,23289644,G,A,0.738,0.262,1.0,0.068,0.388,0.544,0.0
1,1:23295180,23295180,G,A,0.562,0.438,1.0,0.195,0.486,0.319,0.0
1,1:23313512,23313512,G,A,0.8515,0.1485,1.0,0.028,0.241,0.731,0.0
1,1:23317397,23317397,G,A,0.804,0.196,1.0,0.03,0.332,0.638,0.0
1,1:23335438,23335438,G,A,0.602,0.398,1.0,0.15,0.496,0.354,0.0
1,1:23340094,23340094,G,A,0.6725,0.3275,1.0,0.097,0.461,0.442,0.0
1,1:23383687,23383687,G,A,0.84,0.16,1.0,0.024,0.272,0.704,0.0
1,1:23387093,23387093,G,A,0.5485,0.4515,1.0,0.199,0.505,0.296,0.0
1,1:23388870,23388870,G,A,0.489,0.511,1.0,0.275,0.472,0.253,0.0
1,1:23429563,23429563,G,A,0.871,0.129,1.0,0.017,0.224,0.759,0.0
1,1:23443416,23443416,G,A,0.8165,0.1835,1.0,0.033,0.301,0.666,0.0
1,1:23448675,23448675,G,A,0.6105,0.3895,1.0,0.144,0.491,0.365,0.0
1,1:23468626,23468626,G,A,0.9045,0.0955,1.0,0.009,0.173,0.818,0.0
1,1:23480676,23480676,G,A,0.725,0.275,1.0,0.067,0.416,0.517,0.0
1,1:23484188,23484188,G,A,0.8515,0.1485,1.0,0.018,0.261,0.721,0.0
1,1:23499307,23499307,G,A,0.673,0.327,1.0,0.109,0.436,0.455,0.0
1,1:23508103,23508103,G,A,0.785,0.215,1.0,0.044,0.342,0.614,0.0
1,1:23544745,23544745,G,A,0.5635,0.4365,1.0,0.195,0.483,0.322,0.0
1,1:23552819,23552819,G,A,0.7375,0.2625,1.0,0.073,0.379,0.548,0.0
1,1:23567810,23567810,G,A,0.7245,0.2755,1.0,0.073,0.405,0.522,0.0
1,1:23593742,23593742,G,A,0.549,0.451,1.0,0.212,0.478,0.31,0.0
1,1:23612249,23612249,G,A,0.619,0.381,1.0,0.143,0.476,0.381,0.0
1,1:23614650,23614650,G,A,0.5645,0.4355,1.0,0.173,0.525,0.302,0.0
1,1:23623756,23623756,G,A,0.9475,0.0525,1.0,0.005,0.095,0.9,0.0
1,1:23637223,23637223,G,A,0.6655,0.3345,1.0,0.106,0.457,0.437,0.0
1,1:23643901,23643901,G,A,0.7325,0.2675,1.0,0.068,0.399,0.533,0.0
1,1:23647206,23647206,G,A,0.5735,0.4265,1.0,0.176,0.501,0.323,0.0
1,1:23656191,23656191,G,A,0.9305,0.0695,1.0,0.004,0.131,0.865,0.0
1,1:23659944,23659944,G,A,0.573,0.427,1.0,0.195,0.464,0.341,0.0
1,1:23683334,23683334,G,A,0.8965,0.1035,1.0,0.015,0.177,0.808,0.0
1,1:23685748,23685748,G,A,0.6845,0.3155,1.0,0.091,0.449,0.46,0.0
1,1:23689072,23689072,G,A,0.631,0.369,1.0,0.133,0.472,0.395,0.0
1,1:23698371,23698371,G,A,0.866,0.134,1.0,0.019,0.23,0.751,0.0
1,1:23705257,23705257,G,A,0.874,0.126,1.0,0.017,0.218,0.765,0.0
1,1:23706104,23706104,G,A,0.6465,0.3535,1.0,0.114,0.479,0.407,0.0
1,1:23717336,23717336,G,A,0.873,0.127,1.0,0.017,0.22,0.763,0.0
1,1:23737189,23737189,G,A,0.7375,0.2625,1.0,0.078,0.369,0.553,0.0
1,1:23773963,23773963,G,A,0.8365,0.1635,1.0,0.026,0.275,0.699,0.0
1,1:23787348,23787348,G,A,0.9365,0.0635,1.0,0.006,0.115,0.879,0.0
1,1:23809062,23809062,G,A,0.926,0.074,1.0,0.006,0.136,0.858,0.0
1,1:23841963,23841963,G,A,0.8795,0.1205,1.0,0.015,0.211,0.774,0.0
1,1:23846148,23846148,G,A,0.707,0.293,1.0,0.087,0.412,0.501,0.0
1,1:23846554,23846554,G,A,0.857,0.143,1.0,0.017,0.252,0.731,0.0
1,1:23877269,23877269,G,A,0.5685,0.4315,1.0,0.182,0.499,0.319,0.0
1,1:23912114,23912114,G,A,0.9325,0.0675,1.0,0.003,0.129,0.868,0.0
1,1:23930985,23930985,G,A,0.66,0.34,1.0,0.113,0.454,0.433,0.0
1,1:23948054,23948054,G,A,0.905,0.095,1.0,0.009,0.172,0.819,0.0
1,1:23969984,23969984,G,A,0.539,0.461,1.0,0.22,0.482,0.298,0.0
1,1:23991832,23991832,G,A,0.938,0.062,1.0,0.004,0.116,0.88,0.0
1,1:23992155,23992155,G,A,0.8895,0.1105,1.0,0.01,0.201,0.789,0.0
1,1:24003802,24003802,G,A,0.823,0.177,1.0,0.033,0.288,0.679,0.0
1,1:24005378,24005378,G,A,0.8925,0.1075,1.0,0.012,0.191,0.797,0.0
1,1:24012791,24012791,G,A,0.549,0.451,1.0,0.212,0.478,0.31,0.0
1,1:24019664,24019664,G,A,0.887,0.113,1.0,0.016,0.194,0.79,0.0
1,1:24027786,24027786,G,A,0.9155,0.0845,1.0,0.007,0.155,0.838,0.0
1,1:24062170,24062170,G,A,0.9155,0.0845,1.0,0.009,0.151,0.84,0.0
1,1:24070925,24070925,G,A,0.587,0.413,1.0,0.174,0.478,0.348,0.0
1,1:24101439,24101439,G,A,0.6765,0.3235,1.0,0.11,0.427,0.463,0.0
1,1:24115112,24115112,G,A,0.609,0.391,1.0,0.154,0.474,0.372,0.0
1,1:24133278,24133278,G,A,0.626,0.374,1.0,0.143,0.462,0.395,0.0
1,1:24147348,24147348,G,A,0.5295,0.4705,1.0,0.219,0.503,0.278,0.0
1,1:24151843,24151843,G,A,0.602,0.398,1.0,0.154,0.488,0.358,0.0
1,1:24192962,24192962,G,A,0.7765,0.2235,1.0,0.047,0.353,0.6,0.0
1,1:24198506,24198506,G,A,0.819,0.181,1.0,0.032,0.298,0.67,0.0
1,1:24210513,24210513,G,A,0.8135,0.1865,1.0,0.039,0.295,0.666,0.0
1,1:24210750,24210750,G,A,0.82,0.18,1.0,0.027,0.306,0.667,0.0
1,1:24244265,24244265,G,A,0.8645,0.1355,1.0,0.016,0.239,0.745,0.0
1,1:24245083,24245083,G,A,0.7735,0.2265,1.0,0.054,0.345,0.601,0.0
1,1:24276629,24276629,G,A,0.907,0.093,1.0,0.012,0.162,0.826,0.0
1,1:24281105,24281105,G,A,0.8125,0.1875,1.0,0.037,0.301,0.662,0.0
1,1:24334477,24334477,G,A,0.8735,0.1265,1.0,0.017,0.219,0.764,0.0
1,1:24362376,24362376,G,A,0.5325,0.4675,1.0,0.217,0.501,0.282,0.0
1,1:24363942,24363942,G,A,0.7395,0.2605,1.0,0.074,0.373,0.553,0.0
1,1:24374843,24374843,G,A,0.5715,0.4285,1.0,0.177,0.503,0.32,0.0
1,1:24437008,24437008,G,A,0.668,0.332,1.0,0.098,0.468,0.434,0.0
1,1:24440806,24440806,G,A,0.6825,0.3175,1.0,0.096,0.443,0.461,0.0
1,1:24444322,24444322,G,A,0.9515,0.0485,1.0,0.002,0.093,0.905,0.0
1,1:24455290,24455290,G,A,0.9415,0.0585,1.0,0.004,0.109,0.887,0.0
1,1:24483330,24483330,G,A,0.8285,0.1715,1.0,0.024,0.295,0.681,0.0
1,1:24509969,24509969,G,A,0.9235,0.0765,1.0,0.002,0.149,0.849,0.0
1,1:24516083,24516083,G,A,0.8345,0.1655,1.0,0.031,0.269,0.7,0.0
1,1:24525887,24525887,G,A,0.654,0.346,1.0,0.119,0.454,0.427,0.0
1,1:24561091,24561091,G,A,0.633,0.367,1.0,0.12,0.494,0.386,0.0
1,1:24562663,24562663,G,A,0.6695,0.3305,1.0,0.099,0.463,0.438,0.0
1,1:24567791,24567791,G,A,0.71,0.29,1.0,0.091,0.398,0.511,0.0
1,1:24586223,24586223,G,A,0.9095,0.0905,1.0,0.009,0.163,0.828,0.0
1,1:24694813,24694813,G,A,0.891,0.109,1.0,0.009,0.2,0.791,0.0
1,1:24723449,24723449,G,A,0.937,0.063,1.0,0.005,0.116,0.879,0.0
1,1:24728253,24728253,G,A,0.591,0.409,1.0,0.167,0.484,0.349,0.0
1,1:24728849,24728849,G,A,0.7915,0.2085,1.0,0.041,0.335,0.624,0.0
1,1:24733273,24733273,G,A,0.761,0.239,1.0,0.058,0.362,0.58,0.0
1,1:24755667,24755667,G,A,0.6615,0.3385,1.0,0.121,0.435,0.444,0.0
1,1:24768425,24768425,G,A,0.505,0.495,1.0,0.234,0.522,0.244,0.0
1,1:24795223,24795223,G,A,0.6555,0.3445,1.0,0.137,0.415,0.448,0.0
1,1:24859872,24859872,G,A,0.896,0.104,1.0,0.011,0.186,0.803,0.0
1,1:24899066,24899066,G,A,0.5235,0.4765,1.0,0.217,0.519,0.264,0.0
1,1:24938779,24938779,G,A,0.842,0.158,1.0,0.023,0.27,0.707,0.0
1,1:24947745,24947745,G,A,0.6105,0.3895,1.0,0.157,0.465,0.378,0.0
1,1:25050091,25050091,G,A,0.618,0.382,1.0,0.148,0.468,0.384,0.0
1,1:25057300,25057300,G,A,0.7675,0.2325,1.0,0.061,0.343,0.596,0.0
1,1:25086628,25086628,G,A,0.7135,0.2865,1.0,0.088,0.397,0.515,0.0
1,1:25090374,25090374,G,A,0.846,0.154,1.0,0.023,0.262,0.715,0.0
1,1:25137139,25137139,G,A,0.6205,0.3795,1.0,0.133,0.493,0.374,0.0
1,1:25139318,25139318,G,A,0.5145,0.4855,1.0,0.249,0.473,0.278,0.0
1,1:25146283,25146283,G,A,0.7555,0.2445,1.0,0.06,0.369,0.571,0.0
1,1:25153647,25153647,G,A,0.5035,0.4965,1.0,0.251,0.491,0.258,0.0
1,1:25177128,25177128,G,A,0.8385,0.1615,1.0,0.026,0.271,0.703,0.0
1,1:25192631,25192631,G,A,0.898,0.102,1.0,0.009,0.186,0.805,0.0
1,1:25209589,25209589,G,A,0.4805,0.5195,1.0,0.276,0.487,0.237,0.0
1,1:25214699,25214699,G,A,0.7865,0.2135,1.0,0.042,0.343,0.615,0.0
1,1:25227192,25227192,G,A,0.5675,0.4325,1.0,0.174,0.517,0.309,0.0
1,1:25239822,25239822,G,A,0.937,0.063,1.0,0.004,0.118,0.878,0.0
1,1:25254493,25254493,G,A,0.664,0.336,1.0,0.115,0.442,0.443,0.0
1,1:25258149,25258149,G,A,0.946,0.054,1.0,0.003,0.102,0.895,0.0
1,1:25258426,25258426,G,A,0.73,0.27,1.0,0.078,0.384,0.538,0.0
1,1:25288600,25288600,G,A,0.626,0.374,1.0,0.139,0.47,0.391,0.0
1,1:25291710,25291710,G,A,0.6605,0.3395,1.0,0.116,0.447,0.437,0.0
1,1:25301055,25301055,G,A,0.665,0.335,1.0,0.123,0.424,0.453,0.0
1,1:25329098,25329098,G,A,0.8195,0.1805,1.0,0.034,0.293,0.673,0.0
1,1:25381225,25381225,G,A,0.666,0.334,1.0,0.102,0.464,0.434,0.0
1,1:25433908,25433908,G,A,0.58,0.42,1.0,0.168,0.504,0.328,0.0
1,1:25554415,25554415,G,A,0.726,0.274,1.0,0.078,0.392,0.53,0.0
1,1:25560099,25560099,G,A,0.702,0.298,1.0,0.09,0.416,0.494,0.0
1,1:25568907,25568907,G,A,0.578,0.422,1.0,0.168,0.508,0.324,0.0
1,1:25580124,25580124,G,A,0.8965,0.1035,1.0,0.013,0.181,0.806,0.0
1,1:25589002,25589002,G,A,0.697,0.303,1.0,0.101,0.404,0.495,0.0
1,1:25592499,25592499,G,A,0.746,0.254,1.0,0.061,0.386,0.553,0.0
1,1:25653876,25653876,G,A,0.7565,0.2435,1.0,0.051,0.385,0.564,0.0
1,1:25698551,25698551,G,A,0.771,0.229,1.0,0.049,0.36,0.591,0.0
1,1:25722526,25722526,G,A,0.6775,0.3225,1.0,0.113,0.419,0.468,0.0
1,1:25793045,25793045,G,A,0.5455,0.4545,1.0,0.189,0.531,0.28,0.0
1,1:25827439,25827439,G,A,0.6535,0.3465,1.0,0.126,0.441,0.433,0.0
1,1:25836513,25836513,G,A,0.8255,0.1745,1.0,0.029,0.291,0.68,0.0
1,1:25841847,25841847,G,A,0.8765,0.1235,1.0,0.012,0.223,0.765,0.0
1,1:25856920,25856920,G,A,0.508,0.492,1.0,0.243,0.498,0.259,0.0
1,1:25861357,25861357,G,A,0.814,0.186,1.0,0.03,0.312,0.658,0.0
1,1:25955177,25955177,G,A,0.7485,0.2515,1.0,0.065,0.373,0.562,0.0
1,1:25974083,25974083,G,A,0.9395,0.0605,1.0,0.002,0.117,0.881,0.0
1,1:26063246,26063246,G,A,0.575,0.425,1.0,0.165,0.52,0.315,0.0
1,1:26098642,26098642,G,A,0.6035,0.3965,1.0,0.152,0.489,0.359,0.0
1,1:26133386,26133386,G,A,0.622,0.378,1.0,0.147,0.462,0.391,0.0
1,1:26150957,26150957,G,A,0.791,0.209,1.0,0.044,0.33,0.626,0.0
1,1:26191540,26191540,G,A,0.7945,0.2055,1.0,0.044,0.323,0.633,0.0
1,1:26216318,26216318,G,A,0.725,0.275,1.0,0.067,0.416,0.517,0.0
1,1:26227229,26227229,G,A,0.766,0.234,1.0,0.057,0.354,0.589,0.0
1,1:26231748,26231748,G,A,0.881,0.119,1.0,0.008,0.222,0.77,0.0
1,1:26237809,26237809,G,A,0.855,0.145,1.0,0.019,0.252,0.729,0.0
1,1:26256630,26256630,G,A,0.8,0.2,1.0,0.032,0.336,0.632,0.0
1,1:26267669,26267669,G,A,0.9445,0.0555,1.0,0.003,0.105,0.892,0.0
1,1:26271535,26271535,G,A,0.801,0.199,1.0,0.042,0.314,0.644,0.0
1,1:26276834,26276834,G,A,0.585,0.415,1.0,0.17,0.49,0.34,0.0
1,1:26299579,26299579,G,A,0.75,0.25,1.0,0.066,0.368,0.566,0.0
1,1:26336264,26336264,G,A,0.8655,0.1345,1.0,0.014,0.241,0.745,0.0
1,1:26356227,26356227,G,A,0.6465,0.3535,1.0,0.139,0.429,0.432,0.0
1,1:26358328,26358328,G,A,0.9455,0.0545,1.0,0.003,0.103,0.894,0.0
1,1:26365211,26365211,G,A,0.886,0.114,1.0,0.016,0.196,0.788,0.0
1,1:26372009,26372009,G,A,0.6825,0.3175,1.0,0.112,0.411,0.477,0.0
1,1:26379086,26379086,G,A,0.6425,0.3575,1.0,0.136,0.443,0.421,0.0
1,1:26395161,26395161,G,A,0.8355,0.1645,1.0,0.026,0.277,0.697,0.0
1,1:26455292,26455292,G,A,0.8235,0.1765,1.0,0.027,0.299,0.674,0.0
1,1:26471312,26471312,G,A,0.9405,0.0595,1.0,0.005,0.109,0.886,0.0
1,1:26502746,26502746,G,A,0.815,0.185,1.0,0.037,0.296,0.667,0.0
1,1:26540397,26540397,G,A,0.531,0.469,1.0,0.216,0.506,0.278,0.0
1,1:26552477,26552477,G,A,0.781,0.219,1.0,0.047,0.344,0.609,0.0
1,1:26560141,26560141,G,A,0.788,0.212,1.0,0.044,0.336,0.62,0.0
1,1:26607071,26607071,G,A,0.6515,0.3485,1.0,0.123,0.451,0.426,0.0
1,1:26632955,26632955,G,A,0.5,0.5,1.0,0.258,0.484,0.258,0.0
1,1:26635618,26635618,G,A,0.7605,0.2395,1.0,0.05,0.379,0.571,0.0
1,1:26658610,26658610,G,A,0.9035,0.0965,1.0,0.007,0.179,0.814,0.0
1,1:26659118,26659118,G,A,0.603,0.397,1.0,0.166,0.462,0.372,0.0
1,1:26678908,26678908,G,A,0.5335,0.4665,1.0,0.205,0.523,0.272,0.0
1,1:26683912,26683912,G,A,0.6565,0.3435,1.0,0.113,0.461,0.426,0.0
1,1:26687291,26687291,G,A,0.722,0.278,1.0,0.073,0.41,0.517,0.0
1,1:26687547,26687547,G,A,0.8405,0.1595,1.0,0.032,0.255,0.713,0.0
1,1:26704426,26704426,G,A,0.7505,0.2495,1.0,0.063,0.373,0.564,0.0
1,1:26735831,26735831,G,A,0.7575,0.2425,1.0,0.054,0.377,0.569,0.0
1,1:26737776,26737776,G,A,0.516,0.484,1.0,0.236,0.496,0.268,0.0
1,1:26762678,26762678,G,A,0.9295,0.0705,1.0,0.004,0.133,0.863,0.0
1,1:26774620,26774620,G,A,0.79,0.21,1.0,0.046,0.328,0.626,0.0
1,1:26778643,26778643,G,A,0.8085,0.1915,1.0,0.032,0.319,0.649,0.0
1,1:26779150,26779150,G,A,0.503,0.497,1.0,0.25,0.494,0.256,0.0
1,1:26821568,26821568,G,A,0.9485,0.0515,1.0,0.004,0.095,0.901,0.0
1,1:26844512,26844512,G,A,0.8245,0.1755,1.0,0.035,0.281,0.684,0.0
1,1:26854297,26854297,G,A,0.5375,0.4625,1.0,0.223,0.479,0.298,0.0
1,1:26906512,26906512,G,A,0.885,0.115,1.0,0.013,0.204,0.783,0.0
1,1:26912513,26912513,G,A,0.596,0.404,1.0,0.169,0.47,0.361,0.0
1,1:26931807,26931807,G,A,0.686,0.314,1.0,0.098,0.432,0.47,0.0
1,1:26939240,26939240,G,A,0.5565,0.4435,1.0,0.2,0.487,0.313,0.0
1,1:26996640,26996640,G,A,0.565,0.435,1.0,0.193,0.484,0.323,0.0
1,1:27009225,27009225,G,A,0.6955,0.3045,1.0,0.104,0.401,0.495,0.0
1,1:27023421,27023421,G,A,0.7,0.3,1.0,0.093,0.414,0.493,0.0
1,1:27054354,27054354,G,A,0.8765,0.1235,1.0,0.017,0.213,0.77,0.0
1,1:27090739,27090739,G,A,0.933,0.067,1.0,0.001,0.132,0.867,0.0
1,1:27132022,27132022,G,A,0.6365,0.3635,1.0,0.141,0.445,0.414,0.0
1,1:27148869,27148869,G,A,0.685,0.315,1.0,0.097,0.436,0.467,0.0
1,1:27180309,27180309,G,A,0.599,0.401,1.0,0.166,0.47,0.364,0.0
1,1:27209163,27209163,G,A,0.9495,0.0505,1.0,0.001,0.099,0.9,0.0
1,1:27259198,27259198,G,A,0.545,0.455,1.0,0.217,0.476,0.307,0.0
1,1:27270508,27270508,G,A,0.917,0.083,1.0,0.01,0.146,0.844,0.0
1,1:27312499,27312499,G,A,0.5315,0.4685,1.0,0.221,0.495,0.284,0.0
1,1:27329174,27329174,G,A,0.86,0.14,1.0,0.025,0.23,0.745,0.0
1,1:27345256,27345256,G,A,0.8505,0.1495,1.0,0.03,0.239,0.731,0.0
1,1:27345821,27345821,G,A,0.548,0.452,1.0,0.206,0.492,0.302,0.0
1,1:27348976,27348976,G,A,0.7425,0.2575,1.0,0.06,0.395,0.545,0.0
1,1:27364436,27364436,G,A,0.6345,0.3655,1.0,0.127,0.477,0.396,0.0
1,1:27366869,27366869,G,A,0.5455,0.4545,1.0,0.204,0.501,0.295,0.0
1,1:27381510,27381510,G,A,0.8095,0.1905,1.0,0.031,0.319,0.65,0.0
1,1:27413630,27413630,G,A,0.894,0.106,1.0,0.012,0.188,0.8,0.0
1,1:27427111,27427111,G,A,0.712,0.288,1.0,0.09,0.396,0.514,0.0
1,1:27451728,27451728,G,A,0.7735,0.2265,1.0,0.049,0.355,0.596,0.0
1,1:27512407,27512407,G,A,0.604,0.396,1.0,0.162,0.468,0.37,0.0
1,1:27550116,27550116,G,A,0.9565,0.0435,1.0,0.002,0.083,0.915,0.0
1,1:27569058,27569058,G,A,0.677,0.323,1.0,0.088,0.47,0.442,0.0
1,1:27571339,27571339,G,A,0.7125,0.2875,1.0,0.089,0.397,0.514,0.0
1,1:27580297,27580297,G,A,0.5685,0.4315,1.0,0.187,0.489,0.324,0.0
1,1:27596546,27596546,G,A,0.6965,0.3035,1.0,0.071,0.465,0.464,0.0
1,1:27640478,27640478,G,A,0.513,0.487,1.0,0.236,0.502,0.262,0.0
1,1:27664039,27664039,G,A,0.937,0.063,1.0,0.01,0.106,0.884,0.0
1,1:27695859,27695859,G,A,0.7395,0.2605,1.0,0.078,0.365,0.557,0.0
1,1:27700782,27700782,G,A,0.4975,0.5025,1.0,0.251,0.503,0.246,0.0
1,1:27701435,27701435,G,A,0.523,0.477,1.0,0.228,0.498,0.274,0.0
1,1:27705859,27705859,G,A,0.8585,0.1415,1.0,0.02,0.243,0.737,0.0
1,1:27715390,27715390,G,A,0.5795,0.4205,1.0,0.182,0.477,0.341,0.0
1,1:27719139,27719139,G,A,0.6115,0.3885,1.0,0.147,0.483,0.37,0.0
1,1:27736990,27736990,G,A,0.529,0.471,1.0,0.235,0.472,0.293,0.0
1,1:27758456,27758456,G,A,0.7195,0.2805,1.0,0.079,0.403,0.518,0.0
1,1:27758631,27758631,G,A,0.71,0.29,1.0,0.092,0.396,0.512,0.0
1,1:27780900,27780900,G,A,0.5795,0.4205,1.0,0.184,0.473,0.343,0.0
1,1:27804334,27804334,G,A,0.5275,0.4725,1.0,0.221,0.503,0.276,0.0
1,1:27812616,27812616,G,A,0.82,0.18,1.0,0.027,0.306,0.667,0.0
1,1:27841305,27841305,G,A,0.64,0.36,1.0,0.124,0.472,0.404,0.0
1,1:27870541,27870541,G,A,0.6415,0.3585,1.0,0.139,0.439,0.422,0.0
1,1:27915003,27915003,G,A,0.5675,0.4325,1.0,0.189,0.487,0.324,0.0
1,1:27949892,27949892,G,A,0.6635,0.3365,1.0,0.111,0.451,0.438,0.0
1,1:27950197,27950197,G,A,0.736,0.264,1.0,0.064,0.4,0.536,0.0
1,1:27965075,27965075,G,A,0.827,0.173,1.0,0.032,0.282,0.686,0.0
1,1:27995740,27995740,G,A,0.5155,0.4845,1.0,0.231,0.507,0.262,0.0
1,1:28044175,28044175,G,A,0.8025,0.1975,1.0,0.035,0.325,0.64,0.0
1,1:28046418,28046418,G,A,0.835,0.165,1.0,0.033,0.264,0.703,0.0
1,1:28088633,28088633,G,A,0.6025,0.3975,1.0,0.157,0.481,0.362,0.0
1,1:28098060,28098060,G,A,0.7095,0.2905,1.0,0.087,0.407,0.506,0.0
1,1:28104321,28104321,G,A,0.87,0.13,1.0,0.02,0.22,0.76,0.0
1,1:28105187,28105187,G,A,0.8015,0.1985,1.0,0.036,0.325,0.639,0.0
1,1:28114457,28114457,G,A,0.855,0.145,1.0,0.016,0.258,0.726,0.0
1,1:28172141,28172141,G,A,0.8425,0.1575,1.0,0.02,0.275,0.705,0.0
1,1:28175912,28175912,G,A,0.906,0.094,1.0,0.006,0.176,0.818,0.0
1,1:28186922,28186922,G,A,0.6465,0.3535,1.0,0.118,0.471,0.411,0.0
1,1:28189840,28189840,G,A,0.7845,0.2155,1.0,0.044,0.343,0.613,0.0
1,1:28190068,28190068,G,A,0.924,0.076,1.0,0.006,0.14,0.854,0.0
1,1:28196680,28196680,G,A,0.6595,0.3405,1.0,0.105,0.471,0.424,0.0
1,1:28204740,28204740,G,A,0.8285,0.1715,1.0,0.03,0.283,0.687,0.0
1,1:28207971,28207971,G,A,0.871,0.129,1.0,0.016,0.226,0.758,0.0
1,1:28267185,28267185,G,A,0.513,0.487,1.0,0.245,0.484,0.271,0.0
1,1:28272917,28272917,G,A,0.918,0.082,1.0,0.011,0.142,0.847,0.0
1,1:28317303,28317303,G,A,0.782,0.218,1.0,0.049,0.338,0.613,0.0
1,1:28338207,28338207,G,A,0.676,0.324,1.0,0.095,0.458,0.447,0.0
1,1:28348818,28348818,G,A,0.5045,0.4955,1.0,0.242,0.507,0.251,0.0
1,1:28356739,28356739,G,A,0.918,0.082,1.0,0.007,0.15,0.843,0.0
1,1:28398069,28398069,G,A,0.52,0.48,1.0,0.227,0.506,0.267,0.0
1,1:28413965,28413965,G,A,0.5535,0.4465,1.0,0.196,0.501,0.303,0.0
1,1:28433649,28433649,G,A,0.607,0.393,1.0,0.161,0.464,0.375,0.0
1,1:28446756,28446756,G,A,0.9045,0.0955,1.0,0.01,0.171,0.819,0.0
1,1:28465798,28465798,G,A,0.825,0.175,1.0,0.036,0.278,0.686,0.0
1,1:28481083,28481083,G,A,0.837,0.163,1.0,0.026,0.274,0.7,0.0
1,1:28487590,28487590,G,A,0.687,0.313,1.0,0.096,0.434,0.47,0.0
1,1:28500557,28500557,G,A,0.889,0.111,1.0,0.011,0.2,0.789,0.0
1,1:28506245,28506245,G,A,0.5765,0.4235,1.0,0.192,0.463,0.345,0.0
1,1:28533676,28533676,G,A,0.637,0.363,1.0,0.14,0.446,0.414,0.0
1,1:28563972,28563972,G,A,0.569,0.431,1.0,0.205,0.452,0.343,0.0
1,1:28570056,28570056,G,A,0.8515,0.1485,1.0,0.016,0.265,0.719,0.0
1,1:28589908,28589908,G,A,0.6785,0.3215,1.0,0.106,0.431,0.463,0.0
1,1:28615155,28615155,G,A,0.571,0.429,1.0,0.186,0.486,0.328,0.0
1,1:28658788,28658788,G,A,0.922,0.078,1.0,0.005,0.146,0.849,0.0
1,1:28688730,28688730,G,A,0.7275,0.2725,1.0,0.062,0.421,0.517,0.0
1,1:28699541,28699541,G,A,0.627,0.373,1.0,0.137,0.472,0.391,0.0
1,1:28709380,28709380,G,A,0.7735,0.2265,1.0,0.04,0.373,0.587,0.0
1,1:28727994,28727994,G,A,0.7715,0.2285,1.0,0.061,0.335,0.604,0.0
1,1:28728438,28728438,G,A,0.9375,0.0625,1.0,0.004,0.117,0.879,0.0
1,1:28735943,28735943,G,A,0.7175,0.2825,1.0,0.085,0.395,0.52,0.0
1,1:28748124,28748124,G,A,0.709,0.291,1.0,0.088,0.406,0.506,0.0
1,1:28751506,28751506,G,A,0.6065,0.3935,1.0,0.146,0.495,0.359,0.0
1,1:28820899,28820899,G,A,0.9055,0.0945,1.0,0.013,0.163,0.824,0.0
1,1:28840827,28840827,G,A,0.769,0.231,1.0,0.067,0.328,0.605,0.0
1,1:28869117,28869117,G,A,0.8355,0.1645,1.0,0.027,0.275,0.698,0.0
1,1:28899869,28899869,G,A,0.8395,0.1605,1.0,0.026,0.269,0.705,0.0
1,1:28905855,28905855,G,A,0.837,0.163,1.0,0.028,0.27,0.702,0.0
1,1:28911862,28911862,G,A,0.7985,0.2015,1.0,0.04,0.323,0.637,0.0
1,1:28997486,28997486,G,A,0.6245,0.3755,1.0,0.138,0.475,0.387,0.0
1,1:28997890,28997890,G,A,0.759,0.241,1.0,0.069,0.344,0.587,0.0
1,1:29009513,29009513,G,A,0.9275,0.0725,1.0,0.01,0.125,0.865,0.0
1,1:29012950,29012950,G,A,0.8005,0.1995,1.0,0.046,0.307,0.647,0.0
1,1:29022581,29022581,G,A,0.899,0.101,1.0,0.009,0.184,0.807,0.0
1,1:29061847,29061847,G,A,0.857,0.143,1.0,0.021,0.244,0.735,0.0
1,1:29063436,29063436,G,A,0.8895,0.1105,1.0,0.012,0.197,0.791,0.0
1,1:29079222,29079222,G,A,0.508,0.492,1.0,0.257,0.47,0.273,0.0
1,1:29084872,29084872,G,A,0.5555,0.4445,1.0,0.19,0.509,0.301,0.0
1,1:29093908,29093908,G,A,0.67,0.33,1.0,0.12,0.42,0.46,0.0
1,1:29105136,29105136,G,A,0.834,0.166,1.0,0.029,0.274,0.697,0.0
1,1:29124901,29124901,G,A,0.8695,0.1305,1.0,0.021,0.219,0.76,0.0
1,1:29142799,29142799,G,A,0.578,0.422,1.0,0.178,0.488,0.334,0.0
1,1:29163440,29163440,G,A,0.9125,0.0875,1.0,0.009,0.157,0.834,0.0
1,1:29168465,29168465,G,A,0.643,0.357,1.0,0.119,0.476,0.405,0.0
1,1:29168538,29168538,G,A,0.8215,0.1785,1.0,0.033,0.291,0.676,0.0
1,1:29171430,29171430,G,A,0.7375,0.2625,1.0,0.059,0.407,0.534,0.0
1,1:29188753,29188753,G,A,0.645,0.355,1.0,0.124,0.462,0.414,0.0
1,1:29193727,29193727,G,A,0.9275,0.0725,1.0,0.006,0.133,0.861,0.0
1,1:29221380,29221380,G,A,0.8685,0.1315,1.0,0.019,0.225,0.756,0.0
1,1:29263889,29263889,G,A,0.655,0.345,1.0,0.108,0.474,0.418,0.0
1,1:29264327,29264327,G,A,0.5595,0.4405,1.0,0.196,0.489,0.315,0.0
1,1:29327428,29327428,G,A,0.8385,0.1615,1.0,0.021,0.281,0.698,0.0
1,1:29342049,29342049,G,A,0.875,0.125,1.0,0.012,0.226,0.762,0.0
1,1:29365615,29365615,G,A,0.535,0.465,1.0,0.215,0.5,0.285,0.0
1,1:29367078,29367078,G,A,0.56,0.44,1.0,0.189,0.502,0.309,0.0
1,1:29370828,29370828,G,A,0.555,0.445,1.0,0.194,0.502,0.304,0.0
1,1:29396164,29396164,G,A,0.8795,0.1205,1.0,0.017,0.207,0.776,0.0
1,1:29461505,29461505,G,A,0.5515,0.4485,1.0,0.191,0.515,0.294,0.0
1,1:29464340,29464340,G,A,0.7135,0.2865,1.0,0.076,0.421,0.503,0.0
1,1:29469069,29469069,G,A,0.669,0.331,1.0,0.113,0.436,0.451,0.0
1,1:29486439,29486439,G,A,0.7255,0.2745,1.0,0.062,0.425,0.513,0.0
1,1:29489479,29489479,G,A,0.803,0.197,1.0,0.032,0.33,0.638,0.0
1,1:29536205,29536205,G,A,0.8945,0.1055,1.0,0.011,0.189,0.8,0.0
1,1:29537370,29537370,G,A,0.849,0.151,1.0,0.025,0.252,0.723,0.0
1,1:29538041,29538041,G,A,0.683,0.317,1.0,0.096,0.442,0.462,0.0
1,1:29549536,29549536,G,A,0.808,0.192,1.0,0.032,0.32,0.648,0.0
1,1:29565897,29565897,G,A,0.901,0.099,1.0,0.008,0.182,0.81,0.0
1,1:29581502,29581502,G,A,0.6475,0.3525,1.0,0.123,0.459,0.418,0.0
1,1:29639842,29639842,G,A,0.697,0.303,1.0,0.086,0.434,0.48,0.0
1,1:29677044,29677044,G,A,0.9305,0.0695,1.0,0.005,0.129,0.866,0.0
1,1:29702915,29702915,G,A,0.644,0.356,1.0,0.118,0.476,0.406,0.0
1,1:29718819,29718819,G,A,0.5505,0.4495,1.0,0.21,0.479,0.311,0.0
1,1:29723045,29723045,G,A,0.6015,0.3985,1.0,0.145,0.507,0.348,0.0
1,1:29737668,29737668,G,A,0.538,0.462,1.0,0.219,0.486,0.295,0.0
1,1:29754470,29754470,G,A,0.795,0.205,1.0,0.044,0.322,0.634,0.0
1,1:29765234,29765234,G,A,0.907,0.093,1.0,0.009,0.168,0.823,0.0
1,1:29805506,29805506,G,A,0.629,0.371,1.0,0.123,0.496,0.381,0.0
1,1:29822181,29822181,G,A,0.55,0.45,1.0,0.202,0.496,0.302,0.0
1,1:29843908,29843908,G,A,0.7985,0.2015,1.0,0.045,0.313,0.642,0.0
1,1:29851991,29851991,G,A,0.835,0.165,1.0,0.022,0.286,0.692,0.0
1,1:29859175,29859175,G,A,0.6325,0.3675,1.0,0.129,0.477,0.394,0.0
1,1:29900788,29900788,G,A,0.6335,0.3665,1.0,0.119,0.495,0.386,0.0
1,1:29920721,29920721,G,A,0.5795,0.4205,1.0,0.177,0.487,0.336,0.0
1,1:29933824,29933824,G,A,0.5965,0.4035,1.0,0.154,0.499,0.347,0.0
1,1:29961289,29961289,G,A,0.7645,0.2355,1.0,0.055,0.361,0.584,0.0
1,1:29967941,29967941,G,A,0.748,0.252,1.0,0.071,0.362,0.567,0.0
1,1:29998128,29998128,G,A,0.5835,0.4165,1.0,0.169,0.495,0.336,0.0
1,1:30016159,30016159,G,A,0.829,0.171,1.0,0.038,0.266,0.696,0.0
1,1:30024205,30024205,G,A,0.9055,0.0945,1.0,0.006,0.177,0.817,0.0
1,1:30031138,30031138,G,A,0.85,0.15,1.0,0.015,0.27,0.715,0.0
1,1:30061032,30061032,G,A,0.724,0.276,1.0,0.09,0.372,0.538,0.0
1,1:30131277,30131277,G,A,0.6735,0.3265,1.0,0.097,0.459,0.444,0.0
1,1:30185055,30185055,G,A,0.9335,0.0665,1.0,0.004,0.125,0.871,0.0
1,1:30190180,30190180,G,A,0.8105,0.1895,1.0,0.041,0.297,0.662,0.0
1,1:30223478,30223478,G,A,0.6115,0.3885,1.0,0.165,0.447,0.388,0.0
1,1:30235641,30235641,G,A,0.569,0.431,1.0,0.181,0.5,0.319,0.0
1,1:30256338,30256338,G,A,0.8855,0.1145,1.0,0.015,0.199,0.786,0.0
1,1:30267798,30267798,G,A,0.716,0.284,1.0,0.075,0.418,0.507,0.0
1,1:30272856,30272856,G,A,0.8895,0.1105,1.0,0.013,0.195,0.792,0.0
1,1:30284262,30284262,G,A,0.634,0.366,1.0,0.145,0.442,0.413,0.0
1,1:30315283,30315283,G,A,0.8785,0.1215,1.0,0.021,0.201,0.778,0.0
1,1:30319321,30319321,G,A,0.9025,0.0975,1.0,0.013,0.169,0.818,0.0
1,1:30320940,30320940,G,A,0.7475,0.2525,1.0,0.061,0.383,0.556,0.0
1,1:30349565,30349565,G,A,0.8985,0.1015,1.0,0.007,0.189,0.804,0.0
1,1:30354782,30354782,G,A,0.5825,0.4175,1.0,0.177,0.481,0.342,0.0
1,1:30413514,30413514,G,A,0.5825,0.4175,1.0,0.172,0.491,0.337,0.0
1,1:30416729,30416729,G,A,0.724,0.276,1.0,0.087,0.378,0.535,0.0
1,1:30450574,30450574,G,A,0.693,0.307,1.0,0.1,0.414,0.486,0.0
1,1:30474647,30474647,G,A,0.897,0.103,1.0,0.018,0.17,0.812,0.0
1,1:30503181,30503181,G,A,0.825,0.175,1.0,0.034,0.282,0.684,0.0
1,1:30555354,30555354,G,A,0.879,0.121,1.0,0.014,0.214,0.772,0.0
1,1:30559799,30559799,G,A,0.872,0.128,1.0,0.012,0.232,0.756,0.0
1,1:30590973,30590973,G,A,0.7775,0.2225,1.0,0.047,0.351,0.602,0.0
1,1:30596309,30596309,G,A,0.6515,0.3485,1.0,0.106,0.485,0.409,0.0
1,1:30596659,30596659,G,A,0.62,0.38,1.0,0.144,0.472,0.384,0.0
1,1:30647216,30647216,G,A,0.7645,0.2355,1.0,0.054,0.363,0.583,0.0
1,1:30670202,30670202,G,A,0.82,0.18,1.0,0.026,0.308,0.666,0.0
1,1:30671004,30671004,G,A,0.5825,0.4175,1.0,0.174,0.487,0.339,0.0
1,1:30715396,30715396,G,A,0.763,0.237,1.0,0.065,0.344,0.591,0.0
1,1:30732365,30732365,G,A,0.704,0.296,1.0,0.09,0.412,0.498,0.0
1,1:30749807,30749807,G,A,0.812,0.188,1.0,0.031,0.314,0.655,0.0
1,1:30773483,30773483,G,A,0.9185,0.0815,1.0,0.009,0.145,0.846,0.0
1,1:30779670,30779670,G,A,0.8835,0.1165,1.0,0.012,0.209,0.779,0.0
1,1:30781303,30781303,G,A,0.6265,0.3735,1.0,0.142,0.463,0.395,0.0
1,1:30822202,30822202,G,A,0.8215,0.1785,1.0,0.032,0.293,0.675,0.0
1,1:30831220,30831220,G,A,0.888,0.112,1.0,0.014,0.196,0.79,0.0
1,1:30885971,30885971,G,A,0.6655,0.3345,1.0,0.106,0.457,0.437,0.0
1,1:30908588,30908588,G,A,0.7425,0.2575,1.0,0.058,0.399,0.543,0.0
1,1:30912355,30912355,G,A,0.9415,0.0585,1.0,0.008,0.101,0.891,0.0
1,1:30948144,30948144,G,A,0.501,0.499,1.0,0.256,0.486,0.258,0.0
1,1:30995054,30995054,G,A,0.782,0.218,1.0,0.048,0.34,0.612,0.0
1,1:30999907,30999907,G,A,0.661,0.339,1.0,0.122,0.434,0.444,0.0
1,1:31044490,31044490,G,A,0.511,0.489,1.0,0.233,0.512,0.255,0.0
1,1:31052239,31052239,G,A,0.6735,0.3265,1.0,0.106,0.441,0.453,0.0
1,1:31061294,31061294,G,A,0.8085,0.1915,1.0,0.032,0.319,0.649,0.0
1,1:31073265,31073265,G,A,0.7185,0.2815,1.0,0.078,0.407,0.515,0.0
1,1:31079503,31079503,G,A,0.913,0.087,1.0,0.006,0.162,0.832,0.0
1,1:31099209,31099209,G,A,0.8825,0.1175,1.0,0.012,0.211,0.777,0.0
1,1:31146083,31146083,G,A,0.81,0.19,1.0,0.039,0.302,0.659,0.0
1,1:31175240,31175240,G,A,0.917,0.083,1.0,0.007,0.152,0.841,0.0
1,1:31197882,31197882,G,A,0.895,0.105,1.0,0.014,0.182,0.804,0.0
1,1:31199894,31199894,G,A,0.5785,0.4215,1.0,0.165,0.513,0.322,0.0
1,1:31206053,31206053,G,A,0.8495,0.1505,1.0,0.021,0.259,0.72,0.0
1,1:31216360,31216360,G,A,0.8,0.2,1.0,0.035,0.33,0.635,0.0
1,1:31241030,31241030,G,A,0.8775,0.1225,1.0,0.019,0.207,0.774,0.0
1,1:31251098,31251098,G,A,0.7775,0.2225,1.0,0.053,0.339,0.608,0.0
1,1:31263041,31263041,G,A,0.636,0.364,1.0,0.14,0.448,0.412,0.0
1,1:31276623,31276623,G,A,0.514,0.486,1.0,0.235,0.502,0.263,0.0
1,1:31288563,31288563,G,A,0.714,0.286,1.0,0.082,0.408,0.51,0.0
1,1:31299029,31299029,G,A,0.8,0.2,1.0,0.037,0.326,0.637,0.0
1,1:31335283,31335283,G,A,0.7205,0.2795,1.0,0.087,0.385,0.528,0.0
1,1:31343820,31343820,G,A,0.886,0.114,1.0,0.01,0.208,0.782,0.0
1,1:31349380,31349380,G,A,0.646,0.354,1.0,0.109,0.49,0.401,0.0
1,1:31354978,31354978,G,A,0.804,0.196,1.0,0.031,0.33,0.639,0.0
1,1:31356086,31356086,G,A,0.5365,0.4635,1.0,0.206,0.515,0.279,0.0
1,1:31378292,31378292,G,A,0.6555,0.3445,1.0,0.109,0.471,0.42,0.0
1,1:31397111,31397111,G,A,0.747,0.253,1.0,0.064,0.378,0.558,0.0
1,1:31457081,31457081,G,A,0.8455,0.1545,1.0,0.027,0.255,0.718,0.0
1,1:31530804,31530804,G,A,0.9175,0.0825,1.0,0.006,0.153,0.841,0.0
1,1:31549032,31549032,G,A,0.8665,0.1335,1.0,0.021,0.225,0.754,0.0
1,1:31556004,31556004,G,A,0.7025,0.2975,1.0,0.091,0.413,0.496,0.0
1,1:31579613,31579613,G,A,0.7015,0.2985,1.0,0.101,0.395,0.504,0.0
1,1:31632287,31632287,G,A,0.9375,0.0625,1.0,0.004,0.117,0.879,0.0
1,1:31632484,31632484,G,A,0.5945,0.4055,1.0,0.165,0.481,0.354,0.0
1,1:31657525,31657525,G,A,0.9295,0.0705,1.0,0.005,0.131,0.864,0.0
1,1:31664127,31664127,G,A,0.9155,0.0845,1.0,0.005,0.159,0.836,0.0
1,1:31665405,31665405,G,A,0.608,0.392,1.0,0.156,0.472,0.372,0.0
1,1:31670311,31670311,G,A,0.65,0.35,1.0,0.128,0.444,0.428,0.0
1,1:31676807,31676807,G,A,0.8585,0.1415,1.0,0.021,0.241,0.738,0.0
1,1:31699264,31699264,G,A,0.664,0.336,1.0,0.115,0.442,0.443,0.0
1,1:31707049,31707049,G,A,0.9455,0.0545,1.0,0.003,0.103,0.894,0.0
1,1:31725527,31725527,G,A,0.817,0.183,1.0,0.039,0.288,0.673,0.0
1,1:31738454,31738454,G,A,0.6015,0.3985,1.0,0.146,0.505,0.349,0.0
1,1:31745494,31745494,G,A,0.7455,0.2545,1.0,0.052,0.405,0.543,0.0
1,1:31751306,31751306,G,A,0.575,0.425,1.0,0.181,0.488,0.331,0.0
1,1:31770094,31770094,G,A,0.891,0.109,1.0,0.012,0.194,0.794,0.0
1,1:31808286,31808286,G,A,0.563,0.437,1.0,0.189,0.496,0.315,0.0
1,1:31834023,31834023,G,A,0.737,0.263,1.0,0.058,0.41,0.532,0.0
1,1:31853088,31853088,G,A,0.916,0.084,1.0,0.009,0.15,0.841,0.0
1,1:31873647,31873647,G,A,0.9315,0.0685,1.0,0.004,0.129,0.867,0.0
1,1:31886948,31886948,G,A,0.942,0.058,1.0,0.004,0.108,0.888,0.0
1,1:31918508,31918508,G,A,0.6575,0.3425,1.0,0.112,0.461,0.427,0.0
1,1:31927922,31927922,G,A,0.861,0.139,1.0,0.017,0.244,0.739,0.0
1,1:31935647,31935647,G,A,0.8795,0.1205,1.0,0.014,0.213,0.773,0.0
1,1:31941563,31941563,G,A,0.686,0.314,1.0,0.087,0.454,0.459,0.0
1,1:31970600,31970600,G,A,0.779,0.221,1.0,0.052,0.338,0.61,0.0
1,1:31978889,31978889,G,A,0.738,0.262,1.0,0.07,0.384,0.546,0.0
1,1:31981909,31981909,G,A,0.896,0.104,1.0,0.012,0.184,0.804,0.0
1,1:31984288,31984288,G,A,0.8405,0.1595,1.0,0.018,0.283,0.699,0.0
1,1:32002178,32002178,G,A,0.904,0.096,1.0,0.01,0.172,0.818,0.0
1,1:32005217,32005217,G,A,0.792,0.208,1.0,0.043,0.33,0.627,0.0
1,1:32027217,32027217,G,A,0.81,0.19,1.0,0.04,0.3,0.66,0.0
1,1:32038061,32038061,G,A,0.609,0.391,1.0,0.159,0.464,0.377,0.0
1,1:32043446,32043446,G,A,0.4795,0.5205,1.0,0.266,0.509,0.225,0.0
1,1:32049004,32049004,G,A,0.507,0.493,1.0,0.231,0.524,0.245,0.0
1,1:32073693,32073693,G,A,0.783,0.217,1.0,0.052,0.33,0.618,0.0
1,1:32105737,32105737,G,A,0.5995,0.4005,1.0,0.16,0.481,0.359,0.0
1,1:32134441,32134441,G,A,0.823,0.177,1.0,0.034,0.286,0.68,0.0
1,1:32134445,32134445,G,A,0.8905,0.1095,1.0,0.012,0.195,0.793,0.0
1,1:32227331,32227331,G,A,0.665,0.335,1.0,0.105,0.46,0.435,0.0
1,1:32254833,32254833,G,A,0.7275,0.2725,1.0,0.079,0.387,0.534,0.0
1,1:32266498,32266498,G,A,0.677,0.323,1.0,0.117,0.412,0.471,0.0
1,1:32318233,32318233,G,A,0.773,0.227,1.0,0.058,0.338,0.604,0.0
1,1:32325150,32325150,G,A,0.811,0.189,1.0,0.022,0.334,0.644,0.0
1,1:32337260,32337260,G,A,0.5315,0.4685,1.0,0.224,0.489,0.287,0.0
1,1:32339835,32339835,G,A,0.5685,0.4315,1.0,0.19,0.483,0.327,0.0
1,1:32356073,32356073,G,A,0.8885,0.1115,1.0,0.011,0.201,0.788,0.0
1,1:32359861,32359861,G,A,0.67,0.33,1.0,0.103,0.454,0.443,0.0
1,1:32363576,32363576,G,A,0.7955,0.2045,1.0,0.037,0.335,0.628,0.0
1,1:32377376,32377376,G,A,0.6835,0.3165,1.0,0.109,0.415,0.476,0.0
1,1:32382712,32382712,G,A,0.853,0.147,1.0,0.029,0.236,0.735,0.0
1,1:32386346,32386346,G,A,0.6295,0.3705,1.0,0.13,0.481,0.389,0.0
1,1:32401728,32401728,G,A,0.8235,0.1765,1.0,0.031,0.291,0.678,0.0
1,1:32425302,32425302,G,A,0.6255,0.3745,1.0,0.126,0.497,0.377,0.0
1,1:32436729,32436729,G,A,0.8855,0.1145,1.0,0.01,0.209,0.781,0.0
1,1:32446437,32446437,G,A,0.901,0.099,1.0,0.005,0.188,0.807,0.0
1,1:32456982,32456982,G,A,0.809,0.191,1.0,0.034,0.314,0.652,0.0
1,1:32469248,32469248,G,A,0.4945,0.5055,1.0,0.251,0.509,0.24,0.0
1,1:32469421,32469421,G,A,0.5685,0.4315,1.0,0.184,0.495,0.321,0.0
1,1:32474984,32474984,G,A,0.659,0.341,1.0,0.125,0.432,0.443,0.0
1,1:32482295,32482295,G,A,0.8145,0.1855,1.0,0.029,0.313,0.658,0.0
1,1:32482873,32482873,G,A,0.873,0.127,1.0,0.015,0.224,0.761,0.0
1,1:32544961,32544961,G,A,0.6255,0.3745,1.0,0.155,0.439,0.406,0.0
1,1:32557231,32557231,G,A,0.8525,0.1475,1.0,0.023,0.249,0.728,0.0
1,1:32576170,32576170,G,A,0.771,0.229,1.0,0.056,0.346,0.598,0.0
1,1:32580458,32580458,G,A,0.719,0.281,1.0,0.081,0.4,0.519,0.0
1,1:32648169,32648169,G,A,0.913,0.087,1.0,0.007,0.16,0.833,0.0
1,1:32672749,32672749,G,A,0.5895,0.4105,1.0,0.165,0.491,0.344,0.0
1,1:32686305,32686305,G,A,0.5405,0.4595,1.0,0.218,0.483,0.299,0.0
1,1:32702703,32702703,G,A,0.874,0.126,1.0,0.014,0.224,0.762,0.0
1,1:32735804,32735804,G,A,0.5525,0.4475,1.0,0.194,0.507,0.299,0.0
1,1:32740088,32740088,G,A,0.723,0.277,1.0,0.073,0.408,0.519,0.0
1,1:32775007,32775007,G,A,0.882,0.118,1.0,0.02,0.196,0.784,0.0
1,1:32791817,32791817,G,A,0.682,0.318,1.0,0.109,0.418,0.473,0.0
1,1:32797856,32797856,G,A,0.5275,0.4725,1.0,0.225,0.495,0.28,0.0
1,1:32833109,32833109,G,A,0.534,0.466,1.0,0.226,0.48,0.294,0.0
1,1:32833207,32833207,G,A,0.6315,0.3685,1.0,0.139,0.459,0.402,0.0
1,1:32843746,32843746,G,A,0.7425,0.2575,1.0,0.062,0.391,0.547,0.0
1,1:32916782,32916782,G,A,0.8645,0.1355,1.0,0.02,0.231,0.749,0.0
1,1:32945954,32945954,G,A,0.667,0.333,1.0,0.118,0.43,0.452,0.0
1,1:32963685,32963685,G,A,0.6595,0.3405,1.0,0.11,0.461,0.429,0.0
1,1:32985193,32985193,G,A,0.897,0.103,1.0,0.007,0.192,0.801,0.0
1,1:32995940,32995940,G,A,0.842,0.158,1.0,0.026,0.264,0.71,0.0
1,1:32997729,32997729,G,A,0.8145,0.1855,1.0,0.034,0.303,0.663,0.0
1,1:33015349,33015349,G,A,0.5585,0.4415,1.0,0.193,0.497,0.31,0.0
1,1:33019808,33019808,G,A,0.671,0.329,1.0,0.108,0.442,0.45,0.0
1,1:33065407,33065407,G,A,0.832,0.168,1.0,0.023,0.29,0.687,0.0
1,1:33121541,33121541,G,A,0.813,0.187,1.0,0.043,0.288,0.669,0.0
1,1:33122267,33122267,G,A,0.891,0.109,1.0,0.011,0.196,0.793,0.0
1,1:33127677,33127677,G,A,0.937,0.063,1.0,0.005,0.116,0.879,0.0
1,1:33134206,33134206,G,A,0.726,0.274,1.0,0.073,0.402,0.525,0.0
1,1:33138882,33138882,G,A,0.94,0.06,1.0,0.006,0.108,0.886,0.0
1,1:33163774,33163774,G,A,0.4945,0.5055,1.0,0.241,0.529,0.23,0.0
1,1:33197176,33197176,G,A,0.594,0.406,1.0,0.148,0.516,0.336,0.0
1,1:33214627,33214627,G,A,0.615,0.385,1.0,0.142,0.486,0.372,0.0
1,1:33218944,33218944,G,A,0.6105,0.3895,1.0,0.176,0.427,0.397,0.0
1,1:33222266,33222266,G,A,0.651,0.349,1.0,0.114,0.47,0.416,0.0
1,1:33245661,33245661,G,A,0.921,0.079,1.0,0.005,0.148,0.847,0.0
1,1:33255877,33255877,G,A,0.7385,0.2615,1.0,0.062,0.399,0.539,0.0
1,1:33266320,33266320,G,A,0.823,0.177,1.0,0.018,0.318,0.664,0.0
1,1:33267859,33267859,G,A,0.8065,0.1935,1.0,0.042,0.303,0.655,0.0
1,1:33268891,33268891,G,A,0.785,0.215,1.0,0.044,0.342,0.614,0.0
1,1:33269286,33269286,G,A,0.8155,0.1845,1.0,0.032,0.305,0.663,0.0
1,1:33283772,33283772,G,A,0.65,0.35,1.0,0.123,0.454,0.423,0.0
1,1:33458472,33458472,G,A,0.9495,0.0505,1.0,0.003,0.095,0.902,0.0
1,1:33495436,33495436,G,A,0.787,0.213,1.0,0.048,0.33,0.622,0.0
1,1:33517380,33517380,G,A,0.524,0.476,1.0,0.235,0.482,0.283,0.0
1,1:33522481,33522481,G,A,0.842,0.158,1.0,0.02,0.276,0.704,0.0
1,1:33523311,33523311,G,A,0.669,0.331,1.0,0.107,0.448,0.445,0.0
1,1:33679365,33679365,G,A,0.706,0.294,1.0,0.075,0.438,0.487,0.0
1,1:33692119,33692119,G,A,0.7255,0.2745,1.0,0.081,0.387,0.532,0.0
1,1:33698789,33698789,G,A,0.9065,0.0935,1.0,0.013,0.161,0.826,0.0
1,1:33766263,33766263,G,A,0.5715,0.4285,1.0,0.195,0.467,0.338,0.0
1,1:33779714,33779714,G,A,0.697,0.303,1.0,0.089,0.428,0.483,0.0
1,1:33799194,33799194,G,A,0.713,0.287,1.0,0.086,0.402,0.512,0.0
1,1:33812950,33812950,G,A,0.5205,0.4795,1.0,0.234,0.491,0.275,0.0
1,1:33833648,33833648,G,A,0.9215,0.0785,1.0,0.013,0.131,0.856,0.0
1,1:33843292,33843292,G,A,0.7405,0.2595,1.0,0.062,0.395,0.543,0.0
1,1:33877351,33877351,G,A,0.626,0.374,1.0,0.15,0.448,0.402,0.0
1,1:33931227,33931227,G,A,0.5995,0.4005,1.0,0.165,0.471,0.364,0.0
1,1:33942385,33942385,G,A,0.947,0.053,1.0,0.002,0.102,0.896,0.0
1,1:33957165,33957165,G,A,0.6365,0.3635,1.0,0.121,0.485,0.394,0.0
1,1:33957413,33957413,G,A,0.5335,0.4665,1.0,0.22,0.493,0.287,0.0
1,1:33957755,33957755,G,A,0.6205,0.3795,1.0,0.161,0.437,0.402,0.0
1,1:33976814,33976814,G,A,0.7485,0.2515,1.0,0.06,0.383,0.557,0.0
1,1:33978003,33978003,G,A,0.5385,0.4615,1.0,0.218,0.487,0.295,0.0
1,1:33978659,33978659,G,A,0.558,0.442,1.0,0.19,0.504,0.306,0.0
1,1:33993872,33993872,G,A,0.63,0.37,1.0,0.132,0.476,0.392,0.0
1,1:33997464,33997464,G,A,0.6445,0.3555,1.0,0.131,0.449,0.42,0.0
1,1:33999534,33999534,G,A,0.7885,0.2115,1.0,0.042,0.339,0.619,0.0
1,1:34020415,34020415,G,A,0.8525,0.1475,1.0,0.019,0.257,0.724,0.0
1,1:34021443,34021443,G,A,0.664,0.336,1.0,0.107,0.458,0.435,0.0
1,1:34045469,34045469,G,A,0.952,0.048,1.0,0.006,0.084,0.91,0.0
1,1:34045505,34045505,G,A,0.582,0.418,1.0,0.169,0.498,0.333,0.0
1,1:34045667,34045667,G,A,0.5415,0.4585,1.0,0.205,0.507,0.288,0.0
1,1:34086264,34086264,G,A,0.8835,0.1165,1.0,0.015,0.203,0.782,0.0
1,1:34091077,34091077,G,A,0.692,0.308,1.0,0.101,0.414,0.485,0.0
1,1:34093078,34093078,G,A,0.872,0.128,1.0,0.02,0.216,0.764,0.0
1,1:34109027,34109027,G,A,0.73,0.27,1.0,0.075,0.39,0.535,0.0
1,1:34119118,34119118,G,A,0.652,0.348,1.0,0.118,0.46,0.422,0.0
1,1:34125540,34125540,G,A,0.783,0.217,1.0,0.042,0.35,0.608,0.0
1,1:34148990,34148990,G,A,0.533,0.467,1.0,0.209,0.516,0.275,0.0
1,1:34206849,34206849,G,A,0.538,0.462,1.0,0.225,0.474,0.301,0.0
1,1:34218901,34218901,G,A,0.7,0.3,1.0,0.082,0.436,0.482,0.0
1,1:34228245,34228245,G,A,0.7015,0.2985,1.0,0.082,0.433,0.485,0.0
1,1:34253389,34253389,G,A,0.9485,0.0515,1.0,0.002,0.099,0.899,0.0
1,1:34262608,34262608,G,A,0.798,0.202,1.0,0.04,0.324,0.636,0.0
1,1:34275470,34275470,G,A,0.605,0.395,1.0,0.173,0.444,0.383,0.0
1,1:34301852,34301852,G,A,0.5095,0.4905,1.0,0.244,0.493,0.263,0.0
1,1:34325125,34325125,G,A,0.5345,0.4655,1.0,0.201,0.529,0.27,0.0
1,1:34333232,34333232,G,A,0.916,0.084,1.0,0.007,0.154,0.839,0.0
1,1:34337310,34337310,G,A,0.7595,0.2405,1.0,0.06,0.361,0.579,0.0
1,1:34356388,34356388,G,A,0.935,0.065,1.0,0.003,0.124,0.873,0.0
1,1:34427605,34427605,G,A,0.574,0.426,1.0,0.181,0.49,0.329,0.0
1,1:34428804,34428804,G,A,0.6505,0.3495,1.0,0.12,0.459,0.421,0.0
1,1:34499222,34499222,G,A,0.5165,0.4835,1.0,0.227,0.513,0.26,0.0
1,1:34538589,34538589,G,A,0.722,0.278,1.0,0.083,0.39,0.527,0.0
1,1:34543769,34543769,G,A,0.903,0.097,1.0,0.008,0.178,0.814,0.0
1,1:34569362,34569362,G,A,0.681,0.319,1.0,0.109,0.42,0.471,0.0
1,1:34575902,34575902,G,A,0.5605,0.4395,1.0,0.196,0.487,0.317,0.0
1,1:34590324,34590324,G,A,0.9295,0.0705,1.0,0.011,0.119,0.87,0.0
1,1:34626633,34626633,G,A,0.58,0.42,1.0,0.172,0.496,0.332,0.0
1,1:34655000,34655000,G,A,0.685,0.315,1.0,0.097,0.436,0.467,0.0
1,1:34671807,34671807,G,A,0.8935,0.1065,1.0,0.011,0.191,0.798,0.0
1,1:34751595,34751595,G,A,0.6245,0.3755,1.0,0.156,0.439,0.405,0.0
1,1:34755915,34755915,G,A,0.9275,0.0725,1.0,0.004,0.137,0.859,0.0
1,1:34761184,34761184,G,A,0.8605,0.1395,1.0,0.012,0.255,0.733,0.0
1,1:34761501,34761501,G,A,0.927,0.073,1.0,0.01,0.126,0.864,0.0
1,1:34780909,34780909,G,A,0.6635,0.3365,1.0,0.118,0.437,0.445,0.0
1,1:34783891,34783891,G,A,0.8085,0.1915,1.0,0.033,0.317,0.65,0.0
1,1:34795515,34795515,G,A,0.8145,0.1855,1.0,0.033,0.305,0.662,0.0
1,1:34812382,34812382,G,A,0.6465,0.3535,1.0,0.118,0.471,0.411,0.0
1,1:34829067,34829067,G,A,0.8975,0.1025,1.0,0.01,0.185,0.805,0.0
1,1:34831080,34831080,G,A,0.639,0.361,1.0,0.13,0.462,0.408,0.0
1,1:34861939,34861939,G,A,0.6335,0.3665,1.0,0.129,0.475,0.396,0.0
1,1:34867176,34867176,G,A,0.568,0.432,1.0,0.176,0.512,0.312,0.0
1,1:34907128,34907128,G,A,0.6535,0.3465,1.0,0.11,0.473,0.417,0.0
1,1:34924918,34924918,G,A,0.653,0.347,1.0,0.123,0.448,0.429,0.0
1,1:34932802,34932802,G,A,0.653,0.347,1.0,0.118,0.458,0.424,0.0
1,1:34954716,34954716,G,A,0.9395,0.0605,1.0,0.003,0.115,0.882,0.0
1,1:34958763,34958763,G,A,0.7475,0.2525,1.0,0.072,0.361,0.567,0.0
1,1:34970445,34970445,G,A,0.691,0.309,1.0,0.094,0.43,0.476,0.0
1,1:34971275,34971275,G,A,0.6295,0.3705,1.0,0.132,0.477,0.391,0.0
1,1:34974353,34974353,G,A,0.831,0.169,1.0,0.032,0.274,0.694,0.0
1,1:34982513,34982513,G,A,0.634,0.366,1.0,0.143,0.446,0.411,0.0
1,1:35002380,35002380,G,A,0.776,0.224,1.0,0.053,0.342,0.605,0.0
1,1:35004424,35004424,G,A,0.6385,0.3615,1.0,0.123,0.477,0.4,0.0
1,1:35009898,35009898,G,A,0.8645,0.1355,1.0,0.024,0.223,0.753,0.0
1,1:35044450,35044450,G,A,0.8205,0.1795,1.0,0.031,0.297,0.672,0.0
1,1:35055277,35055277,G,A,0.529,0.471,1.0,0.219,0.504,0.277,0.0
1,1:35103853,35103853,G,A,0.602,0.398,1.0,0.164,0.468,0.368,0.0
1,1:35104617,35104617,G,A,0.5575,0.4425,1.0,0.207,0.471,0.322,0.0
1,1:35119151,35119151,G,A,0.849,0.151,1.0,0.023,0.256,0.721,0.0
1,1:35142252,35142252,G,A,0.527,0.473,1.0,0.227,0.492,0.281,0.0
1,1:35154341,35154341,G,A,0.609,0.391,1.0,0.144,0.494,0.362,0.0
1,1:35154829,35154829,G,A,0.6925,0.3075,1.0,0.102,0.411,0.487,0.0
1,1:35156029,35156029,G,A,0.948,0.052,1.0,0.006,0.092,0.902,0.0
1,1:35174148,35174148,G,A,0.926,0.074,1.0,0.006,0.136,0.858,0.0
1,1:35210754,35210754,G,A,0.612,0.388,1.0,0.154,0.468,0.378,0.0
1,1:35213499,35213499,G,A,0.6465,0.3535,1.0,0.126,0.455,0.419,0.0
1,1:35259676,35259676,G,A,0.857,0.143,1.0,0.021,0.244,0.735,0.0
1,1:35280123,35280123,G,A,0.754,0.246,1.0,0.054,0.384,0.562,0.0
1,1:35281841,35281841,G,A,0.6425,0.3575,1.0,0.125,0.465,0.41,0.0
1,1:35303415,35303415,G,A,0.943,0.057,1.0,0.005,0.104,0.891,0.0
1,1:35351952,35351952,G,A,0.644,0.356,1.0,0.128,0.456,0.416,0.0
1,1:35383986,35383986,G,A,0.7645,0.2355,1.0,0.057,0.357,0.586,0.0
1,1:35393866,35393866,G,A,0.906,0.094,1.0,0.01,0.168,0.822,0.0
1,1:35396081,35396081,G,A,0.8815,0.1185,1.0,0.022,0.193,0.785,0.0
1,1:35402298,35402298,G,A,0.7365,0.2635,1.0,0.063,0.401,0.536,0.0
1,1:35409404,35409404,G,A,0.669,0.331,1.0,0.111,0.44,0.449,0.0
1,1:35427854,35427854,G,A,0.789,0.211,1.0,0.045,0.332,0.623,0.0
1,1:35453172,35453172,G,A,0.893,0.107,1.0,0.012,0.19,0.798,0.0
1,1:35463344,35463344,G,A,0.5855,0.4145,1.0,0.176,0.477,0.347,0.0
1,1:35490173,35490173,G,A,0.734,0.266,1.0,0.067,0.398,0.535,0.0
1,1:35502494,35502494,G,A,0.8355,0.1645,1.0,0.027,0.275,0.698,0.0
1,1:35507774,35507774,G,A,0.6495,0.3505,1.0,0.127,0.447,0.426,0.0
1,1:35553687,35553687,G,A,0.7975,0.2025,1.0,0.043,0.319,0.638,0.0
1,1:35555042,35555042,G,A,0.7815,0.2185,1.0,0.051,0.335,0.614,0.0
1,1:35562620,35562620,G,A,0.83,0.17,1.0,0.029,0.282,0.689,0.0
1,1:35563454,35563454,G,A,0.7875,0.2125,1.0,0.039,0.347,0.614,0.0
1,1:35580543,35580543,G,A,0.8175,0.1825,1.0,0.035,0.295,0.67,0.0
1,1:35581226,35581226,G,A,0.491,0.509,1.0,0.263,0.492,0.245,0.0
1,1:35609213,35609213,G,A,0.823,0.177,1.0,0.032,0.29,0.678,0.0
1,1:35610156,35610156,G,A,0.661,0.339,1.0,0.127,0.424,0.449,0.0
1,1:35637396,35637396,G,A,0.8585,0.1415,1.0,0.026,0.231,0.743,0.0
1,1:35642495,35642495,G,A,0.6905,0.3095,1.0,0.091,0.437,0.472,0.0
1,1:35674972,35674972,G,A,0.736,0.264,1.0,0.072,0.384,0.544,0.0
1,1:35677260,35677260,G,A,0.697,0.303,1.0,0.076,0.454,0.47,0.0
1,1:35703248,35703248,G,A,0.7895,0.2105,1.0,0.048,0.325,0.627,0.0
1,1:35733874,35733874,G,A,0.56,0.44,1.0,0.177,0.526,0.297,0.0
1,1:35788922,35788922,G,A,0.8185,0.1815,1.0,0.038,0.287,0.675,0.0
1,1:35790316,35790316,G,A,0.558,0.442,1.0,0.194,0.496,0.31,0.0
1,1:35823503,35823503,G,A,0.7565,0.2435,1.0,0.049,0.389,0.562,0.0
1,1:35881162,35881162,G,A,0.663,0.337,1.0,0.119,0.436,0.445,0.0
1,1:35908280,35908280,G,A,0.951,0.049,1.0,0.002,0.094,0.904,0.0
1,1:35912254,35912254,G,A,0.761,0.239,1.0,0.058,0.362,0.58,0.0
1,1:35921755,35921755,G,A,0.686,0.314,1.0,0.095,0.438,0.467,0.0
1,1:35935919,35935919,G,A,0.8205,0.1795,1.0,0.038,0.283,0.679,0.0
1,1:35940921,35940921,G,A,0.804,0.196,1.0,0.033,0.326,0.641,0.0
1,1:35943816,35943816,G,A,0.7545,0.2455,1.0,0.058,0.375,0.567,0.0
1,1:35966582,35966582,G,A,0.8265,0.1735,1.0,0.029,0.289,0.682,0.0
1,1:36041544,36041544,G,A,0.663,0.337,1.0,0.112,0.45,0.438,0.0
1,1:36045139,36045139,G,A,0.9325,0.0675,1.0,0.002,0.131,0.867,0.0
1,1:36059027,36059027,G,A,0.5795,0.4205,1.0,0.172,0.497,0.331,0.0
1,1:36073940,36073940,G,A,0.519,0.481,1.0,0.225,0.512,0.263,0.0
1,1:36075712,36075712,G,A,0.8765,0.1235,1.0,0.007,0.233,0.76,0.0
1,1:36081387,36081387,G,A,0.8415,0.1585,1.0,0.024,0.269,0.707,0.0
1,1:36089370,36089370,G,A,0.53,0.47,1.0,0.226,0.488,0.286,0.0
1,1:36093881,36093881,G,A,0.877,0.123,1.0,0.014,0.218,0.768,0.0
1,1:36097070,36097070,G,A,0.8965,0.1035,1.0,0.009,0.189,0.802,0.0
1,1:36102854,36102854,G,A,0.5915,0.4085,1.0,0.164,0.489,0.347,0.0
1,1:36159647,36159647,G,A,0.6385,0.3615,1.0,0.127,0.469,0.404,0.0
1,1:36181577,36181577,G,A,0.6415,0.3585,1.0,0.136,0.445,0.419,0.0
1,1:36185156,36185156,G,A,0.865,0.135,1.0,0.015,0.24,0.745,0.0
1,1:36204668,36204668,G,A,0.7945,0.2055,1.0,0.033,0.345,0.622,0.0
1,1:36213004,36213004,G,A,0.8835,0.1165,1.0,0.01,0.213,0.777,0.0
1,1:36213516,36213516,G,A,0.88,0.12,1.0,0.013,0.214,0.773,0.0
1,1:36216070,36216070,G,A,0.7245,0.2755,1.0,0.081,0.389,0.53,0.0
1,1:36253448,36253448,G,A,0.651,0.349,1.0,0.13,0.438,0.432,0.0
1,1:36258671,36258671,G,A,0.8045,0.1955,1.0,0.037,0.317,0.646,0.0
1,1:36264674,36264674,G,A,0.7205,0.2795,1.0,0.075,0.409,0.516,0.0
1,1:36265059,36265059,G,A,0.799,0.201,1.0,0.038,0.326,0.636,0.0
1,1:36286071,36286071,G,A,0.508,0.492,1.0,0.237,0.51,0.253,0.0
1,1:36319764,36319764,G,A,0.6385,0.3615,1.0,0.133,0.457,0.41,0.0
1,1:36328140,36328140,G,A,0.6805,0.3195,1.0,0.109,0.421,0.47,0.0
1,1:36346860,36346860,G,A,0.6185,0.3815,1.0,0.148,0.467,0.385,0.0
1,1:36355878,36355878,G,A,0.838,0.162,1.0,0.028,0.268,0.704,0.0
1,1:36396425,36396425,G,A,0.545,0.455,1.0,0.224,0.462,0.314,0.0
1,1:36413677,36413677,G,A,0.857,0.143,1.0,0.015,0.256,0.729,0.0
1,1:36421190,36421190,G,A,0.8895,0.1105,1.0,0.007,0.207,0.786,0.0
1,1:36426089,36426089,G,A,0.5455,0.4545,1.0,0.203,0.503,0.294,0.0
1,1:36432550,36432550,G,A,0.8355,0.1645,1.0,0.028,0.273,0.699,0.0
1,1:36433623,36433623,G,A,0.5785,0.4215,1.0,0.157,0.529,0.314,0.0
1,1:36446345,36446345,G,A,0.8095,0.1905,1.0,0.039,0.303,0.658,0.0
1,1:36481542,36481542,G,A,0.817,0.183,1.0,0.022,0.322,0.656,0.0
1,1:36513467,36513467,G,A,0.509,0.491,1.0,0.242,0.498,0.26,0.0
1,1:36515316,36515316,G,A,0.5155,0.4845,1.0,0.245,0.479,0.276,0.0
1,1:36532023,36532023,G,A,0.5175,0.4825,1.0,0.231,0.503,0.266,0.0
1,1:36540129,36540129,G,A,0.901,0.099,1.0,0.01,0.178,0.812,0.0
1,1:36566792,36566792,G,A,0.6875,0.3125,1.0,0.095,0.435,0.47,0.0
1,1:36575805,36575805,G,A,0.942,0.058,1.0,0.0,0.116,0.884,0.0
1,1:36591532,36591532,G,A,0.6435,0.3565,1.0,0.131,0.451,0.418,0.0
1,1:36595774,36595774,G,A,0.6675,0.3325,1.0,0.116,0.433,0.451,0.0
1,1:36601695,36601695,G,A,0.515,0.485,1.0,0.237,0.496,0.267,0.0
1,1:36634822,36634822,G,A,0.5695,0.4305,1.0,0.189,0.483,0.328,0.0
1,1:36635194,36635194,G,A,0.843,0.157,1.0,0.024,0.266,0.71,0.0
1,1:36640609,36640609,G,A,0.7335,0.2665,1.0,0.067,0.399,0.534,0.0
1,1:36657074,36657074,G,A,0.8355,0.1645,1.0,0.022,0.285,0.693,0.0
1,1:36755906,36755906,G,A,0.936,0.064,1.0,0.003,0.122,0.875,0.0
1,1:36785618,36785618,G,A,0.7685,0.2315,1.0,0.048,0.367,0.585,0.0
1,1:36786885,36786885,G,A,0.9125,0.0875,1.0,0.01,0.155,0.835,0.0
1,1:36805731,36805731,G,A,0.6175,0.3825,1.0,0.146,0.473,0.381,0.0
1,1:36810848,36810848,G,A,0.776,0.224,1.0,0.054,0.34,0.606,0.0
1,1:36827956,36827956,G,A,0.9395,0.0605,1.0,0.009,0.103,0.888,0.0
1,1:36847764,36847764,G,A,0.838,0.162,1.0,0.022,0.28,0.698,0.0
1,1:36855539,36855539,G,A,0.7975,0.2025,1.0,0.04,0.325,0.635,0.0
1,1:36869125,36869125,G,A,0.749,0.251,1.0,0.065,0.372,0.563,0.0
1,1:36898447,36898447,G,A,0.632,0.368,1.0,0.128,0.48,0.392,0.0
1,1:36905711,36905711,G,A,0.592,0.408,1.0,0.17,0.476,0.354,0.0
1,1:36919128,36919128,G,A,0.506,0.494,1.0,0.252,0.484,0.264,0.0
1,1:36926888,36926888,G,A,0.569,0.431,1.0,0.186,0.49,0.324,0.0
1,1:36940934,36940934,G,A,0.7255,0.2745,1.0,0.087,0.375,0.538,0.0
1,1:36968087,36968087,G,A,0.9065,0.0935,1.0,0.008,0.171,0.821,0.0
1,1:36982408,36982408,G,A,0.658,0.342,1.0,0.123,0.438,0.439,0.0
1,1:36989388,36989388,G,A,0.759,0.241,1.0,0.073,0.336,0.591,0.0
1,1:36992983,36992983,G,A,0.7515,0.2485,1.0,0.054,0.389,0.557,0.0
1,1:36998517,36998517,G,A,0.7935,0.2065,1.0,0.036,0.341,0.623,0.0
1,1:37003111,37003111,G,A,0.87,0.13,1.0,0.017,0.226,0.757,0.0
1,1:37026183,37026183,G,A,0.907,0.093,1.0,0.008,0.17,0.822,0.0
1,1:37043862,37043862,G,A,0.5855,0.4145,1.0,0.174,0.481,0.345,0.0
1,1:37132659,37132659,G,A,0.862,0.138,1.0,0.015,0.246,0.739,0.0
1,1:37153970,37153970,G,A,0.6545,0.3455,1.0,0.109,0.473,0.418,0.0
1,1:37176571,37176571,G,A,0.62,0.38,1.0,0.14,0.48,0.38,0.0
1,1:37177858,37177858,G,A,0.8095,0.1905,1.0,0.033,0.315,0.652,0.0
1,1:37187065,37187065,G,A,0.7055,0.2945,1.0,0.086,0.417,0.497,0.0
1,1:37192253,37192253,G,A,0.6195,0.3805,1.0,0.147,0.467,0.386,0.0
1,1:37201804,37201804,G,A,0.883,0.117,1.0,0.011,0.212,0.777,0.0
1,1:37203677,37203677,G,A,0.8745,0.1255,1.0,0.018,0.215,0.767,0.0
1,1:37204319,37204319,G,A,0.62,0.38,1.0,0.142,0.476,0.382,0.0
1,1:37214418,37214418,G,A,0.8405,0.1595,1.0,0.027,0.265,0.708,0.0
1,1:37264821,37264821,G,A,0.897,0.103,1.0,0.01,0.186,0.804,0.0
1,1:37316108,37316108,G,A,0.719,0.281,1.0,0.083,0.396,0.521,0.0
1,1:37317457,37317457,G,A,0.5985,0.4015,1.0,0.156,0.491,0.353,0.0
1,1:37327244,37327244,G,A,0.819,0.181,1.0,0.029,0.304,0.667,0.0
1,1:37342773,37342773,G,A,0.8315,0.1685,1.0,0.034,0.269,0.697,0.0
1,1:37358842,37358842,G,A,0.844,0.156,1.0,0.024,0.264,0.712,0.0
1,1:37371475,37371475,G,A,0.736,0.264,1.0,0.065,0.398,0.537,0.0
1,1:37375320,37375320,G,A,0.6895,0.3105,1.0,0.086,0.449,0.465,0.0
1,1:37392620,37392620,G,A,0.875,0.125,1.0,0.014,0.222,0.764,0.0
1,1:37396844,37396844,G,A,0.597,0.403,1.0,0.166,0.474,0.36,0.0
1,1:37407754,37407754,G,A,0.7145,0.2855,1.0,0.08,0.411,0.509,0.0
1,1:37407772,37407772,G,A,0.6945,0.3055,1.0,0.084,0.443,0.473,0.0
1,1:37416207,37416207,G,A,0.895,0.105,1.0,0.014,0.182,0.804,0.0
1,1:37432023,37432023,G,A,0.6535,0.3465,1.0,0.113,0.467,0.42,0.0
1,1:37436582,37436582,G,A,0.6375,0.3625,1.0,0.127,0.471,0.402,0.0
1,1:37452623,37452623,G,A,0.757,0.243,1.0,0.054,0.378,0.568,0.0
1,1:37457341,37457341,G,A,0.681,0.319,1.0,0.104,0.43,0.466,0.0
1,1:37516109,37516109,G,A,0.8395,0.1605,1.0,0.024,0.273,0.703,0.0
1,1:37518168,37518168,G,A,0.6645,0.3355,1.0,0.117,0.437,0.446,0.0
1,1:37557414,37557414,G,A,0.699,0.301,1.0,0.086,0.43,0.484,0.0
1,1:37609880,37609880,G,A,0.684,0.316,1.0,0.101,0.43,0.469,0.0
1,1:37612326,37612326,G,A,0.8425,0.1575,1.0,0.023,0.269,0.708,0.0
1,1:37617742,37617742,G,A,0.594,0.406,1.0,0.179,0.454,0.367,0.0
1,1:37622749,37622749,G,A,0.567,0.433,1.0,0.182,0.502,0.316,0.0
1,1:37632149,37632149,G,A,0.906,0.094,1.0,0.007,0.174,0.819,0.0
1,1:37639185,37639185,G,A,0.5535,0.4465,1.0,0.193,0.507,0.3,0.0
1,1:37649510,37649510,G,A,0.591,0.409,1.0,0.161,0.496,0.343,0.0
1,1:37693722,37693722,G,A,0.689,0.311,1.0,0.09,0.442,0.468,0.0
1,1:37706356,37706356,G,A,0.917,0.083,1.0,0.006,0.154,0.84,0.0
1,1:37709732,37709732,G,A,0.714,0.286,1.0,0.085,0.402,0.513,0.0
1,1:37710965,37710965,G,A,0.7265,0.2735,1.0,0.077,0.393,0.53,0.0
1,1:37711696,37711696,G,A,0.8615,0.1385,1.0,0.012,0.253,0.735,0.0
1,1:37735089,37735089,G,A,0.5705,0.4295,1.0,0.196,0.467,0.337,0.0
1,1:37738489,37738489,G,A,0.7805,0.2195,1.0,0.045,0.349,0.606,0.0
1,1:37747493,37747493,G,A,0.6995,0.3005,1.0,0.088,0.425,0.487,0.0
1,1:37776535,37776535,G,A,0.7355,0.2645,1.0,0.072,0.385,0.543,0.0
1,1:37784640,37784640,G,A,0.559,0.441,1.0,0.191,0.5,0.309,0.0
1,1:37809282,37809282,G,A,0.725,0.275,1.0,0.072,0.406,0.522,0.0
1,1:37811774,37811774,G,A,0.819,0.181,1.0,0.029,0.304,0.667,0.0
1,1:37814055,37814055,G,A,0.613,0.387,1.0,0.144,0.486,0.37,0.0
1,1:37829125,37829125,G,A,0.6035,0.3965,1.0,0.148,0.497,0.355,0.0
1,1:37856187,37856187,G,A,0.5225,0.4775,1.0,0.23,0.495,0.275,0.0
1,1:37872853,37872853,G,A,0.6145,0.3855,1.0,0.161,0.449,0.39,0.0
1,1:37876685,37876685,G,A,0.9295,0.0705,1.0,0.004,0.133,0.863,0.0
1,1:37877059,37877059,G,A,0.571,0.429,1.0,0.186,0.486,0.328,0.0
1,1:37917522,37917522,G,A,0.7375,0.2625,1.0,0.077,0.371,0.552,0.0
1,1:37937227,37937227,G,A,0.899,0.101,1.0,0.004,0.194,0.802,0.0
1,1:37944453,37944453,G,A,0.518,0.482,1.0,0.245,0.474,0.281,0.0
1,1:37945834,37945834,G,A,0.647,0.353,1.0,0.116,0.474,0.41,0.0
1,1:37962718,37962718,G,A,0.551,0.449,1.0,0.2,0.498,0.302,0.0
1,1:37967792,37967792,G,A,0.8635,0.1365,1.0,0.022,0.229,0.749,0.0
1,1:37998211,37998211,G,A,0.595,0.405,1.0,0.166,0.478,0.356,0.0
1,1:38019583,38019583,G,A,0.681,0.319,1.0,0.109,0.42,0.471,0.0
1,1:38020567,38020567,G,A,0.763,0.237,1.0,0.049,0.376,0.575,0.0
1,1:38021656,38021656,G,A,0.861,0.139,1.0,0.015,0.248,0.737,0.0
1,1:38049944,38049944,G,A,0.7875,0.2125,1.0,0.038,0.349,0.613,0.0
1,1:38067503,38067503,G,A,0.7095,0.2905,1.0,0.07,0.441,0.489,0.0
1,1:38090552,38090552,G,A,0.6175,0.3825,1.0,0.138,0.489,0.373,0.0
1,1:38168899,38168899,G,A,0.7705,0.2295,1.0,0.062,0.335,0.603,0.0
1,1:38175225,38175225,G,A,0.7645,0.2355,1.0,0.058,0.355,0.587,0.0
1,1:38184665,38184665,G,A,0.939,0.061,1.0,0.007,0.108,0.885,0.0
1,1:38187511,38187511,G,A,0.519,0.481,1.0,0.237,0.488,0.275,0.0
1,1:38208852,38208852,G,A,0.5985,0.4015,1.0,0.161,0.481,0.358,0.0
1,1:38309052,38309052,G,A,0.496,0.504,1.0,0.248,0.512,0.24,0.0
1,1:38334883,38334883,G,A,0.54,0.46,1.0,0.204,0.512,0.284,0.0
1,1:38353226,38353226,G,A,0.5705,0.4295,1.0,0.182,0.495,0.323,0.0
1,1:38362596,38362596,G,A,0.9295,0.0705,1.0,0.001,0.139,0.86,0.0
1,1:38400143,38400143,G,A,0.672,0.328,1.0,0.095,0.466,0.439,0.0
1,1:38428027,38428027,G,A,0.8625,0.1375,1.0,0.023,0.229,0.748,0.0
1,1:38456877,38456877,G,A,0.5605,0.4395,1.0,0.203,0.473,0.324,0.0
1,1:38467911,38467911,G,A,0.589,0.411,1.0,0.174,0.474,0.352,0.0
1,1:38498938,38498938,G,A,0.864,0.136,1.0,0.02,0.232,0.748,0.0
1,1:38499602,38499602,G,A,0.6,0.4,1.0,0.155,0.49,0.355,0.0
1,1:38503932,38503932,G,A,0.496,0.504,1.0,0.26,0.488,0.252,0.0
1,1:38538878,38538878,G,A,0.797,0.203,1.0,0.037,0.332,0.631,0.0
1,1:38560291,38560291,G,A,0.789,0.211,1.0,0.053,0.316,0.631,0.0
1,1:38580197,38580197,G,A,0.936,0.064,1.0,0.005,0.118,0.877,0.0
1,1:38615933,38615933,G,A,0.6145,0.3855,1.0,0.15,0.471,0.379,0.0
1,1:38620545,38620545,G,A,0.5895,0.4105,1.0,0.171,0.479,0.35,0.0
1,1:38636253,38636253,G,A,0.936,0.064,1.0,0.006,0.116,0.878,0.0
1,1:38647225,38647225,G,A,0.525,0.475,1.0,0.225,0.5,0.275,0.0
1,1:38653587,38653587,G,A,0.925,0.075,1.0,0.006,0.138,0.856,0.0
1,1:38660996,38660996,G,A,0.711,0.289,1.0,0.082,0.414,0.504,0.0
1,1:38673355,38673355,G,A,0.528,0.472,1.0,0.221,0.502,0.277,0.0
1,1:38677397,38677397,G,A,0.531,0.469,1.0,0.219,0.5,0.281,0.0
1,1:38679228,38679228,G,A,0.9025,0.0975,1.0,0.006,0.183,0.811,0.0
1,1:38685537,38685537,G,A,0.512,0.488,1.0,0.232,0.512,0.256,0.0
1,1:38710305,38710305,G,A,0.8445,0.1555,1.0,0.036,0.239,0.725,0.0
1,1:38720112,38720112,G,A,0.8045,0.1955,1.0,0.039,0.313,0.648,0.0
1,1:38727469,38727469,G,A,0.6585,0.3415,1.0,0.109,0.465,0.426,0.0
1,1:38785285,38785285,G,A,0.889,0.111,1.0,0.014,0.194,0.792,0.0
1,1:38791629,38791629,G,A,0.715,0.285,1.0,0.073,0.424,0.503,0.0
1,1:38802833,38802833,G,A,0.582,0.418,1.0,0.165,0.506,0.329,0.0
1,1:38808657,38808657,G,A,0.7435,0.2565,1.0,0.07,0.373,0.557,0.0
1,1:38819914,38819914,G,A,0.916,0.084,1.0,0.011,0.146,0.843,0.0
1,1:38835524,38835524,G,A,0.5645,0.4355,1.0,0.183,0.505,0.312,0.0
1,1:38836812,38836812,G,A,0.8435,0.1565,1.0,0.028,0.257,0.715,0.0
1,1:38844163,38844163,G,A,0.5895,0.4105,1.0,0.164,0.493,0.343,0.0
1,1:38887322,38887322,G,A,0.5245,0.4755,1.0,0.218,0.515,0.267,0.0
1,1:38950797,38950797,G,A,0.6095,0.3905,1.0,0.155,0.471,0.374,0.0
1,1:38963186,38963186,G,A,0.922,0.078,1.0,0.009,0.138,0.853,0.0
1,1:38965696,38965696,G,A,0.65,0.35,1.0,0.127,0.446,0.427,0.0
1,1:39010203,39010203,G,A,0.835,0.165,1.0,0.025,0.28,0.695,0.0
1,1:39031526,39031526,G,A,0.8695,0.1305,1.0,0.017,0.227,0.756,0.0
1,1:39043897,39043897,G,A,0.596,0.404,1.0,0.155,0.498,0.347,0.0
1,1:39051624,39051624,G,A,0.813,0.187,1.0,0.037,0.3,0.663,0.0
1,1:39087759,39087759,G,A,0.8875,0.1125,1.0,0.018,0.189,0.793,0.0
1,1:39101527,39101527,G,A,0.874,0.126,1.0,0.016,0.22,0.764,0.0
1,1:39138696,39138696,G,A,0.661,0.339,1.0,0.125,0.428,0.447,0.0
1,1:39201328,39201328,G,A,0.7505,0.2495,1.0,0.06,0.379,0.561,0.0
1,1:39206377,39206377,G,A,0.864,0.136,1.0,0.018,0.236,0.746,0.0
1,1:39242671,39242671,G,A,0.906,0.094,1.0,0.004,0.18,0.816,0.0
1,1:39247229,39247229,G,A,0.5525,0.4475,1.0,0.209,0.477,0.314,0.0
1,1:39265187,39265187,G,A,0.497,0.503,1.0,0.249,0.508,0.243,0.0
1,1:39275055,39275055,G,A,0.7565,0.2435,1.0,0.056,0.375,0.569,0.0
1,1:39290063,39290063,G,A,0.849,0.151,1.0,0.018,0.266,0.716,0.0
1,1:39301805,39301805,G,A,0.937,0.063,1.0,0.005,0.116,0.879,0.0
1,1:39302468,39302468,G,A,0.8185,0.1815,1.0,0.032,0.299,0.669,0.0
1,1:39314352,39314352,G,A,0.6875,0.3125,1.0,0.097,0.431,0.472,0.0
1,1:39367798,39367798,G,A,0.7045,0.2955,1.0,0.087,0.417,0.496,0.0
1,1:39384828,39384828,G,A,0.7625,0.2375,1.0,0.056,0.363,0.581,0.0
1,1:39443227,39443227,G,A,0.766,0.234,1.0,0.049,0.37,0.581,0.0
1,1:39449977,39449977,G,A,0.512,0.488,1.0,0.248,0.48,0.272,0.0
1,1:39467751,39467751,G,A,0.7295,0.2705,1.0,0.06,0.421,0.519,0.0
1,1:39483076,39483076,G,A,0.95,0.05,1.0,0.003,0.094,0.903,0.0
1,1:39501027,39501027,G,A,0.6595,0.3405,1.0,0.125,0.431,0.444,0.0
1,1:39501581,39501581,G,A,0.6865,0.3135,1.0,0.105,0.417,0.478,0.0
1,1:39509311,39509311,G,A,0.878,0.122,1.0,0.018,0.208,0.774,0.0
1,1:39521539,39521539,G,A,0.6405,0.3595,1.0,0.137,0.445,0.418,0.0
1,1:39541462,39541462,G,A,0.938,0.062,1.0,0.006,0.112,0.882,0.0
1,1:39542532,39542532,G,A,0.607,0.393,1.0,0.158,0.47,0.372,0.0
1,1:39550235,39550235,G,A,0.8695,0.1305,1.0,0.019,0.223,0.758,0.0
1,1:39564767,39564767,G,A,0.5135,0.4865,1.0,0.237,0.499,0.264,0.0
1,1:39648900,39648900,G,A,0.7025,0.2975,1.0,0.092,0.411,0.497,0.0
1,1:39658561,39658561,G,A,0.9345,0.0655,1.0,0.005,0.121,0.874,0.0
1,1:39673333,39673333,G,A,0.546,0.454,1.0,0.206,0.496,0.298,0.0
1,1:39678202,39678202,G,A,0.607,0.393,1.0,0.153,0.48,0.367,0.0
1,1:39683872,39683872,G,A,0.604,0.396,1.0,0.154,0.484,0.362,0.0
1,1:39711171,39711171,G,A,0.7215,0.2785,1.0,0.072,0.413,0.515,0.0
1,1:39722996,39722996,G,A,0.85,0.15,1.0,0.019,0.262,0.719,0.0
1,1:39747800,39747800,G,A,0.647,0.353,1.0,0.128,0.45,0.422,0.0
1,1:39769057,39769057,G,A,0.5805,0.4195,1.0,0.184,0.471,0.345,0.0
1,1:39770507,39770507,G,A,0.738,0.262,1.0,0.064,0.396,0.54,0.0
1,1:39785652,39785652,G,A,0.912,0.088,1.0,0.01,0.156,0.834,0.0
1,1:39787172,39787172,G,A,0.5185,0.4815,1.0,0.237,0.489,0.274,0.0
1,1:39816538,39816538,G,A,0.6655,0.3345,1.0,0.117,0.435,0.448,0.0
1,1:39824449,39824449,G,A,0.5115,0.4885,1.0,0.239,0.499,0.262,0.0
1,1:39835190,39835190,G,A,0.868,0.132,1.0,0.018,0.228,0.754,0.0
1,1:39839284,39839284,G,A,0.8525,0.1475,1.0,0.021,0.253,0.726,0.0
1,1:39898335,39898335,G,A,0.896,0.104,1.0,0.019,0.17,0.811,0.0
1,1:39902997,39902997,G,A,0.845,0.155,1.0,0.019,0.272,0.709,0.0
1,1:39911038,39911038,G,A,0.8985,0.1015,1.0,0.01,0.183,0.807,0.0
1,1:39929258,39929258,G,A,0.8295,0.1705,1.0,0.024,0.293,0.683,0.0
1,1:39944892,39944892,G,A,0.6825,0.3175,1.0,0.106,0.423,0.471,0.0
1,1:39970871,39970871,G,A,0.5885,0.4115,1.0,0.174,0.475,0.351,0.0
1,1:39980721,39980721,G,A,0.9,0.1,1.0,0.013,0.174,0.813,0.0
1,1:39982532,39982532,G,A,0.8885,0.1115,1.0,0.016,0.191,0.793,0.0
1,1:39993955,39993955,G,A,0.8285,0.1715,1.0,0.028,0.287,0.685,0.0
1,1:40004652,40004652,G,A,0.7885,0.2115,1.0,0.044,0.335,0.621,0.0
1,1:40057649,40057649,G,A,0.5515,0.4485,1.0,0.198,0.501,0.301,0.0
1,1:40071049,40071049,G,A,0.858,0.142,1.0,0.02,0.244,0.736,0.0
1,1:40076122,40076122,G,A,0.8955,0.1045,1.0,0.009,0.191,0.8,0.0
1,1:40078992,40078992,G,A,0.56,0.44,1.0,0.19,0.5,0.31,0.0
1,1:40093088,40093088,G,A,0.5615,0.4385,1.0,0.209,0.459,0.332,0.0
1,1:40104524,40104524,G,A,0.595,0.405,1.0,0.162,0.486,0.352,0.0
1,1:40113380,40113380,G,A,0.7775,0.2225,1.0,0.05,0.345,0.605,0.0
1,1:40113875,40113875,G,A,0.5235,0.4765,1.0,0.224,0.505,0.271,0.0
1,1:40131084,40131084,G,A,0.7375,0.2625,1.0,0.069,0.387,0.544,0.0
1,1:40133570,40133570,G,A,0.583,0.417,1.0,0.18,0.474,0.346,0.0
1,1:40162345,40162345,G,A,0.7545,0.2455,1.0,0.057,0.377,0.566,0.0
1,1:40163713,40163713,G,A,0.7435,0.2565,1.0,0.066,0.381,0.553,0.0
1,1:40174674,40174674,G,A,0.5515,0.4485,1.0,0.188,0.521,0.291,0.0
1,1:40179602,40179602,G,A,0.9495,0.0505,1.0,0.002,0.097,0.901,0.0
1,1:40201138,40201138,G,A,0.843,0.157,1.0,0.026,0.262,0.712,0.0
1,1:40216747,40216747,G,A,0.6385,0.3615,1.0,0.119,0.485,0.396,0.0
1,1:40249666,40249666,G,A,0.529,0.471,1.0,0.227,0.488,0.285,0.0
1,1:40253577,40253577,G,A,0.939,0.061,1.0,0.004,0.114,0.882,0.0
1,1:40260457,40260457,G,A,0.744,0.256,1.0,0.061,0.39,0.549,0.0
1,1:40271959,40271959,G,A,0.723,0.277,1.0,0.073,0.408,0.519,0.0
1,1:40279708,40279708,G,A,0.478,0.522,1.0,0.283,0.478,0.239,0.0
1,1:40308783,40308783,G,A,0.665,0.335,1.0,0.11,0.45,0.44,0.0
1,1:40339105,40339105,G,A,0.8845,0.1155,1.0,0.014,0.203,0.783,0.0
1,1:40365238,40365238,G,A,0.7045,0.2955,1.0,0.082,0.427,0.491,0.0
1,1:40381732,40381732,G,A,0.884,0.116,1.0,0.014,0.204,0.782,0.0
1,1:40425112,40425112,G,A,0.6415,0.3585,1.0,0.126,0.465,0.409,0.0
1,1:40435722,40435722,G,A,0.7925,0.2075,1.0,0.042,0.331,0.627,0.0
1,1:40467716,40467716,G,A,0.662,0.338,1.0,0.104,0.468,0.428,0.0
1,1:40468177,40468177,G,A,0.548,0.452,1.0,0.209,0.486,0.305,0.0
1,1:40473322,40473322,G,A,0.595,0.405,1.0,0.165,0.48,0.355,0.0
1,1:40476416,40476416,G,A,0.5905,0.4095,1.0,0.167,0.485,0.348,0.0
1,1:40476929,40476929,G,A,0.8265,0.1735,1.0,0.034,0.279,0.687,0.0
1,1:40480310,40480310,G,A,0.6775,0.3225,1.0,0.092,0.461,0.447,0.0
1,1:40483088,40483088,G,A,0.864,0.136,1.0,0.02,0.232,0.748,0.0
1,1:40487100,40487100,G,A,0.8515,0.1485,1.0,0.023,0.251,0.726,0.0
1,1:40523562,40523562,G,A,0.639,0.361,1.0,0.127,0.468,0.405,0.0
1,1:40539153,40539153,G,A,0.764,0.236,1.0,0.056,0.36,0.584,0.0
1,1:40576288,40576288,G,A,0.557,0.443,1.0,0.191,0.504,0.305,0.0
1,1:40580925,40580925,G,A,0.7525,0.2475,1.0,0.063,0.369,0.568,0.0
1,1:40636645,40636645,G,A,0.918,0.082,1.0,0.003,0.158,0.839,0.0
1,1:40657663,40657663,G,A,0.7585,0.2415,1.0,0.062,0.359,0.579,0.0
1,1:40670788,40670788,G,A,0.892,0.108,1.0,0.008,0.2,0.792,0.0
1,1:40686941,40686941,G,A,0.5005,0.4995,1.0,0.25,0.499,0.251,0.0
1,1:40711153,40711153,G,A,0.949,0.051,1.0,0.001,0.1,0.899,0.0
1,1:40733589,40733589,G,A,0.697,0.303,1.0,0.082,0.442,0.476,0.0
1,1:40735912,40735912,G,A,0.7885,0.2115,1.0,0.044,0.335,0.621,0.0
1,1:40739305,40739305,G,A,0.667,0.333,1.0,0.118,0.43,0.452,0.0
1,1:40739630,40739630,G,A,0.7205,0.2795,1.0,0.082,0.395,0.523,0.0
1,1:40794347,40794347,G,A,0.5375,0.4625,1.0,0.211,0.503,0.286,0.0
1,1:40801246,40801246,G,A,0.8605,0.1395,1.0,0.012,0.255,0.733,0.0
1,1:40808250,40808250,G,A,0.8985,0.1015,1.0,0.011,0.181,0.808,0.0
1,1:40819839,40819839,G,A,0.5595,0.4405,1.0,0.191,0.499,0.31,0.0
1,1:40820228,40820228,G,A,0.5155,0.4845,1.0,0.239,0.491,0.27,0.0
1,1:40824951,40824951,G,A,0.796,0.204,1.0,0.042,0.324,0.634,0.0
1,1:40844646,40844646,G,A,0.525,0.475,1.0,0.229,0.492,0.279,0.0
1,1:40850838,40850838,G,A,0.788,0.212,1.0,0.04,0.344,0.616,0.0
1,1:40869793,40869793,G,A,0.688,0.312,1.0,0.098,0.428,0.474,0.0
1,1:40907605,40907605,G,A,0.637,0.363,1.0,0.13,0.466,0.404,0.0
1,1:40909999,40909999,G,A,0.53,0.47,1.0,0.208,0.524,0.268,0.0
1,1:40910173,40910173,G,A,0.8735,0.1265,1.0,0.024,0.205,0.771,0.0
1,1:40956757,40956757,G,A,0.8115,0.1885,1.0,0.038,0.301,0.661,0.0
1,1:40981643,40981643,G,A,0.696,0.304,1.0,0.096,0.416,0.488,0.0
1,1:40981730,40981730,G,A,0.8425,0.1575,1.0,0.024,0.267,0.709,0.0
1,1:40990130,40990130,G,A,0.6995,0.3005,1.0,0.091,0.419,0.49,0.0
1,1:41006180,41006180,G,A,0.607,0.393,1.0,0.156,0.474,0.37,0.0
1,1:41011121,41011121,G,A,0.557,0.443,1.0,0.194,0.498,0.308,0.0
1,1:41040760,41040760,G,A,0.7875,0.2125,1.0,0.041,0.343,0.616,0.0
1,1:41055393,41055393,G,A,0.8745,0.1255,1.0,0.016,0.219,0.765,0.0
1,1:41130559,41130559,G,A,0.651,0.349,1.0,0.123,0.452,0.425,0.0
1,1:41142201,41142201,G,A,0.6345,0.3655,1.0,0.126,0.479,0.395,0.0
1,1:41156156,41156156,G,A,0.7545,0.2455,1.0,0.053,0.385,0.562,0.0
1,1:41156181,41156181,G,A,0.689,0.311,1.0,0.091,0.44,0.469,0.0
1,1:41159936,41159936,G,A,0.583,0.417,1.0,0.176,0.482,0.342,0.0
1,1:41164397,41164397,G,A,0.626,0.374,1.0,0.135,0.478,0.387,0.0
1,1:41191607,41191607,G,A,0.6505,0.3495,1.0,0.118,0.463,0.419,0.0
1,1:41208935,41208935,G,A,0.6555,0.3445,1.0,0.115,0.459,0.426,0.0
1,1:41241274,41241274,G,A,0.6225,0.3775,1.0,0.151,0.453,0.396,0.0
1,1:41245273,41245273,G,A,0.689,0.311,1.0,0.104,0.414,0.482,0.0
1,1:41266067,41266067,G,A,0.909,0.091,1.0,0.007,0.168,0.825,0.0
1,1:41279355,41279355,G,A,0.681,0.319,1.0,0.105,0.428,0.467,0.0
1,1:41280793,41280793,G,A,0.549,0.451,1.0,0.219,0.464,0.317,0.0
1,1:41311635,41311635,G,A,0.9235,0.0765,1.0,0.004,0.145,0.851,0.0
1,1:41385471,41385471,G,A,0.7625,0.2375,1.0,0.057,0.361,0.582,0.0
1,1:41400303,41400303,G,A,0.7675,0.2325,1.0,0.067,0.331,0.602,0.0
1,1:41434750,41434750,G,A,0.8375,0.1625,1.0,0.031,0.263,0.706,0.0
1,1:41464132,41464132,G,A,0.682,0.318,1.0,0.099,0.438,0.463,0.0
1,1:41467923,41467923,G,A,0.864,0.136,1.0,0.021,0.23,0.749,0.0
1,1:41478074,41478074,G,A,0.5435,0.4565,1.0,0.218,0.477,0.305,0.0
1,1:41537805,41537805,G,A,0.874,0.126,1.0,0.011,0.23,0.759,0.0
1,1:41538256,41538256,G,A,0.506,0.494,1.0,0.244,0.5,0.256,0.0
1,1:41542437,41542437,G,A,0.9475,0.0525,1.0,0.001,0.103,0.896,0.0
1,1:41574797,41574797,G,A,0.7375,0.2625,1.0,0.077,0.371,0.552,0.0
1,1:41634985,41634985,G,A,0.9255,0.0745,1.0,0.01,0.129,0.861,0.0
1,1:41654365,41654365,G,A,0.5625,0.4375,1.0,0.193,0.489,0.318,0.0
1,1:41655139,41655139,G,A,0.588,0.412,1.0,0.174,0.476,0.35,0.0
1,1:41672087,41672087,G,A,0.8355,0.1645,1.0,0.03,0.269,0.701,0.0
1,1:41681558,41681558,G,A,0.885,0.115,1.0,0.007,0.216,0.777,0.0
1,1:41682180,41682180,G,A,0.85,0.15,1.0,0.024,0.252,0.724,0.0
1,1:41701480,41701480,G,A,0.9315,0.0685,1.0,0.003,0.131,0.866,0.0
1,1:41707318,41707318,G,A,0.8375,0.1625,1.0,0.026,0.273,0.701,0.0
1,1:41727754,41727754,G,A,0.9245,0.0755,1.0,0.005,0.141,0.854,0.0
1,1:41765313,41765313,G,A,0.544,0.456,1.0,0.213,0.486,0.301,0.0
1,1:41819038,41819038,G,A,0.5605,0.4395,1.0,0.205,0.469,0.326,0.0
1,1:41822974,41822974,G,A,0.7275,0.2725,1.0,0.085,0.375,0.54,0.0
1,1:41835880,41835880,G,A,0.5515,0.4485,1.0,0.201,0.495,0.304,0.0
1,1:41846293,41846293,G,A,0.7955,0.2045,1.0,0.04,0.329,0.631,0.0
1,1:41859264,41859264,G,A,0.8685,0.1315,1.0,0.015,0.233,0.752,0.0
1,1:41869823,41869823,G,A,0.8135,0.1865,1.0,0.034,0.305,0.661,0.0
1,1:41892168,41892168,G,A,0.8875,0.1125,1.0,0.012,0.201,0.787,0.0
1,1:41965472,41965472,G,A,0.5705,0.4295,1.0,0.197,0.465,0.338,0.0
1,1:41969657,41969657,G,A,0.599,0.401,1.0,0.161,0.48,0.359,0.0
1,1:41985097,41985097,G,A,0.8605,0.1395,1.0,0.016,0.247,0.737,0.0
1,1:41985332,41985332,G,A,0.705,0.295,1.0,0.086,0.418,0.496,0.0
1,1:42019118,42019118,G,A,0.825,0.175,1.0,0.03,0.29,0.68,0.0
1,1:42023298,42023298,G,A,0.8895,0.1105,1.0,0.015,0.191,0.794,0.0
1,1:42058335,42058335,G,A,0.837,0.163,1.0,0.023,0.28,0.697,0.0
1,1:42081604,42081604,G,A,0.6865,0.3135,1.0,0.097,0.433,0.47,0.0
1,1:42090759,42090759,G,A,0.6475,0.3525,1.0,0.125,0.455,0.42,0.0
1,1:42106079,42106079,G,A,0.8605,0.1395,1.0,0.016,0.247,0.737,0.0
1,1:42106228,42106228,G,A,0.5725,0.4275,1.0,0.178,0.499,0.323,0.0
1,1:42147407,42147407,G,A,0.6975,0.3025,1.0,0.094,0.417,0.489,0.0
1,1:42161442,42161442,G,A,0.7535,0.2465,1.0,0.063,0.367,0.57,0.0
1,1:42165907,42165907,G,A,0.67,0.33,1.0,0.109,0.442,0.449,0.0
1,1:42307400,42307400,G,A,0.796,0.204,1.0,0.04,0.328,0.632,0.0
1,1:42321933,42321933,G,A,0.8335,0.1665,1.0,0.028,0.277,0.695,0.0
1,1:42397459,42397459,G,A,0.513,0.487,1.0,0.251,0.472,0.277,0.0
1,1:42413493,42413493,G,A,0.558,0.442,1.0,0.187,0.51,0.303,0.0
1,1:42439799,42439799,G,A,0.729,0.271,1.0,0.069,0.404,0.527,0.0
1,1:42465195,42465195,G,A,0.683,0.317,1.0,0.096,0.442,0.462,0.0
1,1:42489278,42489278,G,A,0.649,0.351,1.0,0.125,0.452,0.423,0.0
1,1:42491925,42491925,G,A,0.6625,0.3375,1.0,0.11,0.455,0.435,0.0
1,1:42495480,42495480,G,A,0.701,0.299,1.0,0.092,0.414,0.494,0.0
1,1:42499759,42499759,G,A,0.792,0.208,1.0,0.042,0.332,0.626,0.0
1,1:42537346,42537346,G,A,0.54,0.46,1.0,0.223,0.474,0.303,0.0
1,1:42541547,42541547,G,A,0.6955,0.3045,1.0,0.095,0.419,0.486,0.0
1,1:42573306,42573306,G,A,0.558,0.442,1.0,0.19,0.504,0.306,0.0
1,1:42590049,42590049,G,A,0.5835,0.4165,1.0,0.181,0.471,0.348,0.0
1,1:42607221,42607221,G,A,0.665,0.335,1.0,0.12,0.43,0.45,0.0
1,1:42616259,42616259,G,A,0.632,0.368,1.0,0.143,0.45,0.407,0.0
1,1:42622488,42622488,G,A,0.54,0.46,1.0,0.202,0.516,0.282,0.0
1,1:42635178,42635178,G,A,0.661,0.339,1.0,0.101,0.476,0.423,0.0
1,1:42639399,42639399,G,A,0.737,0.263,1.0,0.058,0.41,0.532,0.0
1,1:42642936,42642936,G,A,0.736,0.264,1.0,0.069,0.39,0.541,0.0
1,1:42664042,42664042,G,A,0.5255,0.4745,1.0,0.217,0.515,0.268,0.0
1,1:42710917,42710917,G,A,0.6155,0.3845,1.0,0.144,0.481,0.375,0.0
1,1:42720676,42720676,G,A,0.6635,0.3365,1.0,0.111,0.451,0.438,0.0
1,1:42721554,42721554,G,A,0.907,0.093,1.0,0.006,0.174,0.82,0.0
1,1:42734308,42734308,G,A,0.6865,0.3135,1.0,0.1,0.427,0.473,0.0
1,1:42758172,42758172,G,A,0.864,0.136,1.0,0.017,0.238,0.745,0.0
1,1:42778077,42778077,G,A,0.784,0.216,1.0,0.045,0.342,0.613,0.0
1,1:42796370,42796370,G,A,0.677,0.323,1.0,0.094,0.458,0.448,0.0
1,1:42801199,42801199,G,A,0.9575,0.0425,1.0,0.001,0.083,0.916,0.0
1,1:42812487,42812487,G,A,0.5595,0.4405,1.0,0.187,0.507,0.306,0.0
1,1:42812848,42812848,G,A,0.753,0.247,1.0,0.06,0.374,0.566,0.0
1,1:42822944,42822944,G,A,0.663,0.337,1.0,0.119,0.436,0.445,0.0
1,1:42827097,42827097,G,A,0.8545,0.1455,1.0,0.024,0.243,0.733,0.0
1,1:42827418,42827418,G,A,0.6275,0.3725,1.0,0.125,0.495,0.38,0.0
1,1:42858521,42858521,G,A,0.8015,0.1985,1.0,0.029,0.339,0.632,0.0
1,1:42860081,42860081,G,A,0.715,0.285,1.0,0.087,0.396,0.517,0.0
1,1:42866201,42866201,G,A,0.804,0.196,1.0,0.031,0.33,0.639,0.0
1,1:42942595,42942595,G,A,0.6635,0.3365,1.0,0.11,0.453,0.437,0.0
1,1:42955158,42955158,G,A,0.5925,0.4075,1.0,0.166,0.483,0.351,0.0
1,1:43020874,43020874,G,A,0.6485,0.3515,1.0,0.13,0.443,0.427,0.0
1,1:43069839,43069839,G,A,0.873,0.127,1.0,0.016,0.222,0.762,0.0
1,1:43092988,43092988,G,A,0.833,0.167,1.0,0.021,0.292,0.687,0.0
1,1:43099124,43099124,G,A,0.716,0.284,1.0,0.077,0.414,0.509,0.0
1,1:43099659,43099659,G,A,0.8225,0.1775,1.0,0.028,0.299,0.673,0.0
1,1:43109629,43109629,G,A,0.854,0.146,1.0,0.019,0.254,0.727,0.0
1,1:43117887,43117887,G,A,0.9215,0.0785,1.0,0.006,0.145,0.849,0.0
1,1:43144879,43144879,G,A,0.903,0.097,1.0,0.011,0.172,0.817,0.0
1,1:43148704,43148704,G,A,0.683,0.317,1.0,0.098,0.438,0.464,0.0
1,1:43156516,43156516,G,A,0.854,0.146,1.0,0.021,0.25,0.729,0.0
1,1:43167706,43167706,G,A,0.72,0.28,1.0,0.075,0.41,0.515,0.0
1,1:43193997,43193997,G,A,0.664,0.336,1.0,0.101,0.47,0.429,0.0
1,1:43300174,43300174,G,A,0.8345,0.1655,1.0,0.022,0.287,0.691,0.0
1,1:43309894,43309894,G,A,0.5215,0.4785,1.0,0.235,0.487,0.278,0.0
1,1:43332371,43332371,G,A,0.829,0.171,1.0,0.035,0.272,0.693,0.0
1,1:43338837,43338837,G,A,0.874,0.126,1.0,0.016,0.22,0.764,0.0
1,1:43351877,43351877,G,A,0.751,0.249,1.0,0.065,0.368,0.567,0.0
1,1:43353747,43353747,G,A,0.7535,0.2465,1.0,0.05,0.393,0.557,0.0
1,1:43369429,43369429,G,A,0.551,0.449,1.0,0.197,0.504,0.299,0.0
1,1:43381574,43381574,G,A,0.9325,0.0675,1.0,0.005,0.125,0.87,0.0
1,1:43391804,43391804,G,A,0.822,0.178,1.0,0.024,0.308,0.668,0.0
1,1:43410213,43410213,G,A,0.564,0.436,1.0,0.186,0.5,0.314,0.0
1,1:43420893,43420893,G,A,0.6155,0.3845,1.0,0.157,0.455,0.388,0.0
1,1:43428296,43428296,G,A,0.949,0.051,1.0,0.001,0.1,0.899,0.0
1,1:43440659,43440659,G,A,0.7065,0.2935,1.0,0.096,0.395,0.509,0.0
1,1:43463414,43463414,G,A,0.8335,0.1665,1.0,0.026,0.281,0.693,0.0
1,1:43465575,43465575,G,A,0.492,0.508,1.0,0.243,0.53,0.227,0.0
1,1:43470978,43470978,G,A,0.512,0.488,1.0,0.249,0.478,0.273,0.0
1,1:43488532,43488532,G,A,0.5355,0.4645,1.0,0.207,0.515,0.278,0.0
1,1:43497664,43497664,G,A,0.938,0.062,1.0,0.008,0.108,0.884,0.0
1,1:43513098,43513098,G,A,0.5495,0.4505,1.0,0.218,0.465,0.317,0.0
1,1:43531277,43531277,G,A,0.802,0.198,1.0,0.036,0.324,0.64,0.0
1,1:43558993,43558993,G,A,0.66,0.34,1.0,0.121,0.438,0.441,0.0
1,1:43563238,43563238,G,A,0.747,0.253,1.0,0.077,0.352,0.571,0.0
1,1:43570728,43570728,G,A,0.799,0.201,1.0,0.043,0.316,0.641,0.0
1,1:43626564,43626564,G,A,0.8265,0.1735,1.0,0.035,0.277,0.688,0.0
1,1:43627392,43627392,G,A,0.755,0.245,1.0,0.054,0.382,0.564,0.0
1,1:43663897,43663897,G,A,0.8185,0.1815,1.0,0.033,0.297,0.67,0.0
1,1:43669392,43669392,G,A,0.5395,0.4605,1.0,0.219,0.483,0.298,0.0
1,1:43682502,43682502,G,A,0.752,0.248,1.0,0.071,0.354,0.575,0.0
1,1:43683575,43683575,G,A,0.5325,0.4675,1.0,0.208,0.519,0.273,0.0
1,1:43694539,43694539,G,A,0.784,0.216,1.0,0.047,0.338,0.615,0.0
1,1:43728951,43728951,G,A,0.825,0.175,1.0,0.033,0.284,0.683,0.0
1,1:43750191,43750191,G,A,0.588,0.412,1.0,0.179,0.466,0.355,0.0
1,1:43757229,43757229,G,A,0.713,0.287,1.0,0.091,0.392,0.517,0.0
1,1:43799967,43799967,G,A,0.8695,0.1305,1.0,0.026,0.209,0.765,0.0
1,1:43840924,43840924,G,A,0.5235,0.4765,1.0,0.239,0.475,0.286,0.0
1,1:43842484,43842484,G,A,0.539,0.461,1.0,0.215,0.492,0.293,0.0
1,1:43860084,43860084,G,A,0.6545,0.3455,1.0,0.111,0.469,0.42,0.0
1,1:43864713,43864713,G,A,0.5345,0.4655,1.0,0.212,0.507,0.281,0.0
1,1:43928337,43928337,G,A,0.656,0.344,1.0,0.123,0.442,0.435,0.0
1,1:43942055,43942055,G,A,0.671,0.329,1.0,0.104,0.45,0.446,0.0
1,1:43942325,43942325,G,A,0.5535,0.4465,1.0,0.205,0.483,0.312,0.0
1,1:43951995,43951995,G,A,0.9125,0.0875,1.0,0.007,0.161,0.832,0.0
1,1:43965825,43965825,G,A,0.743,0.257,1.0,0.065,0.384,0.551,0.0
1,1:44005128,44005128,G,A,0.7585,0.2415,1.0,0.057,0.369,0.574,0.0
1,1:44042450,44042450,G,A,0.6705,0.3295,1.0,0.092,0.475,0.433,0.0
1,1:44050400,44050400,G,A,0.787,0.213,1.0,0.039,0.348,0.613,0.0
1,1:44054179,44054179,G,A,0.7465,0.2535,1.0,0.059,0.389,0.552,0.0
1,1:44066132,44066132,G,A,0.5535,0.4465,1.0,0.212,0.469,0.319,0.0
1,1:44079274,44079274,G,A,0.5195,0.4805,1.0,0.232,0.497,0.271,0.0
1,1:44132456,44132456,G,A,0.74,0.26,1.0,0.066,0.388,0.546,0.0
1,1:44165850,44165850,G,A,0.647,0.353,1.0,0.129,0.448,0.423,0.0
1,1:44181714,44181714,G,A,0.703,0.297,1.0,0.09,0.414,0.496,0.0
1,1:44194442,44194442,G,A,0.5555,0.4445,1.0,0.198,0.493,0.309,0.0
1,1:44196735,44196735,G,A,0.8365,0.1635,1.0,0.023,0.281,0.696,0.0
1,1:44273385,44273385,G,A,0.577,0.423,1.0,0.166,0.514,0.32,0.0
1,1:44306169,44306169,G,A,0.7375,0.2625,1.0,0.066,0.393,0.541,0.0
1,1:44324347,44324347,G,A,0.77,0.23,1.0,0.057,0.346,0.597,0.0
1,1:44331270,44331270,G,A,0.4995,0.5005,1.0,0.246,0.509,0.245,0.0
1,1:44336334,44336334,G,A,0.8065,0.1935,1.0,0.039,0.309,0.652,0.0
1,1:44362903,44362903,G,A,0.916,0.084,1.0,0.004,0.16,0.836,0.0
1,1:44454951,44454951,G,A,0.628,0.372,1.0,0.131,0.482,0.387,0.0
1,1:44467096,44467096,G,A,0.8365,0.1635,1.0,0.023,0.281,0.696,0.0
1,1:44470460,44470460,G,A,0.6615,0.3385,1.0,0.116,0.445,0.439,0.0
1,1:44474127,44474127,G,A,0.9195,0.0805,1.0,0.012,0.137,0.851,0.0
1,1:44489782,44489782,G,A,0.695,0.305,1.0,0.093,0.424,0.483,0.0
1,1:44494355,44494355,G,A,0.829,0.171,1.0,0.028,0.286,0.686,0.0
1,1:44564079,44564079,G,A,0.921,0.079,1.0,0.006,0.146,0.848,0.0
1,1:44599848,44599848,G,A,0.926,0.074,1.0,0.004,0.14,0.856,0.0
1,1:44604239,44604239,G,A,0.5195,0.4805,1.0,0.24,0.481,0.279,0.0
1,1:44607537,44607537,G,A,0.8325,0.1675,1.0,0.037,0.261,0.702,0.0
1,1:44613349,44613349,G,A,0.687,0.313,1.0,0.093,0.44,0.467,0.0
1,1:44620659,44620659,G,A,0.732,0.268,1.0,0.077,0.382,0.541,0.0
1,1:44652277,44652277,G,A,0.7685,0.2315,1.0,0.057,0.349,0.594,0.0
1,1:44653149,44653149,G,A,0.6935,0.3065,1.0,0.1,0.413,0.487,0.0
1,1:44653350,44653350,G,A,0.708,0.292,1.0,0.083,0.418,0.499,0.0
1,1:44675522,44675522,G,A,0.5825,0.4175,1.0,0.164,0.507,0.329,0.0
1,1:44696954,44696954,G,A,0.7785,0.2215,1.0,0.051,0.341,0.608,0.0
1,1:44721696,44721696,G,A,0.784,0.216,1.0,0.04,0.352,0.608,0.0
1,1:44738554,44738554,G,A,0.6375,0.3625,1.0,0.146,0.433,0.421,0.0
1,1:44761948,44761948,G,A,0.778,0.222,1.0,0.046,0.352,0.602,0.0
1,1:44766029,44766029,G,A,0.712,0.288,1.0,0.086,0.404,0.51,0.0
1,1:44768535,44768535,G,A,0.8825,0.1175,1.0,0.018,0.199,0.783,0.0
1,1:44786627,44786627,G,A,0.8195,0.1805,1.0,0.031,0.299,0.67,0.0
1,1:44804550,44804550,G,A,0.852,0.148,1.0,0.023,0.25,0.727,0.0
1,1:44807181,44807181,G,A,0.5885,0.4115,1.0,0.158,0.507,0.335,0.0
1,1:44810381,44810381,G,A,0.594,0.406,1.0,0.159,0.494,0.347,0.0
1,1:44855107,44855107,G,A,0.7695,0.2305,1.0,0.046,0.369,0.585,0.0
1,1:44882343,44882343,G,A,0.7425,0.2575,1.0,0.066,0.383,0.551,0.0
1,1:44903074,44903074,G,A,0.766,0.234,1.0,0.058,0.352,0.59,0.0
1,1:44910238,44910238,G,A,0.867,0.133,1.0,0.018,0.23,0.752,0.0
1,1:44918676,44918676,G,A,0.607,0.393,1.0,0.158,0.47,0.372,0.0
1,1:44924393,44924393,G,A,0.576,0.424,1.0,0.173,0.502,0.325,0.0
1,1:44969435,44969435,G,A,0.6795,0.3205,1.0,0.108,0.425,0.467,0.0
1,1:44976490,44976490,G,A,0.613,0.387,1.0,0.141,0.492,0.367,0.0
1,1:44988956,44988956,G,A,0.6635,0.3365,1.0,0.113,0.447,0.44,0.0
1,1:45014516,45014516,G,A,0.9125,0.0875,1.0,0.009,0.157,0.834,0.0
1,1:45027603,45027603,G,A,0.6985,0.3015,1.0,0.084,0.435,0.481,0.0
1,1:45031630,45031630,G,A,0.7765,0.2235,1.0,0.043,0.361,0.596,0.0
1,1:45038051,45038051,G,A,0.851,0.149,1.0,0.016,0.266,0.718,0.0
1,1:45084110,45084110,G,A,0.64,0.36,1.0,0.123,0.474,0.403,0.0
1,1:45103151,45103151,G,A,0.5415,0.4585,1.0,0.205,0.507,0.288,0.0
1,1:45140486,45140486,G,A,0.5115,0.4885,1.0,0.231,0.515,0.254,0.0
1,1:45144249,45144249,G,A,0.694,0.306,1.0,0.095,0.422,0.483,0.0
1,1:45145250,45145250,G,A,0.6535,0.3465,1.0,0.125,0.443,0.432,0.0
1,1:45148269,45148269,G,A,0.653,0.347,1.0,0.133,0.428,0.439,0.0
1,1:45173472,45173472,G,A,0.6365,0.3635,1.0,0.118,0.491,0.391,0.0
1,1:45188746,45188746,G,A,0.822,0.178,1.0,0.032,0.292,0.676,0.0
1,1:45191245,45191245,G,A,0.886,0.114,1.0,0.008,0.212,0.78,0.0
1,1:45214598,45214598,G,A,0.775,0.225,1.0,0.054,0.342,0.604,0.0
1,1:45221401,45221401,G,A,0.75,0.25,1.0,0.06,0.38,0.56,0.0
1,1:45275090,45275090,G,A,0.613,0.387,1.0,0.153,0.468,0.379,0.0
1,1:45276219,45276219,G,A,0.674,0.326,1.0,0.103,0.446,0.451,0.0
1,1:45362589,45362589,G,A,0.6975,0.3025,1.0,0.092,0.421,0.487,0.0
1,1:45388539,45388539,G,A,0.7055,0.2945,1.0,0.095,0.399,0.506,0.0
1,1:45447479,45447479,G,A,0.8565,0.1435,1.0,0.017,0.253,0.73,0.0
1,1:45504303,45504303,G,A,0.7795,0.2205,1.0,0.044,0.353,0.603,0.0
1,1:45515442,45515442,G,A,0.9025,0.0975,1.0,0.014,0.167,0.819,0.0
1,1:45516299,45516299,G,A,0.9175,0.0825,1.0,0.008,0.149,0.843,0.0
1,1:45516506,45516506,G,A,0.935,0.065,1.0,0.002,0.126,0.872,0.0
1,1:45545656,45545656,G,A,0.911,0.089,1.0,0.003,0.172,0.825,0.0
1,1:45545725,45545725,G,A,0.6755,0.3245,1.0,0.124,0.401,0.475,0.0
1,1:45562389,45562389,G,A,0.4935,0.5065,1.0,0.265,0.483,0.252,0.0
1,1:45570488,45570488,G,A,0.9375,0.0625,1.0,0.001,0.123,0.876,0.0
1,1:45584685,45584685,G,A,0.596,0.404,1.0,0.166,0.476,0.358,0.0
1,1:45587884,45587884,G,A,0.625,0.375,1.0,0.147,0.456,0.397,0.0
1,1:45594402,45594402,G,A,0.562,0.438,1.0,0.195,0.486,0.319,0.0
1,1:45598221,45598221,G,A,0.5145,0.4855,1.0,0.246,0.479,0.275,0.0
1,1:45611549,45611549,G,A,0.5735,0.4265,1.0,0.181,0.491,0.328,0.0
1,1:45658329,45658329,G,A,0.6015,0.3985,1.0,0.154,0.489,0.357,0.0
1,1:45677381,45677381,G,A,0.909,0.091,1.0,0.004,0.174,0.822,0.0
1,1:45677486,45677486,G,A,0.7935,0.2065,1.0,0.039,0.335,0.626,0.0
1,1:45718844,45718844,G,A,0.65,0.35,1.0,0.118,0.464,0.418,0.0
1,1:45745051,45745051,G,A,0.9485,0.0515,1.0,0.002,0.099,0.899,0.0
1,1:45745470,45745470,G,A,0.7365,0.2635,1.0,0.069,0.389,0.542,0.0
1,1:45759167,45759167,G,A,0.951,0.049,1.0,0.004,0.09,0.906,0.0
1,1:45787927,45787927,G,A,0.633,0.367,1.0,0.136,0.462,0.402,0.0
1,1:45791734,45791734,G,A,0.8335,0.1665,1.0,0.028,0.277,0.695,0.0
1,1:45816039,45816039,G,A,0.5965,0.4035,1.0,0.18,0.447,0.373,0.0
1,1:45844570,45844570,G,A,0.728,0.272,1.0,0.061,0.422,0.517,0.0
1,1:45848554,45848554,G,A,0.906,0.094,1.0,0.01,0.168,0.822,0.0
1,1:45874855,45874855,G,A,0.5435,0.4565,1.0,0.208,0.497,0.295,0.0
1,1:45932659,45932659,G,A,0.637,0.363,1.0,0.135,0.456,0.409,0.0
1,1:45938650,45938650,G,A,0.6205,0.3795,1.0,0.147,0.465,0.388,0.0
1,1:45961406,45961406,G,A,0.838,0.162,1.0,0.024,0.276,0.7,0.0
1,1:45968758,45968758,G,A,0.906,0.094,1.0,0.009,0.17,0.821,0.0
1,1:45969431,45969431,G,A,0.513,0.487,1.0,0.228,0.518,0.254,0.0
1,1:46013252,46013252,G,A,0.7825,0.2175,1.0,0.048,0.339,0.613,0.0
1,1:46048560,46048560,G,A,0.849,0.151,1.0,0.028,0.246,0.726,0.0
1,1:46108296,46108296,G,A,0.5485,0.4515,1.0,0.21,0.483,0.307,0.0
1,1:46128265,46128265,G,A,0.7275,0.2725,1.0,0.074,0.397,0.529,0.0
1,1:46159304,46159304,G,A,0.666,0.334,1.0,0.103,0.462,0.435,0.0
1,1:46206265,46206265,G,A,0.8175,0.1825,1.0,0.031,0.303,0.666,0.0
1,1:46216126,46216126,G,A,0.5155,0.4845,1.0,0.242,0.485,0.273,0.0
1,1:46276889,46276889,G,A,0.7305,0.2695,1.0,0.074,0.391,0.535,0.0
1,1:46316697,46316697,G,A,0.7655,0.2345,1.0,0.052,0.365,0.583,0.0
1,1:46321409,46321409,G,A,0.923,0.077,1.0,0.002,0.15,0.848,0.0
1,1:46338605,46338605,G,A,0.6245,0.3755,1.0,0.14,0.471,0.389,0.0
1,1:46350912,46350912,G,A,0.6745,0.3255,1.0,0.11,0.431,0.459,0.0
1,1:46361482,46361482,G,A,0.508,0.492,1.0,0.23,0.524,0.246,0.0
1,1:46389269,46389269,G,A,0.895,0.105,1.0,0.009,0.192,0.799,0.0
1,1:46426161,46426161,G,A,0.795,0.205,1.0,0.044,0.322,0.634,0.0
1,1:46433553,46433553,G,A,0.8405,0.1595,1.0,0.029,0.261,0.71,0.0
1,1:46462257,46462257,G,A,0.661,0.339,1.0,0.13,0.418,0.452,0.0
1,1:46467515,46467515,G,A,0.914,0.086,1.0,0.011,0.15,0.839,0.0
1,1:46510961,46510961,G,A,0.488,0.512,1.0,0.273,0.478,0.249,0.0
1,1:46523538,46523538,G,A,0.6485,0.3515,1.0,0.128,0.447,0.425,0.0
1,1:46547340,46547340,G,A,0.775,0.225,1.0,0.049,0.352,0.599,0.0
1,1:46571161,46571161,G,A,0.7735,0.2265,1.0,0.042,0.369,0.589,0.0
1,1:46573029,46573029,G,A,0.7195,0.2805,1.0,0.078,0.405,0.517,0.0
1,1:46592495,46592495,G,A,0.6605,0.3395,1.0,0.121,0.437,0.442,0.0
1,1:46597589,46597589,G,A,0.6725,0.3275,1.0,0.1,0.455,0.445,0.0
1,1:46606103,46606103,G,A,0.724,0.276,1.0,0.088,0.376,0.536,0.0
1,1:46619070,46619070,G,A,0.8595,0.1405,1.0,0.02,0.241,0.739,0.0
1,1:46626915,46626915,G,A,0.8805,0.1195,1.0,0.021,0.197,0.782,0.0
1,1:46673571,46673571,G,A,0.548,0.452,1.0,0.199,0.506,0.295,0.0
1,1:46693000,46693000,G,A,0.696,0.304,1.0,0.096,0.416,0.488,0.0
1,1:46695566,46695566,G,A,0.6715,0.3285,1.0,0.107,0.443,0.45,0.0
1,1:46705647,46705647,G,A,0.762,0.238,1.0,0.056,0.364,0.58,0.0
1,1:46737862,46737862,G,A,0.619,0.381,1.0,0.15,0.462,0.388,0.0
1,1:46787764,46787764,G,A,0.5675,0.4325,1.0,0.186,0.493,0.321,0.0
1,1:46792156,46792156,G,A,0.7545,0.2455,1.0,0.059,0.373,0.568,0.0
1,1:46801034,46801034,G,A,0.931,0.069,1.0,0.004,0.13,0.866,0.0
1,1:46918819,46918819,G,A,0.8165,0.1835,1.0,0.035,0.297,0.668,0.0
1,1:46977875,46977875,G,A,0.5965,0.4035,1.0,0.169,0.469,0.362,0.0
1,1:46988352,46988352,G,A,0.6875,0.3125,1.0,0.1,0.425,0.475,0.0
1,1:47010677,47010677,G,A,0.561,0.439,1.0,0.189,0.5,0.311,0.0
1,1:47044084,47044084,G,A,0.7695,0.2305,1.0,0.049,0.363,0.588,0.0
1,1:47050088,47050088,G,A,0.8125,0.1875,1.0,0.036,0.303,0.661,0.0
1,1:47108179,47108179,G,A,0.957,0.043,1.0,0.002,0.082,0.916,0.0
1,1:47149072,47149072,G,A,0.8595,0.1405,1.0,0.015,0.251,0.734,0.0
1,1:47189675,47189675,G,A,0.7995,0.2005,1.0,0.043,0.315,0.642,0.0
1,1:47204954,47204954,G,A,0.9065,0.0935,1.0,0.012,0.163,0.825,0.0
1,1:47226730,47226730,G,A,0.674,0.326,1.0,0.108,0.436,0.456,0.0
1,1:47230659,47230659,G,A,0.4985,0.5015,1.0,0.262,0.479,0.259,0.0
1,1:47246349,47246349,G,A,0.9355,0.0645,1.0,0.003,0.123,0.874,0.0
1,1:47278685,47278685,G,A,0.761,0.239,1.0,0.064,0.35,0.586,0.0
1,1:47336079,47336079,G,A,0.7695,0.2305,1.0,0.053,0.355,0.592,0.0
1,1:47347700,47347700,G,A,0.933,0.067,1.0,0.004,0.126,0.87,0.0
1,1:47364510,47364510,G,A,0.8695,0.1305,1.0,0.012,0.237,0.751,0.0
1,1:47368964,47368964,G,A,0.7615,0.2385,1.0,0.051,0.375,0.574,0.0
1,1:47378942,47378942,G,A,0.5105,0.4895,1.0,0.23,0.519,0.251,0.0
1,1:47379180,47379180,G,A,0.687,0.313,1.0,0.103,0.42,0.477,0.0
1,1:47380430,47380430,G,A,0.905,0.095,1.0,0.006,0.178,0.816,0.0
1,1:47384058,47384058,G,A,0.6165,0.3835,1.0,0.154,0.459,0.387,0.0
1,1:47406956,47406956,G,A,0.558,0.442,1.0,0.182,0.52,0.298,0.0
1,1:47423959,47423959,G,A,0.598,0.402,1.0,0.167,0.47,0.363,0.0
1,1:47427054,47427054,G,A,0.577,0.423,1.0,0.161,0.524,0.315,0.0
1,1:47494033,47494033,G,A,0.58,0.42,1.0,0.172,0.496,0.332,0.0
1,1:47517691,47517691,G,A,0.8435,0.1565,1.0,0.024,0.265,0.711,0.0
1,1:47548565,47548565,G,A,0.6735,0.3265,1.0,0.099,0.455,0.446,0.0
1,1:47550907,47550907,G,A,0.8695,0.1305,1.0,0.022,0.217,0.761,0.0
1,1:47602636,47602636,G,A,0.8175,0.1825,1.0,0.027,0.311,0.662,0.0
1,1:47623906,47623906,G,A,0.7725,0.2275,1.0,0.057,0.341,0.602,0.0
1,1:47637043,47637043,G,A,0.746,0.254,1.0,0.066,0.376,0.558,0.0
1,1:47640982,47640982,G,A,0.7615,0.2385,1.0,0.063,0.351,0.586,0.0
1,1:47645935,47645935,G,A,0.6025,0.3975,1.0,0.155,0.485,0.36,0.0
1,1:47657170,47657170,G,A,0.668,0.332,1.0,0.117,0.43,0.453,0.0
1,1:47675855,47675855,G,A,0.668,0.332,1.0,0.109,0.446,0.445,0.0
1,1:47685443,47685443,G,A,0.603,0.397,1.0,0.153,0.488,0.359,0.0
1,1:47704341,47704341,G,A,0.854,0.146,1.0,0.026,0.24,0.734,0.0
1,1:47715953,47715953,G,A,0.7355,0.2645,1.0,0.08,0.369,0.551,0.0
1,1:47718022,47718022,G,A,0.549,0.451,1.0,0.209,0.484,0.307,0.0
1,1:47718419,47718419,G,A,0.6185,0.3815,1.0,0.155,0.453,0.392,0.0
1,1:47719805,47719805,G,A,0.5695,0.4305,1.0,0.193,0.475,0.332,0.0
1,1:47720651,47720651,G,A,0.7605,0.2395,1.0,0.066,0.347,0.587,0.0
1,1:47732821,47732821,G,A,0.59,0.41,1.0,0.181,0.458,0.361,0.0
1,1:47756480,47756480,G,A,0.823,0.177,1.0,0.039,0.276,0.685,0.0
1,1:47766656,47766656,G,A,0.56,0.44,1.0,0.183,0.514,0.303,0.0
1,1:47784181,47784181,G,A,0.8185,0.1815,1.0,0.037,0.289,0.674,0.0
1,1:47799290,47799290,G,A,0.7975,0.2025,1.0,0.036,0.333,0.631,0.0
1,1:47816342,47816342,G,A,0.629,0.371,1.0,0.124,0.494,0.382,0.0
1,1:47870027,47870027,G,A,0.626,0.374,1.0,0.146,0.456,0.398,0.0
1,1:47876338,47876338,G,A,0.9195,0.0805,1.0,0.007,0.147,0.846,0.0
1,1:47911177,47911177,G,A,0.883,0.117,1.0,0.005,0.224,0.771,0.0
1,1:47936137,47936137,G,A,0.8385,0.1615,1.0,0.028,0.267,0.705,0.0
1,1:47984650,47984650,G,A,0.5035,0.4965,1.0,0.243,0.507,0.25,0.0
1,1:47994792,47994792,G,A,0.5875,0.4125,1.0,0.188,0.449,0.363,0.0
1,1:48006404,48006404,G,A,0.6425,0.3575,1.0,0.132,0.451,0.417,0.0
1,1:48014454,48014454,G,A,0.4975,0.5025,1.0,0.242,0.521,0.237,0.0
1,1:48018520,48018520,G,A,0.64,0.36,1.0,0.129,0.462,0.409,0.0
1,1:48055662,48055662,G,A,0.6465,0.3535,1.0,0.116,0.475,0.409,0.0
1,1:48076249,48076249,G,A,0.5665,0.4335,1.0,0.198,0.471,0.331,0.0
1,1:48085528,48085528,G,A,0.8115,0.1885,1.0,0.036,0.305,0.659,0.0
1,1:48120512,48120512,G,A,0.9505,0.0495,1.0,0.001,0.097,0.902,0.0
1,1:48123407,48123407,G,A,0.6105,0.3895,1.0,0.161,0.457,0.382,0.0
1,1:48155152,48155152,G,A,0.873,0.127,1.0,0.021,0.212,0.767,0.0
1,1:48170988,48170988,G,A,0.811,0.189,1.0,0.034,0.31,0.656,0.0
1,1:48190952,48190952,G,A,0.579,0.421,1.0,0.197,0.448,0.355,0.0
1,1:48193846,48193846,G,A,0.5985,0.4015,1.0,0.16,0.483,0.357,0.0
1,1:48206786,48206786,G,A,0.74,0.26,1.0,0.058,0.404,0.538,0.0
1,1:48226616,48226616,G,A,0.899,0.101,1.0,0.011,0.18,0.809,0.0
1,1:48243575,48243575,G,A,0.8,0.2,1.0,0.04,0.32,0.64,0.0
1,1:48257588,48257588,G,A,0.737,0.263,1.0,0.066,0.394,0.54,0.0
1,1:48280116,48280116,G,A,0.616,0.384,1.0,0.144,0.48,0.376,0.0
1,1:48294318,48294318,G,A,0.5215,0.4785,1.0,0.223,0.511,0.266,0.0
1,1:48302505,48302505,G,A,0.6725,0.3275,1.0,0.097,0.461,0.442,0.0
1,1:48344514,48344514,G,A,0.932,0.068,1.0,0.007,0.122,0.871,0.0
1,1:48356323,48356323,G,A,0.866,0.134,1.0,0.013,0.242,0.745,0.0
1,1:48383191,48383191,G,A,0.82,0.18,1.0,0.038,0.284,0.678,0.0
1,1:48393095,48393095,G,A,0.6685,0.3315,1.0,0.113,0.437,0.45,0.0
1,1:48410264,48410264,G,A,0.9405,0.0595,1.0,0.002,0.115,0.883,0.0
1,1:48427723,48427723,G,A,0.732,0.268,1.0,0.067,0.402,0.531,0.0
1,1:48436829,48436829,G,A,0.519,0.481,1.0,0.217,0.528,0.255,0.0
1,1:48439032,48439032,G,A,0.6035,0.3965,1.0,0.149,0.495,0.356,0.0
1,1:48448103,48448103,G,A,0.624,0.376,1.0,0.134,0.484,0.382,0.0
1,1:48458274,48458274,G,A,0.619,0.381,1.0,0.15,0.462,0.388,0.0
1,1:48465993,48465993,G,A,0.64,0.36,1.0,0.139,0.442,0.419,0.0
1,1:48487261,48487261,G,A,0.816,0.184,1.0,0.033,0.302,0.665,0.0
1,1:48491184,48491184,G,A,0.604,0.396,1.0,0.159,0.474,0.367,0.0
1,1:48491821,48491821,G,A,0.6645,0.3355,1.0,0.113,0.445,0.442,0.0
1,1:48494717,48494717,G,A,0.8405,0.1595,1.0,0.027,0.265,0.708,0.0
1,1:48495983,48495983,G,A,0.5005,0.4995,1.0,0.239,0.521,0.24,0.0
1,1:48515115,48515115,G,A,0.5075,0.4925,1.0,0.242,0.501,0.257,0.0
1,1:48515839,48515839,G,A,0.772,0.228,1.0,0.052,0.352,0.596,0.0
1,1:48518373,48518373,G,A,0.601,0.399,1.0,0.16,0.478,0.362,0.0
1,1:48532682,48532682,G,A,0.652,0.348,1.0,0.126,0.444,0.43,0.0
1,1:48548948,48548948,G,A,0.6855,0.3145,1.0,0.102,0.425,0.473,0.0
1,1:48566365,48566365,G,A,0.8725,0.1275,1.0,0.012,0.231,0.757,0.0
1,1:48591743,48591743,G,A,0.748,0.252,1.0,0.065,0.374,0.561,0.0
1,1:48632669,48632669,G,A,0.6205,0.3795,1.0,0.136,0.487,0.377,0.0
1,1:48665286,48665286,G,A,0.4985,0.5015,1.0,0.253,0.497,0.25,0.0
1,1:48673238,48673238,G,A,0.674,0.326,1.0,0.096,0.46,0.444,0.0
1,1:48710325,48710325,G,A,0.5895,0.4105,1.0,0.168,0.485,0.347,0.0
1,1:48715251,48715251,G,A,0.551,0.449,1.0,0.195,0.508,0.297,0.0
1,1:48715258,48715258,G,A,0.681,0.319,1.0,0.087,0.464,0.449,0.0
1,1:48719462,48719462,G,A,0.6005,0.3995,1.0,0.16,0.479,0.361,0.0
1,1:48726899,48726899,G,A,0.7495,0.2505,1.0,0.061,0.379,0.56,0.0
1,1:48730050,48730050,G,A,0.809,0.191,1.0,0.038,0.306,0.656,0.0
1,1:48730510,48730510,G,A,0.722,0.278,1.0,0.055,0.446,0.499,0.0
1,1:48743176,48743176,G,A,0.92,0.08,1.0,0.004,0.152,0.844,0.0
1,1:48761067,48761067,G,A,0.537,0.463,1.0,0.21,0.506,0.284,0.0
1,1:48763533,48763533,G,A,0.804,0.196,1.0,0.038,0.316,0.646,0.0
1,1:48766346,48766346,G,A,0.7325,0.2675,1.0,0.065,0.405,0.53,0.0
1,1:48774837,48774837,G,A,0.6475,0.3525,1.0,0.134,0.437,0.429,0.0
1,1:48786501,48786501,G,A,0.709,0.291,1.0,0.088,0.406,0.506,0.0
1,1:48830420,48830420,G,A,0.8235,0.1765,1.0,0.024,0.305,0.671,0.0
1,1:48840102,48840102,G,A,0.4785,0.5215,1.0,0.275,0.493,0.232,0.0
1,1:48852190,48852190,G,A,0.558,0.442,1.0,0.2,0.484,0.316,0.0
1,1:48890528,48890528,G,A,0.902,0.098,1.0,0.009,0.178,0.813,0.0
1,1:48900484,48900484,G,A,0.7805,0.2195,1.0,0.042,0.355,0.603,0.0
1,1:48939583,48939583,G,A,0.872,0.128,1.0,0.014,0.228,0.758,0.0
1,1:48968539,48968539,G,A,0.7435,0.2565,1.0,0.068,0.377,0.555,0.0
1,1:48978080,48978080,G,A,0.853,0.147,1.0,0.027,0.24,0.733,0.0
1,1:49007335,49007335,G,A,0.7995,0.2005,1.0,0.042,0.317,0.641,0.0
1,1:49039848,49039848,G,A,0.702,0.298,1.0,0.09,0.416,0.494,0.0
1,1:49092555,49092555,G,A,0.875,0.125,1.0,0.017,0.216,0.767,0.0
1,1:49114108,49114108,G,A,0.565,0.435,1.0,0.184,0.502,0.314,0.0
1,1:49133347,49133347,G,A,0.7665,0.2335,1.0,0.058,0.351,0.591,0.0
1,1:49160572,49160572,G,A,0.526,0.474,1.0,0.237,0.474,0.289,0.0
1,1:49172325,49172325,G,A,0.9365,0.0635,1.0,0.003,0.121,0.876,0.0
1,1:49207389,49207389,G,A,0.6095,0.3905,1.0,0.152,0.477,0.371,0.0
1,1:49223967,49223967,G,A,0.57,0.43,1.0,0.182,0.496,0.322,0.0
1,1:49282340,49282340,G,A,0.5095,0.4905,1.0,0.23,0.521,0.249,0.0
1,1:49309064,49309064,G,A,0.8885,0.1115,1.0,0.009,0.205,0.786,0.0
1,1:49349431,49349431,G,A,0.7535,0.2465,1.0,0.058,0.377,0.565,0.0
1,1:49351999,49351999,G,A,0.618,0.382,1.0,0.145,0.474,0.381,0.0
1,1:49352347,49352347,G,A,0.721,0.279,1.0,0.071,0.416,0.513,0.0
1,1:49358350,49358350,G,A,0.5845,0.4155,1.0,0.156,0.519,0.325,0.0
1,1:49359782,49359782,G,A,0.506,0.494,1.0,0.24,0.508,0.252,0.0
1,1:49375566,49375566,G,A,0.6035,0.3965,1.0,0.167,0.459,0.374,0.0
1,1:49375651,49375651,G,A,0.62,0.38,1.0,0.146,0.468,0.386,0.0
1,1:49396073,49396073,G,A,0.707,0.293,1.0,0.067,0.452,0.481,0.0
1,1:49402808,49402808,G,A,0.7685,0.2315,1.0,0.045,0.373,0.582,0.0
1,1:49426961,49426961,G,A,0.574,0.426,1.0,0.183,0.486,0.331,0.0
1,1:49431583,49431583,G,A,0.847,0.153,1.0,0.023,0.26,0.717,0.0
1,1:49437615,49437615,G,A,0.5545,0.4455,1.0,0.195,0.501,0.304,0.0
1,1:49437770,49437770,G,A,0.5695,0.4305,1.0,0.204,0.453,0.343,0.0
1,1:49439295,49439295,G,A,0.6415,0.3585,1.0,0.129,0.459,0.412,0.0
1,1:49464217,49464217,G,A,0.632,0.368,1.0,0.139,0.458,0.403,0.0
1,1:49558084,49558084,G,A,0.9415,0.0585,1.0,0.011,0.095,0.894,0.0
1,1:49566095,49566095,G,A,0.5165,0.4835,1.0,0.237,0.493,0.27,0.0
1,1:49573447,49573447,G,A,0.778,0.222,1.0,0.043,0.358,0.599,0.0
1,1:49583877,49583877,G,A,0.79,0.21,1.0,0.042,0.336,0.622,0.0
1,1:49626985,49626985,G,A,0.504,0.496,1.0,0.249,0.494,0.257,0.0
1,1:49691697,49691697,G,A,0.8435,0.1565,1.0,0.031,0.251,0.718,0.0
1,1:49697914,49697914,G,A,0.5225,0.4775,1.0,0.229,0.497,0.274,0.0
1,1:49701516,49701516,G,A,0.761,0.239,1.0,0.056,0.366,0.578,0.0
1,1:49742524,49742524,G,A,0.908,0.092,1.0,0.009,0.166,0.825,0.0
1,1:49756121,49756121,G,A,0.6995,0.3005,1.0,0.095,0.411,0.494,0.0
1,1:49768170,49768170,G,A,0.639,0.361,1.0,0.123,0.476,0.401,0.0
1,1:49802236,49802236,G,A,0.6685,0.3315,1.0,0.102,0.459,0.439,0.0
1,1:49818663,49818663,G,A,0.534,0.466,1.0,0.212,0.508,0.28,0.0
1,1:49825496,49825496,G,A,0.783,0.217,1.0,0.051,0.332,0.617,0.0
1,1:49839732,49839732,G,A,0.7415,0.2585,1.0,0.076,0.365,0.559,0.0
1,1:49840604,49840604,G,A,0.829,0.171,1.0,0.029,0.284,0.687,0.0
1,1:49844909,49844909,G,A,0.6835,0.3165,1.0,0.099,0.435,0.466,0.0
1,1:49873779,49873779,G,A,0.5275,0.4725,1.0,0.226,0.493,0.281,0.0
1,1:49875089,49875089,G,A,0.7945,0.2055,1.0,0.048,0.315,0.637,0.0
1,1:49885717,49885717,G,A,0.9045,0.0955,1.0,0.009,0.173,0.818,0.0
1,1:49895283,49895283,G,A,0.801,0.199,1.0,0.034,0.33,0.636,0.0
1,1:49896931,49896931,G,A,0.5335,0.4665,1.0,0.212,0.509,0.279,0.0
1,1:49902137,49902137,G,A,0.531,0.469,1.0,0.213,0.512,0.275,0.0
1,1:49905867,49905867,G,A,0.8885,0.1115,1.0,0.01,0.203,0.787,0.0
1,1:49907858,49907858,G,A,0.6125,0.3875,1.0,0.159,0.457,0.384,0.0
1,1:49908283,49908283,G,A,0.8785,0.1215,1.0,0.019,0.205,0.776,0.0
1,1:49909832,49909832,G,A,0.572,0.428,1.0,0.192,0.472,0.336,0.0
1,1:49913225,49913225,G,A,0.754,0.246,1.0,0.066,0.36,0.574,0.0
1,1:49970089,49970089,G,A,0.565,0.435,1.0,0.196,0.478,0.326,0.0
1,1:49975040,49975040,G,A,0.9135,0.0865,1.0,0.008,0.157,0.835,0.0
1,1:50007247,50007247,G,A,0.9195,0.0805,1.0,0.008,0.145,0.847,0.0
1,1:50011986,50011986,G,A,0.525,0.475,1.0,0.229,0.492,0.279,0.0
1,1:50018038,50018038,G,A,0.6025,0.3975,1.0,0.152,0.491,0.357,0.0
1,1:50066488,50066488,G,A,0.884,0.116,1.0,0.013,0.206,0.781,0.0
1,1:50086879,50086879,G,A,0.5385,0.4615,1.0,0.22,0.483,0.297,0.0
1,1:50107907,50107907,G,A,0.5675,0.4325,1.0,0.188,0.489,0.323,0.0
1,1:50120904,50120904,G,A,0.7095,0.2905,1.0,0.076,0.429,0.495,0.0
1,1:50122261,50122261,G,A,0.8605,0.1395,1.0,0.021,0.237,0.742,0.0
1,1:50154222,50154222,G,A,0.7585,0.2415,1.0,0.058,0.367,0.575,0.0
1,1:50166884,50166884,G,A,0.7215,0.2785,1.0,0.082,0.393,0.525,0.0
1,1:50171170,50171170,G,A,0.8605,0.1395,1.0,0.011,0.257,0.732,0.0
1,1:50189144,50189144,G,A,0.57,0.43,1.0,0.182,0.496,0.322,0.0
1,1:50234073,50234073,G,A,0.5715,0.4285,1.0,0.169,0.519,0.312,0.0
1,1:50254112,50254112,G,A,0.9415,0.0585,1.0,0.004,0.109,0.887,0.0
1,1:50275548,50275548,G,A,0.94,0.06,1.0,0.005,0.11,0.885,0.0
1,1:50277284,50277284,G,A,0.752,0.248,1.0,0.064,0.368,0.568,0.0
1,1:50279505,50279505,G,A,0.5325,0.4675,1.0,0.223,0.489,0.288,0.0
1,1:50288176,50288176,G,A,0.6175,0.3825,1.0,0.164,0.437,0.399,0.0
1,1:50296558,50296558,G,A,0.5235,0.4765,1.0,0.216,0.521,0.263,0.0
1,1:50305762,50305762,G,A,0.827,0.173,1.0,0.027,0.292,0.681,0.0
1,1:50316726,50316726,G,A,0.5225,0.4775,1.0,0.231,0.493,0.276,0.0
1,1:50352902,50352902,G,A,0.689,0.311,1.0,0.102,0.418,0.48,0.0
1,1:50391427,50391427,G,A,0.652,0.348,1.0,0.107,0.482,0.411,0.0
1,1:50402944,50402944,G,A,0.854,0.146,1.0,0.024,0.244,0.732,0.0
1,1:50422655,50422655,G,A,0.723,0.277,1.0,0.075,0.404,0.521,0.0
1,1:50426677,50426677,G,A,0.593,0.407,1.0,0.166,0.482,0.352,0.0
1,1:50435844,50435844,G,A,0.8005,0.1995,1.0,0.033,0.333,0.634,0.0
1,1:50441205,50441205,G,A,0.9125,0.0875,1.0,0.008,0.159,0.833,0.0
1,1:50450230,50450230,G,A,0.5755,0.4245,1.0,0.183,0.483,0.334,0.0
1,1:50486341,50486341,G,A,0.932,0.068,1.0,0.004,0.128,0.868,0.0
1,1:50495702,50495702,G,A,0.922,0.078,1.0,0.005,0.146,0.849,0.0
1,1:50495723,50495723,G,A,0.6685,0.3315,1.0,0.11,0.443,0.447,0.0
1,1:50516163,50516163,G,A,0.6475,0.3525,1.0,0.113,0.479,0.408,0.0
1,1:50526895,50526895,G,A,0.7025,0.2975,1.0,0.083,0.429,0.488,0.0
1,1:50538136,50538136,G,A,0.9095,0.0905,1.0,0.01,0.161,0.829,0.0
1,1:50553201,50553201,G,A,0.6025,0.3975,1.0,0.144,0.507,0.349,0.0
1,1:50571428,50571428,G,A,0.6745,0.3255,1.0,0.107,0.437,0.456,0.0
1,1:50629739,50629739,G,A,0.628,0.372,1.0,0.137,0.47,0.393,0.0
1,1:50672856,50672856,G,A,0.9495,0.0505,1.0,0.006,0.089,0.905,0.0
1,1:50676915,50676915,G,A,0.9065,0.0935,1.0,0.01,0.167,0.823,0.0
1,1:50709814,50709814,G,A,0.62,0.38,1.0,0.147,0.466,0.387,0.0
1,1:50746643,50746643,G,A,0.632,0.368,1.0,0.138,0.46,0.402,0.0
1,1:50760637,50760637,G,A,0.861,0.139,1.0,0.022,0.234,0.744,0.0
1,1:50763062,50763062,G,A,0.723,0.277,1.0,0.075,0.404,0.521,0.0
1,1:50794650,50794650,G,A,0.8035,0.1965,1.0,0.035,0.323,0.642,0.0
1,1:50795720,50795720,G,A,0.67,0.33,1.0,0.115,0.43,0.455,0.0
1,1:50796111,50796111,G,A,0.5695,0.4305,1.0,0.191,0.479,0.33,0.0
1,1:50825597,50825597,G,A,0.865,0.135,1.0,0.023,0.224,0.753,0.0
1,1:50831525,50831525,G,A,0.664,0.336,1.0,0.111,0.45,0.439,0.0
1,1:50837728,50837728,G,A,0.733,0.267,1.0,0.067,0.4,0.533,0.0
1,1:50873984,50873984,G,A,0.853,0.147,1.0,0.027,0.24,0.733,0.0
1,1:50894270,50894270,G,A,0.7605,0.2395,1.0,0.041,0.397,0.562,0.0
1,1:50973242,50973242,G,A,0.895,0.105,1.0,0.011,0.188,0.801,0.0
1,1:51048405,51048405,G,A,0.6355,0.3645,1.0,0.131,0.467,0.402,0.0
1,1:51058097,51058097,G,A,0.5115,0.4885,1.0,0.231,0.515,0.254,0.0
1,1:51079501,51079501,G,A,0.6165,0.3835,1.0,0.148,0.471,0.381,0.0
1,1:51100383,51100383,G,A,0.569,0.431,1.0,0.195,0.472,0.333,0.0
1,1:51112290,51112290,G,A,0.8615,0.1385,1.0,0.02,0.237,0.743,0.0
1,1:51117910,51117910,G,A,0.9045,0.0955,1.0,0.008,0.175,0.817,0.0
1,1:51120092,51120092,G,A,0.9535,0.0465,1.0,0.003,0.087,0.91,0.0
1,1:51139393,51139393,G,A,0.6285,0.3715,1.0,0.143,0.457,0.4,0.0
1,1:51152701,51152701,G,A,0.5785,0.4215,1.0,0.172,0.499,0.329,0.0
1,1:51173180,51173180,G,A,0.8555,0.1445,1.0,0.018,0.253,0.729,0.0
1,1:51195210,51195210,G,A,0.73,0.27,1.0,0.068,0.404,0.528,0.0
1,1:51207680,51207680,G,A,0.672,0.328,1.0,0.113,0.43,0.457,0.0
1,1:51212061,51212061,G,A,0.528,0.472,1.0,0.22,0.504,0.276,0.0
1,1:51217070,51217070,G,A,0.5425,0.4575,1.0,0.207,0.501,0.292,0.0
1,1:51255429,51255429,G,A,0.939,0.061,1.0,0.003,0.116,0.881,0.0
1,1:51296837,51296837,G,A,0.9215,0.0785,1.0,0.01,0.137,0.853,0.0
1,1:51308082,51308082,G,A,0.504,0.496,1.0,0.24,0.512,0.248,0.0
1,1:51309688,51309688,G,A,0.9315,0.0685,1.0,0.003,0.131,0.866,0.0
1,1:51327756,51327756,G,A,0.6795,0.3205,1.0,0.1,0.441,0.459,0.0
1,1:51359206,51359206,G,A,0.915,0.085,1.0,0.007,0.156,0.837,0.0
1,1:51371107,51371107,G,A,0.6645,0.3355,1.0,0.121,0.429,0.45,0.0
1,1:51379822,51379822,G,A,0.8555,0.1445,1.0,0.02,0.249,0.731,0.0
1,1:51424150,51424150,G,A,0.9355,0.0645,1.0,0.006,0.117,0.877,0.0
1,1:51465755,51465755,G,A,0.832,0.168,1.0,0.029,0.278,0.693,0.0
1,1:51484873,51484873,G,A,0.7215,0.2785,1.0,0.08,0.397,0.523,0.0
1,1:51492717,51492717,G,A,0.712,0.288,1.0,0.07,0.436,0.494,0.0
1,1:51493838,51493838,G,A,0.5955,0.4045,1.0,0.172,0.465,0.363,0.0
1,1:51509698,51509698,G,A,0.9235,0.0765,1.0,0.007,0.139,0.854,0.0
1,1:51535569,51535569,G,A,0.9535,0.0465,1.0,0.002,0.089,0.909,0.0
1,1:51562395,51562395,G,A,0.6125,0.3875,1.0,0.156,0.463,0.381,0.0
1,1:51569364,51569364,G,A,0.5135,0.4865,1.0,0.246,0.481,0.273,0.0
1,1:51588364,51588364,G,A,0.8825,0.1175,1.0,0.015,0.205,0.78,0.0
1,1:51590273,51590273,G,A,0.8895,0.1105,1.0,0.023,0.175,0.802,0.0
1,1:51592035,51592035,G,A,0.781,0.219,1.0,0.053,0.332,0.615,0.0
1,1:51599949,51599949,G,A,0.636,0.364,1.0,0.149,0.43,0.421,0.0
1,1:51628165,51628165,G,A,0.6165,0.3835,1.0,0.14,0.487,0.373,0.0
1,1:51646181,51646181,G,A,0.5295,0.4705,1.0,0.228,0.485,0.287,0.0
1,1:51665221,51665221,G,A,0.579,0.421,1.0,0.178,0.486,0.336,0.0
1,1:51689102,51689102,G,A,0.9425,0.0575,1.0,0.003,0.109,0.888,0.0
1,1:51715899,51715899,G,A,0.857,0.143,1.0,0.024,0.238,0.738,0.0
1,1:51721930,51721930,G,A,0.8065,0.1935,1.0,0.032,0.323,0.645,0.0
1,1:51731418,51731418,G,A,0.5145,0.4855,1.0,0.246,0.479,0.275,0.0
1,1:51756594,51756594,G,A,0.6825,0.3175,1.0,0.098,0.439,0.463,0.0
1,1:51757121,51757121,G,A,0.494,0.506,1.0,0.256,0.5,0.244,0.0
1,1:51791349,51791349,G,A,0.8065,0.1935,1.0,0.046,0.295,0.659,0.0
1,1:51831783,51831783,G,A,0.5325,0.4675,1.0,0.211,0.513,0.276,0.0
1,1:51844409,51844409,G,A,0.64,0.36,1.0,0.124,0.472,0.404,0.0
1,1:51877885,51877885,G,A,0.5605,0.4395,1.0,0.183,0.513,0.304,0.0
1,1:51879724,51879724,G,A,0.525,0.475,1.0,0.216,0.518,0.266,0.0
1,1:51880951,51880951,G,A,0.7415,0.2585,1.0,0.068,0.381,0.551,0.0
1,1:51899795,51899795,G,A,0.564,0.436,1.0,0.194,0.484,0.322,0.0
1,1:51900772,51900772,G,A,0.4935,0.5065,1.0,0.256,0.501,0.243,0.0
1,1:51908239,51908239,G,A,0.6505,0.3495,1.0,0.126,0.447,0.427,0.0
1,1:51910808,51910808,G,A,0.829,0.171,1.0,0.026,0.29,0.684,0.0
1,1:51913069,51913069,G,A,0.839,0.161,1.0,0.017,0.288,0.695,0.0
1,1:51913179,51913179,G,A,0.6205,0.3795,1.0,0.149,0.461,0.39,0.0
1,1:51914895,51914895,G,A,0.8155,0.1845,1.0,0.038,0.293,0.669,0.0
1,1:51929748,51929748,G,A,0.777,0.223,1.0,0.041,0.364,0.595,0.0
1,1:51939267,51939267,G,A,0.6885,0.3115,1.0,0.103,0.417,0.48,0.0
1,1:51982473,51982473,G,A,0.552,0.448,1.0,0.204,0.488,0.308,0.0
1,1:51989537,51989537,G,A,0.626,0.374,1.0,0.13,0.488,0.382,0.0
1,1:52005528,52005528,G,A,0.831,0.169,1.0,0.036,0.266,0.698,0.0
1,1:52010810,52010810,G,A,0.8835,0.1165,1.0,0.012,0.209,0.779,0.0
1,1:52044152,52044152,G,A,0.8105,0.1895,1.0,0.031,0.317,0.652,0.0
1,1:52058325,52058325,G,A,0.793,0.207,1.0,0.048,0.318,0.634,0.0
1,1:52097173,52097173,G,A,0.6225,0.3775,1.0,0.141,0.473,0.386,0.0
1,1:52139051,52139051,G,A,0.755,0.245,1.0,0.065,0.36,0.575,0.0
1,1:52141507,52141507,G,A,0.5125,0.4875,1.0,0.232,0.511,0.257,0.0
1,1:52157314,52157314,G,A,0.9295,0.0705,1.0,0.002,0.137,0.861,0.0
1,1:52158174,52158174,G,A,0.788,0.212,1.0,0.054,0.316,0.63,0.0
1,1:52177349,52177349,G,A,0.9175,0.0825,1.0,0.011,0.143,0.846,0.0
1,1:52182966,52182966,G,A,0.8025,0.1975,1.0,0.042,0.311,0.647,0.0
1,1:52187216,52187216,G,A,0.7685,0.2315,1.0,0.044,0.375,0.581,0.0
1,1:52200319,52200319,G,A,0.5595,0.4405,1.0,0.192,0.497,0.311,0.0
1,1:52203052,52203052,G,A,0.756,0.244,1.0,0.05,0.388,0.562,0.0
1,1:52208794,52208794,G,A,0.944,0.056,1.0,0.002,0.108,0.89,0.0
1,1:52209620,52209620,G,A,0.515,0.485,1.0,0.24,0.49,0.27,0.0
1,1:52212946,52212946,G,A,0.88,0.12,1.0,0.01,0.22,0.77,0.0
1,1:52215025,52215025,G,A,0.5915,0.4085,1.0,0.168,0.481,0.351,0.0
1,1:52237688,52237688,G,A,0.8615,0.1385,1.0,0.018,0.241,0.741,0.0
1,1:52286003,52286003,G,A,0.507,0.493,1.0,0.244,0.498,0.258,0.0
1,1:52295220,52295220,G,A,0.843,0.157,1.0,0.028,0.258,0.714,0.0
1,1:52297379,52297379,G,A,0.559,0.441,1.0,0.212,0.458,0.33,0.0
1,1:52315766,52315766,G,A,0.7645,0.2355,1.0,0.049,0.373,0.578,0.0
1,1:52316858,52316858,G,A,0.7595,0.2405,1.0,0.069,0.343,0.588,0.0
1,1:52374472,52374472,G,A,0.6475,0.3525,1.0,0.12,0.465,0.415,0.0
1,1:52374648,52374648,G,A,0.7245,0.2755,1.0,0.072,0.407,0.521,0.0
1,1:52404939,52404939,G,A,0.8035,0.1965,1.0,0.043,0.307,0.65,0.0
1,1:52411803,52411803,G,A,0.8335,0.1665,1.0,0.028,0.277,0.695,0.0
1,1:52418907,52418907,G,A,0.8335,0.1665,1.0,0.022,0.289,0.689,0.0
1,1:52441467,52441467,G,A,0.6185,0.3815,1.0,0.133,0.497,0.37,0.0
1,1:52453339,52453339,G,A,0.898,0.102,1.0,0.009,0.186,0.805,0.0
1,1:52488929,52488929,G,A,0.7035,0.2965,1.0,0.092,0.409,0.499,0.0
1,1:52492737,52492737,G,A,0.7825,0.2175,1.0,0.049,0.337,0.614,0.0
1,1:52496016,52496016,G,A,0.7975,0.2025,1.0,0.041,0.323,0.636,0.0
1,1:52496900,52496900,G,A,0.624,0.376,1.0,0.137,0.478,0.385,0.0
1,1:52499003,52499003,G,A,0.723,0.277,1.0,0.071,0.412,0.517,0.0
1,1:52534224,52534224,G,A,0.912,0.088,1.0,0.008,0.16,0.832,0.0
1,1:52558688,52558688,G,A,0.555,0.445,1.0,0.217,0.456,0.327,0.0
1,1:52559152,52559152,G,A,0.55,0.45,1.0,0.214,0.472,0.314,0.0
1,1:52562568,52562568,G,A,0.7605,0.2395,1.0,0.063,0.353,0.584,0.0
1,1:52565355,52565355,G,A,0.951,0.049,1.0,0.002,0.094,0.904,0.0
1,1:52569706,52569706,G,A,0.9335,0.0665,1.0,0.006,0.121,0.873,0.0
1,1:52576780,52576780,G,A,0.733,0.267,1.0,0.075,0.384,0.541,0.0
1,1:52584290,52584290,G,A,0.92,0.08,1.0,0.003,0.154,0.843,0.0
1,1:52631084,52631084,G,A,0.743,0.257,1.0,0.05,0.414,0.536,0.0
1,1:52673684,52673684,G,A,0.8545,0.1455,1.0,0.014,0.263,0.723,0.0
1,1:52715015,52715015,G,A,0.5875,0.4125,1.0,0.188,0.449,0.363,0.0
1,1:52740279,52740279,G,A,0.7925,0.2075,1.0,0.04,0.335,0.625,0.0
1,1:52762174,52762174,G,A,0.7835,0.2165,1.0,0.045,0.343,0.612,0.0
1,1:52762641,52762641,G,A,0.9355,0.0645,1.0,0.002,0.125,0.873,0.0
1,1:52764242,52764242,G,A,0.6675,0.3325,1.0,0.12,0.425,0.455,0.0
1,1:52775940,52775940,G,A,0.6095,0.3905,1.0,0.15,0.481,0.369,0.0
1,1:52777489,52777489,G,A,0.82,0.18,1.0,0.029,0.302,0.669,0.0
1,1:52827730,52827730,G,A,0.691,0.309,1.0,0.099,0.42,0.481,0.0
1,1:52839392,52839392,G,A,0.6835,0.3165,1.0,0.101,0.431,0.468,0.0
1,1:52840398,52840398,G,A,0.683,0.317,1.0,0.108,0.418,0.474,0.0
1,1:52866881,52866881,G,A,0.651,0.349,1.0,0.123,0.452,0.425,0.0
1,1:52869792,52869792,G,A,0.5885,0.4115,1.0,0.175,0.473,0.352,0.0
1,1:52879149,52879149,G,A,0.597,0.403,1.0,0.163,0.48,0.357,0.0
1,1:52919200,52919200,G,A,0.705,0.295,1.0,0.084,0.422,0.494,0.0
1,1:52925375,52925375,G,A,0.508,0.492,1.0,0.252,0.48,0.268,0.0
1,1:52934616,52934616,G,A,0.5925,0.4075,1.0,0.164,0.487,0.349,0.0
1,1:52959637,52959637,G,A,0.54,0.46,1.0,0.209,0.502,0.289,0.0
1,1:52991089,52991089,G,A,0.719,0.281,1.0,0.065,0.432,0.503,0.0
1,1:53007837,53007837,G,A,0.654,0.346,1.0,0.13,0.432,0.438,0.0
1,1:53009396,53009396,G,A,0.57,0.43,1.0,0.174,0.512,0.314,0.0
1,1:53028792,53028792,G,A,0.71,0.29,1.0,0.092,0.396,0.512,0.0
1,1:53050918,53050918,G,A,0.5675,0.4325,1.0,0.19,0.485,0.325,0.0
1,1:53059072,53059072,G,A,0.6265,0.3735,1.0,0.148,0.451,0.401,0.0
1,1:53102023,53102023,G,A,0.601,0.399,1.0,0.148,0.502,0.35,0.0
1,1:53119756,53119756,G,A,0.535,0.465,1.0,0.211,0.508,0.281,0.0
1,1:53175589,53175589,G,A,0.804,0.196,1.0,0.041,0.31,0.649,0.0
1,1:53215076,53215076,G,A,0.6985,0.3015,1.0,0.084,0.435,0.481,0.0
1,1:53225749,53225749,G,A,0.8385,0.1615,1.0,0.021,0.281,0.698,0.0
1,1:53228467,53228467,G,A,0.716,0.284,1.0,0.081,0.406,0.513,0.0
1,1:53230682,53230682,G,A,0.7605,0.2395,1.0,0.047,0.385,0.568,0.0
1,1:53237807,53237807,G,A,0.7495,0.2505,1.0,0.068,0.365,0.567,0.0
1,1:53242839,53242839,G,A,0.853,0.147,1.0,0.025,0.244,0.731,0.0
1,1:53274944,53274944,G,A,0.673,0.327,1.0,0.101,0.452,0.447,0.0
1,1:53307680,53307680,G,A,0.6,0.4,1.0,0.168,0.464,0.368,0.0
1,1:53363405,53363405,G,A,0.832,0.168,1.0,0.023,0.29,0.687,0.0
1,1:53376964,53376964,G,A,0.8935,0.1065,1.0,0.01,0.193,0.797,0.0
1,1:53377178,53377178,G,A,0.837,0.163,1.0,0.031,0.264,0.705,0.0
1,1:53386039,53386039,G,A,0.609,0.391,1.0,0.154,0.474,0.372,0.0
1,1:53410691,53410691,G,A,0.9185,0.0815,1.0,0.007,0.149,0.844,0.0
1,1:53412977,53412977,G,A,0.675,0.325,1.0,0.105,0.44,0.455,0.0
1,1:53423844,53423844,G,A,0.598,0.402,1.0,0.16,0.484,0.356,0.0
1,1:53440240,53440240,G,A,0.592,0.408,1.0,0.175,0.466,0.359,0.0
1,1:53505233,53505233,G,A,0.5055,0.4945,1.0,0.258,0.473,0.269,0.0
1,1:53509642,53509642,G,A,0.598,0.402,1.0,0.152,0.5,0.348,0.0
1,1:53517363,53517363,G,A,0.892,0.108,1.0,0.018,0.18,0.802,0.0
1,1:53520378,53520378,G,A,0.7865,0.2135,1.0,0.043,0.341,0.616,0.0
1,1:53613590,53613590,G,A,0.8665,0.1335,1.0,0.02,0.227,0.753,0.0
1,1:53621440,53621440,G,A,0.7805,0.2195,1.0,0.044,0.351,0.605,0.0
1,1:53625354,53625354,G,A,0.6615,0.3385,1.0,0.115,0.447,0.438,0.0
1,1:53628552,53628552,G,A,0.826,0.174,1.0,0.032,0.284,0.684,0.0
1,1:53640154,53640154,G,A,0.8915,0.1085,1.0,0.01,0.197,0.793,0.0
1,1:53660698,53660698,G,A,0.644,0.356,1.0,0.114,0.484,0.402,0.0
1,1:53689328,53689328,G,A,0.8995,0.1005,1.0,0.009,0.183,0.808,0.0
1,1:53698472,53698472,G,A,0.518,0.482,1.0,0.237,0.49,0.273,0.0
1,1:53699694,53699694,G,A,0.6815,0.3185,1.0,0.101,0.435,0.464,0.0
1,1:53773277,53773277,G,A,0.597,0.403,1.0,0.166,0.474,0.36,0.0
1,1:53775258,53775258,G,A,0.573,0.427,1.0,0.182,0.49,0.328,0.0
1,1:53777025,53777025,G,A,0.681,0.319,1.0,0.103,0.432,0.465,0.0
1,1:53789199,53789199,G,A,0.635,0.365,1.0,0.128,0.474,0.398,0.0
1,1:53811240,53811240,G,A,0.596,0.404,1.0,0.168,0.472,0.36,0.0
1,1:53834275,53834275,G,A,0.7465,0.2535,1.0,0.066,0.375,0.559,0.0
1,1:53873132,53873132,G,A,0.943,0.057,1.0,0.002,0.11,0.888,0.0
1,1:53889338,53889338,G,A,0.5165,0.4835,1.0,0.233,0.501,0.266,0.0
1,1:53892569,53892569,G,A,0.8415,0.1585,1.0,0.019,0.279,0.702,0.0
1,1:53899324,53899324,G,A,0.8825,0.1175,1.0,0.018,0.199,0.783,0.0
1,1:53915846,53915846,G,A,0.525,0.475,1.0,0.225,0.5,0.275,0.0
1,1:53926453,53926453,G,A,0.699,0.301,1.0,0.077,0.448,0.475,0.0
1,1:53933928,53933928,G,A,0.832,0.168,1.0,0.025,0.286,0.689,0.0
1,1:53953230,53953230,G,A,0.5255,0.4745,1.0,0.224,0.501,0.275,0.0
1,1:53972790,53972790,G,A,0.5785,0.4215,1.0,0.174,0.495,0.331,0.0
1,1:54006164,54006164,G,A,0.7525,0.2475,1.0,0.079,0.337,0.584,0.0
1,1:54045192,54045192,G,A,0.4995,0.5005,1.0,0.248,0.505,0.247,0.0
1,1:54079038,54079038,G,A,0.9045,0.0955,1.0,0.009,0.173,0.818,0.0
1,1:54089634,54089634,G,A,0.527,0.473,1.0,0.234,0.478,0.288,0.0
1,1:54091483,54091483,G,A,0.747,0.253,1.0,0.069,0.368,0.563,0.0
1,1:54096104,54096104,G,A,0.758,0.242,1.0,0.054,0.376,0.57,0.0
1,1:54101106,54101106,G,A,0.757,0.243,1.0,0.055,0.376,0.569,0.0
1,1:54133826,54133826,G,A,0.766,0.234,1.0,0.053,0.362,0.585,0.0
1,1:54134635,54134635,G,A,0.701,0.299,1.0,0.08,0.438,0.482,0.0
1,1:54148095,54148095,G,A,0.5,0.5,1.0,0.233,0.534,0.233,0.0
1,1:54148891,54148891,G,A,0.951,0.049,1.0,0.001,0.096,0.903,0.0
1,1:54181890,54181890,G,A,0.722,0.278,1.0,0.07,0.416,0.514,0.0
1,1:54187582,54187582,G,A,0.8185,0.1815,1.0,0.031,0.301,0.668,0.0
1,1:54206559,54206559,G,A,0.879,0.121,1.0,0.012,0.218,0.77,0.0
1,1:54216899,54216899,G,A,0.542,0.458,1.0,0.204,0.508,0.288,0.0
1,1:54221526,54221526,G,A,0.764,0.236,1.0,0.055,0.362,0.583,0.0
1,1:54248292,54248292,G,A,0.703,0.297,1.0,0.086,0.422,0.492,0.0
1,1:54254876,54254876,G,A,0.5275,0.4725,1.0,0.217,0.511,0.272,0.0
1,1:54256931,54256931,G,A,0.7515,0.2485,1.0,0.065,0.367,0.568,0.0
1,1:54278857,54278857,G,A,0.8215,0.1785,1.0,0.026,0.305,0.669,0.0
1,1:54326177,54326177,G,A,0.9065,0.0935,1.0,0.008,0.171,0.821,0.0
1,1:54331102,54331102,G,A,0.6775,0.3225,1.0,0.099,0.447,0.454,0.0
1,1:54332386,54332386,G,A,0.5295,0.4705,1.0,0.228,0.485,0.287,0.0
1,1:54351769,54351769,G,A,0.916,0.084,1.0,0.009,0.15,0.841,0.0
1,1:54388674,54388674,G,A,0.749,0.251,1.0,0.059,0.384,0.557,0.0
1,1:54407486,54407486,G,A,0.658,0.342,1.0,0.116,0.452,0.432,0.0
1,1:54432685,54432685,G,A,0.9015,0.0985,1.0,0.011,0.175,0.814,0.0
1,1:54434671,54434671,G,A,0.9115,0.0885,1.0,0.01,0.157,0.833,0.0
1,1:54440646,54440646,G,A,0.8575,0.1425,1.0,0.015,0.255,0.73,0.0
1,1:54441452,54441452,G,A,0.881,0.119,1.0,0.008,0.222,0.77,0.0
1,1:54445289,54445289,G,A,0.7925,0.2075,1.0,0.037,0.341,0.622,0.0
1,1:54456148,54456148,G,A,0.764,0.236,1.0,0.06,0.352,0.588,0.0
1,1:54474456,54474456,G,A,0.745,0.255,1.0,0.065,0.38,0.555,0.0
1,1:54481925,54481925,G,A,0.7255,0.2745,1.0,0.07,0.409,0.521,0.0
1,1:54495609,54495609,G,A,0.9105,0.0895,1.0,0.005,0.169,0.826,0.0
1,1:54496749,54496749,G,A,0.649,0.351,1.0,0.115,0.472,0.413,0.0
1,1:54503423,54503423,G,A,0.6145,0.3855,1.0,0.146,0.479,0.375,0.0
1,1:54536604,54536604,G,A,0.8855,0.1145,1.0,0.013,0.203,0.784,0.0
1,1:54549382,54549382,G,A,0.858,0.142,1.0,0.019,0.246,0.735,0.0
1,1:54564055,54564055,G,A,0.839,0.161,1.0,0.029,0.264,0.707,0.0
1,1:54610033,54610033,G,A,0.754,0.246,1.0,0.061,0.37,0.569,0.0
1,1:54633049,54633049,G,A,0.7565,0.2435,1.0,0.056,0.375,0.569,0.0
1,1:54659451,54659451,G,A,0.8575,0.1425,1.0,0.021,0.243,0.736,0.0
1,1:54706506,54706506,G,A,0.9125,0.0875,1.0,0.01,0.155,0.835,0.0
1,1:54710376,54710376,G,A,0.821,0.179,1.0,0.033,0.292,0.675,0.0
1,1:54716659,54716659,G,A,0.6025,0.3975,1.0,0.145,0.505,0.35,0.0
1,1:54717185,54717185,G,A,0.9275,0.0725,1.0,0.003,0.139,0.858,0.0
1,1:54745733,54745733,G,A,0.806,0.194,1.0,0.039,0.31,0.651,0.0
1,1:54769259,54769259,G,A,0.87,0.13,1.0,0.016,0.228,0.756,0.0
1,1:54777624,54777624,G,A,0.628,0.372,1.0,0.139,0.466,0.395,0.0
1,1:54779044,54779044,G,A,0.8025,0.1975,1.0,0.045,0.305,0.65,0.0
1,1:54832047,54832047,G,A,0.754,0.246,1.0,0.063,0.366,0.571,0.0
1,1:54847137,54847137,G,A,0.533,0.467,1.0,0.215,0.504,0.281,0.0
1,1:54856770,54856770,G,A,0.6795,0.3205,1.0,0.107,0.427,0.466,0.0
1,1:54856857,54856857,G,A,0.5735,0.4265,1.0,0.198,0.457,0.345,0.0
1,1:54869007,54869007,G,A,0.631,0.369,1.0,0.135,0.468,0.397,0.0
1,1:54898350,54898350,G,A,0.5125,0.4875,1.0,0.226,0.523,0.251,0.0
1,1:54915907,54915907,G,A,0.6915,0.3085,1.0,0.094,0.429,0.477,0.0
1,1:54920707,54920707,G,A,0.8425,0.1575,1.0,0.03,0.255,0.715,0.0
1,1:54935272,54935272,G,A,0.645,0.355,1.0,0.136,0.438,0.426,0.0
1,1:54952705,54952705,G,A,0.5955,0.4045,1.0,0.164,0.481,0.355,0.0
1,1:54954686,54954686,G,A,0.5115,0.4885,1.0,0.235,0.507,0.258,0.0
1,1:54968852,54968852,G,A,0.664,0.336,1.0,0.111,0.45,0.439,0.0
1,1:54972743,54972743,G,A,0.606,0.394,1.0,0.143,0.502,0.355,0.0
1,1:55030362,55030362,G,A,0.6315,0.3685,1.0,0.136,0.465,0.399,0.0
1,1:55073946,55073946,G,A,0.5985,0.4015,1.0,0.165,0.473,0.362,0.0
1,1:55087646,55087646,G,A,0.694,0.306,1.0,0.093,0.426,0.481,0.0
1,1:55098997,55098997,G,A,0.8165,0.1835,1.0,0.035,0.297,0.668,0.0
1,1:55105832,55105832,G,A,0.908,0.092,1.0,0.006,0.172,0.822,0.0
1,1:55109051,55109051,G,A,0.618,0.382,1.0,0.156,0.452,0.392,0.0
1,1:55145322,55145322,G,A,0.593,0.407,1.0,0.168,0.478,0.354,0.0
1,1:55160410,55160410,G,A,0.6075,0.3925,1.0,0.146,0.493,0.361,0.0
1,1:55174260,55174260,G,A,0.933,0.067,1.0,0.004,0.126,0.87,0.0
1,1:55182837,55182837,G,A,0.923,0.077,1.0,0.009,0.136,0.855,0.0
1,1:55194543,55194543,G,A,0.892,0.108,1.0,0.009,0.198,0.793,0.0
1,1:55213558,55213558,G,A,0.598,0.402,1.0,0.152,0.5,0.348,0.0
1,1:55223955,55223955,G,A,0.684,0.316,1.0,0.09,0.452,0.458,0.0
1,1:55229239,55229239,G,A,0.6975,0.3025,1.0,0.094,0.417,0.489,0.0
1,1:55229603,55229603,G,A,0.8535,0.1465,1.0,0.024,0.245,0.731,0.0
1,1:55257852,55257852,G,A,0.922,0.078,1.0,0.004,0.148,0.848,0.0
1,1:55280249,55280249,G,A,0.604,0.396,1.0,0.16,0.472,0.368,0.0
1,1:55306694,55306694,G,A,0.57,0.43,1.0,0.189,0.482,0.329,0.0
1,1:55339990,55339990,G,A,0.822,0.178,1.0,0.033,0.29,0.677,0.0
1,1:55395427,55395427,G,A,0.567,0.433,1.0,0.188,0.49,0.322,0.0
1,1:55403797,55403797,G,A,0.8055,0.1945,1.0,0.042,0.305,0.653,0.0
1,1:55415450,55415450,G,A,0.5935,0.4065,1.0,0.168,0.477,0.355,0.0
1,1:55419341,55419341,G,A,0.9255,0.0745,1.0,0.005,0.139,0.856,0.0
1,1:55445377,55445377,G,A,0.7895,0.2105,1.0,0.053,0.315,0.632,0.0
1,1:55454432,55454432,G,A,0.59,0.41,1.0,0.174,0.472,0.354,0.0
1,1:55456323,55456323,G,A,0.8295,0.1705,1.0,0.028,0.285,0.687,0.0
1,1:55471392,55471392,G,A,0.9375,0.0625,1.0,0.003,0.119,0.878,0.0
1,1:55472358,55472358,G,A,0.8635,0.1365,1.0,0.018,0.237,0.745,0.0
1,1:55478035,55478035,G,A,0.498,0.502,1.0,0.263,0.478,0.259,0.0
1,1:55482284,55482284,G,A,0.6635,0.3365,1.0,0.108,0.457,0.435,0.0
1,1:55495164,55495164,G,A,0.8745,0.1255,1.0,0.017,0.217,0.766,0.0
1,1:55498299,55498299,G,A,0.6685,0.3315,1.0,0.108,0.447,0.445,0.0
1,1:55519129,55519129,G,A,0.659,0.341,1.0,0.122,0.438,0.44,0.0
1,1:55553465,55553465,G,A,0.767,0.233,1.0,0.057,0.352,0.591,0.0
1,1:55608377,55608377,G,A,0.657,0.343,1.0,0.123,0.44,0.437,0.0
1,1:55616607,55616607,G,A,0.891,0.109,1.0,0.012,0.194,0.794,0.0
1,1:55620932,55620932,G,A,0.803,0.197,1.0,0.039,0.316,0.645,0.0
1,1:55638139,55638139,G,A,0.945,0.055,1.0,0.006,0.098,0.896,0.0
1,1:55651377,55651377,G,A,0.5265,0.4735,1.0,0.224,0.499,0.277,0.0
1,1:55659229,55659229,G,A,0.538,0.462,1.0,0.22,0.484,0.296,0.0
1,1:55665617,55665617,G,A,0.862,0.138,1.0,0.014,0.248,0.738,0.0
1,1:55666187,55666187,G,A,0.6355,0.3645,1.0,0.137,0.455,0.408,0.0
1,1:55684474,55684474,G,A,0.591,0.409,1.0,0.155,0.508,0.337,0.0
1,1:55685561,55685561,G,A,0.774,0.226,1.0,0.063,0.326,0.611,0.0
1,1:55723672,55723672,G,A,0.564,0.436,1.0,0.192,0.488,0.32,0.0
1,1:55725104,55725104,G,A,0.72,0.28,1.0,0.083,0.394,0.523,0.0
1,1:55726067,55726067,G,A,0.614,0.386,1.0,0.15,0.472,0.378,0.0
1,1:55742546,55742546,G,A,0.6255,0.3745,1.0,0.143,0.463,0.394,0.0
1,1:55756090,55756090,G,A,0.683,0.317,1.0,0.108,0.418,0.474,0.0
1,1:55757487,55757487,G,A,0.7235,0.2765,1.0,0.075,0.403,0.522,0.0
1,1:55771030,55771030,G,A,0.8125,0.1875,1.0,0.034,0.307,0.659,0.0
1,1:55777728,55777728,G,A,0.7725,0.2275,1.0,0.056,0.343,0.601,0.0
1,1:55831369,55831369,G,A,0.757,0.243,1.0,0.061,0.364,0.575,0.0
1,1:55842823,55842823,G,A,0.9095,0.0905,1.0,0.01,0.161,0.829,0.0
1,1:55848858,55848858,G,A,0.7145,0.2855,1.0,0.082,0.407,0.511,0.0
1,1:55849015,55849015,G,A,0.683,0.317,1.0,0.101,0.432,0.467,0.0
1,1:55851597,55851597,G,A,0.499,0.501,1.0,0.255,0.492,0.253,0.0
1,1:55860632,55860632,G,A,0.8145,0.1855,1.0,0.039,0.293,0.668,0.0
1,1:55927605,55927605,G,A,0.78,0.22,1.0,0.052,0.336,0.612,0.0
1,1:55940774,55940774,G,A,0.703,0.297,1.0,0.083,0.428,0.489,0.0
1,1:55961554,55961554,G,A,0.576,0.424,1.0,0.192,0.464,0.344,0.0
1,1:55967938,55967938,G,A,0.843,0.157,1.0,0.032,0.25,0.718,0.0
1,1:55978832,55978832,G,A,0.8395,0.1605,1.0,0.02,0.281,0.699,0.0
1,1:56002355,56002355,G,A,0.721,0.279,1.0,0.084,0.39,0.526,0.0
1,1:56004003,56004003,G,A,0.8855,0.1145,1.0,0.009,0.211,0.78,0.0
1,1:56024142,56024142,G,A,0.639,0.361,1.0,0.12,0.482,0.398,0.0
1,1:56043693,56043693,G,A,0.5645,0.4355,1.0,0.169,0.533,0.298,0.0
1,1:56062131,56062131,G,A,0.934,0.066,1.0,0.004,0.124,0.872,0.0
1,1:56086289,56086289,G,A,0.869,0.131,1.0,0.013,0.236,0.751,0.0
1,1:56093352,56093352,G,A,0.69,0.31,1.0,0.096,0.428,0.476,0.0
1,1:56193693,56193693,G,A,0.577,0.423,1.0,0.188,0.47,0.342,0.0
1,1:56224958,56224958,G,A,0.717,0.283,1.0,0.07,0.426,0.504,0.0
1,1:56240284,56240284,G,A,0.5895,0.4105,1.0,0.176,0.469,0.355,0.0
1,1:56251008,56251008,G,A,0.7715,0.2285,1.0,0.05,0.357,0.593,0.0
1,1:56251275,56251275,G,A,0.765,0.235,1.0,0.053,0.364,0.583,0.0
1,1:56285724,56285724,G,A,0.8735,0.1265,1.0,0.015,0.223,0.762,0.0
1,1:56294784,56294784,G,A,0.879,0.121,1.0,0.011,0.22,0.769,0.0
1,1:56299982,56299982,G,A,0.627,0.373,1.0,0.132,0.482,0.386,0.0
1,1:56318066,56318066,G,A,0.8685,0.1315,1.0,0.021,0.221,0.758,0.0
1,1:56339158,56339158,G,A,0.7655,0.2345,1.0,0.044,0.381,0.575,0.0
1,1:56342203,56342203,G,A,0.711,0.289,1.0,0.086,0.406,0.508,0.0
1,1:56348503,56348503,G,A,0.8225,0.1775,1.0,0.03,0.295,0.675,0.0
1,1:56366867,56366867,G,A,0.59,0.41,1.0,0.18,0.46,0.36,0.0
1,1:56378563,56378563,G,A,0.7535,0.2465,1.0,0.058,0.377,0.565,0.0
1,1:56379704,56379704,G,A,0.7885,0.2115,1.0,0.04,0.343,0.617,0.0
1,1:56381499,56381499,G,A,0.8585,0.1415,1.0,0.014,0.255,0.731,0.0
1,1:56418581,56418581,G,A,0.848,0.152,1.0,0.021,0.262,0.717,0.0
1,1:56424722,56424722,G,A,0.8295,0.1705,1.0,0.034,0.273,0.693,0.0
1,1:56426294,56426294,G,A,0.796,0.204,1.0,0.031,0.346,0.623,0.0
1,1:56434194,56434194,G,A,0.643,0.357,1.0,0.137,0.44,0.423,0.0
1,1:56437580,56437580,G,A,0.5,0.5,1.0,0.255,0.49,0.255,0.0
1,1:56444323,56444323,G,A,0.716,0.284,1.0,0.07,0.428,0.502,0.0
1,1:56483186,56483186,G,A,0.6205,0.3795,1.0,0.145,0.469,0.386,0.0
1,1:56501561,56501561,G,A,0.8415,0.1585,1.0,0.024,0.269,0.707,0.0
1,1:56503287,56503287,G,A,0.5295,0.4705,1.0,0.227,0.487,0.286,0.0
1,1:56546287,56546287,G,A,0.5575,0.4425,1.0,0.182,0.521,0.297,0.0
1,1:56564402,56564402,G,A,0.647,0.353,1.0,0.118,0.47,0.412,0.0
1,1:56635465,56635465,G,A,0.799,0.201,1.0,0.036,0.33,0.634,0.0
1,1:56681098,56681098,G,A,0.9135,0.0865,1.0,0.009,0.155,0.836,0.0
1,1:56684949,56684949,G,A,0.496,0.504,1.0,0.257,0.494,0.249,0.0
1,1:56688831,56688831,G,A,0.6215,0.3785,1.0,0.145,0.467,0.388,0.0
1,1:56692405,56692405,G,A,0.893,0.107,1.0,0.011,0.192,0.797,0.0
1,1:56728216,56728216,G,A,0.7115,0.2885,1.0,0.073,0.431,0.496,0.0
1,1:56755037,56755037,G,A,0.6745,0.3255,1.0,0.101,0.449,0.45,0.0
1,1:56761260,56761260,G,A,0.749,0.251,1.0,0.074,0.354,0.572,0.0
1,1:56775994,56775994,G,A,0.7495,0.2505,1.0,0.065,0.371,0.564,0.0
1,1:56825158,56825158,G,A,0.708,0.292,1.0,0.092,0.4,0.508,0.0
1,1:56832434,56832434,G,A,0.5915,0.4085,1.0,0.161,0.495,0.344,0.0
1,1:56846597,56846597,G,A,0.583,0.417,1.0,0.167,0.5,0.333,0.0
1,1:56852294,56852294,G,A,0.5305,0.4695,1.0,0.219,0.501,0.28,0.0
1,1:56861494,56861494,G,A,0.8695,0.1305,1.0,0.016,0.229,0.755,0.0
1,1:56877184,56877184,G,A,0.896,0.104,1.0,0.018,0.172,0.81,0.0
1,1:56882283,56882283,G,A,0.6795,0.3205,1.0,0.093,0.455,0.452,0.0
1,1:56882319,56882319,G,A,0.6405,0.3595,1.0,0.143,0.433,0.424,0.0
1,1:56895263,56895263,G,A,0.79,0.21,1.0,0.046,0.328,0.626,0.0
1,1:56912767,56912767,G,A,0.4935,0.5065,1.0,0.243,0.527,0.23,0.0
1,1:56933106,56933106,G,A,0.5755,0.4245,1.0,0.181,0.487,0.332,0.0
1,1:56972562,56972562,G,A,0.7065,0.2935,1.0,0.073,0.441,0.486,0.0
1,1:56975082,56975082,G,A,0.6355,0.3645,1.0,0.125,0.479,0.396,0.0
1,1:56986403,56986403,G,A,0.743,0.257,1.0,0.073,0.368,0.559,0.0
1,1:56987272,56987272,G,A,0.859,0.141,1.0,0.019,0.244,0.737,0.0
1,1:56996737,56996737,G,A,0.8805,0.1195,1.0,0.013,0.213,0.774,0.0
1,1:57005841,57005841,G,A,0.821,0.179,1.0,0.035,0.288,0.677,0.0
1,1:57021207,57021207,G,A,0.5325,0.4675,1.0,0.206,0.523,0.271,0.0
1,1:57034341,57034341,G,A,0.7815,0.2185,1.0,0.045,0.347,0.608,0.0
1,1:57041563,57041563,G,A,0.541,0.459,1.0,0.222,0.474,0.304,0.0
1,1:57055420,57055420,G,A,0.601,0.399,1.0,0.158,0.482,0.36,0.0
1,1:57079390,57079390,G,A,0.6715,0.3285,1.0,0.113,0.431,0.456,0.0
1,1:57084657,57084657,G,A,0.5455,0.4545,1.0,0.198,0.513,0.289,0.0
1,1:57121057,57121057,G,A,0.863,0.137,1.0,0.021,0.232,0.747,0.0
1,1:57182456,57182456,G,A,0.9155,0.0845,1.0,0.009,0.151,0.84,0.0
1,1:57190865,57190865,G,A,0.61,0.39,1.0,0.155,0.47,0.375,0.0
1,1:57195031,57195031,G,A,0.5275,0.4725,1.0,0.221,0.503,0.276,0.0
1,1:57218589,57218589,G,A,0.789,0.211,1.0,0.052,0.318,0.63,0.0
1,1:57222358,57222358,G,A,0.9535,0.0465,1.0,0.004,0.085,0.911,0.0
1,1:57235485,57235485,G,A,0.594,0.406,1.0,0.163,0.486,0.351,0.0
1,1:57244529,57244529,G,A,0.787,0.213,1.0,0.045,0.336,0.619,0.0
1,1:57292183,57292183,G,A,0.6855,0.3145,1.0,0.093,0.443,0.464,0.0
1,1:57293032,57293032,G,A,0.8605,0.1395,1.0,0.017,0.245,0.738,0.0
1,1:57312220,57312220,G,A,0.6495,0.3505,1.0,0.126,0.449,0.425,0.0
1,1:57315946,57315946,G,A,0.716,0.284,1.0,0.098,0.372,0.53,0.0
1,1:57338103,57338103,G,A,0.931,0.069,1.0,0.006,0.126,0.868,0.0
1,1:57349052,57349052,G,A,0.9505,0.0495,1.0,0.002,0.095,0.903,0.0
1,1:57351080,57351080,G,A,0.7495,0.2505,1.0,0.057,0.387,0.556,0.0
1,1:57376858,57376858,G,A,0.872,0.128,1.0,0.012,0.232,0.756,0.0
1,1:57395059,57395059,G,A,0.5255,0.4745,1.0,0.215,0.519,0.266,0.0
1,1:57396049,57396049,G,A,0.9025,0.0975,1.0,0.018,0.159,0.823,0.0
1,1:57399770,57399770,G,A,0.621,0.379,1.0,0.14,0.478,0.382,0.0
1,1:57413554,57413554,G,A,0.7885,0.2115,1.0,0.043,0.337,0.62,0.0
1,1:57413771,57413771,G,A,0.5455,0.4545,1.0,0.21,0.489,0.301,0.0
1,1:57416013,57416013,G,A,0.887,0.113,1.0,0.009,0.208,0.783,0.0
1,1:57421127,57421127,G,A,0.578,0.422,1.0,0.187,0.47,0.343,0.0
1,1:57428686,57428686,G,A,0.536,0.464,1.0,0.214,0.5,0.286,0.0
1,1:57434909,57434909,G,A,0.4995,0.5005,1.0,0.257,0.487,0.256,0.0
1,1:57464780,57464780,G,A,0.846,0.154,1.0,0.022,0.264,0.714,0.0
1,1:57563861,57563861,G,A,0.819,0.181,1.0,0.023,0.316,0.661,0.0
1,1:57568343,57568343,G,A,0.894,0.106,1.0,0.012,0.188,0.8,0.0
1,1:57597409,57597409,G,A,0.781,0.219,1.0,0.054,0.33,0.616,0.0
1,1:57628640,57628640,G,A,0.6375,0.3625,1.0,0.124,0.477,0.399,0.0
1,1:57631344,57631344,G,A,0.934,0.066,1.0,0.001,0.13,0.869,0.0
1,1:57641757,57641757,G,A,0.655,0.345,1.0,0.117,0.456,0.427,0.0
1,1:57647085,57647085,G,A,0.9405,0.0595,1.0,0.004,0.111,0.885,0.0
1,1:57658083,57658083,G,A,0.642,0.358,1.0,0.128,0.46,0.412,0.0
1,1:57661941,57661941,G,A,0.58,0.42,1.0,0.181,0.478,0.341,0.0
1,1:57675377,57675377,G,A,0.792,0.208,1.0,0.044,0.328,0.628,0.0
1,1:57678211,57678211,G,A,0.763,0.237,1.0,0.058,0.358,0.584,0.0
1,1:57681018,57681018,G,A,0.613,0.387,1.0,0.158,0.458,0.384,0.0
1,1:57696035,57696035,G,A,0.5775,0.4225,1.0,0.175,0.495,0.33,0.0
1,1:57697273,57697273,G,A,0.5315,0.4685,1.0,0.221,0.495,0.284,0.0
1,1:57701083,57701083,G,A,0.6945,0.3055,1.0,0.097,0.417,0.486,0.0
1,1:57705021,57705021,G,A,0.5525,0.4475,1.0,0.194,0.507,0.299,0.0
1,1:57805564,57805564,G,A,0.912,0.088,1.0,0.008,0.16,0.832,0.0
1,1:57821849,57821849,G,A,0.897,0.103,1.0,0.01,0.186,0.804,0.0
1,1:57827936,57827936,G,A,0.5625,0.4375,1.0,0.187,0.501,0.312,0.0
1,1:57849485,57849485,G,A,0.7775,0.2225,1.0,0.055,0.335,0.61,0.0
1,1:57874184,57874184,G,A,0.8365,0.1635,1.0,0.036,0.255,0.709,0.0
1,1:57884624,57884624,G,A,0.766,0.234,1.0,0.04,0.388,0.572,0.0
1,1:57888504,57888504,G,A,0.7095,0.2905,1.0,0.089,0.403,0.508,0.0
1,1:57889422,57889422,G,A,0.822,0.178,1.0,0.029,0.298,0.673,0.0
1,1:57975252,57975252,G,A,0.8445,0.1555,1.0,0.025,0.261,0.714,0.0
1,1:58016014,58016014,G,A,0.938,0.062,1.0,0.006,0.112,0.882,0.0
1,1:58043728,58043728,G,A,0.592,0.408,1.0,0.166,0.484,0.35,0.0
1,1:58075713,58075713,G,A,0.5485,0.4515,1.0,0.205,0.493,0.302,0.0
1,1:58093499,58093499,G,A,0.944,0.056,1.0,0.006,0.1,0.894,0.0
1,1:58104229,58104229,G,A,0.802,0.198,1.0,0.037,0.322,0.641,0.0
1,1:58114586,58114586,G,A,0.5575,0.4425,1.0,0.195,0.495,0.31,0.0
1,1:58149763,58149763,G,A,0.934,0.066,1.0,0.005,0.122,0.873,0.0
1,1:58224510,58224510,G,A,0.608,0.392,1.0,0.149,0.486,0.365,0.0
1,1:58231612,58231612,G,A,0.837,0.163,1.0,0.032,0.262,0.706,0.0
1,1:58235051,58235051,G,A,0.6015,0.3985,1.0,0.159,0.479,0.362,0.0
1,1:58237815,58237815,G,A,0.6625,0.3375,1.0,0.105,0.465,0.43,0.0
1,1:58245346,58245346,G,A,0.5265,0.4735,1.0,0.222,0.503,0.275,0.0
1,1:58261870,58261870,G,A,0.801,0.199,1.0,0.034,0.33,0.636,0.0
1,1:58272528,58272528,G,A,0.895,0.105,1.0,0.017,0.176,0.807,0.0
1,1:58315588,58315588,G,A,0.73,0.27,1.0,0.068,0.404,0.528,0.0
1,1:58321650,58321650,G,A,0.4785,0.5215,1.0,0.271,0.501,0.228,0.0
1,1:58327847,58327847,G,A,0.9275,0.0725,1.0,0.002,0.141,0.857,0.0
1,1:58401946,58401946,G,A,0.871,0.129,1.0,0.017,0.224,0.759,0.0
1,1:58406093,58406093,G,A,0.563,0.437,1.0,0.183,0.508,0.309,0.0
1,1:58426862,58426862,G,A,0.6235,0.3765,1.0,0.143,0.467,0.39,0.0
1,1:58435659,58435659,G,A,0.775,0.225,1.0,0.049,0.352,0.599,0.0
1,1:58436438,58436438,G,A,0.732,0.268,1.0,0.078,0.38,0.542,0.0
1,1:58438966,58438966,G,A,0.835,0.165,1.0,0.03,0.27,0.7,0.0
1,1:58454885,58454885,G,A,0.537,0.463,1.0,0.214,0.498,0.288,0.0
1,1:58458982,58458982,G,A,0.789,0.211,1.0,0.053,0.316,0.631,0.0
1,1:58534436,58534436,G,A,0.77,0.23,1.0,0.055,0.35,0.595,0.0
1,1:58544069,58544069,G,A,0.7255,0.2745,1.0,0.082,0.385,0.533,0.0
1,1:58544711,58544711,G,A,0.849,0.151,1.0,0.019,0.264,0.717,0.0
1,1:58558972,58558972,G,A,0.8655,0.1345,1.0,0.022,0.225,0.753,0.0
1,1:58581602,58581602,G,A,0.68,0.32,1.0,0.112,0.416,0.472,0.0
1,1:58630790,58630790,G,A,0.597,0.403,1.0,0.168,0.47,0.362,0.0
1,1:58638330,58638330,G,A,0.614,0.386,1.0,0.159,0.454,0.387,0.0
1,1:58665297,58665297,G,A,0.7005,0.2995,1.0,0.095,0.409,0.496,0.0
1,1:58674848,58674848,G,A,0.671,0.329,1.0,0.108,0.442,0.45,0.0
1,1:58685856,58685856,G,A,0.692,0.308,1.0,0.094,0.428,0.478,0.0
1,1:58701338,58701338,G,A,0.544,0.456,1.0,0.199,0.514,0.287,0.0
1,1:58711615,58711615,G,A,0.7735,0.2265,1.0,0.05,0.353,0.597,0.0
1,1:58720661,58720661,G,A,0.885,0.115,1.0,0.015,0.2,0.785,0.0
1,1:58743504,58743504,G,A,0.747,0.253,1.0,0.065,0.376,0.559,0.0
1,1:58771483,58771483,G,A,0.5475,0.4525,1.0,0.196,0.513,0.291,0.0
1,1:58834846,58834846,G,A,0.528,0.472,1.0,0.209,0.526,0.265,0.0
1,1:58835616,58835616,G,A,0.6925,0.3075,1.0,0.095,0.425,0.48,0.0
1,1:58842659,58842659,G,A,0.927,0.073,1.0,0.003,0.14,0.857,0.0
1,1:58865528,58865528,G,A,0.619,0.381,1.0,0.14,0.482,0.378,0.0
1,1:59009477,59009477,G,A,0.642,0.358,1.0,0.129,0.458,0.413,0.0
1,1:59010025,59010025,G,A,0.746,0.254,1.0,0.059,0.39,0.551,0.0
1,1:59036719,59036719,G,A,0.884,0.116,1.0,0.013,0.206,0.781,0.0
1,1:59047561,59047561,G,A,0.6785,0.3215,1.0,0.103,0.437,0.46,0.0
1,1:59057626,59057626,G,A,0.735,0.265,1.0,0.067,0.396,0.537,0.0
1,1:59072622,59072622,G,A,0.9305,0.0695,1.0,0.004,0.131,0.865,0.0
1,1:59081566,59081566,G,A,0.7825,0.2175,1.0,0.049,0.337,0.614,0.0
1,1:59145780,59145780,G,A,0.522,0.478,1.0,0.212,0.532,0.256,0.0
1,1:59171414,59171414,G,A,0.7665,0.2335,1.0,0.052,0.363,0.585,0.0
1,1:59220572,59220572,G,A,0.7565,0.2435,1.0,0.066,0.355,0.579,0.0
1,1:59230627,59230627,G,A,0.6985,0.3015,1.0,0.095,0.413,0.492,0.0
1,1:59245262,59245262,G,A,0.821,0.179,1.0,0.03,0.298,0.672,0.0
1,1:59248435,59248435,G,A,0.9215,0.0785,1.0,0.006,0.145,0.849,0.0
1,1:59276367,59276367,G,A,0.6925,0.3075,1.0,0.105,0.405,0.49,0.0
1,1:59292992,59292992,G,A,0.7215,0.2785,1.0,0.087,0.383,0.53,0.0
1,1:59322533,59322533,G,A,0.639,0.361,1.0,0.123,0.476,0.401,0.0
1,1:59323548,59323548,G,A,0.7265,0.2735,1.0,0.078,0.391,0.531,0.0
1,1:59365445,59365445,G,A,0.8375,0.1625,1.0,0.026,0.273,0.701,0.0
1,1:59376959,59376959,G,A,0.772,0.228,1.0,0.052,0.352,0.596,0.0
1,1:59387254,59387254,G,A,0.95,0.05,1.0,0.001,0.098,0.901,0.0
1,1:59435596,59435596,G,A,0.874,0.126,1.0,0.015,0.222,0.763,0.0
1,1:59468270,59468270,G,A,0.5975,0.4025,1.0,0.167,0.471,0.362,0.0
1,1:59488207,59488207,G,A,0.539,0.461,1.0,0.208,0.506,0.286,0.0
1,1:59504449,59504449,G,A,0.7885,0.2115,1.0,0.039,0.345,0.616,0.0
1,1:59509025,59509025,G,A,0.5375,0.4625,1.0,0.219,0.487,0.294,0.0
1,1:59544512,59544512,G,A,0.665,0.335,1.0,0.114,0.442,0.444,0.0
1,1:59551514,59551514,G,A,0.8175,0.1825,1.0,0.031,0.303,0.666,0.0
1,1:59565731,59565731,G,A,0.6735,0.3265,1.0,0.105,0.443,0.452,0.0
1,1:59576883,59576883,G,A,0.591,0.409,1.0,0.15,0.518,0.332,0.0
1,1:59635370,59635370,G,A,0.615,0.385,1.0,0.158,0.454,0.388,0.0
1,1:59636640,59636640,G,A,0.551,0.449,1.0,0.212,0.474,0.314,0.0
1,1:59644301,59644301,G,A,0.609,0.391,1.0,0.15,0.482,0.368,0.0
1,1:59646036,59646036,G,A,0.651,0.349,1.0,0.122,0.454,0.424,0.0
1,1:59680869,59680869,G,A,0.776,0.224,1.0,0.047,0.354,0.599,0.0
1,1:59714427,59714427,G,A,0.8785,0.1215,1.0,0.013,0.217,0.77,0.0
1,1:59772464,59772464,G,A,0.895,0.105,1.0,0.016,0.178,0.806,0.0
1,1:59799782,59799782,G,A,0.5625,0.4375,1.0,0.185,0.505,0.31,0.0
1,1:59828067,59828067,G,A,0.6095,0.3905,1.0,0.154,0.473,0.373,0.0
1,1:59844251,59844251,G,A,0.5235,0.4765,1.0,0.226,0.501,0.273,0.0
1,1:59855505,59855505,G,A,0.923,0.077,1.0,0.002,0.15,0.848,0.0
1,1:59880551,59880551,G,A,0.685,0.315,1.0,0.108,0.414,0.478,0.0
1,1:59910713,59910713,G,A,0.623,0.377,1.0,0.133,0.488,0.379,0.0
1,1:59912159,59912159,G,A,0.7725,0.2275,1.0,0.061,0.333,0.606,0.0
1,1:59946864,59946864,G,A,0.701,0.299,1.0,0.082,0.434,0.484,0.0
1,1:59963388,59963388,G,A,0.73,0.27,1.0,0.069,0.402,0.529,0.0
1,1:59994989,59994989,G,A,0.768,0.232,1.0,0.052,0.36,0.588,0.0
1,1:60031993,60031993,G,A,0.825,0.175,1.0,0.028,0.294,0.678,0.0
1,1:60037448,60037448,G,A,0.499,0.501,1.0,0.238,0.526,0.236,0.0
1,1:60043430,60043430,G,A,0.5595,0.4405,1.0,0.2,0.481,0.319,0.0
1,1:60058563,60058563,G,A,0.5855,0.4145,1.0,0.179,0.471,0.35,0.0
1,1:60072821,60072821,G,A,0.5715,0.4285,1.0,0.168,0.521,0.311,0.0
1,1:60078383,60078383,G,A,0.556,0.444,1.0,0.195,0.498,0.307,0.0
1,1:60084390,60084390,G,A,0.9125,0.0875,1.0,0.008,0.159,0.833,0.0
1,1:60089648,60089648,G,A,0.694,0.306,1.0,0.09,0.432,0.478,0.0
1,1:60094330,60094330,G,A,0.7415,0.2585,1.0,0.076,0.365,0.559,0.0
1,1:60111795,60111795,G,A,0.8755,0.1245,1.0,0.015,0.219,0.766,0.0
1,1:60138669,60138669,G,A,0.821,0.179,1.0,0.026,0.306,0.668,0.0
1,1:60141084,60141084,G,A,0.8875,0.1125,1.0,0.01,0.205,0.785,0.0
1,1:60148246,60148246,G,A,0.7275,0.2725,1.0,0.074,0.397,0.529,0.0
1,1:60186001,60186001,G,A,0.8215,0.1785,1.0,0.033,0.291,0.676,0.0
1,1:60200292,60200292,G,A,0.858,0.142,1.0,0.02,0.244,0.736,0.0
1,1:60203881,60203881,G,A,0.6865,0.3135,1.0,0.09,0.447,0.463,0.0
1,1:60221199,60221199,G,A,0.869,0.131,1.0,0.017,0.228,0.755,0.0
1,1:60251071,60251071,G,A,0.6955,0.3045,1.0,0.102,0.405,0.493,0.0
1,1:60267676,60267676,G,A,0.883,0.117,1.0,0.012,0.21,0.778,0.0
1,1:60303471,60303471,G,A,0.6125,0.3875,1.0,0.14,0.495,0.365,0.0
1,1:60303850,60303850,G,A,0.8275,0.1725,1.0,0.032,0.281,0.687,0.0
1,1:60304655,60304655,G,A,0.601,0.399,1.0,0.162,0.474,0.364,0.0
1,1:60332192,60332192,G,A,0.5925,0.4075,1.0,0.167,0.481,0.352,0.0
1,1:60336853,60336853,G,A,0.5065,0.4935,1.0,0.242,0.503,0.255,0.0
1,1:60344168,60344168,G,A,0.9365,0.0635,1.0,0.004,0.119,0.877,0.0
1,1:60350106,60350106,G,A,0.584,0.416,1.0,0.171,0.49,0.339,0.0
1,1:60350626,60350626,G,A,0.727,0.273,1.0,0.084,0.378,0.538,0.0
1,1:60350925,60350925,G,A,0.8895,0.1105,1.0,0.012,0.197,0.791,0.0
1,1:60361506,60361506,G,A,0.5965,0.4035,1.0,0.167,0.473,0.36,0.0
1,1:60395759,60395759,G,A,0.9295,0.0705,1.0,0.003,0.135,0.862,0.0
1,1:60404789,60404789,G,A,0.555,0.445,1.0,0.193,0.504,0.303,0.0
1,1:60427083,60427083,G,A,0.66,0.34,1.0,0.112,0.456,0.432,0.0
1,1:60472383,60472383,G,A,0.8725,0.1275,1.0,0.013,0.229,0.758,0.0
1,1:60523997,60523997,G,A,0.6395,0.3605,1.0,0.113,0.495,0.392,0.0
1,1:60627119,60627119,G,A,0.8825,0.1175,1.0,0.013,0.209,0.778,0.0
1,1:60628584,60628584,G,A,0.694,0.306,1.0,0.101,0.41,0.489,0.0
1,1:60637834,60637834,G,A,0.9405,0.0595,1.0,0.002,0.115,0.883,0.0
1,1:60644658,60644658,G,A,0.53,0.47,1.0,0.216,0.508,0.276,0.0
1,1:60676366,60676366,G,A,0.931,0.069,1.0,0.006,0.126,0.868,0.0
1,1:60678948,60678948,G,A,0.619,0.381,1.0,0.15,0.462,0.388,0.0
1,1:60692681,60692681,G,A,0.631,0.369,1.0,0.141,0.456,0.403,0.0
1,1:60711340,60711340,G,A,0.6445,0.3555,1.0,0.13,0.451,0.419,0.0
1,1:60712826,60712826,G,A,0.9205,0.0795,1.0,0.003,0.153,0.844,0.0
1,1:60727595,60727595,G,A,0.6465,0.3535,1.0,0.13,0.447,0.423,0.0
1,1:60736973,60736973,G,A,0.684,0.316,1.0,0.092,0.448,0.46,0.0
1,1:60749711,60749711,G,A,0.662,0.338,1.0,0.109,0.458,0.433,0.0
1,1:60769148,60769148,G,A,0.7105,0.2895,1.0,0.073,0.433,0.494,0.0
1,1:60779109,60779109,G,A,0.793,0.207,1.0,0.044,0.326,0.63,0.0
1,1:60782619,60782619,G,A,0.8535,0.1465,1.0,0.023,0.247,0.73,0.0
1,1:60787893,60787893,G,A,0.7415,0.2585,1.0,0.069,0.379,0.552,0.0
1,1:60795663,60795663,G,A,0.7775,0.2225,1.0,0.054,0.337,0.609,0.0
1,1:60796172,60796172,G,A,0.6375,0.3625,1.0,0.126,0.473,0.401,0.0
1,1:60910678,60910678,G,A,0.8265,0.1735,1.0,0.029,0.289,0.682,0.0
1,1:60945798,60945798,G,A,0.592,0.408,1.0,0.169,0.478,0.353,0.0
1,1:60961538,60961538,G,A,0.5025,0.4975,1.0,0.245,0.505,0.25,0.0
1,1:60966111,60966111,G,A,0.6325,0.3675,1.0,0.13,0.475,0.395,0.0
1,1:60972985,60972985,G,A,0.7315,0.2685,1.0,0.076,0.385,0.539,0.0
1,1:60974360,60974360,G,A,0.8715,0.1285,1.0,0.012,0.233,0.755,0.0
1,1:60974871,60974871,G,A,0.512,0.488,1.0,0.234,0.508,0.258,0.0
1,1:60980033,60980033,G,A,0.822,0.178,1.0,0.033,0.29,0.677,0.0
1,1:60988372,60988372,G,A,0.6985,0.3015,1.0,0.085,0.433,0.482,0.0
1,1:60993016,60993016,G,A,0.763,0.237,1.0,0.067,0.34,0.593,0.0
1,1:60995761,60995761,G,A,0.869,0.131,1.0,0.013,0.236,0.751,0.0
1,1:60998838,60998838,G,A,0.585,0.415,1.0,0.151,0.528,0.321,0.0
1,1:61020156,61020156,G,A,0.8775,0.1225,1.0,0.011,0.223,0.766,0.0
1,1:61029246,61029246,G,A,0.759,0.241,1.0,0.057,0.368,0.575,0.0
1,1:61051513,61051513,G,A,0.862,0.138,1.0,0.02,0.236,0.744,0.0
1,1:61069573,61069573,G,A,0.68,0.32,1.0,0.101,0.438,0.461,0.0
1,1:61071027,61071027,G,A,0.5675,0.4325,1.0,0.194,0.477,0.329,0.0
1,1:61108535,61108535,G,A,0.572,0.428,1.0,0.195,0.466,0.339,0.0
1,1:61119362,61119362,G,A,0.7075,0.2925,1.0,0.078,0.429,0.493,0.0
1,1:61119403,61119403,G,A,0.844,0.156,1.0,0.024,0.264,0.712,0.0
1,1:61136439,61136439,G,A,0.7785,0.2215,1.0,0.051,0.341,0.608,0.0
1,1:61144227,61144227,G,A,0.637,0.363,1.0,0.129,0.468,0.403,0.0
1,1:61171236,61171236,G,A,0.818,0.182,1.0,0.039,0.286,0.675,0.0
1,1:61183417,61183417,G,A,0.9035,0.0965,1.0,0.002,0.189,0.809,0.0
1,1:61189403,61189403,G,A,0.823,0.177,1.0,0.029,0.296,0.675,0.0
1,1:61218835,61218835,G,A,0.888,0.112,1.0,0.011,0.202,0.787,0.0
1,1:61247833,61247833,G,A,0.8295,0.1705,1.0,0.025,0.291,0.684,0.0
1,1:61279201,61279201,G,A,0.93,0.07,1.0,0.005,0.13,0.865,0.0
1,1:61298112,61298112,G,A,0.9235,0.0765,1.0,0.007,0.139,0.854,0.0
1,1:61303242,61303242,G,A,0.59,0.41,1.0,0.162,0.496,0.342,0.0
1,1:61306901,61306901,G,A,0.874,0.126,1.0,0.018,0.216,0.766,0.0
1,1:61313916,61313916,G,A,0.5765,0.4235,1.0,0.187,0.473,0.34,0.0
1,1:61316091,61316091,G,A,0.516,0.484,1.0,0.246,0.476,0.278,0.0
1,1:61356951,61356951,G,A,0.792,0.208,1.0,0.044,0.328,0.628,0.0
1,1:61373785,61373785,G,A,0.7525,0.2475,1.0,0.073,0.349,0.578,0.0
1,1:61399189,61399189,G,A,0.822,0.178,1.0,0.027,0.302,0.671,0.0
1,1:61413012,61413012,G,A,0.9065,0.0935,1.0,0.009,0.169,0.822,0.0
1,1:61423139,61423139,G,A,0.667,0.333,1.0,0.103,0.46,0.437,0.0
1,1:61468642,61468642,G,A,0.5695,0.4305,1.0,0.197,0.467,0.336,0.0
1,1:61482338,61482338,G,A,0.641,0.359,1.0,0.132,0.454,0.414,0.0
1,1:61483655,61483655,G,A,0.8995,0.1005,1.0,0.008,0.185,0.807,0.0
1,1:61509504,61509504,G,A,0.679,0.321,1.0,0.107,0.428,0.465,0.0
1,1:61553125,61553125,G,A,0.6775,0.3225,1.0,0.103,0.439,0.458,0.0
1,1:61555094,61555094,G,A,0.6515,0.3485,1.0,0.123,0.451,0.426,0.0
1,1:61569140,61569140,G,A,0.913,0.087,1.0,0.007,0.16,0.833,0.0
1,1:61580594,61580594,G,A,0.6545,0.3455,1.0,0.114,0.463,0.423,0.0
1,1:61585038,61585038,G,A,0.6695,0.3305,1.0,0.11,0.441,0.449,0.0
1,1:61647310,61647310,G,A,0.5625,0.4375,1.0,0.213,0.449,0.338,0.0
1,1:61647594,61647594,G,A,0.8735,0.1265,1.0,0.012,0.229,0.759,0.0
1,1:61658870,61658870,G,A,0.9205,0.0795,1.0,0.01,0.139,0.851,0.0
1,1:61681550,61681550,G,A,0.5995,0.4005,1.0,0.156,0.489,0.355,0.0
1,1:61684648,61684648,G,A,0.9095,0.0905,1.0,0.008,0.165,0.827,0.0
1,1:61688719,61688719,G,A,0.7755,0.2245,1.0,0.049,0.351,0.6,0.0
1,1:61704883,61704883,G,A,0.5735,0.4265,1.0,0.187,0.479,0.334,0.0
1,1:61720366,61720366,G,A,0.829,0.171,1.0,0.022,0.298,0.68,0.0
1,1:61730144,61730144,G,A,0.759,0.241,1.0,0.06,0.362,0.578,0.0
1,1:61767846,61767846,G,A,0.682,0.318,1.0,0.109,0.418,0.473,0.0
1,1:61777470,61777470,G,A,0.673,0.327,1.0,0.104,0.446,0.45,0.0
1,1:61808529,61808529,G,A,0.6815,0.3185,1.0,0.109,0.419,0.472,0.0
1,1:61819577,61819577,G,A,0.927,0.073,1.0,0.003,0.14,0.857,0.0
1,1:61842138,61842138,G,A,0.595,0.405,1.0,0.161,0.488,0.351,0.0
1,1:61864220,61864220,G,A,0.593,0.407,1.0,0.167,0.48,0.353,0.0
1,1:61868748,61868748,G,A,0.9025,0.0975,1.0,0.012,0.171,0.817,0.0
1,1:61902172,61902172,G,A,0.629,0.371,1.0,0.131,0.48,0.389,0.0
1,1:61910921,61910921,G,A,0.7355,0.2645,1.0,0.07,0.389,0.541,0.0
1,1:61957161,61957161,G,A,0.943,0.057,1.0,0.003,0.108,0.889,0.0
1,1:61963741,61963741,G,A,0.623,0.377,1.0,0.13,0.494,0.376,0.0
1,1:61983307,61983307,G,A,0.74,0.26,1.0,0.072,0.376,0.552,0.0
1,1:62005984,62005984,G,A,0.8995,0.1005,1.0,0.009,0.183,0.808,0.0
1,1:62022455,62022455,G,A,0.866,0.134,1.0,0.02,0.228,0.752,0.0
1,1:62039408,62039408,G,A,0.6225,0.3775,1.0,0.144,0.467,0.389,0.0
1,1:62056264,62056264,G,A,0.54,0.46,1.0,0.209,0.502,0.289,0.0
1,1:62076002,62076002,G,A,0.873,0.127,1.0,0.017,0.22,0.763,0.0
1,1:62132761,62132761,G,A,0.777,0.223,1.0,0.056,0.334,0.61,0.0
1,1:62134784,62134784,G,A,0.804,0.196,1.0,0.034,0.324,0.642,0.0
1,1:62155345,62155345,G,A,0.669,0.331,1.0,0.103,0.456,0.441,0.0
1,1:62182822,62182822,G,A,0.8725,0.1275,1.0,0.017,0.221,0.762,0.0
1,1:62188839,62188839,G,A,0.691,0.309,1.0,0.102,0.414,0.484,0.0
1,1:62190752,62190752,G,A,0.575,0.425,1.0,0.185,0.48,0.335,0.0
1,1:62194932,62194932,G,A,0.6605,0.3395,1.0,0.123,0.433,0.444,0.0
1,1:62199284,62199284,G,A,0.88,0.12,1.0,0.014,0.212,0.774,0.0
1,1:62201083,62201083,G,A,0.6265,0.3735,1.0,0.144,0.459,0.397,0.0
1,1:62242811,62242811,G,A,0.738,0.262,1.0,0.062,0.4,0.538,0.0
1,1:62250666,62250666,G,A,0.8995,0.1005,1.0,0.011,0.179,0.81,0.0
1,1:62344321,62344321,G,A,0.7935,0.2065,1.0,0.04,0.333,0.627,0.0
1,1:62348361,62348361,G,A,0.844,0.156,1.0,0.018,0.276,0.706,0.0
1,1:62396415,62396415,G,A,0.5765,0.4235,1.0,0.18,0.487,0.333,0.0
1,1:62419438,62419438,G,A,0.8455,0.1545,1.0,0.022,0.265,0.713,0.0
1,1:62451661,62451661,G,A,0.716,0.284,1.0,0.071,0.426,0.503,0.0
1,1:62460304,62460304,G,A,0.6465,0.3535,1.0,0.121,0.465,0.414,0.0
1,1:62468786,62468786,G,A,0.9195,0.0805,1.0,0.003,0.155,0.842,0.0
1,1:62468860,62468860,G,A,0.881,0.119,1.0,0.012,0.214,0.774,0.0
1,1:62516087,62516087,G,A,0.5835,0.4165,1.0,0.173,0.487,0.34,0.0
1,1:62527342,62527342,G,A,0.7975,0.2025,1.0,0.04,0.325,0.635,0.0
1,1:62612096,62612096,G,A,0.6365,0.3635,1.0,0.137,0.453,0.41,0.0
1,1:62670768,62670768,G,A,0.622,0.378,1.0,0.149,0.458,0.393,0.0
1,1:62671673,62671673,G,A,0.665,0.335,1.0,0.111,0.448,0.441,0.0
1,1:62697276,62697276,G,A,0.6825,0.3175,1.0,0.094,0.447,0.459,0.0
1,1:62730419,62730419,G,A,0.7305,0.2695,1.0,0.075,0.389,0.536,0.0
1,1:62744323,62744323,G,A,0.764,0.236,1.0,0.049,0.374,0.577,0.0
1,1:62754885,62754885,G,A,0.8825,0.1175,1.0,0.017,0.201,0.782,0.0
1,1:62784217,62784217,G,A,0.5155,0.4845,1.0,0.227,0.515,0.258,0.0
1,1:62802751,62802751,G,A,0.666,0.334,1.0,0.098,0.472,0.43,0.0
1,1:62803547,62803547,G,A,0.866,0.134,1.0,0.02,0.228,0.752,0.0
1,1:62827875,62827875,G,A,0.567,0.433,1.0,0.184,0.498,0.318,0.0
1,1:62856982,62856982,G,A,0.5615,0.4385,1.0,0.2,0.477,0.323,0.0
1,1:62867960,62867960,G,A,0.6405,0.3595,1.0,0.122,0.475,0.403,0.0
1,1:62900523,62900523,G,A,0.904,0.096,1.0,0.008,0.176,0.816,0.0
1,1:62904495,62904495,G,A,0.9455,0.0545,1.0,0.002,0.105,0.893,0.0
1,1:62926676,62926676,G,A,0.6235,0.3765,1.0,0.143,0.467,0.39,0.0
1,1:62929995,62929995,G,A,0.8585,0.1415,1.0,0.02,0.243,0.737,0.0
1,1:62953196,62953196,G,A,0.574,0.426,1.0,0.174,0.504,0.322,0.0
1,1:62953840,62953840,G,A,0.646,0.354,1.0,0.121,0.466,0.413,0.0
1,1:62959656,62959656,G,A,0.783,0.217,1.0,0.05,0.334,0.616,0.0
1,1:62976037,62976037,G,A,0.7105,0.2895,1.0,0.092,0.395,0.513,0.0
1,1:62989021,62989021,G,A,0.71,0.29,1.0,0.085,0.41,0.505,0.0
1,1:62994534,62994534,G,A,0.787,0.213,1.0,0.039,0.348,0.613,0.0
1,1:63019116,63019116,G,A,0.87,0.13,1.0,0.019,0.222,0.759,0.0
1,1:63020642,63020642,G,A,0.517,0.483,1.0,0.247,0.472,0.281,0.0
1,1:63065655,63065655,G,A,0.6155,0.3845,1.0,0.146,0.477,0.377,0.0
1,1:63072617,63072617,G,A,0.8865,0.1135,1.0,0.01,0.207,0.783,0.0
1,1:63105481,63105481,G,A,0.9355,0.0645,1.0,0.004,0.121,0.875,0.0
1,1:63105981,63105981,G,A,0.7925,0.2075,1.0,0.031,0.353,0.616,0.0
1,1:63107630,63107630,G,A,0.703,0.297,1.0,0.084,0.426,0.49,0.0
1,1:63131846,63131846,G,A,0.539,0.461,1.0,0.21,0.502,0.288,0.0
1,1:63135533,63135533,G,A,0.891,0.109,1.0,0.01,0.198,0.792,0.0
1,1:63203559,63203559,G,A,0.7535,0.2465,1.0,0.061,0.371,0.568,0.0
1,1:63213073,63213073,G,A,0.8805,0.1195,1.0,0.025,0.189,0.786,0.0
1,1:63218225,63218225,G,A,0.9235,0.0765,1.0,0.004,0.145,0.851,0.0
1,1:63229579,63229579,G,A,0.689,0.311,1.0,0.096,0.43,0.474,0.0
1,1:63292405,63292405,G,A,0.899,0.101,1.0,0.016,0.17,0.814,0.0
1,1:63293831,63293831,G,A,0.6295,0.3705,1.0,0.13,0.481,0.389,0.0
1,1:63327233,63327233,G,A,0.7055,0.2945,1.0,0.09,0.409,0.501,0.0
1,1:63349632,63349632,G,A,0.8405,0.1595,1.0,0.022,0.275,0.703,0.0
1,1:63362117,63362117,G,A,0.587,0.413,1.0,0.176,0.474,0.35,0.0
1,1:63368712,63368712,G,A,0.635,0.365,1.0,0.13,0.47,0.4,0.0
1,1:63388427,63388427,G,A,0.657,0.343,1.0,0.118,0.45,0.432,0.0
1,1:63391074,63391074,G,A,0.828,0.172,1.0,0.028,0.288,0.684,0.0
1,1:63442984,63442984,G,A,0.6165,0.3835,1.0,0.145,0.477,0.378,0.0
1,1:63446856,63446856,G,A,0.7235,0.2765,1.0,0.084,0.385,0.531,0.0
1,1:63467904,63467904,G,A,0.7255,0.2745,1.0,0.079,0.391,0.53,0.0
1,1:63475442,63475442,G,A,0.8845,0.1155,1.0,0.008,0.215,0.777,0.0
1,1:63546820,63546820,G,A,0.888,0.112,1.0,0.015,0.194,0.791,0.0
1,1:63569690,63569690,G,A,0.9345,0.0655,1.0,0.007,0.117,0.876,0.0
1,1:63588208,63588208,G,A,0.845,0.155,1.0,0.025,0.26,0.715,0.0
1,1:63594453,63594453,G,A,0.725,0.275,1.0,0.07,0.41,0.52,0.0
1,1:63607606,63607606,G,A,0.793,0.207,1.0,0.042,0.33,0.628,0.0
1,1:63640056,63640056,G,A,0.6245,0.3755,1.0,0.149,0.453,0.398,0.0
1,1:63644058,63644058,G,A,0.7735,0.2265,1.0,0.057,0.339,0.604,0.0
1,1:63655987,63655987,G,A,0.901,0.099,1.0,0.011,0.176,0.813,0.0
1,1:63687771,63687771,G,A,0.6375,0.3625,1.0,0.135,0.455,0.41,0.0
1,1:63813566,63813566,G,A,0.858,0.142,1.0,0.019,0.246,0.735,0.0
1,1:63842021,63842021,G,A,0.8105,0.1895,1.0,0.036,0.307,0.657,0.0
1,1:63848249,63848249,G,A,0.7185,0.2815,1.0,0.079,0.405,0.516,0.0
1,1:63876264,63876264,G,A,0.693,0.307,1.0,0.108,0.398,0.494,0.0
1,1:63881481,63881481,G,A,0.803,0.197,1.0,0.035,0.324,0.641,0.0
1,1:63923120,63923120,G,A,0.748,0.252,1.0,0.055,0.394,0.551,0.0
1,1:63967151,63967151,G,A,0.923,0.077,1.0,0.007,0.14,0.853,0.0
1,1:63975460,63975460,G,A,0.875,0.125,1.0,0.016,0.218,0.766,0.0
1,1:63981207,63981207,G,A,0.702,0.298,1.0,0.087,0.422,0.491,0.0
1,1:64027109,64027109,G,A,0.9375,0.0625,1.0,0.008,0.109,0.883,0.0
1,1:64119241,64119241,G,A,0.8655,0.1345,1.0,0.016,0.237,0.747,0.0
1,1:64138258,64138258,G,A,0.67,0.33,1.0,0.108,0.444,0.448,0.0
1,1:64164716,64164716,G,A,0.8445,0.1555,1.0,0.026,0.259,0.715,0.0
1,1:64261659,64261659,G,A,0.5765,0.4235,1.0,0.176,0.495,0.329,0.0
1,1:64274068,64274068,G,A,0.767,0.233,1.0,0.049,0.368,0.583,0.0
1,1:64276432,64276432,G,A,0.631,0.369,1.0,0.14,0.458,0.402,0.0
1,1:64283283,64283283,G,A,0.5635,0.4365,1.0,0.198,0.477,0.325,0.0
1,1:64341006,64341006,G,A,0.7575,0.2425,1.0,0.057,0.371,0.572,0.0
1,1:64356139,64356139,G,A,0.6465,0.3535,1.0,0.13,0.447,0.423,0.0
1,1:64365537,64365537,G,A,0.566,0.434,1.0,0.192,0.484,0.324,0.0
1,1:64384100,64384100,G,A,0.8295,0.1705,1.0,0.029,0.283,0.688,0.0
1,1:64387808,64387808,G,A,0.546,0.454,1.0,0.209,0.49,0.301,0.0
1,1:64413146,64413146,G,A,0.5725,0.4275,1.0,0.192,0.471,0.337,0.0
1,1:64416145,64416145,G,A,0.914,0.086,1.0,0.007,0.158,0.835,0.0
1,1:64437249,64437249,G,A,0.748,0.252,1.0,0.064,0.376,0.56,0.0
1,1:64445752,64445752,G,A,0.8985,0.1015,1.0,0.01,0.183,0.807,0.0
1,1:64447436,64447436,G,A,0.553,0.447,1.0,0.204,0.486,0.31,0.0
1,1:64448824,64448824,G,A,0.837,0.163,1.0,0.026,0.274,0.7,0.0
1,1:64451672,64451672,G,A,0.786,0.214,1.0,0.04,0.348,0.612,0.0
1,1:64485847,64485847,G,A,0.5145,0.4855,1.0,0.235,0.501,0.264,0.0
1,1:64504150,64504150,G,A,0.7065,0.2935,1.0,0.094,0.399,0.507,0.0
1,1:64505779,64505779,G,A,0.5285,0.4715,1.0,0.23,0.483,0.287,0.0
1,1:64525469,64525469,G,A,0.748,0.252,1.0,0.055,0.394,0.551,0.0
1,1:64528008,64528008,G,A,0.519,0.481,1.0,0.223,0.516,0.261,0.0
1,1:64587278,64587278,G,A,0.515,0.485,1.0,0.231,0.508,0.261,0.0
1,1:64598447,64598447,G,A,0.9465,0.0535,1.0,0.003,0.101,0.896,0.0
1,1:64623936,64623936,G,A,0.7665,0.2335,1.0,0.052,0.363,0.585,0.0
1,1:64648546,64648546,G,A,0.529,0.471,1.0,0.205,0.532,0.263,0.0
1,1:64669428,64669428,G,A,0.5735,0.4265,1.0,0.18,0.493,0.327,0.0
1,1:64671524,64671524,G,A,0.846,0.154,1.0,0.028,0.252,0.72,0.0
1,1:64674116,64674116,G,A,0.5405,0.4595,1.0,0.204,0.511,0.285,0.0
1,1:64711286,64711286,G,A,0.8625,0.1375,1.0,0.015,0.245,0.74,0.0
1,1:64770180,64770180,G,A,0.5175,0.4825,1.0,0.235,0.495,0.27,0.0
1,1:64785346,64785346,G,A,0.904,0.096,1.0,0.009,0.174,0.817,0.0
1,1:64812393,64812393,G,A,0.5185,0.4815,1.0,0.222,0.519,0.259,0.0
1,1:64825508,64825508,G,A,0.9035,0.0965,1.0,0.005,0.183,0.812,0.0
1,1:64841272,64841272,G,A,0.8445,0.1555,1.0,0.02,0.271,0.709,0.0
1,1:64884071,64884071,G,A,0.683,0.317,1.0,0.1,0.434,0.466,0.0
1,1:64899874,64899874,G,A,0.881,0.119,1.0,0.011,0.216,0.773,0.0
1,1:64910616,64910616,G,A,0.772,0.228,1.0,0.055,0.346,0.599,0.0
1,1:64916909,64916909,G,A,0.884,0.116,1.0,0.014,0.204,0.782,0.0
1,1:64991257,64991257,G,A,0.6995,0.3005,1.0,0.086,0.429,0.485,0.0
1,1:64994171,64994171,G,A,0.678,0.322,1.0,0.107,0.43,0.463,0.0
1,1:64999069,64999069,G,A,0.851,0.149,1.0,0.023,0.252,0.725,0.0
1,1:65026708,65026708,G,A,0.8165,0.1835,1.0,0.032,0.303,0.665,0.0
1,1:65029126,65029126,G,A,0.641,0.359,1.0,0.127,0.464,0.409,0.0
1,1:65030703,65030703,G,A,0.9195,0.0805,1.0,0.006,0.149,0.845,0.0
1,1:65040041,65040041,G,A,0.7225,0.2775,1.0,0.084,0.387,0.529,0.0
1,1:65062908,65062908,G,A,0.824,0.176,1.0,0.029,0.294,0.677,0.0
1,1:65065902,65065902,G,A,0.7665,0.2335,1.0,0.052,0.363,0.585,0.0
1,1:65111329,65111329,G,A,0.5705,0.4295,1.0,0.172,0.515,0.313,0.0
1,1:65147040,65147040,G,A,0.5045,0.4955,1.0,0.25,0.491,0.259,0.0
1,1:65147545,65147545,G,A,0.8725,0.1275,1.0,0.023,0.209,0.768,0.0
1,1:65170481,65170481,G,A,0.918,0.082,1.0,0.005,0.154,0.841,0.0
1,1:65174204,65174204,G,A,0.8435,0.1565,1.0,0.023,0.267,0.71,0.0
1,1:65174695,65174695,G,A,0.572,0.428,1.0,0.181,0.494,0.325,0.0
1,1:65176853,65176853,G,A,0.5645,0.4355,1.0,0.187,0.497,0.316,0.0
1,1:65198969,65198969,G,A,0.8375,0.1625,1.0,0.024,0.277,0.699,0.0
1,1:65215547,65215547,G,A,0.8085,0.1915,1.0,0.029,0.325,0.646,0.0
1,1:65244262,65244262,G,A,0.66,0.34,1.0,0.123,0.434,0.443,0.0
1,1:65257896,65257896,G,A,0.7975,0.2025,1.0,0.038,0.329,0.633,0.0
1,1:65276241,65276241,G,A,0.5235,0.4765,1.0,0.224,0.505,0.271,0.0
1,1:65285251,65285251,G,A,0.5855,0.4145,1.0,0.175,0.479,0.346,0.0
1,1:65293687,65293687,G,A,0.7845,0.2155,1.0,0.047,0.337,0.616,0.0
1,1:65304698,65304698,G,A,0.5165,0.4835,1.0,0.217,0.533,0.25,0.0
1,1:65312199,65312199,G,A,0.609,0.391,1.0,0.153,0.476,0.371,0.0
1,1:65347940,65347940,G,A,0.617,0.383,1.0,0.145,0.476,0.379,0.0
1,1:65377053,65377053,G,A,0.5245,0.4755,1.0,0.23,0.491,0.279,0.0
1,1:65402243,65402243,G,A,0.742,0.258,1.0,0.06,0.396,0.544,0.0
1,1:65408694,65408694,G,A,0.9245,0.0755,1.0,0.006,0.139,0.855,0.0
1,1:65432284,65432284,G,A,0.5085,0.4915,1.0,0.242,0.499,0.259,0.0
1,1:65438363,65438363,G,A,0.512,0.488,1.0,0.236,0.504,0.26,0.0
1,1:65452593,65452593,G,A,0.498,0.502,1.0,0.257,0.49,0.253,0.0
1,1:65454345,65454345,G,A,0.7385,0.2615,1.0,0.076,0.371,0.553,0.0
1,1:65489315,65489315,G,A,0.884,0.116,1.0,0.018,0.196,0.786,0.0
1,1:65500779,65500779,G,A,0.8695,0.1305,1.0,0.017,0.227,0.756,0.0
1,1:65532834,65532834,G,A,0.726,0.274,1.0,0.076,0.396,0.528,0.0
1,1:65541802,65541802,G,A,0.6395,0.3605,1.0,0.127,0.467,0.406,0.0
1,1:65554801,65554801,G,A,0.729,0.271,1.0,0.089,0.364,0.547,0.0
1,1:65557448,65557448,G,A,0.7525,0.2475,1.0,0.058,0.379,0.563,0.0
1,1:65564146,65564146,G,A,0.512,0.488,1.0,0.229,0.518,0.253,0.0
1,1:65626103,65626103,G,A,0.647,0.353,1.0,0.125,0.456,0.419,0.0
1,1:65651054,65651054,G,A,0.7505,0.2495,1.0,0.063,0.373,0.564,0.0
1,1:65658414,65658414,G,A,0.6385,0.3615,1.0,0.123,0.477,0.4,0.0
1,1:65682868,65682868,G,A,0.5815,0.4185,1.0,0.175,0.487,0.338,0.0
1,1:65702371,65702371,G,A,0.7905,0.2095,1.0,0.047,0.325,0.628,0.0
1,1:65732490,65732490,G,A,0.7315,0.2685,1.0,0.074,0.389,0.537,0.0
1,1:65749278,65749278,G,A,0.668,0.332,1.0,0.113,0.438,0.449,0.0
1,1:65755572,65755572,G,A,0.676,0.324,1.0,0.103,0.442,0.455,0.0
1,1:65777504,65777504,G,A,0.8765,0.1235,1.0,0.017,0.213,0.77,0.0
1,1:65812634,65812634,G,A,0.7235,0.2765,1.0,0.067,0.419,0.514,0.0
1,1:65818321,65818321,G,A,0.841,0.159,1.0,0.024,0.27,0.706,0.0
1,1:65825273,65825273,G,A,0.5265,0.4735,1.0,0.215,0.517,0.268,0.0
1,1:65829276,65829276,G,A,0.729,0.271,1.0,0.067,0.408,0.525,0.0
1,1:65829578,65829578,G,A,0.6005,0.3995,1.0,0.15,0.499,0.351,0.0
1,1:65856751,65856751,G,A,0.9325,0.0675,1.0,0.0,0.135,0.865,0.0
1,1:65954739,65954739,G,A,0.7875,0.2125,1.0,0.04,0.345,0.615,0.0
1,1:65969099,65969099,G,A,0.8715,0.1285,1.0,0.017,0.223,0.76,0.0
1,1:65972087,65972087,G,A,0.7775,0.2225,1.0,0.049,0.347,0.604,0.0
1,1:66006682,66006682,G,A,0.5835,0.4165,1.0,0.181,0.471,0.348,0.0
1,1:66009352,66009352,G,A,0.5255,0.4745,1.0,0.236,0.477,0.287,0.0
1,1:66088430,66088430,G,A,0.5475,0.4525,1.0,0.203,0.499,0.298,0.0
1,1:66109356,66109356,G,A,0.897,0.103,1.0,0.009,0.188,0.803,0.0
1,1:66120561,66120561,G,A,0.8115,0.1885,1.0,0.027,0.323,0.65,0.0
1,1:66128720,66128720,G,A,0.6435,0.3565,1.0,0.132,0.449,0.419,0.0
1,1:66134856,66134856,G,A,0.851,0.149,1.0,0.016,0.266,0.718,0.0
1,1:66146941,66146941,G,A,0.9235,0.0765,1.0,0.005,0.143,0.852,0.0
1,1:66183388,66183388,G,A,0.509,0.491,1.0,0.242,0.498,0.26,0.0
1,1:66190033,66190033,G,A,0.7995,0.2005,1.0,0.041,0.319,0.64,0.0
1,1:66209792,66209792,G,A,0.7585,0.2415,1.0,0.054,0.375,0.571,0.0
1,1:66268269,66268269,G,A,0.834,0.166,1.0,0.029,0.274,0.697,0.0
1,1:66277349,66277349,G,A,0.8045,0.1955,1.0,0.037,0.317,0.646,0.0
1,1:66290436,66290436,G,A,0.515,0.485,1.0,0.234,0.502,0.264,0.0
1,1:66293901,66293901,G,A,0.867,0.133,1.0,0.021,0.224,0.755,0.0
1,1:66298693,66298693,G,A,0.7275,0.2725,1.0,0.079,0.387,0.534,0.0
1,1:66318091,66318091,G,A,0.652,0.348,1.0,0.117,0.462,0.421,0.0
1,1:66329076,66329076,G,A,0.8475,0.1525,1.0,0.025,0.255,0.72,0.0
1,1:66331073,66331073,G,A,0.634,0.366,1.0,0.152,0.428,0.42,0.0
1,1:66346144,66346144,G,A,0.661,0.339,1.0,0.114,0.45,0.436,0.0
1,1:66359477,66359477,G,A,0.5255,0.4745,1.0,0.22,0.509,0.271,0.0
1,1:66360177,66360177,G,A,0.724,0.276,1.0,0.072,0.408,0.52,0.0
1,1:66371731,66371731,G,A,0.795,0.205,1.0,0.045,0.32,0.635,0.0
1,1:66374126,66374126,G,A,0.791,0.209,1.0,0.044,0.33,0.626,0.0
1,1:66385641,66385641,G,A,0.785,0.215,1.0,0.051,0.328,0.621,0.0
1,1:66401386,66401386,G,A,0.9355,0.0645,1.0,0.002,0.125,0.873,0.0
1,1:66447110,66447110,G,A,0.853,0.147,1.0,0.017,0.26,0.723,0.0
1,1:66469097,66469097,G,A,0.9,0.1,1.0,0.015,0.17,0.815,0.0
1,1:66475937,66475937,G,A,0.566,0.434,1.0,0.185,0.498,0.317,0.0
1,1:66500569,66500569,G,A,0.919,0.081,1.0,0.008,0.146,0.846,0.0
1,1:66575222,66575222,G,A,0.7745,0.2255,1.0,0.045,0.361,0.594,0.0
1,1:66607762,66607762,G,A,0.8575,0.1425,1.0,0.019,0.247,0.734,0.0
1,1:66626363,66626363,G,A,0.649,0.351,1.0,0.125,0.452,0.423,0.0
1,1:66627398,66627398,G,A,0.812,0.188,1.0,0.037,0.302,0.661,0.0
1,1:66633033,66633033,G,A,0.9465,0.0535,1.0,0.004,0.099,0.897,0.0
1,1:66653417,66653417,G,A,0.5465,0.4535,1.0,0.209,0.489,0.302,0.0
1,1:66657979,66657979,G,A,0.68,0.32,1.0,0.094,0.452,0.454,0.0
1,1:66689169,66689169,G,A,0.9485,0.0515,1.0,0.004,0.095,0.901,0.0
1,1:66729566,66729566,G,A,0.637,0.363,1.0,0.136,0.454,0.41,0.0
1,1:66772798,66772798,G,A,0.8585,0.1415,1.0,0.021,0.241,0.738,0.0
1,1:66777437,66777437,G,A,0.5045,0.4955,1.0,0.249,0.493,0.258,0.0
1,1:66799469,66799469,G,A,0.732,0.268,1.0,0.067,0.402,0.531,0.0
1,1:66834973,66834973,G,A,0.853,0.147,1.0,0.024,0.246,0.73,0.0
1,1:66880549,66880549,G,A,0.9415,0.0585,1.0,0.001,0.115,0.884,0.0
1,1:66907756,66907756,G,A,0.9285,0.0715,1.0,0.008,0.127,0.865,0.0
1,1:66927750,66927750,G,A,0.928,0.072,1.0,0.005,0.134,0.861,0.0
1,1:66974035,66974035,G,A,0.931,0.069,1.0,0.004,0.13,0.866,0.0
1,1:66977551,66977551,G,A,0.6975,0.3025,1.0,0.081,0.443,0.476,0.0
1,1:66984431,66984431,G,A,0.574,0.426,1.0,0.183,0.486,0.331,0.0
1,1:66994947,66994947,G,A,0.7875,0.2125,1.0,0.049,0.327,0.624,0.0
1,1:67001667,67001667,G,A,0.7965,0.2035,1.0,0.046,0.315,0.639,0.0
1,1:67007552,67007552,G,A,0.887,0.113,1.0,0.011,0.204,0.785,0.0
1,1:67009690,67009690,G,A,0.9485,0.0515,1.0,0.005,0.093,0.902,0.0
1,1:67042894,67042894,G,A,0.5235,0.4765,1.0,0.237,0.479,0.284,0.0
1,1:67066689,67066689,G,A,0.748,0.252,1.0,0.064,0.376,0.56,0.0
1,1:67073773,67073773,G,A,0.619,0.381,1.0,0.151,0.46,0.389,0.0
1,1:67084286,67084286,G,A,0.5695,0.4305,1.0,0.168,0.525,0.307,0.0
1,1:67105584,67105584,G,A,0.8895,0.1105,1.0,0.012,0.197,0.791,0.0
1,1:67113003,67113003,G,A,0.832,0.168,1.0,0.027,0.282,0.691,0.0
1,1:67154340,67154340,G,A,0.7385,0.2615,1.0,0.067,0.389,0.544,0.0
1,1:67157849,67157849,G,A,0.8195,0.1805,1.0,0.037,0.287,0.676,0.0
1,1:67185083,67185083,G,A,0.9345,0.0655,1.0,0.002,0.127,0.871,0.0
1,1:67201058,67201058,G,A,0.5295,0.4705,1.0,0.22,0.501,0.279,0.0
1,1:67209599,67209599,G,A,0.846,0.154,1.0,0.022,0.264,0.714,0.0
1,1:67225604,67225604,G,A,0.9275,0.0725,1.0,0.007,0.131,0.862,0.0
1,1:67227699,67227699,G,A,0.7715,0.2285,1.0,0.047,0.363,0.59,0.0
1,1:67256610,67256610,G,A,0.576,0.424,1.0,0.18,0.488,0.332,0.0
1,1:67284076,67284076,G,A,0.8765,0.1235,1.0,0.01,0.227,0.763,0.0
1,1:67342647,67342647,G,A,0.7495,0.2505,1.0,0.063,0.375,0.562,0.0
1,1:67354165,67354165,G,A,0.854,0.146,1.0,0.029,0.234,0.737,0.0
1,1:67399863,67399863,G,A,0.5635,0.4365,1.0,0.184,0.505,0.311,0.0
1,1:67404928,67404928,G,A,0.716,0.284,1.0,0.075,0.418,0.507,0.0
1,1:67411051,67411051,G,A,0.6935,0.3065,1.0,0.089,0.435,0.476,0.0
1,1:67480481,67480481,G,A,0.6065,0.3935,1.0,0.161,0.465,0.374,0.0
1,1:67487904,67487904,G,A,0.5135,0.4865,1.0,0.246,0.481,0.273,0.0
1,1:67499584,67499584,G,A,0.898,0.102,1.0,0.013,0.178,0.809,0.0
1,1:67506575,67506575,G,A,0.5555,0.4445,1.0,0.188,0.513,0.299,0.0
1,1:67511984,67511984,G,A,0.7365,0.2635,1.0,0.063,0.401,0.536,0.0
1,1:67530145,67530145,G,A,0.6615,0.3385,1.0,0.118,0.441,0.441,0.0
1,1:67552810,67552810,G,A,0.5645,0.4355,1.0,0.189,0.493,0.318,0.0
1,1:67606427,67606427,G,A,0.8115,0.1885,1.0,0.034,0.309,0.657,0.0
1,1:67607728,67607728,G,A,0.5565,0.4435,1.0,0.203,0.481,0.316,0.0
1,1:67615318,67615318,G,A,0.657,0.343,1.0,0.122,0.442,0.436,0.0
1,1:67642499,67642499,G,A,0.8255,0.1745,1.0,0.035,0.279,0.686,0.0
1,1:67658104,67658104,G,A,0.525,0.475,1.0,0.238,0.474,0.288,0.0
1,1:67667846,67667846,G,A,0.9235,0.0765,1.0,0.004,0.145,0.851,0.0
1,1:67744470,67744470,G,A,0.67,0.33,1.0,0.101,0.458,0.441,0.0
1,1:67758015,67758015,G,A,0.94,0.06,1.0,0.004,0.112,0.884,0.0
1,1:67775191,67775191,G,A,0.9205,0.0795,1.0,0.011,0.137,0.852,0.0
1,1:67792894,67792894,G,A,0.8895,0.1105,1.0,0.013,0.195,0.792,0.0
1,1:67800622,67800622,G,A,0.5495,0.4505,1.0,0.208,0.485,0.307,0.0
1,1:67808898,67808898,G,A,0.6835,0.3165,1.0,0.085,0.463,0.452,0.0
1,1:67812527,67812527,G,A,0.8165,0.1835,1.0,0.031,0.305,0.664,0.0
1,1:67853613,67853613,G,A,0.78,0.22,1.0,0.04,0.36,0.6,0.0
1,1:67873130,67873130,G,A,0.5705,0.4295,1.0,0.181,0.497,0.322,0.0
1,1:67886432,67886432,G,A,0.698,0.302,1.0,0.098,0.408,0.494,0.0
1,1:67908966,67908966,G,A,0.9395,0.0605,1.0,0.003,0.115,0.882,0.0
1,1:67917166,67917166,G,A,0.576,0.424,1.0,0.185,0.478,0.337,0.0
1,1:67922033,67922033,G,A,0.7085,0.2915,1.0,0.08,0.423,0.497,0.0
1,1:67925917,67925917,G,A,0.8575,0.1425,1.0,0.02,0.245,0.735,0.0
1,1:67951051,67951051,G,A,0.6425,0.3575,1.0,0.122,0.471,0.407,0.0
1,1:67973510,67973510,G,A,0.706,0.294,1.0,0.092,0.404,0.504,0.0
1,1:67980387,67980387,G,A,0.8595,0.1405,1.0,0.018,0.245,0.737,0.0
1,1:68028979,68028979,G,A,0.661,0.339,1.0,0.118,0.442,0.44,0.0
1,1:68080113,68080113,G,A,0.673,0.327,1.0,0.114,0.426,0.46,0.0
1,1:68082046,68082046,G,A,0.524,0.476,1.0,0.226,0.5,0.274,0.0
1,1:68098986,68098986,G,A,0.843,0.157,1.0,0.023,0.268,0.709,0.0
1,1:68105395,68105395,G,A,0.7125,0.2875,1.0,0.072,0.431,0.497,0.0
1,1:68120795,68120795,G,A,0.8215,0.1785,1.0,0.032,0.293,0.675,0.0
1,1:68126346,68126346,G,A,0.808,0.192,1.0,0.032,0.32,0.648,0.0
1,1:68168487,68168487,G,A,0.72,0.28,1.0,0.069,0.422,0.509,0.0
1,1:68181512,68181512,G,A,0.634,0.366,1.0,0.137,0.458,0.405,0.0
1,1:68208442,68208442,G,A,0.684,0.316,1.0,0.1,0.432,0.468,0.0
1,1:68209365,68209365,G,A,0.894,0.106,1.0,0.007,0.198,0.795,0.0
1,1:68227908,68227908,G,A,0.5165,0.4835,1.0,0.228,0.511,0.261,0.0
1,1:68233770,68233770,G,A,0.6155,0.3845,1.0,0.163,0.443,0.394,0.0
1,1:68255981,68255981,G,A,0.686,0.314,1.0,0.099,0.43,0.471,0.0
1,1:68304750,68304750,G,A,0.877,0.123,1.0,0.013,0.22,0.767,0.0
1,1:68315726,68315726,G,A,0.882,0.118,1.0,0.008,0.22,0.772,0.0
1,1:68374763,68374763,G,A,0.8235,0.1765,1.0,0.034,0.285,0.681,0.0
1,1:68393247,68393247,G,A,0.542,0.458,1.0,0.203,0.51,0.287,0.0
1,1:68394025,68394025,G,A,0.874,0.126,1.0,0.014,0.224,0.762,0.0
1,1:68446633,68446633,G,A,0.6495,0.3505,1.0,0.126,0.449,0.425,0.0
1,1:68452892,68452892,G,A,0.673,0.327,1.0,0.112,0.43,0.458,0.0
1,1:68488769,68488769,G,A,0.8985,0.1015,1.0,0.011,0.181,0.808,0.0
1,1:68493687,68493687,G,A,0.628,0.372,1.0,0.147,0.45,0.403,0.0
1,1:68529723,68529723,G,A,0.7505,0.2495,1.0,0.054,0.391,0.555,0.0
1,1:68532151,68532151,G,A,0.725,0.275,1.0,0.073,0.404,0.523,0.0
1,1:68546053,68546053,G,A,0.9505,0.0495,1.0,0.001,0.097,0.902,0.0
1,1:68574554,68574554,G,A,0.559,0.441,1.0,0.194,0.494,0.312,0.0
1,1:68587633,68587633,G,A,0.658,0.342,1.0,0.109,0.466,0.425,0.0
1,1:68599552,68599552,G,A,0.671,0.329,1.0,0.112,0.434,0.454,0.0
1,1:68602416,68602416,G,A,0.7855,0.2145,1.0,0.033,0.363,0.604,0.0
1,1:68660195,68660195,G,A,0.629,0.371,1.0,0.139,0.464,0.397,0.0
1,1:68667107,68667107,G,A,0.5755,0.4245,1.0,0.179,0.491,0.33,0.0
1,1:68802304,68802304,G,A,0.7395,0.2605,1.0,0.068,0.385,0.547,0.0
1,1:68841330,68841330,G,A,0.6995,0.3005,1.0,0.091,0.419,0.49,0.0
1,1:68860662,68860662,G,A,0.8455,0.1545,1.0,0.029,0.251,0.72,0.0
1,1:68870234,68870234,G,A,0.785,0.215,1.0,0.046,0.338,0.616,0.0
1,1:68894683,68894683,G,A,0.733,0.267,1.0,0.065,0.404,0.531,0.0
1,1:68903156,68903156,G,A,0.654,0.346,1.0,0.12,0.452,0.428,0.0
1,1:68914333,68914333,G,A,0.5245,0.4755,1.0,0.222,0.507,0.271,0.0
1,1:68958260,68958260,G,A,0.8865,0.1135,1.0,0.015,0.197,0.788,0.0
1,1:68967862,68967862,G,A,0.715,0.285,1.0,0.086,0.398,0.516,0.0
1,1:68979793,68979793,G,A,0.699,0.301,1.0,0.089,0.424,0.487,0.0
1,1:68985201,68985201,G,A,0.5865,0.4135,1.0,0.177,0.473,0.35,0.0
1,1:68997671,68997671,G,A,0.5545,0.4455,1.0,0.192,0.507,0.301,0.0
1,1:69019570,69019570,G,A,0.642,0.358,1.0,0.126,0.464,0.41,0.0
1,1:69036581,69036581,G,A,0.874,0.126,1.0,0.016,0.22,0.764,0.0
1,1:69055695,69055695,G,A,0.6225,0.3775,1.0,0.143,0.469,0.388,0.0
1,1:69056103,69056103,G,A,0.6735,0.3265,1.0,0.116,0.421,0.463,0.0
1,1:69056628,69056628,G,A,0.512,0.488,1.0,0.238,0.5,0.262,0.0
1,1:69058767,69058767,G,A,0.518,0.482,1.0,0.223,0.518,0.259,0.0
1,1:69058878,69058878,G,A,0.701,0.299,1.0,0.087,0.424,0.489,0.0
1,1:69062974,69062974,G,A,0.548,0.452,1.0,0.197,0.51,0.293,0.0
1,1:69069691,69069691,G,A,0.9375,0.0625,1.0,0.002,0.121,0.877,0.0
1,1:69070842,69070842,G,A,0.53,0.47,1.0,0.224,0.492,0.284,0.0
1,1:69071030,69071030,G,A,0.5055,0.4945,1.0,0.244,0.501,0.255,0.0
1,1:69111189,69111189,G,A,0.5125,0.4875,1.0,0.24,0.495,0.265,0.0
1,1:69144713,69144713,G,A,0.592,0.408,1.0,0.177,0.462,0.361,0.0
1,1:69170639,69170639,G,A,0.865,0.135,1.0,0.019,0.232,0.749,0.0
1,1:69185063,69185063,G,A,0.495,0.505,1.0,0.252,0.506,0.242,0.0
1,1:69217407,69217407,G,A,0.738,0.262,1.0,0.06,0.404,0.536,0.0
1,1:69297235,69297235,G,A,0.731,0.269,1.0,0.069,0.4,0.531,0.0
1,1:69334165,69334165,G,A,0.9455,0.0545,1.0,0.002,0.105,0.893,0.0
1,1:69353567,69353567,G,A,0.8005,0.1995,1.0,0.041,0.317,0.642,0.0
1,1:69397492,69397492,G,A,0.8495,0.1505,1.0,0.023,0.255,0.722,0.0
1,1:69426201,69426201,G,A,0.747,0.253,1.0,0.069,0.368,0.563,0.0
1,1:69437341,69437341,G,A,0.852,0.148,1.0,0.022,0.252,0.726,0.0
1,1:69441079,69441079,G,A,0.743,0.257,1.0,0.062,0.39,0.548,0.0
1,1:69448632,69448632,G,A,0.879,0.121,1.0,0.01,0.222,0.768,0.0
1,1:69472864,69472864,G,A,0.5275,0.4725,1.0,0.218,0.509,0.273,0.0
1,1:69475475,69475475,G,A,0.646,0.354,1.0,0.124,0.46,0.416,0.0
1,1:69518246,69518246,G,A,0.5065,0.4935,1.0,0.239,0.509,0.252,0.0
1,1:69537253,69537253,G,A,0.9505,0.0495,1.0,0.0,0.099,0.901,0.0
1,1:69551131,69551131,G,A,0.5535,0.4465,1.0,0.221,0.451,0.328,0.0
1,1:69562617,69562617,G,A,0.9135,0.0865,1.0,0.006,0.161,0.833,0.0
1,1:69577530,69577530,G,A,0.612,0.388,1.0,0.141,0.494,0.365,0.0
1,1:69583833,69583833,G,A,0.534,0.466,1.0,0.221,0.49,0.289,0.0
1,1:69623584,69623584,G,A,0.8885,0.1115,1.0,0.014,0.195,0.791,0.0
1,1:69678980,69678980,G,A,0.523,0.477,1.0,0.223,0.508,0.269,0.0
1,1:69739573,69739573,G,A,0.7475,0.2525,1.0,0.077,0.351,0.572,0.0
1,1:69748794,69748794,G,A,0.792,0.208,1.0,0.05,0.316,0.634,0.0
1,1:69778860,69778860,G,A,0.5925,0.4075,1.0,0.173,0.469,0.358,0.0
1,1:69790584,69790584,G,A,0.581,0.419,1.0,0.186,0.466,0.348,0.0
1,1:69800141,69800141,G,A,0.574,0.426,1.0,0.178,0.496,0.326,0.0
1,1:69825072,69825072,G,A,0.6745,0.3255,1.0,0.114,0.423,0.463,0.0
1,1:69863928,69863928,G,A,0.808,0.192,1.0,0.038,0.308,0.654,0.0
1,1:69872507,69872507,G,A,0.824,0.176,1.0,0.023,0.306,0.671,0.0
1,1:69913667,69913667,G,A,0.846,0.154,1.0,0.026,0.256,0.718,0.0
1,1:69953045,69953045,G,A,0.8775,0.1225,1.0,0.017,0.211,0.772,0.0
1,1:69963055,69963055,G,A,0.771,0.229,1.0,0.049,0.36,0.591,0.0
1,1:69974934,69974934,G,A,0.5545,0.4455,1.0,0.187,0.517,0.296,0.0
1,1:69996622,69996622,G,A,0.503,0.497,1.0,0.245,0.504,0.251,0.0
1,1:70001236,70001236,G,A,0.639,0.361,1.0,0.133,0.456,0.411,0.0
1,1:70001343,70001343,G,A,0.881,0.119,1.0,0.016,0.206,0.778,0.0
1,1:70009468,70009468,G,A,0.6405,0.3595,1.0,0.134,0.451,0.415,0.0
1,1:70009957,70009957,G,A,0.8385,0.1615,1.0,0.028,0.267,0.705,0.0
1,1:70016225,70016225,G,A,0.6285,0.3715,1.0,0.129,0.485,0.386,0.0
1,1:70036965,70036965,G,A,0.851,0.149,1.0,0.02,0.258,0.722,0.0
1,1:70047064,70047064,G,A,0.8695,0.1305,1.0,0.014,0.233,0.753,0.0
1,1:70065016,70065016,G,A,0.658,0.342,1.0,0.117,0.45,0.433,0.0
1,1:70098340,70098340,G,A,0.6565,0.3435,1.0,0.103,0.481,0.416,0.0
1,1:70180505,70180505,G,A,0.876,0.124,1.0,0.016,0.216,0.768,0.0
1,1:70189956,70189956,G,A,0.7255,0.2745,1.0,0.071,0.407,0.522,0.0
1,1:70199795,70199795,G,A,0.57,0.43,1.0,0.185,0.49,0.325,0.0
1,1:70231816,70231816,G,A,0.645,0.355,1.0,0.133,0.444,0.423,0.0
1,1:70253176,70253176,G,A,0.632,0.368,1.0,0.138,0.46,0.402,0.0
1,1:70286690,70286690,G,A,0.622,0.378,1.0,0.146,0.464,0.39,0.0
1,1:70314093,70314093,G,A,0.785,0.215,1.0,0.051,0.328,0.621,0.0
1,1:70318881,70318881,G,A,0.8615,0.1385,1.0,0.018,0.241,0.741,0.0
1,1:70321748,70321748,G,A,0.6335,0.3665,1.0,0.128,0.477,0.395,0.0
1,1:70337893,70337893,G,A,0.581,0.419,1.0,0.171,0.496,0.333,0.0
1,1:70348119,70348119,G,A,0.5365,0.4635,1.0,0.216,0.495,0.289,0.0
1,1:70366046,70366046,G,A,0.5925,0.4075,1.0,0.159,0.497,0.344,0.0
1,1:70373773,70373773,G,A,0.789,0.211,1.0,0.051,0.32,0.629,0.0
1,1:70379074,70379074,G,A,0.733,0.267,1.0,0.07,0.394,0.536,0.0
1,1:70393186,70393186,G,A,0.5895,0.4105,1.0,0.169,0.483,0.348,0.0
1,1:70399935,70399935,G,A,0.714,0.286,1.0,0.088,0.396,0.516,0.0
1,1:70503914,70503914,G,A,0.689,0.311,1.0,0.086,0.45,0.464,0.0
1,1:70542237,70542237,G,A,0.5225,0.4775,1.0,0.218,0.519,0.263,0.0
1,1:70560221,70560221,G,A,0.5205,0.4795,1.0,0.232,0.495,0.273,0.0
1,1:70605470,70605470,G,A,0.607,0.393,1.0,0.147,0.492,0.361,0.0
1,1:70612022,70612022,G,A,0.579,0.421,1.0,0.178,0.486,0.336,0.0
1,1:70635602,70635602,G,A,0.8245,0.1755,1.0,0.033,0.285,0.682,0.0
1,1:70638666,70638666,G,A,0.692,0.308,1.0,0.109,0.398,0.493,0.0
1,1:70665075,70665075,G,A,0.7215,0.2785,1.0,0.077,0.403,0.52,0.0
1,1:70706571,70706571,G,A,0.931,0.069,1.0,0.001,0.136,0.863,0.0
1,1:70721465,70721465,G,A,0.5665,0.4335,1.0,0.175,0.517,0.308,0.0
1,1:70721475,70721475,G,A,0.803,0.197,1.0,0.046,0.302,0.652,0.0
1,1:70734519,70734519,G,A,0.5395,0.4605,1.0,0.211,0.499,0.29,0.0
1,1:70760252,70760252,G,A,0.6755,0.3245,1.0,0.11,0.429,0.461,0.0
1,1:70775209,70775209,G,A,0.6035,0.3965,1.0,0.162,0.469,0.369,0.0
1,1:70781142,70781142,G,A,0.737,0.263,1.0,0.055,0.416,0.529,0.0
1,1:70790127,70790127,G,A,0.865,0.135,1.0,0.02,0.23,0.75,0.0
1,1:70797889,70797889,G,A,0.561,0.439,1.0,0.192,0.494,0.314,0.0
1,1:70805041,70805041,G,A,0.5875,0.4125,1.0,0.16,0.505,0.335,0.0
1,1:70860063,70860063,G,A,0.624,0.376,1.0,0.141,0.47,0.389,0.0
1,1:70873921,70873921,G,A,0.857,0.143,1.0,0.03,0.226,0.744,0.0
1,1:70897828,70897828,G,A,0.7195,0.2805,1.0,0.07,0.421,0.509,0.0
1,1:70931592,70931592,G,A,0.8055,0.1945,1.0,0.048,0.293,0.659,0.0
1,1:70941843,70941843,G,A,0.6675,0.3325,1.0,0.102,0.461,0.437,0.0
1,1:70943107,70943107,G,A,0.6975,0.3025,1.0,0.091,0.423,0.486,0.0
1,1:70972909,70972909,G,A,0.8575,0.1425,1.0,0.023,0.239,0.738,0.0
1,1:70977317,70977317,G,A,0.658,0.342,1.0,0.124,0.436,0.44,0.0
1,1:70995267,70995267,G,A,0.9365,0.0635,1.0,0.006,0.115,0.879,0.0
1,1:71009244,71009244,G,A,0.9215,0.0785,1.0,0.004,0.149,0.847,0.0
1,1:71015994,71015994,G,A,0.8635,0.1365,1.0,0.019,0.235,0.746,0.0
1,1:71020011,71020011,G,A,0.6975,0.3025,1.0,0.087,0.431,0.482,0.0
1,1:71021807,71021807,G,A,0.616,0.384,1.0,0.144,0.48,0.376,0.0
1,1:71086131,71086131,G,A,0.6045,0.3955,1.0,0.154,0.483,0.363,0.0
1,1:71087567,71087567,G,A,0.8375,0.1625,1.0,0.03,0.265,0.705,0.0
1,1:71098149,71098149,G,A,0.782,0.218,1.0,0.047,0.342,0.611,0.0
1,1:71140329,71140329,G,A,0.8515,0.1485,1.0,0.023,0.251,0.726,0.0
1,1:71178893,71178893,G,A,0.926,0.074,1.0,0.001,0.146,0.853,0.0
1,1:71209538,71209538,G,A,0.7515,0.2485,1.0,0.069,0.359,0.572,0.0
1,1:71214088,71214088,G,A,0.684,0.316,1.0,0.114,0.404,0.482,0.0
1,1:71226788,71226788,G,A,0.5205,0.4795,1.0,0.232,0.495,0.273,0.0
1,1:71240344,71240344,G,A,0.6245,0.3755,1.0,0.139,0.473,0.388,0.0
1,1:71244179,71244179,G,A,0.52,0.48,1.0,0.218,0.524,0.258,0.0
1,1:71247151,71247151,G,A,0.819,0.181,1.0,0.037,0.288,0.675,0.0
1,1:71275365,71275365,G,A,0.6165,0.3835,1.0,0.132,0.503,0.365,0.0
1,1:71297756,71297756,G,A,0.68,0.32,1.0,0.109,0.422,0.469,0.0
1,1:71335021,71335021,G,A,0.8195,0.1805,1.0,0.035,0.291,0.674,0.0
1,1:71370811,71370811,G,A,0.856,0.144,1.0,0.018,0.252,0.73,0.0
1,1:71389515,71389515,G,A,0.8305,0.1695,1.0,0.031,0.277,0.692,0.0
1,1:71415951,71415951,G,A,0.5325,0.4675,1.0,0.226,0.483,0.291,0.0
1,1:71425913,71425913,G,A,0.9395,0.0605,1.0,0.006,0.109,0.885,0.0
1,1:71433525,71433525,G,A,0.5505,0.4495,1.0,0.208,0.483,0.309,0.0
1,1:71450612,71450612,G,A,0.614,0.386,1.0,0.163,0.446,0.391,0.0
1,1:71531066,71531066,G,A,0.7035,0.2965,1.0,0.094,0.405,0.501,0.0
1,1:71531240,71531240,G,A,0.5615,0.4385,1.0,0.21,0.457,0.333,0.0
1,1:71537555,71537555,G,A,0.9335,0.0665,1.0,0.005,0.123,0.872,0.0
1,1:71572023,71572023,G,A,0.7025,0.2975,1.0,0.092,0.411,0.497,0.0
1,1:71572283,71572283,G,A,0.819,0.181,1.0,0.041,0.28,0.679,0.0
1,1:71582312,71582312,G,A,0.951,0.049,1.0,0.002,0.094,0.904,0.0
1,1:71619444,71619444,G,A,0.676,0.324,1.0,0.105,0.438,0.457,0.0
1,1:71619649,71619649,G,A,0.644,0.356,1.0,0.131,0.45,0.419,0.0
1,1:71626427,71626427,G,A,0.6865,0.3135,1.0,0.1,0.427,0.473,0.0
1,1:71648035,71648035,G,A,0.7575,0.2425,1.0,0.06,0.365,0.575,0.0
1,1:71709885,71709885,G,A,0.5945,0.4055,1.0,0.175,0.461,0.364,0.0
1,1:71719011,71719011,G,A,0.7835,0.2165,1.0,0.055,0.323,0.622,0.0
1,1:71766558,71766558,G,A,0.666,0.334,1.0,0.12,0.428,0.452,0.0
1,1:71766716,71766716,G,A,0.5055,0.4945,1.0,0.249,0.491,0.26,0.0
1,1:71769894,71769894,G,A,0.5845,0.4155,1.0,0.177,0.477,0.346,0.0
1,1:71772619,71772619,G,A,0.6355,0.3645,1.0,0.133,0.463,0.404,0.0
1,1:71797347,71797347,G,A,0.643,0.357,1.0,0.129,0.456,0.415,0.0
1,1:71819940,71819940,G,A,0.5835,0.4165,1.0,0.171,0.491,0.338,0.0
1,1:71829507,71829507,G,A,0.8685,0.1315,1.0,0.021,0.221,0.758,0.0
1,1:71873677,71873677,G,A,0.9175,0.0825,1.0,0.005,0.155,0.84,0.0
1,1:71894821,71894821,G,A,0.843,0.157,1.0,0.031,0.252,0.717,0.0
1,1:71964785,71964785,G,A,0.6225,0.3775,1.0,0.139,0.477,0.384,0.0
1,1:72010924,72010924,G,A,0.612,0.388,1.0,0.153,0.47,0.377,0.0
1,1:72017912,72017912,G,A,0.9425,0.0575,1.0,0.002,0.111,0.887,0.0
1,1:72045465,72045465,G,A,0.913,0.087,1.0,0.008,0.158,0.834,0.0
1,1:72073915,72073915,G,A,0.521,0.479,1.0,0.22,0.518,0.262,0.0
1,1:72079674,72079674,G,A,0.7265,0.2735,1.0,0.072,0.403,0.525,0.0
1,1:72098769,72098769,G,A,0.7035,0.2965,1.0,0.092,0.409,0.499,0.0
1,1:72112226,72112226,G,A,0.692,0.308,1.0,0.094,0.428,0.478,0.0
1,1:72141526,72141526,G,A,0.5105,0.4895,1.0,0.247,0.485,0.268,0.0
1,1:72164958,72164958,G,A,0.881,0.119,1.0,0.015,0.208,0.777,0.0
1,1:72193786,72193786,G,A,0.672,0.328,1.0,0.112,0.432,0.456,0.0
1,1:72216607,72216607,G,A,0.9145,0.0855,1.0,0.005,0.161,0.834,0.0
1,1:72225799,72225799,G,A,0.716,0.284,1.0,0.08,0.408,0.512,0.0
1,1:72258399,72258399,G,A,0.742,0.258,1.0,0.064,0.388,0.548,0.0
1,1:72294638,72294638,G,A,0.835,0.165,1.0,0.029,0.272,0.699,0.0
1,1:72325957,72325957,G,A,0.749,0.251,1.0,0.068,0.366,0.566,0.0
1,1:72347196,72347196,G,A,0.6345,0.3655,1.0,0.12,0.491,0.389,0.0
1,1:72350549,72350549,G,A,0.5605,0.4395,1.0,0.215,0.449,0.336,0.0
1,1:72405855,72405855,G,A,0.601,0.399,1.0,0.166,0.466,0.368,0.0
1,1:72410437,72410437,G,A,0.6875,0.3125,1.0,0.107,0.411,0.482,0.0
1,1:72412985,72412985,G,A,0.531,0.469,1.0,0.203,0.532,0.265,0.0
1,1:72429250,72429250,G,A,0.625,0.375,1.0,0.144,0.462,0.394,0.0
1,1:72456282,72456282,G,A,0.5755,0.4245,1.0,0.187,0.475,0.338,0.0
1,1:72465295,72465295,G,A,0.7815,0.2185,1.0,0.042,0.353,0.605,0.0
1,1:72487615,72487615,G,A,0.6345,0.3655,1.0,0.143,0.445,0.412,0.0
1,1:72506527,72506527,G,A,0.925,0.075,1.0,0.004,0.142,0.854,0.0
1,1:72507734,72507734,G,A,0.518,0.482,1.0,0.229,0.506,0.265,0.0
1,1:72548972,72548972,G,A,0.655,0.345,1.0,0.123,0.444,0.433,0.0
1,1:72554180,72554180,G,A,0.5735,0.4265,1.0,0.184,0.485,0.331,0.0
1,1:72555306,72555306,G,A,0.7285,0.2715,1.0,0.079,0.385,0.536,0.0
1,1:72562039,72562039,G,A,0.9465,0.0535,1.0,0.001,0.105,0.894,0.0
1,1:72571675,72571675,G,A,0.7265,0.2735,1.0,0.072,0.403,0.525,0.0
1,1:72586912,72586912,G,A,0.631,0.369,1.0,0.149,0.44,0.411,0.0
1,1:72613246,72613246,G,A,0.911,0.089,1.0,0.01,0.158,0.832,0.0
1,1:72641275,72641275,G,A,0.893,0.107,1.0,0.009,0.196,0.795,0.0
1,1:72648935,72648935,G,A,0.919,0.081,1.0,0.008,0.146,0.846,0.0
1,1:72668142,72668142,G,A,0.9005,0.0995,1.0,0.011,0.177,0.812,0.0
1,1:72739626,72739626,G,A,0.6785,0.3215,1.0,0.108,0.427,0.465,0.0
1,1:72759217,72759217,G,A,0.5645,0.4355,1.0,0.182,0.507,0.311,0.0
1,1:72764243,72764243,G,A,0.74,0.26,1.0,0.072,0.376,0.552,0.0
1,1:72789685,72789685,G,A,0.585,0.415,1.0,0.171,0.488,0.341,0.0
1,1:72807713,72807713,G,A,0.789,0.211,1.0,0.042,0.338,0.62,0.0
1,1:72846445,72846445,G,A,0.581,0.419,1.0,0.171,0.496,0.333,0.0
1,1:72851398,72851398,G,A,0.889,0.111,1.0,0.01,0.202,0.788,0.0
1,1:72888142,72888142,G,A,0.6835,0.3165,1.0,0.107,0.419,0.474,0.0
1,1:72892047,72892047,G,A,0.7295,0.2705,1.0,0.07,0.401,0.529,0.0
1,1:72894132,72894132,G,A,0.9085,0.0915,1.0,0.007,0.169,0.824,0.0
1,1:72931049,72931049,G,A,0.8525,0.1475,1.0,0.026,0.243,0.731,0.0
1,1:72999163,72999163,G,A,0.7155,0.2845,1.0,0.083,0.403,0.514,0.0
1,1:73007750,73007750,G,A,0.604,0.396,1.0,0.152,0.488,0.36,0.0
1,1:73111161,73111161,G,A,0.5605,0.4395,1.0,0.186,0.507,0.307,0.0
1,1:73135853,73135853,G,A,0.62,0.38,1.0,0.139,0.482,0.379,0.0
1,1:73143587,73143587,G,A,0.8325,0.1675,1.0,0.03,0.275,0.695,0.0
1,1:73150360,73150360,G,A,0.901,0.099,1.0,0.008,0.182,0.81,0.0
1,1:73190815,73190815,G,A,0.7245,0.2755,1.0,0.078,0.395,0.527,0.0
1,1:73195233,73195233,G,A,0.8065,0.1935,1.0,0.045,0.297,0.658,0.0
1,1:73199976,73199976,G,A,0.6885,0.3115,1.0,0.087,0.449,0.464,0.0
1,1:73204794,73204794,G,A,0.7755,0.2245,1.0,0.05,0.349,0.601,0.0
1,1:73205956,73205956,G,A,0.7955,0.2045,1.0,0.035,0.339,0.626,0.0
1,1:73208493,73208493,G,A,0.54,0.46,1.0,0.201,0.518,0.281,0.0
1,1:73214390,73214390,G,A,0.648,0.352,1.0,0.133,0.438,0.429,0.0
1,1:73248218,73248218,G,A,0.641,0.359,1.0,0.133,0.452,0.415,0.0
1,1:73263377,73263377,G,A,0.8845,0.1155,1.0,0.014,0.203,0.783,0.0
1,1:73317579,73317579,G,A,0.775,0.225,1.0,0.041,0.368,0.591,0.0
1,1:73378189,73378189,G,A,0.607,0.393,1.0,0.15,0.486,0.364,0.0
1,1:73380136,73380136,G,A,0.713,0.287,1.0,0.084,0.406,0.51,0.0
1,1:73390511,73390511,G,A,0.736,0.264,1.0,0.068,0.392,0.54,0.0
1,1:73418979,73418979,G,A,0.5385,0.4615,1.0,0.206,0.511,0.283,0.0
1,1:73422992,73422992,G,A,0.903,0.097,1.0,0.012,0.17,0.818,0.0
1,1:73476577,73476577,G,A,0.8685,0.1315,1.0,0.013,0.237,0.75,0.0
1,1:73506851,73506851,G,A,0.69,0.31,1.0,0.088,0.444,0.468,0.0
1,1:73537405,73537405,G,A,0.78,0.22,1.0,0.041,0.358,0.601,0.0
1,1:73545311,73545311,G,A,0.719,0.281,1.0,0.084,0.394,0.522,0.0
1,1:73548875,73548875,G,A,0.684,0.316,1.0,0.108,0.416,0.476,0.0
1,1:73574242,73574242,G,A,0.8865,0.1135,1.0,0.01,0.207,0.783,0.0
1,1:73581517,73581517,G,A,0.8325,0.1675,1.0,0.024,0.287,0.689,0.0
1,1:73603368,73603368,G,A,0.697,0.303,1.0,0.095,0.416,0.489,0.0
1,1:73619290,73619290,G,A,0.8525,0.1475,1.0,0.016,0.263,0.721,0.0
1,1:73657759,73657759,G,A,0.5855,0.4145,1.0,0.157,0.515,0.328,0.0
1,1:73658411,73658411,G,A,0.6235,0.3765,1.0,0.139,0.475,0.386,0.0
1,1:73663900,73663900,G,A,0.7035,0.2965,1.0,0.087,0.419,0.494,0.0
1,1:73665033,73665033,G,A,0.7225,0.2775,1.0,0.076,0.403,0.521,0.0
1,1:73678497,73678497,G,A,0.543,0.457,1.0,0.219,0.476,0.305,0.0
1,1:73684581,73684581,G,A,0.6135,0.3865,1.0,0.15,0.473,0.377,0.0
1,1:73701775,73701775,G,A,0.9355,0.0645,1.0,0.004,0.121,0.875,0.0
1,1:73706384,73706384,G,A,0.848,0.152,1.0,0.027,0.25,0.723,0.0
1,1:73741007,73741007,G,A,0.923,0.077,1.0,0.005,0.144,0.851,0.0
1,1:73746505,73746505,G,A,0.507,0.493,1.0,0.243,0.5,0.257,0.0
1,1:73788020,73788020,G,A,0.762,0.238,1.0,0.049,0.378,0.573,0.0
1,1:73790800,73790800,G,A,0.8925,0.1075,1.0,0.011,0.193,0.796,0.0
1,1:73798007,73798007,G,A,0.794,0.206,1.0,0.041,0.33,0.629,0.0
1,1:73808609,73808609,G,A,0.512,0.488,1.0,0.236,0.504,0.26,0.0
1,1:73823166,73823166,G,A,0.88,0.12,1.0,0.015,0.21,0.775,0.0
1,1:73851336,73851336,G,A,0.7745,0.2255,1.0,0.042,0.367,0.591,0.0
1,1:73963365,73963365,G,A,0.833,0.167,1.0,0.027,0.28,0.693,0.0
1,1:73976083,73976083,G,A,0.5805,0.4195,1.0,0.17,0.499,0.331,0.0
1,1:73985778,73985778,G,A,0.9315,0.0685,1.0,0.004,0.129,0.867,0.0
1,1:73991664,73991664,G,A,0.5245,0.4755,1.0,0.224,0.503,0.273,0.0
1,1:74002593,74002593,G,A,0.5865,0.4135,1.0,0.167,0.493,0.34,0.0
1,1:74006538,74006538,G,A,0.788,0.212,1.0,0.044,0.336,0.62,0.0
1,1:74023415,74023415,G,A,0.5545,0.4455,1.0,0.205,0.481,0.314,0.0
1,1:74042570,74042570,G,A,0.76,0.24,1.0,0.056,0.368,0.576,0.0
1,1:74042971,74042971,G,A,0.8105,0.1895,1.0,0.038,0.303,0.659,0.0
1,1:74044639,74044639,G,A,0.7605,0.2395,1.0,0.059,0.361,0.58,0.0
1,1:74052986,74052986,G,A,0.581,0.419,1.0,0.186,0.466,0.348,0.0
1,1:74062622,74062622,G,A,0.698,0.302,1.0,0.09,0.424,0.486,0.0
1,1:74080003,74080003,G,A,0.8545,0.1455,1.0,0.018,0.255,0.727,0.0
1,1:74085475,74085475,G,A,0.916,0.084,1.0,0.009,0.15,0.841,0.0
1,1:74087005,74087005,G,A,0.658,0.342,1.0,0.124,0.436,0.44,0.0
1,1:74090305,74090305,G,A,0.5765,0.4235,1.0,0.182,0.483,0.335,0.0
1,1:74092761,74092761,G,A,0.56,0.44,1.0,0.202,0.476,0.322,0.0
1,1:74099472,74099472,G,A,0.567,0.433,1.0,0.189,0.488,0.323,0.0
1,1:74144520,74144520,G,A,0.7245,0.2755,1.0,0.071,0.409,0.52,0.0
1,1:74149771,74149771,G,A,0.7625,0.2375,1.0,0.063,0.349,0.588,0.0
1,1:74154765,74154765,G,A,0.5095,0.4905,1.0,0.239,0.503,0.258,0.0
1,1:74170048,74170048,G,A,0.5245,0.4755,1.0,0.22,0.511,0.269,0.0
1,1:74193474,74193474,G,A,0.612,0.388,1.0,0.154,0.468,0.378,0.0
1,1:74282742,74282742,G,A,0.747,0.253,1.0,0.053,0.4,0.547,0.0
1,1:74304907,74304907,G,A,0.505,0.495,1.0,0.25,0.49,0.26,0.0
1,1:74313641,74313641,G,A,0.768,0.232,1.0,0.058,0.348,0.594,0.0
1,1:74380341,74380341,G,A,0.6405,0.3595,1.0,0.127,0.465,0.408,0.0
1,1:74412558,74412558,G,A,0.8345,0.1655,1.0,0.029,0.273,0.698,0.0
1,1:74488798,74488798,G,A,0.587,0.413,1.0,0.175,0.476,0.349,0.0
1,1:74504215,74504215,G,A,0.572,0.428,1.0,0.179,0.498,0.323,0.0
1,1:74504738,74504738,G,A,0.711,0.289,1.0,0.083,0.412,0.505,0.0
1,1:74531077,74531077,G,A,0.694,0.306,1.0,0.099,0.414,0.487,0.0
1,1:74583312,74583312,G,A,0.5225,0.4775,1.0,0.239,0.477,0.284,0.0
1,1:74588686,74588686,G,A,0.8815,0.1185,1.0,0.011,0.215,0.774,0.0
1,1:74607931,74607931,G,A,0.72,0.28,1.0,0.085,0.39,0.525,0.0
1,1:74614056,74614056,G,A,0.7085,0.2915,1.0,0.078,0.427,0.495,0.0
1,1:74645630,74645630,G,A,0.585,0.415,1.0,0.179,0.472,0.349,0.0
1,1:74652024,74652024,G,A,0.5795,0.4205,1.0,0.173,0.495,0.332,0.0
1,1:74705450,74705450,G,A,0.6755,0.3245,1.0,0.105,0.439,0.456,0.0
1,1:74712741,74712741,G,A,0.887,0.113,1.0,0.014,0.198,0.788,0.0
1,1:74741150,74741150,G,A,0.777,0.223,1.0,0.05,0.346,0.604,0.0
1,1:74765360,74765360,G,A,0.903,0.097,1.0,0.012,0.17,0.818,0.0
1,1:74813559,74813559,G,A,0.877,0.123,1.0,0.016,0.214,0.77,0.0
1,1:74815223,74815223,G,A,0.8415,0.1585,1.0,0.025,0.267,0.708,0.0
1,1:74842173,74842173,G,A,0.7985,0.2015,1.0,0.036,0.331,0.633,0.0
1,1:74926169,74926169,G,A,0.7495,0.2505,1.0,0.065,0.371,0.564,0.0
1,1:74931501,74931501,G,A,0.631,0.369,1.0,0.143,0.452,0.405,0.0
1,1:74936359,74936359,G,A,0.9435,0.0565,1.0,0.003,0.107,0.89,0.0
1,1:74948995,74948995,G,A,0.5625,0.4375,1.0,0.173,0.529,0.298,0.0
1,1:74982356,74982356,G,A,0.484,0.516,1.0,0.268,0.496,0.236,0.0
1,1:74993344,74993344,G,A,0.526,0.474,1.0,0.224,0.5,0.276,0.0
1,1:75008149,75008149,G,A,0.77,0.23,1.0,0.057,0.346,0.597,0.0
1,1:75012934,75012934,G,A,0.7625,0.2375,1.0,0.066,0.343,0.591,0.0
1,1:75013293,75013293,G,A,0.706,0.294,1.0,0.087,0.414,0.499,0.0
1,1:75057005,75057005,G,A,0.653,0.347,1.0,0.125,0.444,0.431,0.0
1,1:75071231,75071231,G,A,0.8345,0.1655,1.0,0.035,0.261,0.704,0.0
1,1:75081233,75081233,G,A,0.6395,0.3605,1.0,0.143,0.435,0.422,0.0
1,1:75092304,75092304,G,A,0.7935,0.2065,1.0,0.034,0.345,0.621,0.0
1,1:75092306,75092306,G,A,0.655,0.345,1.0,0.116,0.458,0.426,0.0
1,1:75094485,75094485,G,A,0.6415,0.3585,1.0,0.131,0.455,0.414,0.0
1,1:75111484,75111484,G,A,0.9455,0.0545,1.0,0.003,0.103,0.894,0.0
1,1:75134272,75134272,G,A,0.572,0.428,1.0,0.174,0.508,0.318,0.0
1,1:75142816,75142816,G,A,0.8695,0.1305,1.0,0.016,0.229,0.755,0.0
1,1:75147627,75147627,G,A,0.492,0.508,1.0,0.269,0.478,0.253,0.0
1,1:75149844,75149844,G,A,0.6915,0.3085,1.0,0.098,0.421,0.481,0.0
1,1:75169698,75169698,G,A,0.7865,0.2135,1.0,0.049,0.329,0.622,0.0
1,1:75173085,75173085,G,A,0.9115,0.0885,1.0,0.007,0.163,0.83,0.0
1,1:75176852,75176852,G,A,0.6545,0.3455,1.0,0.123,0.445,0.432,0.0
1,1:75191988,75191988,G,A,0.7765,0.2235,1.0,0.046,0.355,0.599,0.0
1,1:75211738,75211738,G,A,0.5155,0.4845,1.0,0.241,0.487,0.272,0.0
1,1:75230622,75230622,G,A,0.5655,0.4345,1.0,0.191,0.487,0.322,0.0
1,1:75261978,75261978,G,A,0.8895,0.1105,1.0,0.011,0.199,0.79,0.0
1,1:75304675,75304675,G,A,0.747,0.253,1.0,0.06,0.386,0.554,0.0
1,1:75306160,75306160,G,A,0.752,0.248,1.0,0.063,0.37,0.567,0.0
1,1:75356617,75356617,G,A,0.651,0.349,1.0,0.111,0.476,0.413,0.0
1,1:75386848,75386848,G,A,0.833,0.167,1.0,0.022,0.29,0.688,0.0
1,1:75412008,75412008,G,A,0.591,0.409,1.0,0.175,0.468,0.357,0.0
1,1:75415326,75415326,G,A,0.5125,0.4875,1.0,0.236,0.503,0.261,0.0
1,1:75421799,75421799,G,A,0.717,0.283,1.0,0.075,0.416,0.509,0.0
1,1:75441965,75441965,G,A,0.5305,0.4695,1.0,0.214,0.511,0.275,0.0
1,1:75452393,75452393,G,A,0.8045,0.1955,1.0,0.041,0.309,0.65,0.0
1,1:75460975,75460975,G,A,0.7975,0.2025,1.0,0.038,0.329,0.633,0.0
1,1:75488206,75488206,G,A,0.603,0.397,1.0,0.149,0.496,0.355,0.0
1,1:75495045,75495045,G,A,0.7455,0.2545,1.0,0.06,0.389,0.551,0.0
1,1:75495234,75495234,G,A,0.831,0.169,1.0,0.023,0.292,0.685,0.0
1,1:75524263,75524263,G,A,0.813,0.187,1.0,0.038,0.298,0.664,0.0
1,1:75530793,75530793,G,A,0.5945,0.4055,1.0,0.157,0.497,0.346,0.0
1,1:75532174,75532174,G,A,0.654,0.346,1.0,0.116,0.46,0.424,0.0
1,1:75533886,75533886,G,A,0.6235,0.3765,1.0,0.131,0.491,0.378,0.0
1,1:75542705,75542705,G,A,0.7655,0.2345,1.0,0.051,0.367,0.582,0.0
1,1:75543475,75543475,G,A,0.536,0.464,1.0,0.202,0.524,0.274,0.0
1,1:75559980,75559980,G,A,0.547,0.453,1.0,0.211,0.484,0.305,0.0
1,1:75566276,75566276,G,A,0.936,0.064,1.0,0.003,0.122,0.875,0.0
1,1:75575550,75575550,G,A,0.7775,0.2225,1.0,0.055,0.335,0.61,0.0
1,1:75589338,75589338,G,A,0.923,0.077,1.0,0.009,0.136,0.855,0.0
1,1:75594879,75594879,G,A,0.8495,0.1505,1.0,0.023,0.255,0.722,0.0
1,1:75623581,75623581,G,A,0.5265,0.4735,1.0,0.229,0.489,0.282,0.0
1,1:75628657,75628657,G,A,0.5665,0.4335,1.0,0.197,0.473,0.33,0.0
1,1:75643943,75643943,G,A,0.923,0.077,1.0,0.006,0.142,0.852,0.0
1,1:75655175,75655175,G,A,0.9395,0.0605,1.0,0.002,0.117,0.881,0.0
1,1:75656765,75656765,G,A,0.65,0.35,1.0,0.122,0.456,0.422,0.0
1,1:75677303,75677303,G,A,0.8585,0.1415,1.0,0.021,0.241,0.738,0.0
1,1:75759564,75759564,G,A,0.9465,0.0535,1.0,0.005,0.097,0.898,0.0
1,1:75761696,75761696,G,A,0.579,0.421,1.0,0.177,0.488,0.335,0.0
1,1:75779043,75779043,G,A,0.783,0.217,1.0,0.044,0.346,0.61,0.0
1,1:75785789,75785789,G,A,0.7535,0.2465,1.0,0.076,0.341,0.583,0.0
1,1:75814821,75814821,G,A,0.908,0.092,1.0,0.006,0.172,0.822,0.0
1,1:75899394,75899394,G,A,0.7375,0.2625,1.0,0.08,0.365,0.555,0.0
1,1:75900554,75900554,G,A,0.6235,0.3765,1.0,0.143,0.467,0.39,0.0
1,1:75900630,75900630,G,A,0.812,0.188,1.0,0.031,0.314,0.655,0.0
1,1:75902245,75902245,G,A,0.5855,0.4145,1.0,0.171,0.487,0.342,0.0
1,1:75912073,75912073,G,A,0.667,0.333,1.0,0.106,0.454,0.44,0.0
1,1:75935098,75935098,G,A,0.7605,0.2395,1.0,0.056,0.367,0.577,0.0
1,1:75968555,75968555,G,A,0.716,0.284,1.0,0.078,0.412,0.51,0.0
1,1:75996189,75996189,G,A,0.8845,0.1155,1.0,0.013,0.205,0.782,0.0
1,1:75998647,75998647,G,A,0.5715,0.4285,1.0,0.182,0.493,0.325,0.0
1,1:76039129,76039129,G,A,0.542,0.458,1.0,0.209,0.498,0.293,0.0
1,1:76070914,76070914,G,A,0.7825,0.2175,1.0,0.052,0.331,0.617,0.0
1,1:76085631,76085631,G,A,0.65,0.35,1.0,0.115,0.47,0.415,0.0
1,1:76106219,76106219,G,A,0.614,0.386,1.0,0.141,0.49,0.369,0.0
1,1:76107469,76107469,G,A,0.5645,0.4355,1.0,0.184,0.503,0.313,0.0
1,1:76113336,76113336,G,A,0.6265,0.3735,1.0,0.138,0.471,0.391,0.0
1,1:76116476,76116476,G,A,0.732,0.268,1.0,0.08,0.376,0.544,0.0
1,1:76123518,76123518,G,A,0.627,0.373,1.0,0.139,0.468,0.393,0.0
1,1:76151697,76151697,G,A,0.536,0.464,1.0,0.193,0.542,0.265,0.0
1,1:76152969,76152969,G,A,0.739,0.261,1.0,0.064,0.394,0.542,0.0
1,1:76165879,76165879,G,A,0.906,0.094,1.0,0.012,0.164,0.824,0.0
1,1:76176891,76176891,G,A,0.5805,0.4195,1.0,0.188,0.463,0.349,0.0
1,1:76204646,76204646,G,A,0.6315,0.3685,1.0,0.141,0.455,0.404,0.0
1,1:76210813,76210813,G,A,0.8165,0.1835,1.0,0.036,0.295,0.669,0.0
1,1:76241447,76241447,G,A,0.6885,0.3115,1.0,0.102,0.419,0.479,0.0
1,1:76246547,76246547,G,A,0.9265,0.0735,1.0,0.008,0.131,0.861,0.0
1,1:76288118,76288118,G,A,0.7355,0.2645,1.0,0.068,0.393,0.539,0.0
1,1:76294530,76294530,G,A,0.778,0.222,1.0,0.061,0.322,0.617,0.0
1,1:76294552,76294552,G,A,0.8265,0.1735,1.0,0.032,0.283,0.685,0.0
1,1:76301165,76301165,G,A,0.8675,0.1325,1.0,0.022,0.221,0.757,0.0
1,1:76321232,76321232,G,A,0.796,0.204,1.0,0.039,0.33,0.631,0.0
1,1:76350219,76350219,G,A,0.547,0.453,1.0,0.207,0.492,0.301,0.0
1,1:76351078,76351078,G,A,0.729,0.271,1.0,0.078,0.386,0.536,0.0
1,1:76362382,76362382,G,A,0.861,0.139,1.0,0.02,0.238,0.742,0.0
1,1:76386966,76386966,G,A,0.574,0.426,1.0,0.191,0.47,0.339,0.0
1,1:76415032,76415032,G,A,0.826,0.174,1.0,0.028,0.292,0.68,0.0
1,1:76423688,76423688,G,A,0.572,0.428,1.0,0.17,0.516,0.314,0.0
1,1:76531659,76531659,G,A,0.9385,0.0615,1.0,0.004,0.115,0.881,0.0
1,1:76586436,76586436,G,A,0.5615,0.4385,1.0,0.191,0.495,0.314,0.0
1,1:76591882,76591882,G,A,0.7195,0.2805,1.0,0.087,0.387,0.526,0.0
1,1:76599401,76599401,G,A,0.5985,0.4015,1.0,0.153,0.497,0.35,0.0
1,1:76630656,76630656,G,A,0.798,0.202,1.0,0.049,0.306,0.645,0.0
1,1:76655128,76655128,G,A,0.564,0.436,1.0,0.183,0.506,0.311,0.0
1,1:76658630,76658630,G,A,0.6225,0.3775,1.0,0.136,0.483,0.381,0.0
1,1:76666405,76666405,G,A,0.926,0.074,1.0,0.008,0.132,0.86,0.0
1,1:76705259,76705259,G,A,0.925,0.075,1.0,0.007,0.136,0.857,0.0
1,1:76716231,76716231,G,A,0.8075,0.1925,1.0,0.037,0.311,0.652,0.0
1,1:76737384,76737384,G,A,0.9315,0.0685,1.0,0.005,0.127,0.868,0.0
1,1:76767937,76767937,G,A,0.9295,0.0705,1.0,0.006,0.129,0.865,0.0
1,1:76776653,76776653,G,A,0.7775,0.2225,1.0,0.051,0.343,0.606,0.0
1,1:76794549,76794549,G,A,0.851,0.149,1.0,0.025,0.248,0.727,0.0
1,1:76795292,76795292,G,A,0.8115,0.1885,1.0,0.045,0.287,0.668,0.0
1,1:76795464,76795464,G,A,0.758,0.242,1.0,0.05,0.384,0.566,0.0
1,1:76796918,76796918,G,A,0.9115,0.0885,1.0,0.014,0.149,0.837,0.0
1,1:76802239,76802239,G,A,0.6655,0.3345,1.0,0.108,0.453,0.439,0.0
1,1:76818040,76818040,G,A,0.801,0.199,1.0,0.038,0.322,0.64,0.0
1,1:76835155,76835155,G,A,0.601,0.399,1.0,0.158,0.482,0.36,0.0
1,1:76885982,76885982,G,A,0.469,0.531,1.0,0.273,0.516,0.211,0.0
1,1:76893498,76893498,G,A,0.7775,0.2225,1.0,0.052,0.341,0.607,0.0
1,1:76914301,76914301,G,A,0.6255,0.3745,1.0,0.144,0.461,0.395,0.0
1,1:76934009,76934009,G,A,0.831,0.169,1.0,0.033,0.272,0.695,0.0
1,1:76961280,76961280,G,A,0.583,0.417,1.0,0.167,0.5,0.333,0.0
1,1:76989725,76989725,G,A,0.624,0.376,1.0,0.144,0.464,0.392,0.0
1,1:77031057,77031057,G,A,0.825,0.175,1.0,0.026,0.298,0.676,0.0
1,1:77055614,77055614,G,A,0.739,0.261,1.0,0.065,0.392,0.543,0.0
1,1:77064526,77064526,G,A,0.6065,0.3935,1.0,0.151,0.485,0.364,0.0
1,1:77066033,77066033,G,A,0.6335,0.3665,1.0,0.14,0.453,0.407,0.0
1,1:77076111,77076111,G,A,0.939,0.061,1.0,0.003,0.116,0.881,0.0
1,1:77138705,77138705,G,A,0.95,0.05,1.0,0.003,0.094,0.903,0.0
1,1:77139898,77139898,G,A,0.596,0.404,1.0,0.169,0.47,0.361,0.0
1,1:77141180,77141180,G,A,0.756,0.244,1.0,0.058,0.372,0.57,0.0
1,1:77170268,77170268,G,A,0.7215,0.2785,1.0,0.082,0.393,0.525,0.0
1,1:77183766,77183766,G,A,0.499,0.501,1.0,0.247,0.508,0.245,0.0
1,1:77189211,77189211,G,A,0.8875,0.1125,1.0,0.015,0.195,0.79,0.0
1,1:77198716,77198716,G,A,0.9415,0.0585,1.0,0.003,0.111,0.886,0.0
1,1:77202070,77202070,G,A,0.8725,0.1275,1.0,0.011,0.233,0.756,0.0
1,1:77209214,77209214,G,A,0.611,0.389,1.0,0.149,0.48,0.371,0.0
1,1:77219672,77219672,G,A,0.878,0.122,1.0,0.015,0.214,0.771,0.0
1,1:77264089,77264089,G,A,0.706,0.294,1.0,0.092,0.404,0.504,0.0
1,1:77273676,77273676,G,A,0.5925,0.4075,1.0,0.173,0.469,0.358,0.0
1,1:77275699,77275699,G,A,0.5785,0.4215,1.0,0.175,0.493,0.332,0.0
1,1:77277158,77277158,G,A,0.841,0.159,1.0,0.02,0.278,0.702,0.0
1,1:77309809,77309809,G,A,0.5535,0.4465,1.0,0.191,0.511,0.298,0.0
1,1:77337556,77337556,G,A,0.498,0.502,1.0,0.243,0.518,0.239,0.0
1,1:77344058,77344058,G,A,0.5005,0.4995,1.0,0.251,0.497,0.252,0.0
1,1:77347389,77347389,G,A,0.5625,0.4375,1.0,0.192,0.491,0.317,0.0
1,1:77411195,77411195,G,A,0.9225,0.0775,1.0,0.004,0.147,0.849,0.0
1,1:77456783,77456783,G,A,0.661,0.339,1.0,0.125,0.428,0.447,0.0
1,1:77457398,77457398,G,A,0.7535,0.2465,1.0,0.056,0.381,0.563,0.0
1,1:77462429,77462429,G,A,0.825,0.175,1.0,0.031,0.288,0.681,0.0
1,1:77498464,77498464,G,A,0.8035,0.1965,1.0,0.038,0.317,0.645,0.0
1,1:77510794,77510794,G,A,0.5275,0.4725,1.0,0.222,0.501,0.277,0.0
1,1:77540510,77540510,G,A,0.5175,0.4825,1.0,0.225,0.515,0.26,0.0
1,1:77566144,77566144,G,A,0.8885,0.1115,1.0,0.014,0.195,0.791,0.0
1,1:77582732,77582732,G,A,0.8605,0.1395,1.0,0.021,0.237,0.742,0.0
1,1:77620694,77620694,G,A,0.552,0.448,1.0,0.215,0.466,0.319,0.0
1,1:77620711,77620711,G,A,0.686,0.314,1.0,0.107,0.414,0.479,0.0
1,1:77632266,77632266,G,A,0.639,0.361,1.0,0.129,0.464,0.407,0.0
1,1:77633092,77633092,G,A,0.794,0.206,1.0,0.036,0.34,0.624,0.0
1,1:77647697,77647697,G,A,0.835,0.165,1.0,0.026,0.278,0.696,0.0
1,1:77652170,77652170,G,A,0.7595,0.2405,1.0,0.048,0.385,0.567,0.0
1,1:77678180,77678180,G,A,0.791,0.209,1.0,0.041,0.336,0.623,0.0
1,1:77688895,77688895,G,A,0.521,0.479,1.0,0.218,0.522,0.26,0.0
1,1:77696864,77696864,G,A,0.879,0.121,1.0,0.017,0.208,0.775,0.0
1,1:77707326,77707326,G,A,0.507,0.493,1.0,0.229,0.528,0.243,0.0
1,1:77729133,77729133,G,A,0.542,0.458,1.0,0.212,0.492,0.296,0.0
1,1:77734508,77734508,G,A,0.6905,0.3095,1.0,0.085,0.449,0.466,0.0
1,1:77745412,77745412,G,A,0.7955,0.2045,1.0,0.043,0.323,0.634,0.0
1,1:77751355,77751355,G,A,0.6175,0.3825,1.0,0.152,0.461,0.387,0.0
1,1:77752209,77752209,G,A,0.7275,0.2725,1.0,0.071,0.403,0.526,0.0
1,1:77782639,77782639,G,A,0.7875,0.2125,1.0,0.051,0.323,0.626,0.0
1,1:77809460,77809460,G,A,0.809,0.191,1.0,0.036,0.31,0.654,0.0
1,1:77822270,77822270,G,A,0.9135,0.0865,1.0,0.01,0.153,0.837,0.0
1,1:77827226,77827226,G,A,0.7465,0.2535,1.0,0.067,0.373,0.56,0.0
1,1:77840867,77840867,G,A,0.829,0.171,1.0,0.026,0.29,0.684,0.0
1,1:77842161,77842161,G,A,0.9425,0.0575,1.0,0.003,0.109,0.888,0.0
1,1:77859105,77859105,G,A,0.8415,0.1585,1.0,0.031,0.255,0.714,0.0
1,1:77870421,77870421,G,A,0.8415,0.1585,1.0,0.025,0.267,0.708,0.0
1,1:77882248,77882248,G,A,0.8125,0.1875,1.0,0.032,0.311,0.657,0.0
1,1:77897543,77897543,G,A,0.5115,0.4885,1.0,0.232,0.513,0.255,0.0
1,1:77906502,77906502,G,A,0.556,0.444,1.0,0.185,0.518,0.297,0.0
1,1:77921523,77921523,G,A,0.941,0.059,1.0,0.008,0.102,0.89,0.0
1,1:77934718,77934718,G,A,0.8455,0.1545,1.0,0.027,0.255,0.718,0.0
1,1:77937328,77937328,G,A,0.7485,0.2515,1.0,0.06,0.383,0.557,0.0
1,1:77960089,77960089,G,A,0.8185,0.1815,1.0,0.041,0.281,0.678,0.0
1,1:77973012,77973012,G,A,0.7785,0.2215,1.0,0.049,0.345,0.606,0.0
1,1:77982668,77982668,G,A,0.6035,0.3965,1.0,0.152,0.489,0.359,0.0
1,1:77998329,77998329,G,A,0.695,0.305,1.0,0.077,0.456,0.467,0.0
1,1:78014807,78014807,G,A,0.745,0.255,1.0,0.074,0.362,0.564,0.0
1,1:78021861,78021861,G,A,0.7355,0.2645,1.0,0.074,0.381,0.545,0.0
1,1:78037949,78037949,G,A,0.8165,0.1835,1.0,0.029,0.309,0.662,0.0
1,1:78039490,78039490,G,A,0.8605,0.1395,1.0,0.015,0.249,0.736,0.0
1,1:78107942,78107942,G,A,0.8535,0.1465,1.0,0.023,0.247,0.73,0.0
1,1:78110974,78110974,G,A,0.5815,0.4185,1.0,0.188,0.461,0.351,0.0
1,1:78113714,78113714,G,A,0.853,0.147,1.0,0.026,0.242,0.732,0.0
1,1:78119051,78119051,G,A,0.5375,0.4625,1.0,0.219,0.487,0.294,0.0
1,1:78127619,78127619,G,A,0.752,0.248,1.0,0.06,0.376,0.564,0.0
1,1:78140534,78140534,G,A,0.7035,0.2965,1.0,0.087,0.419,0.494,0.0
1,1:78147797,78147797,G,A,0.689,0.311,1.0,0.105,0.412,0.483,0.0
1,1:78164454,78164454,G,A,0.801,0.199,1.0,0.036,0.326,0.638,0.0
1,1:78262146,78262146,G,A,0.5375,0.4625,1.0,0.21,0.505,0.285,0.0
1,1:78308333,78308333,G,A,0.703,0.297,1.0,0.097,0.4,0.503,0.0
1,1:78326928,78326928,G,A,0.536,0.464,1.0,0.229,0.47,0.301,0.0
1,1:78350879,78350879,G,A,0.7215,0.2785,1.0,0.058,0.441,0.501,0.0
1,1:78369649,78369649,G,A,0.9445,0.0555,1.0,0.004,0.103,0.893,0.0
1,1:78384477,78384477,G,A,0.938,0.062,1.0,0.003,0.118,0.879,0.0
1,1:78414096,78414096,G,A,0.8165,0.1835,1.0,0.029,0.309,0.662,0.0
1,1:78427657,78427657,G,A,0.5745,0.4255,1.0,0.181,0.489,0.33,0.0
1,1:78445366,78445366,G,A,0.835,0.165,1.0,0.023,0.284,0.693,0.0
1,1:78483722,78483722,G,A,0.7425,0.2575,1.0,0.067,0.381,0.552,0.0
1,1:78500948,78500948,G,A,0.858,0.142,1.0,0.019,0.246,0.735,0.0
1,1:78502807,78502807,G,A,0.6165,0.3835,1.0,0.142,0.483,0.375,0.0
1,1:78507231,78507231,G,A,0.6335,0.3665,1.0,0.128,0.477,0.395,0.0
1,1:78510012,78510012,G,A,0.549,0.451,1.0,0.198,0.506,0.296,0.0
1,1:78535843,78535843,G,A,0.7835,0.2165,1.0,0.056,0.321,0.623,0.0
1,1:78542652,78542652,G,A,0.5085,0.4915,1.0,0.237,0.509,0.254,0.0
1,1:78547324,78547324,G,A,0.5355,0.4645,1.0,0.23,0.469,0.301,0.0
1,1:78550239,78550239,G,A,0.7635,0.2365,1.0,0.062,0.349,0.589,0.0
1,1:78566366,78566366,G,A,0.573,0.427,1.0,0.181,0.492,0.327,0.0
1,1:78645388,78645388,G,A,0.751,0.249,1.0,0.056,0.386,0.558,0.0
1,1:78649102,78649102,G,A,0.5965,0.4035,1.0,0.164,0.479,0.357,0.0
1,1:78665232,78665232,G,A,0.777,0.223,1.0,0.053,0.34,0.607,0.0
1,1:78703072,78703072,G,A,0.8345,0.1655,1.0,0.023,0.285,0.692,0.0
1,1:78725275,78725275,G,A,0.6285,0.3715,1.0,0.141,0.461,0.398,0.0
1,1:78733131,78733131,G,A,0.5235,0.4765,1.0,0.228,0.497,0.275,0.0
1,1:78742440,78742440,G,A,0.6065,0.3935,1.0,0.159,0.469,0.372,0.0
1,1:78774892,78774892,G,A,0.5115,0.4885,1.0,0.244,0.489,0.267,0.0
1,1:78795079,78795079,G,A,0.5205,0.4795,1.0,0.228,0.503,0.269,0.0
1,1:78797827,78797827,G,A,0.773,0.227,1.0,0.048,0.358,0.594,0.0
1,1:78815703,78815703,G,A,0.713,0.287,1.0,0.079,0.416,0.505,0.0
1,1:78826935,78826935,G,A,0.8745,0.1255,1.0,0.015,0.221,0.764,0.0
1,1:78839576,78839576,G,A,0.7535,0.2465,1.0,0.049,0.395,0.556,0.0
1,1:78846397,78846397,G,A,0.595,0.405,1.0,0.149,0.512,0.339,0.0
1,1:78877828,78877828,G,A,0.7155,0.2845,1.0,0.072,0.425,0.503,0.0
1,1:78881541,78881541,G,A,0.4925,0.5075,1.0,0.247,0.521,0.232,0.0
1,1:78888399,78888399,G,A,0.906,0.094,1.0,0.006,0.176,0.818,0.0
1,1:78911294,78911294,G,A,0.727,0.273,1.0,0.076,0.394,0.53,0.0
1,1:78929434,78929434,G,A,0.719,0.281,1.0,0.078,0.406,0.516,0.0
1,1:78931276,78931276,G,A,0.8755,0.1245,1.0,0.013,0.223,0.764,0.0
1,1:78981712,78981712,G,A,0.579,0.421,1.0,0.166,0.51,0.324,0.0
1,1:78987339,78987339,G,A,0.586,0.414,1.0,0.164,0.5,0.336,0.0
1,1:78998741,78998741,G,A,0.551,0.449,1.0,0.197,0.504,0.299,0.0
1,1:79018914,79018914,G,A,0.523,0.477,1.0,0.22,0.514,0.266,0.0
1,1:79061848,79061848,G,A,0.6355,0.3645,1.0,0.131,0.467,0.402,0.0
1,1:79108266,79108266,G,A,0.5545,0.4455,1.0,0.201,0.489,0.31,0.0
1,1:79110217,79110217,G,A,0.9175,0.0825,1.0,0.005,0.155,0.84,0.0
1,1:79140166,79140166,G,A,0.77,0.23,1.0,0.066,0.328,0.606,0.0
1,1:79146439,79146439,G,A,0.8165,0.1835,1.0,0.032,0.303,0.665,0.0
1,1:79157204,79157204,G,A,0.6065,0.3935,1.0,0.145,0.497,0.358,0.0
1,1:79165064,79165064,G,A,0.816,0.184,1.0,0.025,0.318,0.657,0.0
1,1:79214743,79214743,G,A,0.7085,0.2915,1.0,0.074,0.435,0.491,0.0
1,1:79232917,79232917,G,A,0.779,0.221,1.0,0.041,0.36,0.599,0.0
1,1:79243801,79243801,G,A,0.6155,0.3845,1.0,0.137,0.495,0.368,0.0
1,1:79322731,79322731,G,A,0.69,0.31,1.0,0.1,0.42,0.48,0.0
1,1:79348897,79348897,G,A,0.7565,0.2435,1.0,0.068,0.351,0.581,0.0
1,1:79357217,79357217,G,A,0.884,0.116,1.0,0.012,0.208,0.78,0.0
1,1:79367899,79367899,G,A,0.8805,0.1195,1.0,0.012,0.215,0.773,0.0
1,1:79394365,79394365,G,A,0.6055,0.3945,1.0,0.151,0.487,0.362,0.0
1,1:79452961,79452961,G,A,0.9355,0.0645,1.0,0.008,0.113,0.879,0.0
1,1:79491183,79491183,G,A,0.7585,0.2415,1.0,0.061,0.361,0.578,0.0
1,1:79491893,79491893,G,A,0.629,0.371,1.0,0.148,0.446,0.406,0.0
1,1:79521700,79521700,G,A,0.782,0.218,1.0,0.046,0.344,0.61,0.0
1,1:79534579,79534579,G,A,0.6545,0.3455,1.0,0.122,0.447,0.431,0.0
1,1:79538532,79538532,G,A,0.619,0.381,1.0,0.134,0.494,0.372,0.0
1,1:79540081,79540081,G,A,0.5495,0.4505,1.0,0.198,0.505,0.297,0.0
1,1:79549362,79549362,G,A,0.8455,0.1545,1.0,0.026,0.257,0.717,0.0
1,1:79557592,79557592,G,A,0.6385,0.3615,1.0,0.131,0.461,0.408,0.0
1,1:79569120,79569120,G,A,0.674,0.326,1.0,0.117,0.418,0.465,0.0
1,1:79590439,79590439,G,A,0.7445,0.2555,1.0,0.056,0.399,0.545,0.0
1,1:79594424,79594424,G,A,0.762,0.238,1.0,0.055,0.366,0.579,0.0
1,1:79601872,79601872,G,A,0.5785,0.4215,1.0,0.18,0.483,0.337,0.0
1,1:79612818,79612818,G,A,0.8595,0.1405,1.0,0.015,0.251,0.734,0.0
1,1:79638836,79638836,G,A,0.5815,0.4185,1.0,0.165,0.507,0.328,0.0
1,1:79655366,79655366,G,A,0.9155,0.0845,1.0,0.007,0.155,0.838,0.0
1,1:79659373,79659373,G,A,0.708,0.292,1.0,0.088,0.408,0.504,0.0
1,1:79673899,79673899,G,A,0.8725,0.1275,1.0,0.011,0.233,0.756,0.0
1,1:79688896,79688896,G,A,0.7635,0.2365,1.0,0.067,0.339,0.594,0.0
1,1:79690287,79690287,G,A,0.7385,0.2615,1.0,0.054,0.415,0.531,0.0
1,1:79723878,79723878,G,A,0.6075,0.3925,1.0,0.147,0.491,0.362,0.0
1,1:79757502,79757502,G,A,0.8665,0.1335,1.0,0.015,0.237,0.748,0.0
1,1:79790595,79790595,G,A,0.8025,0.1975,1.0,0.038,0.319,0.643,0.0
1,1:79837565,79837565,G,A,0.719,0.281,1.0,0.072,0.418,0.51,0.0
1,1:79852158,79852158,G,A,0.617,0.383,1.0,0.149,0.468,0.383,0.0
1,1:79885560,79885560,G,A,0.6945,0.3055,1.0,0.093,0.425,0.482,0.0
1,1:79890014,79890014,G,A,0.6015,0.3985,1.0,0.17,0.457,0.373,0.0
1,1:79908992,79908992,G,A,0.6635,0.3365,1.0,0.121,0.431,0.448,0.0
1,1:79916796,79916796,G,A,0.524,0.476,1.0,0.224,0.504,0.272,0.0
1,1:79945267,79945267,G,A,0.6535,0.3465,1.0,0.112,0.469,0.419,0.0
1,1:80021415,80021415,G,A,0.799,0.201,1.0,0.035,0.332,0.633,0.0
1,1:80074929,80074929,G,A,0.8965,0.1035,1.0,0.008,0.191,0.801,0.0
1,1:80097618,80097618,G,A,0.628,0.372,1.0,0.136,0.472,0.392,0.0
1,1:80123511,80123511,G,A,0.515,0.485,1.0,0.236,0.498,0.266,0.0
1,1:80137649,80137649,G,A,0.729,0.271,1.0,0.075,0.392,0.533,0.0
1,1:80155333,80155333,G,A,0.8945,0.1055,1.0,0.016,0.179,0.805,0.0
1,1:80170223,80170223,G,A,0.8,0.2,1.0,0.038,0.324,0.638,0.0
1,1:80183227,80183227,G,A,0.7755,0.2245,1.0,0.05,0.349,0.601,0.0
1,1:80197727,80197727,G,A,0.876,0.124,1.0,0.022,0.204,0.774,0.0
1,1:80213173,80213173,G,A,0.7905,0.2095,1.0,0.045,0.329,0.626,0.0
1,1:80218638,80218638,G,A,0.582,0.418,1.0,0.172,0.492,0.336,0.0
1,1:80235128,80235128,G,A,0.806,0.194,1.0,0.039,0.31,0.651,0.0
1,1:80235675,80235675,G,A,0.5045,0.4955,1.0,0.25,0.491,0.259,0.0
1,1:80244868,80244868,G,A,0.8205,0.1795,1.0,0.024,0.311,0.665,0.0
1,1:80246176,80246176,G,A,0.902,0.098,1.0,0.008,0.18,0.812,0.0
1,1:80256455,80256455,G,A,0.5905,0.4095,1.0,0.154,0.511,0.335,0.0
1,1:80286598,80286598,G,A,0.894,0.106,1.0,0.013,0.186,0.801,0.0
1,1:80320157,80320157,G,A,0.9325,0.0675,1.0,0.001,0.133,0.866,0.0
1,1:80337040,80337040,G,A,0.7585,0.2415,1.0,0.062,0.359,0.579,0.0
1,1:80390653,80390653,G,A,0.538,0.462,1.0,0.201,0.522,0.277,0.0
1,1:80411178,80411178,G,A,0.6925,0.3075,1.0,0.089,0.437,0.474,0.0
1,1:80440555,80440555,G,A,0.5475,0.4525,1.0,0.212,0.481,0.307,0.0
1,1:80472703,80472703,G,A,0.562,0.438,1.0,0.2,0.476,0.324,0.0
1,1:80480037,80480037,G,A,0.918,0.082,1.0,0.007,0.15,0.843,0.0
1,1:80497274,80497274,G,A,0.929,0.071,1.0,0.002,0.138,0.86,0.0
1,1:80535970,80535970,G,A,0.8165,0.1835,1.0,0.041,0.285,0.674,0.0
1,1:80539719,80539719,G,A,0.5675,0.4325,1.0,0.185,0.495,0.32,0.0
1,1:80545600,80545600,G,A,0.728,0.272,1.0,0.077,0.39,0.533,0.0
1,1:80558428,80558428,G,A,0.5125,0.4875,1.0,0.236,0.503,0.261,0.0
1,1:80566549,80566549,G,A,0.8125,0.1875,1.0,0.037,0.301,0.662,0.0
1,1:80610415,80610415,G,A,0.7555,0.2445,1.0,0.056,0.377,0.567,0.0
1,1:80705120,80705120,G,A,0.931,0.069,1.0,0.003,0.132,0.865,0.0
1,1:80716716,80716716,G,A,0.5365,0.4635,1.0,0.21,0.507,0.283,0.0
1,1:80720177,80720177,G,A,0.8815,0.1185,1.0,0.019,0.199,0.782,0.0
1,1:80733259,80733259,G,A,0.517,0.483,1.0,0.238,0.49,0.272,0.0
1,1:80768648,80768648,G,A,0.8075,0.1925,1.0,0.037,0.311,0.652,0.0
1,1:80807021,80807021,G,A,0.512,0.488,1.0,0.24,0.496,0.264,0.0
1,1:80813045,80813045,G,A,0.653,0.347,1.0,0.128,0.438,0.434,0.0
1,1:80831681,80831681,G,A,0.682,0.318,1.0,0.107,0.422,0.471,0.0
1,1:80835434,80835434,G,A,0.901,0.099,1.0,0.007,0.184,0.809,0.0
1,1:80836397,80836397,G,A,0.908,0.092,1.0,0.008,0.168,0.824,0.0
1,1:80846039,80846039,G,A,0.8485,0.1515,1.0,0.021,0.261,0.718,0.0
1,1:80846201,80846201,G,A,0.795,0.205,1.0,0.043,0.324,0.633,0.0
1,1:80875918,80875918,G,A,0.6685,0.3315,1.0,0.111,0.441,0.448,0.0
1,1:80884101,80884101,G,A,0.886,0.114,1.0,0.019,0.19,0.791,0.0
1,1:80890202,80890202,G,A,0.625,0.375,1.0,0.14,0.47,0.39,0.0
1,1:80908855,80908855,G,A,0.9195,0.0805,1.0,0.004,0.153,0.843,0.0
1,1:80925518,80925518,G,A,0.5785,0.4215,1.0,0.17,0.503,0.327,0.0
1,1:80946129,80946129,G,A,0.556,0.444,1.0,0.188,0.512,0.3,0.0
1,1:80947293,80947293,G,A,0.5505,0.4495,1.0,0.194,0.511,0.295,0.0
1,1:80954885,80954885,G,A,0.7595,0.2405,1.0,0.051,0.379,0.57,0.0
1,1:80975217,80975217,G,A,0.8925,0.1075,1.0,0.014,0.187,0.799,0.0
1,1:81022005,81022005,G,A,0.739,0.261,1.0,0.067,0.388,0.545,0.0
1,1:81036162,81036162,G,A,0.5915,0.4085,1.0,0.176,0.465,0.359,0.0
1,1:81052419,81052419,G,A,0.8315,0.1685,1.0,0.024,0.289,0.687,0.0
1,1:81061140,81061140,G,A,0.6275,0.3725,1.0,0.149,0.447,0.404,0.0
1,1:81079561,81079561,G,A,0.941,0.059,1.0,0.004,0.11,0.886,0.0
1,1:81121403,81121403,G,A,0.5855,0.4145,1.0,0.175,0.479,0.346,0.0
1,1:81132211,81132211,G,A,0.8605,0.1395,1.0,0.021,0.237,0.742,0.0
1,1:81133958,81133958,G,A,0.527,0.473,1.0,0.223,0.5,0.277,0.0
1,1:81143015,81143015,G,A,0.697,0.303,1.0,0.089,0.428,0.483,0.0
1,1:81173012,81173012,G,A,0.7885,0.2115,1.0,0.037,0.349,0.614,0.0
1,1:81193129,81193129,G,A,0.6295,0.3705,1.0,0.15,0.441,0.409,0.0
1,1:81200126,81200126,G,A,0.807,0.193,1.0,0.033,0.32,0.647,0.0
1,1:81216091,81216091,G,A,0.6395,0.3605,1.0,0.134,0.453,0.413,0.0
1,1:81242299,81242299,G,A,0.809,0.191,1.0,0.037,0.308,0.655,0.0
1,1:81248173,81248173,G,A,0.5655,0.4345,1.0,0.19,0.489,0.321,0.0
1,1:81250938,81250938,G,A,0.5235,0.4765,1.0,0.243,0.467,0.29,0.0
1,1:81251089,81251089,G,A,0.6415,0.3585,1.0,0.137,0.443,0.42,0.0
1,1:81252250,81252250,G,A,0.6995,0.3005,1.0,0.093,0.415,0.492,0.0
1,1:81266263,81266263,G,A,0.7575,0.2425,1.0,0.06,0.365,0.575,0.0
1,1:81272709,81272709,G,A,0.519,0.481,1.0,0.244,0.474,0.282,0.0
1,1:81354906,81354906,G,A,0.751,0.249,1.0,0.067,0.364,0.569,0.0
1,1:81428040,81428040,G,A,0.591,0.409,1.0,0.169,0.48,0.351,0.0
1,1:81447633,81447633,G,A,0.9515,0.0485,1.0,0.005,0.087,0.908,0.0
1,1:81467081,81467081,G,A,0.564,0.436,1.0,0.183,0.506,0.311,0.0
1,1:81483153,81483153,G,A,0.777,0.223,1.0,0.046,0.354,0.6,0.0
1,1:81485806,81485806,G,A,0.8275,0.1725,1.0,0.035,0.275,0.69,0.0
1,1:81500099,81500099,G,A,0.891,0.109,1.0,0.008,0.202,0.79,0.0
1,1:81501372,81501372,G,A,0.9235,0.0765,1.0,0.007,0.139,0.854,0.0
1,1:81503617,81503617,G,A,0.5485,0.4515,1.0,0.21,0.483,0.307,0.0
1,1:81510679,81510679,G,A,0.8075,0.1925,1.0,0.037,0.311,0.652,0.0
1,1:81550309,81550309,G,A,0.5205,0.4795,1.0,0.226,0.507,0.267,0.0
1,1:81560165,81560165,G,A,0.739,0.261,1.0,0.067,0.388,0.545,0.0
1,1:81576053,81576053,G,A,0.522,0.478,1.0,0.22,0.516,0.264,0.0
1,1:81597127,81597127,G,A,0.6575,0.3425,1.0,0.123,0.439,0.438,0.0
1,1:81602414,81602414,G,A,0.883,0.117,1.0,0.016,0.202,0.782,0.0
1,1:81610373,81610373,G,A,0.804,0.196,1.0,0.028,0.336,0.636,0.0
1,1:81638281,81638281,G,A,0.54,0.46,1.0,0.218,0.484,0.298,0.0
1,1:81688738,81688738,G,A,0.752,0.248,1.0,0.068,0.36,0.572,0.0
1,1:81718172,81718172,G,A,0.9255,0.0745,1.0,0.004,0.141,0.855,0.0
1,1:81743036,81743036,G,A,0.8025,0.1975,1.0,0.031,0.333,0.636,0.0
1,1:81752860,81752860,G,A,0.5625,0.4375,1.0,0.18,0.515,0.305,0.0
1,1:81756930,81756930,G,A,0.5135,0.4865,1.0,0.228,0.517,0.255,0.0
1,1:81806562,81806562,G,A,0.9315,0.0685,1.0,0.003,0.131,0.866,0.0
1,1:81831757,81831757,G,A,0.719,0.281,1.0,0.084,0.394,0.522,0.0
1,1:81861169,81861169,G,A,0.8305,0.1695,1.0,0.032,0.275,0.693,0.0
1,1:81861232,81861232,G,A,0.523,0.477,1.0,0.235,0.484,0.281,0.0
1,1:81882259,81882259,G,A,0.767,0.233,1.0,0.054,0.358,0.588,0.0
1,1:81942766,81942766,G,A,0.5185,0.4815,1.0,0.239,0.485,0.276,0.0
1,1:81949125,81949125,G,A,0.681,0.319,1.0,0.105,0.428,0.467,0.0
1,1:81955632,81955632,G,A,0.5345,0.4655,1.0,0.196,0.539,0.265,0.0
1,1:82008892,82008892,G,A,0.52,0.48,1.0,0.216,0.528,0.256,0.0
1,1:82009391,82009391,G,A,0.8985,0.1015,1.0,0.008,0.187,0.805,0.0
1,1:82030460,82030460,G,A,0.857,0.143,1.0,0.018,0.25,0.732,0.0
1,1:82039029,82039029,G,A,0.8255,0.1745,1.0,0.029,0.291,0.68,0.0
1,1:82051236,82051236,G,A,0.7175,0.2825,1.0,0.089,0.387,0.524,0.0
1,1:82054817,82054817,G,A,0.8425,0.1575,1.0,0.031,0.253,0.716,0.0
1,1:82058637,82058637,G,A,0.5445,0.4555,1.0,0.203,0.505,0.292,0.0
1,1:82061829,82061829,G,A,0.865,0.135,1.0,0.022,0.226,0.752,0.0
1,1:82096676,82096676,G,A,0.883,0.117,1.0,0.018,0.198,0.784,0.0
1,1:82102992,82102992,G,A,0.8775,0.1225,1.0,0.015,0.215,0.77,0.0
1,1:82117697,82117697,G,A,0.7375,0.2625,1.0,0.079,0.367,0.554,0.0
1,1:82125255,82125255,G,A,0.9265,0.0735,1.0,0.001,0.145,0.854,0.0
1,1:82129605,82129605,G,A,0.6395,0.3605,1.0,0.126,0.469,0.405,0.0
1,1:82158289,82158289,G,A,0.8265,0.1735,1.0,0.024,0.299,0.677,0.0
1,1:82162145,82162145,G,A,0.5445,0.4555,1.0,0.218,0.475,0.307,0.0
1,1:82162635,82162635,G,A,0.877,0.123,1.0,0.021,0.204,0.775,0.0
1,1:82164889,82164889,G,A,0.92,0.08,1.0,0.003,0.154,0.843,0.0
1,1:82181047,82181047,G,A,0.7745,0.2255,1.0,0.056,0.339,0.605,0.0
1,1:82184133,82184133,G,A,0.8615,0.1385,1.0,0.029,0.219,0.752,0.0
1,1:82226580,82226580,G,A,0.5585,0.4415,1.0,0.199,0.485,0.316,0.0
1,1:82235367,82235367,G,A,0.7155,0.2845,1.0,0.075,0.419,0.506,0.0
1,1:82245260,82245260,G,A,0.733,0.267,1.0,0.082,0.37,0.548,0.0
1,1:82249314,82249314,G,A,0.6005,0.3995,1.0,0.149,0.501,0.35,0.0
1,1:82323320,82323320,G,A,0.637,0.363,1.0,0.135,0.456,0.409,0.0
1,1:82335424,82335424,G,A,0.937,0.063,1.0,0.004,0.118,0.878,0.0
1,1:82358283,82358283,G,A,0.6435,0.3565,1.0,0.118,0.477,0.405,0.0
1,1:82384529,82384529,G,A,0.639,0.361,1.0,0.123,0.476,0.401,0.0
1,1:82396203,82396203,G,A,0.8765,0.1235,1.0,0.011,0.225,0.764,0.0
1,1:82405139,82405139,G,A,0.6335,0.3665,1.0,0.125,0.483,0.392,0.0
1,1:82418649,82418649,G,A,0.495,0.505,1.0,0.267,0.476,0.257,0.0
1,1:82424161,82424161,G,A,0.8115,0.1885,1.0,0.028,0.321,0.651,0.0
1,1:82430198,82430198,G,A,0.9285,0.0715,1.0,0.005,0.133,0.862,0.0
1,1:82434204,82434204,G,A,0.562,0.438,1.0,0.198,0.48,0.322,0.0
1,1:82438367,82438367,G,A,0.8565,0.1435,1.0,0.019,0.249,0.732,0.0
1,1:82438758,82438758,G,A,0.604,0.396,1.0,0.153,0.486,0.361,0.0
1,1:82450686,82450686,G,A,0.757,0.243,1.0,0.068,0.35,0.582,0.0
1,1:82537518,82537518,G,A,0.526,0.474,1.0,0.215,0.518,0.267,0.0
1,1:82559573,82559573,G,A,0.516,0.484,1.0,0.242,0.484,0.274,0.0
1,1:82562816,82562816,G,A,0.7685,0.2315,1.0,0.048,0.367,0.585,0.0
1,1:82568905,82568905,G,A,0.5085,0.4915,1.0,0.24,0.503,0.257,0.0
1,1:82572230,82572230,G,A,0.93,0.07,1.0,0.006,0.128,0.866,0.0
1,1:82630637,82630637,G,A,0.6705,0.3295,1.0,0.118,0.423,0.459,0.0
1,1:82632530,82632530,G,A,0.6425,0.3575,1.0,0.13,0.455,0.415,0.0
1,1:82649049,82649049,G,A,0.7645,0.2355,1.0,0.045,0.381,0.574,0.0
1,1:82649492,82649492,G,A,0.66,0.34,1.0,0.11,0.46,0.43,0.0
1,1:82664493,82664493,G,A,0.8155,0.1845,1.0,0.037,0.295,0.668,0.0
1,1:82707003,82707003,G,A,0.923,0.077,1.0,0.005,0.144,0.851,0.0
1,1:82716911,82716911,G,A,0.5745,0.4255,1.0,0.184,0.483,0.333,0.0
1,1:82773487,82773487,G,A,0.8145,0.1855,1.0,0.029,0.313,0.658,0.0
1,1:82795009,82795009,G,A,0.866,0.134,1.0,0.018,0.232,0.75,0.0
1,1:82822507,82822507,G,A,0.865,0.135,1.0,0.016,0.238,0.746,0.0
1,1:82832588,82832588,G,A,0.5765,0.4235,1.0,0.171,0.505,0.324,0.0
1,1:82892080,82892080,G,A,0.9225,0.0775,1.0,0.006,0.143,0.851,0.0
1,1:82896668,82896668,G,A,0.714,0.286,1.0,0.082,0.408,0.51,0.0
1,1:82913878,82913878,G,A,0.879,0.121,1.0,0.014,0.214,0.772,0.0
1,1:82932419,82932419,G,A,0.667,0.333,1.0,0.097,0.472,0.431,0.0
1,1:82959737,82959737,G,A,0.5935,0.4065,1.0,0.177,0.459,0.364,0.0
1,1:82972374,82972374,G,A,0.693,0.307,1.0,0.092,0.43,0.478,0.0
1,1:82974993,82974993,G,A,0.6735,0.3265,1.0,0.112,0.429,0.459,0.0
1,1:83011542,83011542,G,A,0.6855,0.3145,1.0,0.107,0.415,0.478,0.0
1,1:83022131,83022131,G,A,0.6825,0.3175,1.0,0.09,0.455,0.455,0.0
1,1:83027289,83027289,G,A,0.857,0.143,1.0,0.02,0.246,0.734,0.0
1,1:83031558,83031558,G,A,0.6635,0.3365,1.0,0.126,0.421,0.453,0.0
1,1:83050482,83050482,G,A,0.598,0.402,1.0,0.168,0.468,0.364,0.0
1,1:83055485,83055485,G,A,0.572,0.428,1.0,0.195,0.466,0.339,0.0
1,1:83110765,83110765,G,A,0.9255,0.0745,1.0,0.004,0.141,0.855,0.0
1,1:83122311,83122311,G,A,0.775,0.225,1.0,0.049,0.352,0.599,0.0
1,1:83139153,83139153,G,A,0.7965,0.2035,1.0,0.039,0.329,0.632,0.0
1,1:83144762,83144762,G,A,0.5265,0.4735,1.0,0.235,0.477,0.288,0.0
1,1:83149787,83149787,G,A,0.6505,0.3495,1.0,0.132,0.435,0.433,0.0
1,1:83163964,83163964,G,A,0.737,0.263,1.0,0.058,0.41,0.532,0.0
1,1:83173419,83173419,G,A,0.51,0.49,1.0,0.242,0.496,0.262,0.0
1,1:83261654,83261654,G,A,0.871,0.129,1.0,0.02,0.218,0.762,0.0
1,1:83267947,83267947,G,A,0.7905,0.2095,1.0,0.044,0.331,0.625,0.0
1,1:83269227,83269227,G,A,0.6435,0.3565,1.0,0.125,0.463,0.412,0.0
1,1:83273069,83273069,G,A,0.724,0.276,1.0,0.072,0.408,0.52,0.0
1,1:83375338,83375338,G,A,0.659,0.341,1.0,0.11,0.462,0.428,0.0
1,1:83428996,83428996,G,A,0.5975,0.4025,1.0,0.162,0.481,0.357,0.0
1,1:83463151,83463151,G,A,0.637,0.363,1.0,0.138,0.45,0.412,0.0
1,1:83494667,83494667,G,A,0.645,0.355,1.0,0.122,0.466,0.412,0.0
1,1:83548085,83548085,G,A,0.6245,0.3755,1.0,0.15,0.451,0.399,0.0
1,1:83624213,83624213,G,A,0.612,0.388,1.0,0.149,0.478,0.373,0.0
1,1:83629046,83629046,G,A,0.8425,0.1575,1.0,0.019,0.277,0.704,0.0
1,1:83649972,83649972,G,A,0.6515,0.3485,1.0,0.13,0.437,0.433,0.0
1,1:83650854,83650854,G,A,0.656,0.344,1.0,0.118,0.452,0.43,0.0
1,1:83665692,83665692,G,A,0.6345,0.3655,1.0,0.128,0.475,0.397,0.0
1,1:83667965,83667965,G,A,0.8485,0.1515,1.0,0.026,0.251,0.723,0.0
1,1:83692387,83692387,G,A,0.8335,0.1665,1.0,0.025,0.283,0.692,0.0
1,1:83700526,83700526,G,A,0.597,0.403,1.0,0.168,0.47,0.362,0.0
1,1:83713818,83713818,G,A,0.782,0.218,1.0,0.05,0.336,0.614,0.0
1,1:83719992,83719992,G,A,0.5295,0.4705,1.0,0.22,0.501,0.279,0.0
1,1:83721516,83721516,G,A,0.898,0.102,1.0,0.016,0.172,0.812,0.0
1,1:83750881,83750881,G,A,0.8655,0.1345,1.0,0.018,0.233,0.749,0.0
1,1:83752813,83752813,G,A,0.873,0.127,1.0,0.013,0.228,0.759,0.0
1,1:83802797,83802797,G,A,0.812,0.188,1.0,0.034,0.308,0.658,0.0
1,1:83831438,83831438,G,A,0.5285,0.4715,1.0,0.214,0.515,0.271,0.0
1,1:83836421,83836421,G,A,0.765,0.235,1.0,0.054,0.362,0.584,0.0
1,1:83845478,83845478,G,A,0.7425,0.2575,1.0,0.06,0.395,0.545,0.0
1,1:83860396,83860396,G,A,0.775,0.225,1.0,0.058,0.334,0.608,0.0
1,1:83930897,83930897,G,A,0.5815,0.4185,1.0,0.176,0.485,0.339,0.0
1,1:83952231,83952231,G,A,0.775,0.225,1.0,0.058,0.334,0.608,0.0
1,1:83976174,83976174,G,A,0.59,0.41,1.0,0.179,0.462,0.359,0.0
1,1:83981637,83981637,G,A,0.727,0.273,1.0,0.069,0.408,0.523,0.0
1,1:84077468,84077468,G,A,0.8385,0.1615,1.0,0.029,0.265,0.706,0.0
1,1:84078593,84078593,G,A,0.7595,0.2405,1.0,0.069,0.343,0.588,0.0
1,1:84111130,84111130,G,A,0.7555,0.2445,1.0,0.071,0.347,0.582,0.0
1,1:84123280,84123280,G,A,0.843,0.157,1.0,0.019,0.276,0.705,0.0
1,1:84143435,84143435,G,A,0.9,0.1,1.0,0.009,0.182,0.809,0.0
1,1:84143762,84143762,G,A,0.554,0.446,1.0,0.2,0.492,0.308,0.0
1,1:84159533,84159533,G,A,0.706,0.294,1.0,0.077,0.434,0.489,0.0
1,1:84171703,84171703,G,A,0.8435,0.1565,1.0,0.024,0.265,0.711,0.0
1,1:84178656,84178656,G,A,0.762,0.238,1.0,0.056,0.364,0.58,0.0
1,1:84194704,84194704,G,A,0.666,0.334,1.0,0.116,0.436,0.448,0.0
1,1:84212997,84212997,G,A,0.6235,0.3765,1.0,0.147,0.459,0.394,0.0
1,1:84287148,84287148,G,A,0.6855,0.3145,1.0,0.093,0.443,0.464,0.0
1,1:84302961,84302961,G,A,0.8555,0.1445,1.0,0.018,0.253,0.729,0.0
1,1:84328142,84328142,G,A,0.903,0.097,1.0,0.009,0.176,0.815,0.0
1,1:84365164,84365164,G,A,0.9195,0.0805,1.0,0.006,0.149,0.845,0.0
1,1:84369523,84369523,G,A,0.9135,0.0865,1.0,0.007,0.159,0.834,0.0
1,1:84370895,84370895,G,A,0.7935,0.2065,1.0,0.04,0.333,0.627,0.0
1,1:84380673,84380673,G,A,0.8155,0.1845,1.0,0.036,0.297,0.667,0.0
1,1:84388501,84388501,G,A,0.5015,0.4985,1.0,0.26,0.477,0.263,0.0
1,1:84399394,84399394,G,A,0.933,0.067,1.0,0.003,0.128,0.869,0.0
1,1:84445005,84445005,G,A,0.671,0.329,1.0,0.112,0.434,0.454,0.0
1,1:84461359,84461359,G,A,0.708,0.292,1.0,0.086,0.412,0.502,0.0
1,1:84464769,84464769,G,A,0.88,0.12,1.0,0.014,0.212,0.774,0.0
1,1:84483978,84483978,G,A,0.518,0.482,1.0,0.231,0.502,0.267,0.0
1,1:84489184,84489184,G,A,0.5885,0.4115,1.0,0.189,0.445,0.366,0.0
1,1:84504548,84504548,G,A,0.855,0.145,1.0,0.019,0.252,0.729,0.0
1,1:84538836,84538836,G,A,0.8155,0.1845,1.0,0.04,0.289,0.671,0.0
1,1:84572349,84572349,G,A,0.8475,0.1525,1.0,0.021,0.263,0.716,0.0
1,1:84574186,84574186,G,A,0.7915,0.2085,1.0,0.048,0.321,0.631,0.0
1,1:84605488,84605488,G,A,0.8485,0.1515,1.0,0.031,0.241,0.728,0.0
1,1:84607465,84607465,G,A,0.8435,0.1565,1.0,0.02,0.273,0.707,0.0
1,1:84607828,84607828,G,A,0.718,0.282,1.0,0.089,0.386,0.525,0.0
1,1:84629169,84629169,G,A,0.782,0.218,1.0,0.048,0.34,0.612,0.0
1,1:84641192,84641192,G,A,0.7195,0.2805,1.0,0.074,0.413,0.513,0.0
1,1:84648452,84648452,G,A,0.9455,0.0545,1.0,0.006,0.097,0.897,0.0
1,1:84656125,84656125,G,A,0.6165,0.3835,1.0,0.145,0.477,0.378,0.0
1,1:84669147,84669147,G,A,0.5375,0.4625,1.0,0.219,0.487,0.294,0.0
1,1:84673575,84673575,G,A,0.504,0.496,1.0,0.241,0.51,0.249,0.0
1,1:84710224,84710224,G,A,0.8565,0.1435,1.0,0.016,0.255,0.729,0.0
1,1:84711897,84711897,G,A,0.781,0.219,1.0,0.042,0.354,0.604,0.0
1,1:84729604,84729604,G,A,0.504,0.496,1.0,0.248,0.496,0.256,0.0
1,1:84740097,84740097,G,A,0.849,0.151,1.0,0.024,0.254,0.722,0.0
1,1:84749484,84749484,G,A,0.7125,0.2875,1.0,0.089,0.397,0.514,0.0
1,1:84758409,84758409,G,A,0.596,0.404,1.0,0.162,0.484,0.354,0.0
1,1:84776776,84776776,G,A,0.9345,0.0655,1.0,0.004,0.123,0.873,0.0
1,1:84792531,84792531,G,A,0.9085,0.0915,1.0,0.007,0.169,0.824,0.0
1,1:84806840,84806840,G,A,0.856,0.144,1.0,0.016,0.256,0.728,0.0
1,1:84823922,84823922,G,A,0.764,0.236,1.0,0.059,0.354,0.587,0.0
1,1:84890727,84890727,G,A,0.9445,0.0555,1.0,0.002,0.107,0.891,0.0
1,1:84903514,84903514,G,A,0.757,0.243,1.0,0.054,0.378,0.568,0.0
1,1:84912634,84912634,G,A,0.8775,0.1225,1.0,0.011,0.223,0.766,0.0
1,1:84924299,84924299,G,A,0.5645,0.4355,1.0,0.194,0.483,0.323,0.0
1,1:84928458,84928458,G,A,0.7265,0.2735,1.0,0.078,0.391,0.531,0.0
1,1:84938506,84938506,G,A,0.925,0.075,1.0,0.004,0.142,0.854,0.0
1,1:85021708,85021708,G,A,0.73,0.27,1.0,0.072,0.396,0.532,0.0
1,1:85023492,85023492,G,A,0.74,0.26,1.0,0.064,0.392,0.544,0.0
1,1:85029728,85029728,G,A,0.8285,0.1715,1.0,0.023,0.297,0.68,0.0
1,1:85050031,85050031,G,A,0.7695,0.2305,1.0,0.052,0.357,0.591,0.0
1,1:85072968,85072968,G,A,0.4855,0.5145,1.0,0.253,0.523,0.224,0.0
1,1:85079012,85079012,G,A,0.8415,0.1585,1.0,0.027,0.263,0.71,0.0
1,1:85103141,85103141,G,A,0.6515,0.3485,1.0,0.115,0.467,0.418,0.0
1,1:85111892,85111892,G,A,0.6495,0.3505,1.0,0.124,0.453,0.423,0.0
1,1:85129375,85129375,G,A,0.7735,0.2265,1.0,0.059,0.335,0.606,0.0
1,1:85130441,85130441,G,A,0.5145,0.4855,1.0,0.232,0.507,0.261,0.0
1,1:85138638,85138638,G,A,0.585,0.415,1.0,0.182,0.466,0.352,0.0
1,1:85157822,85157822,G,A,0.935,0.065,1.0,0.008,0.114,0.878,0.0
1,1:85180396,85180396,G,A,0.741,0.259,1.0,0.063,0.392,0.545,0.0
1,1:85183719,85183719,G,A,0.898,0.102,1.0,0.012,0.18,0.808,0.0
1,1:85218478,85218478,G,A,0.8245,0.1755,1.0,0.033,0.285,0.682,0.0
1,1:85235671,85235671,G,A,0.844,0.156,1.0,0.018,0.276,0.706,0.0
1,1:85241612,85241612,G,A,0.614,0.386,1.0,0.139,0.494,0.367,0.0
1,1:85244178,85244178,G,A,0.836,0.164,1.0,0.021,0.286,0.693,0.0
1,1:85272770,85272770,G,A,0.5265,0.4735,1.0,0.226,0.495,0.279,0.0
1,1:85290436,85290436,G,A,0.888,0.112,1.0,0.015,0.194,0.791,0.0
1,1:85364162,85364162,G,A,0.7585,0.2415,1.0,0.066,0.351,0.583,0.0
1,1:85382257,85382257,G,A,0.7215,0.2785,1.0,0.075,0.407,0.518,0.0
1,1:85388418,85388418,G,A,0.7475,0.2525,1.0,0.079,0.347,0.574,0.0
1,1:85390465,85390465,G,A,0.9,0.1,1.0,0.009,0.182,0.809,0.0
1,1:85407063,85407063,G,A,0.855,0.145,1.0,0.023,0.244,0.733,0.0
1,1:85433014,85433014,G,A,0.712,0.288,1.0,0.086,0.404,0.51,0.0
1,1:85440591,85440591,G,A,0.564,0.436,1.0,0.188,0.496,0.316,0.0
1,1:85447810,85447810,G,A,0.635,0.365,1.0,0.141,0.448,0.411,0.0
1,1:85456970,85456970,G,A,0.712,0.288,1.0,0.08,0.416,0.504,0.0
1,1:85518074,85518074,G,A,0.505,0.495,1.0,0.247,0.496,0.257,0.0
1,1:85561924,85561924,G,A,0.622,0.378,1.0,0.145,0.466,0.389,0.0
1,1:85567157,85567157,G,A,0.561,0.439,1.0,0.197,0.484,0.319,0.0
1,1:85588240,85588240,G,A,0.9425,0.0575,1.0,0.003,0.109,0.888,0.0
1,1:85604305,85604305,G,A,0.8605,0.1395,1.0,0.013,0.253,0.734,0.0
1,1:85607691,85607691,G,A,0.628,0.372,1.0,0.13,0.484,0.386,0.0
1,1:85641773,85641773,G,A,0.8215,0.1785,1.0,0.033,0.291,0.676,0.0
1,1:85652972,85652972,G,A,0.789,0.211,1.0,0.055,0.312,0.633,0.0
1,1:85655048,85655048,G,A,0.687,0.313,1.0,0.114,0.398,0.488,0.0
1,1:85659136,85659136,G,A,0.717,0.283,1.0,0.087,0.392,0.521,0.0
1,1:85661848,85661848,G,A,0.848,0.152,1.0,0.017,0.27,0.713,0.0
1,1:85676089,85676089,G,A,0.56,0.44,1.0,0.186,0.508,0.306,0.0
1,1:85711045,85711045,G,A,0.675,0.325,1.0,0.103,0.444,0.453,0.0
1,1:85749317,85749317,G,A,0.6595,0.3405,1.0,0.123,0.435,0.442,0.0
1,1:85784032,85784032,G,A,0.591,0.409,1.0,0.17,0.478,0.352,0.0
1,1:85808216,85808216,G,A,0.896,0.104,1.0,0.014,0.18,0.806,0.0
1,1:85871669,85871669,G,A,0.7325,0.2675,1.0,0.078,0.379,0.543,0.0
1,1:85936030,85936030,G,A,0.911,0.089,1.0,0.007,0.164,0.829,0.0
1,1:85964889,85964889,G,A,0.9185,0.0815,1.0,0.009,0.145,0.846,0.0
1,1:86012534,86012534,G,A,0.6145,0.3855,1.0,0.156,0.459,0.385,0.0
1,1:86015966,86015966,G,A,0.5845,0.4155,1.0,0.178,0.475,0.347,0.0
1,1:86017099,86017099,G,A,0.9215,0.0785,1.0,0.007,0.143,0.85,0.0
1,1:86097819,86097819,G,A,0.563,0.437,1.0,0.181,0.512,0.307,0.0
1,1:86117866,86117866,G,A,0.824,0.176,1.0,0.029,0.294,0.677,0.0
1,1:86131990,86131990,G,A,0.6385,0.3615,1.0,0.129,0.465,0.406,0.0
1,1:86191494,86191494,G,A,0.629,0.371,1.0,0.138,0.466,0.396,0.0
1,1:86205130,86205130,G,A,0.6495,0.3505,1.0,0.114,0.473,0.413,0.0
1,1:86247297,86247297,G,A,0.6855,0.3145,1.0,0.096,0.437,0.467,0.0
1,1:86279000,86279000,G,A,0.895,0.105,1.0,0.012,0.186,0.802,0.0
1,1:86314162,86314162,G,A,0.906,0.094,1.0,0.011,0.166,0.823,0.0
1,1:86320219,86320219,G,A,0.8895,0.1105,1.0,0.013,0.195,0.792,0.0
1,1:86343265,86343265,G,A,0.53,0.47,1.0,0.214,0.512,0.274,0.0
1,1:86357459,86357459,G,A,0.859,0.141,1.0,0.017,0.248,0.735,0.0
1,1:86401500,86401500,G,A,0.8975,0.1025,1.0,0.011,0.183,0.806,0.0
1,1:86404719,86404719,G,A,0.5145,0.4855,1.0,0.237,0.497,0.266,0.0
1,1:86405051,86405051,G,A,0.956,0.044,1.0,0.003,0.082,0.915,0.0
1,1:86437412,86437412,G,A,0.5895,0.4105,1.0,0.173,0.475,0.352,0.0
1,1:86448550,86448550,G,A,0.5605,0.4395,1.0,0.198,0.483,0.319,0.0
1,1:86461589,86461589,G,A,0.6565,0.3435,1.0,0.117,0.453,0.43,0.0
1,1:86468895,86468895,G,A,0.511,0.489,1.0,0.246,0.486,0.268,0.0
1,1:86487704,86487704,G,A,0.794,0.206,1.0,0.039,0.334,0.627,0.0
1,1:86490965,86490965,G,A,0.907,0.093,1.0,0.01,0.166,0.824,0.0
1,1:86534283,86534283,G,A,0.825,0.175,1.0,0.019,0.312,0.669,0.0
1,1:86544586,86544586,G,A,0.908,0.092,1.0,0.004,0.176,0.82,0.0
1,1:86578875,86578875,G,A,0.7165,0.2835,1.0,0.07,0.427,0.503,0.0
1,1:86601595,86601595,G,A,0.5035,0.4965,1.0,0.25,0.493,0.257,0.0
1,1:86621345,86621345,G,A,0.7315,0.2685,1.0,0.061,0.415,0.524,0.0
1,1:86629055,86629055,G,A,0.809,0.191,1.0,0.042,0.298,0.66,0.0
1,1:86641504,86641504,G,A,0.557,0.443,1.0,0.182,0.522,0.296,0.0
1,1:86654443,86654443,G,A,0.672,0.328,1.0,0.097,0.462,0.441,0.0
1,1:86656823,86656823,G,A,0.542,0.458,1.0,0.195,0.526,0.279,0.0
1,1:86674444,86674444,G,A,0.5065,0.4935,1.0,0.237,0.513,0.25,0.0
1,1:86676454,86676454,G,A,0.5285,0.4715,1.0,0.226,0.491,0.283,0.0
1,1:86687823,86687823,G,A,0.642,0.358,1.0,0.118,0.48,0.402,0.0
1,1:86708217,86708217,G,A,0.7175,0.2825,1.0,0.078,0.409,0.513,0.0
1,1:86717650,86717650,G,A,0.834,0.166,1.0,0.019,0.294,0.687,0.0
1,1:86743362,86743362,G,A,0.5185,0.4815,1.0,0.226,0.511,0.263,0.0
1,1:86755841,86755841,G,A,0.7145,0.2855,1.0,0.083,0.405,0.512,0.0
1,1:86756655,86756655,G,A,0.5085,0.4915,1.0,0.243,0.497,0.26,0.0
1,1:86783787,86783787,G,A,0.5575,0.4425,1.0,0.185,0.515,0.3,0.0
1,1:86786818,86786818,G,A,0.7875,0.2125,1.0,0.041,0.343,0.616,0.0
1,1:86787695,86787695,G,A,0.5315,0.4685,1.0,0.227,0.483,0.29,0.0
1,1:86808070,86808070,G,A,0.712,0.288,1.0,0.087,0.402,0.511,0.0
1,1:86824768,86824768,G,A,0.602,0.398,1.0,0.159,0.478,0.363,0.0
1,1:86835362,86835362,G,A,0.724,0.276,1.0,0.088,0.376,0.536,0.0
1,1:86850025,86850025,G,A,0.5085,0.4915,1.0,0.243,0.497,0.26,0.0
1,1:86881846,86881846,G,A,0.759,0.241,1.0,0.057,0.368,0.575,0.0
1,1:86916567,86916567,G,A,0.9025,0.0975,1.0,0.008,0.179,0.813,0.0
1,1:86963180,86963180,G,A,0.5595,0.4405,1.0,0.185,0.511,0.304,0.0
1,1:86966282,86966282,G,A,0.612,0.388,1.0,0.151,0.474,0.375,0.0
1,1:87030561,87030561,G,A,0.89,0.11,1.0,0.009,0.202,0.789,0.0
1,1:87087159,87087159,G,A,0.714,0.286,1.0,0.08,0.412,0.508,0.0
1,1:87093474,87093474,G,A,0.6265,0.3735,1.0,0.139,0.469,0.392,0.0
1,1:87094904,87094904,G,A,0.764,0.236,1.0,0.063,0.346,0.591,0.0
1,1:87132498,87132498,G,A,0.5415,0.4585,1.0,0.208,0.501,0.291,0.0
1,1:87144026,87144026,G,A,0.523,0.477,1.0,0.229,0.496,0.275,0.0
1,1:87144165,87144165,G,A,0.5455,0.4545,1.0,0.215,0.479,0.306,0.0
1,1:87173139,87173139,G,A,0.699,0.301,1.0,0.097,0.408,0.495,0.0
1,1:87182131,87182131,G,A,0.731,0.269,1.0,0.077,0.384,0.539,0.0
1,1:87210745,87210745,G,A,0.707,0.293,1.0,0.084,0.418,0.498,0.0
1,1:87217187,87217187,G,A,0.708,0.292,1.0,0.095,0.394,0.511,0.0
1,1:87220898,87220898,G,A,0.9175,0.0825,1.0,0.007,0.151,0.842,0.0
1,1:87255619,87255619,G,A,0.6045,0.3955,1.0,0.158,0.475,0.367,0.0
1,1:87318288,87318288,G,A,0.553,0.447,1.0,0.206,0.482,0.312,0.0
1,1:87322333,87322333,G,A,0.7005,0.2995,1.0,0.096,0.407,0.497,0.0
1,1:87324861,87324861,G,A,0.929,0.071,1.0,0.004,0.134,0.862,0.0
1,1:87338582,87338582,G,A,0.81,0.19,1.0,0.037,0.306,0.657,0.0
1,1:87349432,87349432,G,A,0.904,0.096,1.0,0.005,0.182,0.813,0.0
1,1:87350523,87350523,G,A,0.522,0.478,1.0,0.244,0.468,0.288,0.0
1,1:87384489,87384489,G,A,0.877,0.123,1.0,0.021,0.204,0.775,0.0
1,1:87384553,87384553,G,A,0.919,0.081,1.0,0.006,0.15,0.844,0.0
1,1:87385782,87385782,G,A,0.7095,0.2905,1.0,0.08,0.421,0.499,0.0
1,1:87554947,87554947,G,A,0.9225,0.0775,1.0,0.005,0.145,0.85,0.0
1,1:87558295,87558295,G,A,0.663,0.337,1.0,0.105,0.464,0.431,0.0
1,1:87580057,87580057,G,A,0.5455,0.4545,1.0,0.21,0.489,0.301,0.0
1,1:87588499,87588499,G,A,0.829,0.171,1.0,0.03,0.282,0.688,0.0
1,1:87649203,87649203,G,A,0.525,0.475,1.0,0.239,0.472,0.289,0.0
1,1:87655031,87655031,G,A,0.67,0.33,1.0,0.114,0.432,0.454,0.0
1,1:87655396,87655396,G,A,0.879,0.121,1.0,0.02,0.202,0.778,0.0
1,1:87692769,87692769,G,A,0.6545,0.3455,1.0,0.105,0.481,0.414,0.0
1,1:87697747,87697747,G,A,0.926,0.074,1.0,0.006,0.136,0.858,0.0
1,1:87729220,87729220,G,A,0.8035,0.1965,1.0,0.04,0.313,0.647,0.0
1,1:87746643,87746643,G,A,0.9415,0.0585,1.0,0.004,0.109,0.887,0.0
1,1:87753581,87753581,G,A,0.743,0.257,1.0,0.07,0.374,0.556,0.0
1,1:87763890,87763890,G,A,0.571,0.429,1.0,0.191,0.476,0.333,0.0
1,1:87764531,87764531,G,A,0.6365,0.3635,1.0,0.124,0.479,0.397,0.0
1,1:87767266,87767266,G,A,0.863,0.137,1.0,0.019,0.236,0.745,0.0
1,1:87796278,87796278,G,A,0.8735,0.1265,1.0,0.02,0.213,0.767,0.0
1,1:87818522,87818522,G,A,0.639,0.361,1.0,0.135,0.452,0.413,0.0
1,1:87859394,87859394,G,A,0.6565,0.3435,1.0,0.123,0.441,0.436,0.0
1,1:87901551,87901551,G,A,0.8805,0.1195,1.0,0.015,0.209,0.776,0.0
1,1:87908342,87908342,G,A,0.6435,0.3565,1.0,0.125,0.463,0.412,0.0
1,1:87927857,87927857,G,A,0.6065,0.3935,1.0,0.151,0.485,0.364,0.0
1,1:87929145,87929145,G,A,0.619,0.381,1.0,0.141,0.48,0.379,0.0
1,1:87952702,87952702,G,A,0.7715,0.2285,1.0,0.053,0.351,0.596,0.0
1,1:87979967,87979967,G,A,0.587,0.413,1.0,0.184,0.458,0.358,0.0
1,1:87994961,87994961,G,A,0.787,0.213,1.0,0.042,0.342,0.616,0.0
1,1:88028616,88028616,G,A,0.6745,0.3255,1.0,0.104,0.443,0.453,0.0
1,1:88055043,88055043,G,A,0.6125,0.3875,1.0,0.143,0.489,0.368,0.0
1,1:88111970,88111970,G,A,0.623,0.377,1.0,0.146,0.462,0.392,0.0
1,1:88121123,88121123,G,A,0.794,0.206,1.0,0.037,0.338,0.625,0.0
1,1:88132130,88132130,G,A,0.669,0.331,1.0,0.117,0.428,0.455,0.0
1,1:88132319,88132319,G,A,0.6735,0.3265,1.0,0.113,0.427,0.46,0.0
1,1:88136248,88136248,G,A,0.844,0.156,1.0,0.028,0.256,0.716,0.0
1,1:88142227,88142227,G,A,0.9435,0.0565,1.0,0.003,0.107,0.89,0.0
1,1:88146619,88146619,G,A,0.9035,0.0965,1.0,0.01,0.173,0.817,0.0
1,1:88196599,88196599,G,A,0.9275,0.0725,1.0,0.002,0.141,0.857,0.0
1,1:88200461,88200461,G,A,0.824,0.176,1.0,0.034,0.284,0.682,0.0
1,1:88213939,88213939,G,A,0.793,0.207,1.0,0.043,0.328,0.629,0.0
1,1:88225316,88225316,G,A,0.573,0.427,1.0,0.185,0.484,0.331,0.0
1,1:88238973,88238973,G,A,0.8875,0.1125,1.0,0.013,0.199,0.788,0.0
1,1:88240466,88240466,G,A,0.8695,0.1305,1.0,0.019,0.223,0.758,0.0
1,1:88334829,88334829,G,A,0.689,0.311,1.0,0.088,0.446,0.466,0.0
1,1:88353032,88353032,G,A,0.748,0.252,1.0,0.068,0.368,0.564,0.0
1,1:88358552,88358552,G,A,0.4915,0.5085,1.0,0.255,0.507,0.238,0.0
1,1:88362402,88362402,G,A,0.5955,0.4045,1.0,0.161,0.487,0.352,0.0
1,1:88362657,88362657,G,A,0.8395,0.1605,1.0,0.029,0.263,0.708,0.0
1,1:88409750,88409750,G,A,0.629,0.371,1.0,0.137,0.468,0.395,0.0
1,1:88415356,88415356,G,A,0.834,0.166,1.0,0.033,0.266,0.701,0.0
1,1:88494555,88494555,G,A,0.654,0.346,1.0,0.131,0.43,0.439,0.0
1,1:88511759,88511759,G,A,0.928,0.072,1.0,0.003,0.138,0.859,0.0
1,1:88589936,88589936,G,A,0.854,0.146,1.0,0.034,0.224,0.742,0.0
1,1:88592878,88592878,G,A,0.9045,0.0955,1.0,0.008,0.175,0.817,0.0
1,1:88635847,88635847,G,A,0.7665,0.2335,1.0,0.059,0.349,0.592,0.0
1,1:88670889,88670889,G,A,0.691,0.309,1.0,0.1,0.418,0.482,0.0
1,1:88695126,88695126,G,A,0.8275,0.1725,1.0,0.03,0.285,0.685,0.0
1,1:88720438,88720438,G,A,0.4945,0.5055,1.0,0.259,0.493,0.248,0.0
1,1:88726432,88726432,G,A,0.765,0.235,1.0,0.065,0.34,0.595,0.0
1,1:88762790,88762790,G,A,0.7005,0.2995,1.0,0.08,0.439,0.481,0.0
1,1:88780368,88780368,G,A,0.747,0.253,1.0,0.059,0.388,0.553,0.0
1,1:88782880,88782880,G,A,0.551,0.449,1.0,0.214,0.47,0.316,0.0
1,1:88785937,88785937,G,A,0.7885,0.2115,1.0,0.042,0.339,0.619,0.0
1,1:88797489,88797489,G,A,0.5335,0.4665,1.0,0.213,0.507,0.28,0.0
1,1:88798297,88798297,G,A,0.5955,0.4045,1.0,0.169,0.471,0.36,0.0
1,1:88825084,88825084,G,A,0.919,0.081,1.0,0.007,0.148,0.845,0.0
1,1:88826440,88826440,G,A,0.557,0.443,1.0,0.196,0.494,0.31,0.0
1,1:88833877,88833877,G,A,0.878,0.122,1.0,0.019,0.206,0.775,0.0
1,1:88849482,88849482,G,A,0.931,0.069,1.0,0.004,0.13,0.866,0.0
1,1:88866218,88866218,G,A,0.842,0.158,1.0,0.028,0.26,0.712,0.0
1,1:88866330,88866330,G,A,0.915,0.085,1.0,0.006,0.158,0.836,0.0
1,1:88883976,88883976,G,A,0.682,0.318,1.0,0.098,0.44,0.462,0.0
1,1:88917676,88917676,G,A,0.7425,0.2575,1.0,0.057,0.401,0.542,0.0
1,1:88934080,88934080,G,A,0.74,0.26,1.0,0.054,0.412,0.534,0.0
1,1:88997223,88997223,G,A,0.708,0.292,1.0,0.085,0.414,0.501,0.0
1,1:89020625,89020625,G,A,0.7245,0.2755,1.0,0.083,0.385,0.532,0.0
1,1:89054635,89054635,G,A,0.47,0.53,1.0,0.281,0.498,0.221,0.0
1,1:89067458,89067458,G,A,0.6785,0.3215,1.0,0.112,0.419,0.469,0.0
1,1:89074838,89074838,G,A,0.694,0.306,1.0,0.092,0.428,0.48,0.0
1,1:89078940,89078940,G,A,0.766,0.234,1.0,0.057,0.354,0.589,0.0
1,1:89079815,89079815,G,A,0.77,0.23,1.0,0.051,0.358,0.591,0.0
1,1:89088494,89088494,G,A,0.5,0.5,1.0,0.259,0.482,0.259,0.0
1,1:89089997,89089997,G,A,0.952,0.048,1.0,0.003,0.09,0.907,0.0
1,1:89097674,89097674,G,A,0.875,0.125,1.0,0.017,0.216,0.767,0.0
1,1:89124712,89124712,G,A,0.822,0.178,1.0,0.029,0.298,0.673,0.0
1,1:89132961,89132961,G,A,0.5605,0.4395,1.0,0.195,0.489,0.316,0.0
1,1:89148777,89148777,G,A,0.5355,0.4645,1.0,0.212,0.505,0.283,0.0
1,1:89152743,89152743,G,A,0.924,0.076,1.0,0.003,0.146,0.851,0.0
1,1:89164253,89164253,G,A,0.8725,0.1275,1.0,0.018,0.219,0.763,0.0
1,1:89165629,89165629,G,A,0.5625,0.4375,1.0,0.186,0.503,0.311,0.0
1,1:89178976,89178976,G,A,0.8365,0.1635,1.0,0.023,0.281,0.696,0.0
1,1:89191512,89191512,G,A,0.7695,0.2305,1.0,0.053,0.355,0.592,0.0
1,1:89198480,89198480,G,A,0.951,0.049,1.0,0.003,0.092,0.905,0.0
1,1:89252067,89252067,G,A,0.7305,0.2695,1.0,0.073,0.393,0.534,0.0
1,1:89268368,89268368,G,A,0.5605,0.4395,1.0,0.199,0.481,0.32,0.0
1,1:89268939,89268939,G,A,0.791,0.209,1.0,0.047,0.324,0.629,0.0
1,1:89323230,89323230,G,A,0.5545,0.4455,1.0,0.2,0.491,0.309,0.0
1,1:89338054,89338054,G,A,0.804,0.196,1.0,0.035,0.322,0.643,0.0
1,1:89362501,89362501,G,A,0.662,0.338,1.0,0.107,0.462,0.431,0.0
1,1:89380420,89380420,G,A,0.8205,0.1795,1.0,0.036,0.287,0.677,0.0
1,1:89381752,89381752,G,A,0.7115,0.2885,1.0,0.085,0.407,0.508,0.0
1,1:89386387,89386387,G,A,0.5585,0.4415,1.0,0.182,0.519,0.299,0.0
1,1:89393764,89393764,G,A,0.5745,0.4255,1.0,0.179,0.493,0.328,0.0
1,1:89398015,89398015,G,A,0.927,0.073,1.0,0.009,0.128,0.863,0.0
1,1:89408648,89408648,G,A,0.543,0.457,1.0,0.218,0.478,0.304,0.0
1,1:89418469,89418469,G,A,0.7045,0.2955,1.0,0.093,0.405,0.502,0.0
1,1:89431484,89431484,G,A,0.852,0.148,1.0,0.02,0.256,0.724,0.0
1,1:89473855,89473855,G,A,0.595,0.405,1.0,0.15,0.51,0.34,0.0
1,1:89482492,89482492,G,A,0.674,0.326,1.0,0.1,0.452,0.448,0.0
1,1:89523106,89523106,G,A,0.737,0.263,1.0,0.072,0.382,0.546,0.0
1,1:89567716,89567716,G,A,0.5855,0.4145,1.0,0.172,0.485,0.343,0.0
1,1:89583550,89583550,G,A,0.8525,0.1475,1.0,0.016,0.263,0.721,0.0
1,1:89588015,89588015,G,A,0.6815,0.3185,1.0,0.1,0.437,0.463,0.0
1,1:89589818,89589818,G,A,0.53,0.47,1.0,0.237,0.466,0.297,0.0
1,1:89595716,89595716,G,A,0.669,0.331,1.0,0.11,0.442,0.448,0.0
1,1:89595921,89595921,G,A,0.6655,0.3345,1.0,0.123,0.423,0.454,0.0
1,1:89597894,89597894,G,A,0.937,0.063,1.0,0.006,0.114,0.88,0.0
1,1:89605801,89605801,G,A,0.871,0.129,1.0,0.016,0.226,0.758,0.0
1,1:89630669,89630669,G,A,0.657,0.343,1.0,0.121,0.444,0.435,0.0
1,1:89638694,89638694,G,A,0.659,0.341,1.0,0.113,0.456,0.431,0.0
1,1:89681331,89681331,G,A,0.538,0.462,1.0,0.208,0.508,0.284,0.0
1,1:89729574,89729574,G,A,0.5445,0.4555,1.0,0.192,0.527,0.281,0.0
1,1:89763926,89763926,G,A,0.7875,0.2125,1.0,0.038,0.349,0.613,0.0
1,1:89775199,89775199,G,A,0.651,0.349,1.0,0.115,0.468,0.417,0.0
1,1:89796265,89796265,G,A,0.7335,0.2665,1.0,0.063,0.407,0.53,0.0
1,1:89803135,89803135,G,A,0.742,0.258,1.0,0.072,0.372,0.556,0.0
1,1:89809442,89809442,G,A,0.5335,0.4665,1.0,0.212,0.509,0.279,0.0
1,1:89813694,89813694,G,A,0.638,0.362,1.0,0.123,0.478,0.399,0.0
1,1:89817242,89817242,G,A,0.5,0.5,1.0,0.273,0.454,0.273,0.0
1,1:89838874,89838874,G,A,0.5855,0.4145,1.0,0.18,0.469,0.351,0.0
1,1:89843596,89843596,G,A,0.616,0.384,1.0,0.145,0.478,0.377,0.0
1,1:89854714,89854714,G,A,0.7435,0.2565,1.0,0.065,0.383,0.552,0.0
1,1:89856307,89856307,G,A,0.908,0.092,1.0,0.007,0.17,0.823,0.0
1,1:89858639,89858639,G,A,0.6765,0.3235,1.0,0.114,0.419,0.467,0.0
1,1:89859625,89859625,G,A,0.7435,0.2565,1.0,0.071,0.371,0.558,0.0
1,1:89884304,89884304,G,A,0.692,0.308,1.0,0.101,0.414,0.485,0.0
1,1:89920288,89920288,G,A,0.8265,0.1735,1.0,0.029,0.289,0.682,0.0
1,1:89948214,89948214,G,A,0.859,0.141,1.0,0.019,0.244,0.737,0.0
1,1:89957926,89957926,G,A,0.825,0.175,1.0,0.031,0.288,0.681,0.0
1,1:89966607,89966607,G,A,0.644,0.356,1.0,0.125,0.462,0.413,0.0
1,1:89967768,89967768,G,A,0.5055,0.4945,1.0,0.239,0.511,0.25,0.0
1,1:89973676,89973676,G,A,0.511,0.489,1.0,0.25,0.478,0.272,0.0
1,1:90012400,90012400,G,A,0.5835,0.4165,1.0,0.179,0.475,0.346,0.0
1,1:90013845,90013845,G,A,0.5335,0.4665,1.0,0.221,0.491,0.288,0.0
1,1:90029324,90029324,G,A,0.8135,0.1865,1.0,0.034,0.305,0.661,0.0
1,1:90033641,90033641,G,A,0.945,0.055,1.0,0.003,0.104,0.893,0.0
1,1:90040054,90040054,G,A,0.857,0.143,1.0,0.021,0.244,0.735,0.0
1,1:90050095,90050095,G,A,0.669,0.331,1.0,0.111,0.44,0.449,0.0
1,1:90053375,90053375,G,A,0.561,0.439,1.0,0.202,0.474,0.324,0.0
1,1:90067503,90067503,G,A,0.518,0.482,1.0,0.225,0.514,0.261,0.0
1,1:90075654,90075654,G,A,0.5785,0.4215,1.0,0.17,0.503,0.327,0.0
1,1:90109835,90109835,G,A,0.62,0.38,1.0,0.152,0.456,0.392,0.0
1,1:90126860,90126860,G,A,0.811,0.189,1.0,0.037,0.304,0.659,0.0
1,1:90133875,90133875,G,A,0.9095,0.0905,1.0,0.007,0.167,0.826,0.0
1,1:90150079,90150079,G,A,0.7215,0.2785,1.0,0.076,0.405,0.519,0.0
1,1:90185022,90185022,G,A,0.7945,0.2055,1.0,0.036,0.339,0.625,0.0
1,1:90190761,90190761,G,A,0.8935,0.1065,1.0,0.008,0.197,0.795,0.0
1,1:90197407,90197407,G,A,0.73,0.27,1.0,0.086,0.368,0.546,0.0
1,1:90228138,90228138,G,A,0.711,0.289,1.0,0.082,0.414,0.504,0.0
1,1:90239466,90239466,G,A,0.594,0.406,1.0,0.168,0.476,0.356,0.0
1,1:90275389,90275389,G,A,0.597,0.403,1.0,0.173,0.46,0.367,0.0
1,1:90293135,90293135,G,A,0.7305,0.2695,1.0,0.075,0.389,0.536,0.0
1,1:90354784,90354784,G,A,0.5345,0.4655,1.0,0.218,0.495,0.287,0.0
1,1:90369566,90369566,G,A,0.6,0.4,1.0,0.164,0.472,0.364,0.0
1,1:90372541,90372541,G,A,0.764,0.236,1.0,0.052,0.368,0.58,0.0
1,1:90401431,90401431,G,A,0.7995,0.2005,1.0,0.039,0.323,0.638,0.0
1,1:90427681,90427681,G,A,0.799,0.201,1.0,0.043,0.316,0.641,0.0
1,1:90438982,90438982,G,A,0.731,0.269,1.0,0.073,0.392,0.535,0.0
1,1:90493044,90493044,G,A,0.8105,0.1895,1.0,0.041,0.297,0.662,0.0
1,1:90503569,90503569,G,A,0.7345,0.2655,1.0,0.073,0.385,0.542,0.0
1,1:90508656,90508656,G,A,0.6775,0.3225,1.0,0.099,0.447,0.454,0.0
1,1:90516921,90516921,G,A,0.867,0.133,1.0,0.012,0.242,0.746,0.0
1,1:90551850,90551850,G,A,0.5735,0.4265,1.0,0.187,0.479,0.334,0.0
1,1:90567215,90567215,G,A,0.9,0.1,1.0,0.01,0.18,0.81,0.0
1,1:90576002,90576002,G,A,0.7725,0.2275,1.0,0.054,0.347,0.599,0.0
1,1:90581387,90581387,G,A,0.878,0.122,1.0,0.01,0.224,0.766,0.0
1,1:90586460,90586460,G,A,0.805,0.195,1.0,0.047,0.296,0.657,0.0
1,1:90607389,90607389,G,A,0.729,0.271,1.0,0.071,0.4,0.529,0.0
1,1:90607716,90607716,G,A,0.597,0.403,1.0,0.167,0.472,0.361,0.0
1,1:90615007,90615007,G,A,0.651,0.349,1.0,0.126,0.446,0.428,0.0
1,1:90642431,90642431,G,A,0.7805,0.2195,1.0,0.046,0.347,0.607,0.0
1,1:90645372,90645372,G,A,0.691,0.309,1.0,0.092,0.434,0.474,0.0
1,1:90652967,90652967,G,A,0.805,0.195,1.0,0.047,0.296,0.657,0.0
1,1:90721816,90721816,G,A,0.5725,0.4275,1.0,0.191,0.473,0.336,0.0
1,1:90727381,90727381,G,A,0.735,0.265,1.0,0.068,0.394,0.538,0.0
1,1:90740534,90740534,G,A,0.64,0.36,1.0,0.126,0.468,0.406,0.0
1,1:90745779,90745779,G,A,0.823,0.177,1.0,0.033,0.288,0.679,0.0
1,1:90784127,90784127,G,A,0.6545,0.3455,1.0,0.129,0.433,0.438,0.0
1,1:90809062,90809062,G,A,0.5255,0.4745,1.0,0.239,0.471,0.29,0.0
1,1:90827528,90827528,G,A,0.9025,0.0975,1.0,0.008,0.179,0.813,0.0
1,1:90838395,90838395,G,A,0.6845,0.3155,1.0,0.091,0.449,0.46,0.0
1,1:90856280,90856280,G,A,0.712,0.288,1.0,0.08,0.416,0.504,0.0
1,1:90864818,90864818,G,A,0.73,0.27,1.0,0.08,0.38,0.54,0.0
1,1:90876183,90876183,G,A,0.848,0.152,1.0,0.021,0.262,0.717,0.0
1,1:90922359,90922359,G,A,0.9415,0.0585,1.0,0.003,0.111,0.886,0.0
1,1:90936007,90936007,G,A,0.924,0.076,1.0,0.006,0.14,0.854,0.0
1,1:90962123,90962123,G,A,0.8195,0.1805,1.0,0.03,0.301,0.669,0.0
1,1:90980257,90980257,G,A,0.581,0.419,1.0,0.193,0.452,0.355,0.0
1,1:91008394,91008394,G,A,0.6075,0.3925,1.0,0.148,0.489,0.363,0.0
1,1:91042487,91042487,G,A,0.486,0.514,1.0,0.262,0.504,0.234,0.0
1,1:91054443,91054443,G,A,0.6245,0.3755,1.0,0.143,0.465,0.392,0.0
1,1:91063626,91063626,G,A,0.786,0.214,1.0,0.048,0.332,0.62,0.0
1,1:91090293,91090293,G,A,0.552,0.448,1.0,0.186,0.524,0.29,0.0
1,1:91097260,91097260,G,A,0.609,0.391,1.0,0.155,0.472,0.373,0.0
1,1:91111674,91111674,G,A,0.6415,0.3585,1.0,0.148,0.421,0.431,0.0
1,1:91144827,91144827,G,A,0.699,0.301,1.0,0.081,0.44,0.479,0.0
1,1:91153888,91153888,G,A,0.6435,0.3565,1.0,0.127,0.459,0.414,0.0
1,1:91174619,91174619,G,A,0.525,0.475,1.0,0.217,0.516,0.267,0.0
1,1:91177997,91177997,G,A,0.5545,0.4455,1.0,0.199,0.493,0.308,0.0
1,1:91199915,91199915,G,A,0.8515,0.1485,1.0,0.023,0.251,0.726,0.0
1,1:91209575,91209575,G,A,0.91,0.09,1.0,0.009,0.162,0.829,0.0
1,1:91223775,91223775,G,A,0.944,0.056,1.0,0.003,0.106,0.891,0.0
1,1:91233770,91233770,G,A,0.6245,0.3755,1.0,0.139,0.473,0.388,0.0
1,1:91245282,91245282,G,A,0.826,0.174,1.0,0.02,0.308,0.672,0.0
1,1:91249361,91249361,G,A,0.623,0.377,1.0,0.157,0.44,0.403,0.0
1,1:91253745,91253745,G,A,0.872,0.128,1.0,0.023,0.21,0.767,0.0
1,1:91272214,91272214,G,A,0.7645,0.2355,1.0,0.05,0.371,0.579,0.0
1,1:91275925,91275925,G,A,0.9435,0.0565,1.0,0.006,0.101,0.893,0.0
1,1:91299104,91299104,G,A,0.9005,0.0995,1.0,0.009,0.181,0.81,0.0
1,1:91312344,91312344,G,A,0.902,0.098,1.0,0.007,0.182,0.811,0.0
1,1:91323774,91323774,G,A,0.5865,0.4135,1.0,0.176,0.475,0.349,0.0
1,1:91326530,91326530,G,A,0.5475,0.4525,1.0,0.196,0.513,0.291,0.0
1,1:91335275,91335275,G,A,0.8685,0.1315,1.0,0.026,0.211,0.763,0.0
1,1:91351454,91351454,G,A,0.703,0.297,1.0,0.086,0.422,0.492,0.0
1,1:91355425,91355425,G,A,0.886,0.114,1.0,0.011,0.206,0.783,0.0
1,1:91365897,91365897,G,A,0.595,0.405,1.0,0.164,0.482,0.354,0.0
1,1:91403831,91403831,G,A,0.5715,0.4285,1.0,0.172,0.513,0.315,0.0
1,1:91443926,91443926,G,A,0.5905,0.4095,1.0,0.166,0.487,0.347,0.0
1,1:91444239,91444239,G,A,0.8325,0.1675,1.0,0.032,0.271,0.697,0.0
1,1:91448241,91448241,G,A,0.788,0.212,1.0,0.049,0.326,0.625,0.0
1,1:91449574,91449574,G,A,0.853,0.147,1.0,0.02,0.254,0.726,0.0
1,1:91465832,91465832,G,A,0.949,0.051,1.0,0.001,0.1,0.899,0.0
1,1:91485681,91485681,G,A,0.9165,0.0835,1.0,0.004,0.159,0.837,0.0
1,1:91499350,91499350,G,A,0.509,0.491,1.0,0.255,0.472,0.273,0.0
1,1:91544507,91544507,G,A,0.5355,0.4645,1.0,0.22,0.489,0.291,0.0
1,1:91636053,91636053,G,A,0.8945,0.1055,1.0,0.006,0.199,0.795,0.0
1,1:91636656,91636656,G,A,0.744,0.256,1.0,0.076,0.36,0.564,0.0
1,1:91639031,91639031,G,A,0.5195,0.4805,1.0,0.237,0.487,0.276,0.0
1,1:91693394,91693394,G,A,0.9135,0.0865,1.0,0.008,0.157,0.835,0.0
1,1:91703290,91703290,G,A,0.6455,0.3545,1.0,0.129,0.451,0.42,0.0
1,1:91757998,91757998,G,A,0.9055,0.0945,1.0,0.009,0.171,0.82,0.0
1,1:91766136,91766136,G,A,0.779,0.221,1.0,0.056,0.33,0.614,0.0
1,1:91800601,91800601,G,A,0.929,0.071,1.0,0.006,0.13,0.864,0.0
1,1:91838098,91838098,G,A,0.6705,0.3295,1.0,0.102,0.455,0.443,0.0
1,1:91870719,91870719,G,A,0.6285,0.3715,1.0,0.139,0.465,0.396,0.0
1,1:91883569,91883569,G,A,0.9255,0.0745,1.0,0.011,0.127,0.862,0.0
1,1:91893488,91893488,G,A,0.7245,0.2755,1.0,0.079,0.393,0.528,0.0
1,1:91905294,91905294,G,A,0.807,0.193,1.0,0.038,0.31,0.652,0.0
1,1:91952594,91952594,G,A,0.629,0.371,1.0,0.142,0.458,0.4,0.0
1,1:91959542,91959542,G,A,0.719,0.281,1.0,0.075,0.412,0.513,0.0
1,1:91961123,91961123,G,A,0.9355,0.0645,1.0,0.003,0.123,0.874,0.0
1,1:91992690,91992690,G,A,0.8265,0.1735,1.0,0.031,0.285,0.684,0.0
1,1:91996210,91996210,G,A,0.729,0.271,1.0,0.081,0.38,0.539,0.0
1,1:92057629,92057629,G,A,0.9095,0.0905,1.0,0.009,0.163,0.828,0.0
1,1:92078003,92078003,G,A,0.544,0.456,1.0,0.223,0.466,0.311,0.0
1,1:92086333,92086333,G,A,0.5775,0.4225,1.0,0.167,0.511,0.322,0.0
1,1:92098492,92098492,G,A,0.902,0.098,1.0,0.016,0.164,0.82,0.0
1,1:92108543,92108543,G,A,0.574,0.426,1.0,0.178,0.496,0.326,0.0
1,1:92122862,92122862,G,A,0.684,0.316,1.0,0.103,0.426,0.471,0.0
1,1:92127434,92127434,G,A,0.5675,0.4325,1.0,0.186,0.493,0.321,0.0
1,1:92157411,92157411,G,A,0.677,0.323,1.0,0.111,0.424,0.465,0.0
1,1:92164580,92164580,G,A,0.536,0.464,1.0,0.212,0.504,0.284,0.0
1,1:92165224,92165224,G,A,0.738,0.262,1.0,0.069,0.386,0.545,0.0
1,1:92168437,92168437,G,A,0.5105,0.4895,1.0,0.245,0.489,0.266,0.0
1,1:92184933,92184933,G,A,0.545,0.455,1.0,0.211,0.488,0.301,0.0
1,1:92210535,92210535,G,A,0.675,0.325,1.0,0.114,0.422,0.464,0.0
1,1:92294505,92294505,G,A,0.765,0.235,1.0,0.063,0.344,0.593,0.0
1,1:92336442,92336442,G,A,0.682,0.318,1.0,0.106,0.424,0.47,0.0
1,1:92351587,92351587,G,A,0.618,0.382,1.0,0.143,0.478,0.379,0.0
1,1:92379917,92379917,G,A,0.793,0.207,1.0,0.038,0.338,0.624,0.0
1,1:92400749,92400749,G,A,0.6895,0.3105,1.0,0.105,0.411,0.484,0.0
1,1:92406062,92406062,G,A,0.533,0.467,1.0,0.218,0.498,0.284,0.0
1,1:92412167,92412167,G,A,0.546,0.454,1.0,0.214,0.48,0.306,0.0
1,1:92441161,92441161,G,A,0.674,0.326,1.0,0.105,0.442,0.453,0.0
1,1:92479304,92479304,G,A,0.877,0.123,1.0,0.019,0.208,0.773,0.0
1,1:92525564,92525564,G,A,0.6065,0.3935,1.0,0.152,0.483,0.365,0.0
1,1:92526140,92526140,G,A,0.83,0.17,1.0,0.031,0.278,0.691,0.0
1,1:92538314,92538314,G,A,0.922,0.078,1.0,0.008,0.14,0.852,0.0
1,1:92540487,92540487,G,A,0.799,0.201,1.0,0.041,0.32,0.639,0.0
1,1:92543849,92543849,G,A,0.824,0.176,1.0,0.032,0.288,0.68,0.0
1,1:92548038,92548038,G,A,0.727,0.273,1.0,0.073,0.4,0.527,0.0
1,1:92556385,92556385,G,A,0.9425,0.0575,1.0,0.003,0.109,0.888,0.0
1,1:92572364,92572364,G,A,0.627,0.373,1.0,0.125,0.496,0.379,0.0
1,1:92573560,92573560,G,A,0.754,0.246,1.0,0.048,0.396,0.556,0.0
1,1:92601714,92601714,G,A,0.824,0.176,1.0,0.033,0.286,0.681,0.0
1,1:92603510,92603510,G,A,0.82,0.18,1.0,0.034,0.292,0.674,0.0
1,1:92613229,92613229,G,A,0.929,0.071,1.0,0.007,0.128,0.865,0.0
1,1:92637144,92637144,G,A,0.846,0.154,1.0,0.024,0.26,0.716,0.0
1,1:92642343,92642343,G,A,0.902,0.098,1.0,0.01,0.176,0.814,0.0
1,1:92649394,92649394,G,A,0.744,0.256,1.0,0.06,0.392,0.548,0.0
1,1:92663038,92663038,G,A,0.7255,0.2745,1.0,0.076,0.397,0.527,0.0
1,1:92733986,92733986,G,A,0.5845,0.4155,1.0,0.16,0.511,0.329,0.0
1,1:92763661,92763661,G,A,0.702,0.298,1.0,0.093,0.41,0.497,0.0
1,1:92768681,92768681,G,A,0.668,0.332,1.0,0.104,0.456,0.44,0.0
1,1:92786100,92786100,G,A,0.9055,0.0945,1.0,0.006,0.177,0.817,0.0
1,1:92792002,92792002,G,A,0.786,0.214,1.0,0.051,0.326,0.623,0.0
1,1:92796687,92796687,G,A,0.592,0.408,1.0,0.166,0.484,0.35,0.0
1,1:92800519,92800519,G,A,0.671,0.329,1.0,0.105,0.448,0.447,0.0
1,1:92800582,92800582,G,A,0.788,0.212,1.0,0.038,0.348,0.614,0.0
1,1:92815366,92815366,G,A,0.7575,0.2425,1.0,0.068,0.349,0.583,0.0
1,1:92821908,92821908,G,A,0.9005,0.0995,1.0,0.009,0.181,0.81,0.0
1,1:92886870,92886870,G,A,0.9325,0.0675,1.0,0.001,0.133,0.866,0.0
1,1:92903550,92903550,G,A,0.896,0.104,1.0,0.015,0.178,0.807,0.0
1,1:92910408,92910408,G,A,0.816,0.184,1.0,0.034,0.3,0.666,0.0
1,1:92924888,92924888,G,A,0.802,0.198,1.0,0.041,0.314,0.645,0.0
1,1:92935016,92935016,G,A,0.6355,0.3645,1.0,0.126,0.477,0.397,0.0
1,1:92942923,92942923,G,A,0.881,0.119,1.0,0.014,0.21,0.776,0.0
1,1:92956358,92956358,G,A,0.5955,0.4045,1.0,0.156,0.497,0.347,0.0
1,1:92962841,92962841,G,A,0.6385,0.3615,1.0,0.141,0.441,0.418,0.0
1,1:92963021,92963021,G,A,0.8815,0.1185,1.0,0.009,0.219,0.772,0.0
1,1:92981362,92981362,G,A,0.6525,0.3475,1.0,0.117,0.461,0.422,0.0
1,1:92983351,92983351,G,A,0.8065,0.1935,1.0,0.038,0.311,0.651,0.0
1,1:92992905,92992905,G,A,0.8975,0.1025,1.0,0.007,0.191,0.802,0.0
1,1:93028004,93028004,G,A,0.67,0.33,1.0,0.112,0.436,0.452,0.0
1,1:93050124,93050124,G,A,0.586,0.414,1.0,0.166,0.496,0.338,0.0
1,1:93053572,93053572,G,A,0.5275,0.4725,1.0,0.244,0.457,0.299,0.0
1,1:93118770,93118770,G,A,0.6845,0.3155,1.0,0.096,0.439,0.465,0.0
1,1:93138348,93138348,G,A,0.6985,0.3015,1.0,0.097,0.409,0.494,0.0
1,1:93144812,93144812,G,A,0.7435,0.2565,1.0,0.062,0.389,0.549,0.0
1,1:93154543,93154543,G,A,0.8165,0.1835,1.0,0.034,0.299,0.667,0.0
1,1:93198564,93198564,G,A,0.89,0.11,1.0,0.009,0.202,0.789,0.0
1,1:93262160,93262160,G,A,0.8205,0.1795,1.0,0.032,0.295,0.673,0.0
1,1:93313025,93313025,G,A,0.8135,0.1865,1.0,0.03,0.313,0.657,0.0
1,1:93329835,93329835,G,A,0.6215,0.3785,1.0,0.133,0.491,0.376,0.0
1,1:93365357,93365357,G,A,0.888,0.112,1.0,0.009,0.206,0.785,0.0
1,1:93372042,93372042,G,A,0.8735,0.1265,1.0,0.015,0.223,0.762,0.0
1,1:93389282,93389282,G,A,0.504,0.496,1.0,0.242,0.508,0.25,0.0
1,1:93410763,93410763,G,A,0.916,0.084,1.0,0.01,0.148,0.842,0.0
1,1:93421776,93421776,G,A,0.529,0.471,1.0,0.218,0.506,0.276,0.0
1,1:93424423,93424423,G,A,0.883,0.117,1.0,0.01,0.214,0.776,0.0
1,1:93437617,93437617,G,A,0.69,0.31,1.0,0.091,0.438,0.471,0.0
1,1:93446148,93446148,G,A,0.7775,0.2225,1.0,0.047,0.351,0.602,0.0
1,1:93480812,93480812,G,A,0.7745,0.2255,1.0,0.062,0.327,0.611,0.0
1,1:93481783,93481783,G,A,0.6265,0.3735,1.0,0.135,0.477,0.388,0.0
1,1:93484898,93484898,G,A,0.6375,0.3625,1.0,0.125,0.475,0.4,0.0
1,1:93526767,93526767,G,A,0.5325,0.4675,1.0,0.213,0.509,0.278,0.0
1,1:93560814,93560814,G,A,0.635,0.365,1.0,0.149,0.432,0.419,0.0
1,1:93569991,93569991,G,A,0.6765,0.3235,1.0,0.102,0.443,0.455,0.0
1,1:93580483,93580483,G,A,0.871,0.129,1.0,0.015,0.228,0.757,0.0
1,1:93613219,93613219,G,A,0.7265,0.2735,1.0,0.07,0.407,0.523,0.0
1,1:93616746,93616746,G,A,0.725,0.275,1.0,0.075,0.4,0.525,0.0
1,1:93635925,93635925,G,A,0.6415,0.3585,1.0,0.139,0.439,0.422,0.0
1,1:93644762,93644762,G,A,0.789,0.211,1.0,0.044,0.334,0.622,0.0
1,1:93691766,93691766,G,A,0.8865,0.1135,1.0,0.012,0.203,0.785,0.0
1,1:93693515,93693515,G,A,0.5625,0.4375,1.0,0.196,0.483,0.321,0.0
1,1:93719754,93719754,G,A,0.934,0.066,1.0,0.004,0.124,0.872,0.0
1,1:93730770,93730770,G,A,0.8715,0.1285,1.0,0.014,0.229,0.757,0.0
1,1:93746867,93746867,G,A,0.7285,0.2715,1.0,0.07,0.403,0.527,0.0
1,1:93774760,93774760,G,A,0.5375,0.4625,1.0,0.222,0.481,0.297,0.0
1,1:93826588,93826588,G,A,0.889,0.111,1.0,0.015,0.192,0.793,0.0
1,1:93831306,93831306,G,A,0.6205,0.3795,1.0,0.146,0.467,0.387,0.0
1,1:93837988,93837988,G,A,0.8105,0.1895,1.0,0.035,0.309,0.656,0.0
1,1:93842127,93842127,G,A,0.913,0.087,1.0,0.004,0.166,0.83,0.0
1,1:93878235,93878235,G,A,0.539,0.461,1.0,0.216,0.49,0.294,0.0
1,1:93900040,93900040,G,A,0.5235,0.4765,1.0,0.228,0.497,0.275,0.0
1,1:93957367,93957367,G,A,0.888,0.112,1.0,0.02,0.184,0.796,0.0
1,1:93966817,93966817,G,A,0.5375,0.4625,1.0,0.207,0.511,0.282,0.0
1,1:93982381,93982381,G,A,0.6765,0.3235,1.0,0.086,0.475,0.439,0.0
1,1:93986641,93986641,G,A,0.862,0.138,1.0,0.019,0.238,0.743,0.0
1,1:94015782,94015782,G,A,0.6595,0.3405,1.0,0.116,0.449,0.435,0.0
1,1:94027063,94027063,G,A,0.585,0.415,1.0,0.16,0.51,0.33,0.0
1,1:94117049,94117049,G,A,0.7345,0.2655,1.0,0.056,0.419,0.525,0.0
1,1:94153951,94153951,G,A,0.5335,0.4665,1.0,0.228,0.477,0.295,0.0
1,1:94159766,94159766,G,A,0.7155,0.2845,1.0,0.082,0.405,0.513,0.0
1,1:94185021,94185021,G,A,0.8635,0.1365,1.0,0.02,0.233,0.747,0.0
1,1:94191849,94191849,G,A,0.6115,0.3885,1.0,0.155,0.467,0.378,0.0
1,1:94197656,94197656,G,A,0.6245,0.3755,1.0,0.145,0.461,0.394,0.0
1,1:94206449,94206449,G,A,0.655,0.345,1.0,0.118,0.454,0.428,0.0
1,1:94243230,94243230,G,A,0.557,0.443,1.0,0.179,0.528,0.293,0.0
1,1:94249013,94249013,G,A,0.7365,0.2635,1.0,0.07,0.387,0.543,0.0
1,1:94257536,94257536,G,A,0.6365,0.3635,1.0,0.149,0.429,0.422,0.0
1,1:94260646,94260646,G,A,0.522,0.478,1.0,0.235,0.486,0.279,0.0
1,1:94269830,94269830,G,A,0.8975,0.1025,1.0,0.005,0.195,0.8,0.0
1,1:94272886,94272886,G,A,0.7685,0.2315,1.0,0.053,0.357,0.59,0.0
1,1:94273360,94273360,G,A,0.848,0.152,1.0,0.025,0.254,0.721,0.0
1,1:94308590,94308590,G,A,0.8055,0.1945,1.0,0.038,0.313,0.649,0.0
1,1:94329099,94329099,G,A,0.7055,0.2945,1.0,0.093,0.403,0.504,0.0
1,1:94409908,94409908,G,A,0.583,0.417,1.0,0.185,0.464,0.351,0.0
1,1:94436041,94436041,G,A,0.7955,0.2045,1.0,0.037,0.335,0.628,0.0
1,1:94455027,94455027,G,A,0.6865,0.3135,1.0,0.097,0.433,0.47,0.0
1,1:94484062,94484062,G,A,0.6,0.4,1.0,0.181,0.438,0.381,0.0
1,1:94488386,94488386,G,A,0.5145,0.4855,1.0,0.233,0.505,0.262,0.0
1,1:94499887,94499887,G,A,0.7705,0.2295,1.0,0.05,0.359,0.591,0.0
1,1:94537778,94537778,G,A,0.8675,0.1325,1.0,0.017,0.231,0.752,0.0
1,1:94542874,94542874,G,A,0.6865,0.3135,1.0,0.093,0.441,0.466,0.0
1,1:94553865,94553865,G,A,0.5535,0.4465,1.0,0.202,0.489,0.309,0.0
1,1:94555919,94555919,G,A,0.837,0.163,1.0,0.028,0.27,0.702,0.0
1,1:94562312,94562312,G,A,0.717,0.283,1.0,0.088,0.39,0.522,0.0
1,1:94569233,94569233,G,A,0.7395,0.2605,1.0,0.067,0.387,0.546,0.0
1,1:94597310,94597310,G,A,0.5315,0.4685,1.0,0.223,0.491,0.286,0.0
1,1:94604918,94604918,G,A,0.754,0.246,1.0,0.063,0.366,0.571,0.0
1,1:94640289,94640289,G,A,0.7265,0.2735,1.0,0.079,0.389,0.532,0.0
1,1:94754941,94754941,G,A,0.8805,0.1195,1.0,0.015,0.209,0.776,0.0
1,1:94766207,94766207,G,A,0.7505,0.2495,1.0,0.059,0.381,0.56,0.0
1,1:94770078,94770078,G,A,0.8065,0.1935,1.0,0.041,0.305,0.654,0.0
1,1:94779348,94779348,G,A,0.843,0.157,1.0,0.028,0.258,0.714,0.0
1,1:94783768,94783768,G,A,0.71,0.29,1.0,0.1,0.38,0.52,0.0
1,1:94790656,94790656,G,A,0.6085,0.3915,1.0,0.15,0.483,0.367,0.0
1,1:94804868,94804868,G,A,0.878,0.122,1.0,0.012,0.22,0.768,0.0
1,1:94818477,94818477,G,A,0.878,0.122,1.0,0.015,0.214,0.771,0.0
1,1:94892392,94892392,G,A,0.892,0.108,1.0,0.012,0.192,0.796,0.0
1,1:94910155,94910155,G,A,0.627,0.373,1.0,0.141,0.464,0.395,0.0
1,1:94919178,94919178,G,A,0.604,0.396,1.0,0.156,0.48,0.364,0.0
1,1:94923792,94923792,G,A,0.558,0.442,1.0,0.202,0.48,0.318,0.0
1,1:94962819,94962819,G,A,0.5155,0.4845,1.0,0.227,0.515,0.258,0.0
1,1:94975402,94975402,G,A,0.773,0.227,1.0,0.045,0.364,0.591,0.0
1,1:95000617,95000617,G,A,0.7855,0.2145,1.0,0.054,0.321,0.625,0.0
1,1:95009779,95009779,G,A,0.4815,0.5185,1.0,0.277,0.483,0.24,0.0
1,1:95015783,95015783,G,A,0.8845,0.1155,1.0,0.01,0.211,0.779,0.0
1,1:95019915,95019915,G,A,0.9355,0.0645,1.0,0.004,0.121,0.875,0.0
1,1:95042580,95042580,G,A,0.78,0.22,1.0,0.049,0.342,0.609,0.0
1,1:95043394,95043394,G,A,0.919,0.081,1.0,0.005,0.152,0.843,0.0
1,1:95048426,95048426,G,A,0.772,0.228,1.0,0.045,0.366,0.589,0.0
1,1:95057281,95057281,G,A,0.7585,0.2415,1.0,0.055,0.373,0.572,0.0
1,1:95096925,95096925,G,A,0.6375,0.3625,1.0,0.132,0.461,0.407,0.0
1,1:95112670,95112670,G,A,0.624,0.376,1.0,0.129,0.494,0.377,0.0
1,1:95150969,95150969,G,A,0.6615,0.3385,1.0,0.116,0.445,0.439,0.0
1,1:95184673,95184673,G,A,0.6355,0.3645,1.0,0.134,0.461,0.405,0.0
1,1:95192947,95192947,G,A,0.769,0.231,1.0,0.047,0.368,0.585,0.0
1,1:95197394,95197394,G,A,0.7455,0.2545,1.0,0.069,0.371,0.56,0.0
1,1:95211226,95211226,G,A,0.6295,0.3705,1.0,0.13,0.481,0.389,0.0
1,1:95222451,95222451,G,A,0.8745,0.1255,1.0,0.012,0.227,0.761,0.0
1,1:95257137,95257137,G,A,0.619,0.381,1.0,0.15,0.462,0.388,0.0
1,1:95260107,95260107,G,A,0.524,0.476,1.0,0.232,0.488,0.28,0.0
1,1:95268889,95268889,G,A,0.8665,0.1335,1.0,0.024,0.219,0.757,0.0
1,1:95277508,95277508,G,A,0.774,0.226,1.0,0.049,0.354,0.597,0.0
1,1:95282727,95282727,G,A,0.684,0.316,1.0,0.097,0.438,0.465,0.0
1,1:95289627,95289627,G,A,0.659,0.341,1.0,0.106,0.47,0.424,0.0
1,1:95330966,95330966,G,A,0.838,0.162,1.0,0.024,0.276,0.7,0.0
1,1:95415948,95415948,G,A,0.688,0.312,1.0,0.103,0.418,0.479,0.0
1,1:95450772,95450772,G,A,0.538,0.462,1.0,0.212,0.5,0.288,0.0
1,1:95481109,95481109,G,A,0.7965,0.2035,1.0,0.048,0.311,0.641,0.0
1,1:95482485,95482485,G,A,0.689,0.311,1.0,0.096,0.43,0.474,0.0
1,1:95488904,95488904,G,A,0.679,0.321,1.0,0.117,0.408,0.475,0.0
1,1:95499876,95499876,G,A,0.5465,0.4535,1.0,0.205,0.497,0.298,0.0
1,1:95500519,95500519,G,A,0.822,0.178,1.0,0.031,0.294,0.675,0.0
1,1:95534049,95534049,G,A,0.551,0.449,1.0,0.206,0.486,0.308,0.0
1,1:95540568,95540568,G,A,0.6695,0.3305,1.0,0.121,0.419,0.46,0.0
1,1:95575706,95575706,G,A,0.621,0.379,1.0,0.154,0.45,0.396,0.0
1,1:95632208,95632208,G,A,0.9145,0.0855,1.0,0.005,0.161,0.834,0.0
1,1:95640774,95640774,G,A,0.784,0.216,1.0,0.04,0.352,0.608,0.0
1,1:95660433,95660433,G,A,0.8895,0.1105,1.0,0.019,0.183,0.798,0.0
1,1:95672412,95672412,G,A,0.704,0.296,1.0,0.087,0.418,0.495,0.0
1,1:95672805,95672805,G,A,0.556,0.444,1.0,0.202,0.484,0.314,0.0
1,1:95723192,95723192,G,A,0.7665,0.2335,1.0,0.044,0.379,0.577,0.0
1,1:95724776,95724776,G,A,0.8435,0.1565,1.0,0.03,0.253,0.717,0.0
1,1:95743481,95743481,G,A,0.8125,0.1875,1.0,0.042,0.291,0.667,0.0
1,1:95754819,95754819,G,A,0.7095,0.2905,1.0,0.082,0.417,0.501,0.0
1,1:95779594,95779594,G,A,0.5935,0.4065,1.0,0.157,0.499,0.344,0.0
1,1:95782136,95782136,G,A,0.6465,0.3535,1.0,0.124,0.459,0.417,0.0
1,1:95785738,95785738,G,A,0.5255,0.4745,1.0,0.219,0.511,0.27,0.0
1,1:95790833,95790833,G,A,0.5535,0.4465,1.0,0.199,0.495,0.306,0.0
1,1:95809239,95809239,G,A,0.9015,0.0985,1.0,0.014,0.169,0.817,0.0
1,1:95837426,95837426,G,A,0.6395,0.3605,1.0,0.134,0.453,0.413,0.0
1,1:95855582,95855582,G,A,0.7645,0.2355,1.0,0.053,0.365,0.582,0.0
1,1:95856758,95856758,G,A,0.788,0.212,1.0,0.039,0.346,0.615,0.0
1,1:95875022,95875022,G,A,0.739,0.261,1.0,0.066,0.39,0.544,0.0
1,1:95891673,95891673,G,A,0.5965,0.4035,1.0,0.15,0.507,0.343,0.0
1,1:95927381,95927381,G,A,0.745,0.255,1.0,0.065,0.38,0.555,0.0
1,1:95939749,95939749,G,A,0.577,0.423,1.0,0.175,0.496,0.329,0.0
1,1:95958133,95958133,G,A,0.7385,0.2615,1.0,0.065,0.393,0.542,0.0
1,1:95973789,95973789,G,A,0.9175,0.0825,1.0,0.008,0.149,0.843,0.0
1,1:95974198,95974198,G,A,0.6555,0.3445,1.0,0.133,0.423,0.444,0.0
1,1:96007692,96007692,G,A,0.612,0.388,1.0,0.153,0.47,0.377,0.0
1,1:96047516,96047516,G,A,0.8075,0.1925,1.0,0.037,0.311,0.652,0.0
1,1:96060650,96060650,G,A,0.855,0.145,1.0,0.022,0.246,0.732,0.0
1,1:96081192,96081192,G,A,0.668,0.332,1.0,0.109,0.446,0.445,0.0
1,1:96095360,96095360,G,A,0.7845,0.2155,1.0,0.051,0.329,0.62,0.0
1,1:96106031,96106031,G,A,0.5095,0.4905,1.0,0.235,0.511,0.254,0.0
1,1:96117012,96117012,G,A,0.5975,0.4025,1.0,0.149,0.507,0.344,0.0
1,1:96123722,96123722,G,A,0.7365,0.2635,1.0,0.057,0.413,0.53,0.0
1,1:96127355,96127355,G,A,0.5015,0.4985,1.0,0.261,0.475,0.264,0.0
1,1:96159869,96159869,G,A,0.8015,0.1985,1.0,0.039,0.319,0.642,0.0
1,1:96231291,96231291,G,A,0.7645,0.2355,1.0,0.057,0.357,0.586,0.0
1,1:96231368,96231368,G,A,0.6595,0.3405,1.0,0.103,0.475,0.422,0.0
1,1:96251454,96251454,G,A,0.711,0.289,1.0,0.089,0.4,0.511,0.0
1,1:96287284,96287284,G,A,0.798,0.202,1.0,0.044,0.316,0.64,0.0
1,1:96292969,96292969,G,A,0.749,0.251,1.0,0.06,0.382,0.558,0.0
1,1:96302108,96302108,G,A,0.5625,0.4375,1.0,0.184,0.507,0.309,0.0
1,1:96318452,96318452,G,A,0.853,0.147,1.0,0.03,0.234,0.736,0.0
1,1:96319576,96319576,G,A,0.802,0.198,1.0,0.032,0.332,0.636,0.0
1,1:96337131,96337131,G,A,0.865,0.135,1.0,0.02,0.23,0.75,0.0
1,1:96337875,96337875,G,A,0.7205,0.2795,1.0,0.082,0.395,0.523,0.0
1,1:96355771,96355771,G,A,0.881,0.119,1.0,0.011,0.216,0.773,0.0
1,1:96362499,96362499,G,A,0.877,0.123,1.0,0.011,0.224,0.765,0.0
1,1:96363346,96363346,G,A,0.5665,0.4335,1.0,0.198,0.471,0.331,0.0
1,1:96383191,96383191,G,A,0.641,0.359,1.0,0.14,0.438,0.422,0.0
1,1:96396875,96396875,G,A,0.862,0.138,1.0,0.02,0.236,0.744,0.0
1,1:96414083,96414083,G,A,0.7765,0.2235,1.0,0.046,0.355,0.599,0.0
1,1:96428274,96428274,G,A,0.535,0.465,1.0,0.218,0.494,0.288,0.0
1,1:96430693,96430693,G,A,0.5585,0.4415,1.0,0.196,0.491,0.313,0.0
1,1:96432868,96432868,G,A,0.6745,0.3255,1.0,0.108,0.435,0.457,0.0
1,1:96435124,96435124,G,A,0.8185,0.1815,1.0,0.029,0.305,0.666,0.0
1,1:96471345,96471345,G,A,0.779,0.221,1.0,0.044,0.354,0.602,0.0
1,1:96504947,96504947,G,A,0.658,0.342,1.0,0.131,0.422,0.447,0.0
1,1:96528175,96528175,G,A,0.708,0.292,1.0,0.083,0.418,0.499,0.0
1,1:96555358,96555358,G,A,0.7035,0.2965,1.0,0.095,0.403,0.502,0.0
1,1:96647041,96647041,G,A,0.755,0.245,1.0,0.058,0.374,0.568,0.0
1,1:96662503,96662503,G,A,0.903,0.097,1.0,0.008,0.178,0.814,0.0
1,1:96680502,96680502,G,A,0.8735,0.1265,1.0,0.013,0.227,0.76,0.0
1,1:96693598,96693598,G,A,0.574,0.426,1.0,0.187,0.478,0.335,0.0
1,1:96719188,96719188,G,A,0.571,0.429,1.0,0.188,0.482,0.33,0.0
1,1:96762844,96762844,G,A,0.543,0.457,1.0,0.214,0.486,0.3,0.0
1,1:96807358,96807358,G,A,0.7325,0.2675,1.0,0.068,0.399,0.533,0.0
1,1:96853576,96853576,G,A,0.529,0.471,1.0,0.223,0.496,0.281,0.0
1,1:96861129,96861129,G,A,0.5725,0.4275,1.0,0.177,0.501,0.322,0.0
1,1:96872544,96872544,G,A,0.775,0.225,1.0,0.051,0.348,0.601,0.0
1,1:96913748,96913748,G,A,0.854,0.146,1.0,0.017,0.258,0.725,0.0
1,1:96913965,96913965,G,A,0.6335,0.3665,1.0,0.147,0.439,0.414,0.0
1,1:96946088,96946088,G,A,0.614,0.386,1.0,0.141,0.49,0.369,0.0
1,1:96949040,96949040,G,A,0.548,0.452,1.0,0.224,0.456,0.32,0.0
1,1:96953083,96953083,G,A,0.9325,0.0675,1.0,0.004,0.127,0.869,0.0
1,1:96965755,96965755,G,A,0.7895,0.2105,1.0,0.04,0.341,0.619,0.0
1,1:96971360,96971360,G,A,0.9355,0.0645,1.0,0.007,0.115,0.878,0.0
1,1:97042182,97042182,G,A,0.856,0.144,1.0,0.02,0.248,0.732,0.0
1,1:97081235,97081235,G,A,0.763,0.237,1.0,0.063,0.348,0.589,0.0
1,1:97084643,97084643,G,A,0.8935,0.1065,1.0,0.01,0.193,0.797,0.0
1,1:97101536,97101536,G,A,0.555,0.445,1.0,0.202,0.486,0.312,0.0
1,1:97109466,97109466,G,A,0.85,0.15,1.0,0.021,0.258,0.721,0.0
1,1:97117136,97117136,G,A,0.737,0.263,1.0,0.067,0.392,0.541,0.0
1,1:97119436,97119436,G,A,0.5785,0.4215,1.0,0.169,0.505,0.326,0.0
1,1:97136682,97136682,G,A,0.9,0.1,1.0,0.014,0.172,0.814,0.0
1,1:97147243,97147243,G,A,0.688,0.312,1.0,0.092,0.44,0.468,0.0
1,1:97148567,97148567,G,A,0.5365,0.4635,1.0,0.211,0.505,0.284,0.0
1,1:97163885,97163885,G,A,0.7565,0.2435,1.0,0.047,0.393,0.56,0.0
1,1:97169329,97169329,G,A,0.8305,0.1695,1.0,0.022,0.295,0.683,0.0
1,1:97218461,97218461,G,A,0.513,0.487,1.0,0.236,0.502,0.262,0.0
1,1:97219179,97219179,G,A,0.926,0.074,1.0,0.006,0.136,0.858,0.0
1,1:97223098,97223098,G,A,0.796,0.204,1.0,0.045,0.318,0.637,0.0
1,1:97224671,97224671,G,A,0.562,0.438,1.0,0.19,0.496,0.314,0.0
1,1:97270618,97270618,G,A,0.882,0.118,1.0,0.013,0.21,0.777,0.0
1,1:97271235,97271235,G,A,0.9065,0.0935,1.0,0.007,0.173,0.82,0.0
1,1:97278999,97278999,G,A,0.7405,0.2595,1.0,0.06,0.399,0.541,0.0
1,1:97333683,97333683,G,A,0.802,0.198,1.0,0.038,0.32,0.642,0.0
1,1:97357396,97357396,G,A,0.572,0.428,1.0,0.19,0.476,0.334,0.0
1,1:97359076,97359076,G,A,0.8055,0.1945,1.0,0.036,0.317,0.647,0.0
1,1:97386989,97386989,G,A,0.661,0.339,1.0,0.105,0.468,0.427,0.0
1,1:97447073,97447073,G,A,0.711,0.289,1.0,0.095,0.388,0.517,0.0
1,1:97453339,97453339,G,A,0.6595,0.3405,1.0,0.115,0.451,0.434,0.0
1,1:97463613,97463613,G,A,0.738,0.262,1.0,0.077,0.37,0.553,0.0
1,1:97471422,97471422,G,A,0.8985,0.1015,1.0,0.01,0.183,0.807,0.0
1,1:97480309,97480309,G,A,0.9325,0.0675,1.0,0.002,0.131,0.867,0.0
1,1:97483913,97483913,G,A,0.7125,0.2875,1.0,0.089,0.397,0.514,0.0
1,1:97530332,97530332,G,A,0.6515,0.3485,1.0,0.116,0.465,0.419,0.0
1,1:97532312,97532312,G,A,0.6205,0.3795,1.0,0.138,0.483,0.379,0.0
1,1:97542622,97542622,G,A,0.635,0.365,1.0,0.133,0.464,0.403,0.0
1,1:97545292,97545292,G,A,0.607,0.393,1.0,0.163,0.46,0.377,0.0
1,1:97552342,97552342,G,A,0.935,0.065,1.0,0.004,0.122,0.874,0.0
1,1:97576440,97576440,G,A,0.8475,0.1525,1.0,0.025,0.255,0.72,0.0
1,1:97604557,97604557,G,A,0.62,0.38,1.0,0.143,0.474,0.383,0.0
1,1:97611640,97611640,G,A,0.893,0.107,1.0,0.012,0.19,0.798,0.0
1,1:97618115,97618115,G,A,0.8685,0.1315,1.0,0.013,0.237,0.75,0.0
1,1:97636745,97636745,G,A,0.675,0.325,1.0,0.095,0.46,0.445,0.0
1,1:97645785,97645785,G,A,0.579,0.421,1.0,0.19,0.462,0.348,0.0
1,1:97663675,97663675,G,A,0.879,0.121,1.0,0.013,0.216,0.771,0.0
1,1:97679571,97679571,G,A,0.691,0.309,1.0,0.093,0.432,0.475,0.0
1,1:97684849,97684849,G,A,0.8605,0.1395,1.0,0.013,0.253,0.734,0.0
1,1:97695395,97695395,G,A,0.8455,0.1545,1.0,0.027,0.255,0.718,0.0
1,1:97709344,97709344,G,A,0.752,0.248,1.0,0.073,0.35,0.577,0.0
1,1:97713192,97713192,G,A,0.6565,0.3435,1.0,0.119,0.449,0.432,0.0
1,1:97814585,97814585,G,A,0.7005,0.2995,1.0,0.087,0.425,0.488,0.0
1,1:97835284,97835284,G,A,0.902,0.098,1.0,0.008,0.18,0.812,0.0
1,1:97840528,97840528,G,A,0.8095,0.1905,1.0,0.026,0.329,0.645,0.0
1,1:97868750,97868750,G,A,0.5375,0.4625,1.0,0.215,0.495,0.29,0.0
1,1:97916578,97916578,G,A,0.669,0.331,1.0,0.117,0.428,0.455,0.0
1,1:97935969,97935969,G,A,0.655,0.345,1.0,0.115,0.46,0.425,0.0
1,1:97966397,97966397,G,A,0.8585,0.1415,1.0,0.015,0.253,0.732,0.0
1,1:98000185,98000185,G,A,0.5195,0.4805,1.0,0.242,0.477,0.281,0.0
1,1:98023087,98023087,G,A,0.8555,0.1445,1.0,0.023,0.243,0.734,0.0
1,1:98082552,98082552,G,A,0.8425,0.1575,1.0,0.02,0.275,0.705,0.0
1,1:98090212,98090212,G,A,0.7085,0.2915,1.0,0.079,0.425,0.496,0.0
1,1:98102805,98102805,G,A,0.717,0.283,1.0,0.07,0.426,0.504,0.0
1,1:98116601,98116601,G,A,0.936,0.064,1.0,0.004,0.12,0.876,0.0
1,1:98129092,98129092,G,A,0.622,0.378,1.0,0.142,0.472,0.386,0.0
1,1:98138204,98138204,G,A,0.9005,0.0995,1.0,0.009,0.181,0.81,0.0
1,1:98138588,98138588,G,A,0.922,0.078,1.0,0.005,0.146,0.849,0.0
1,1:98149956,98149956,G,A,0.733,0.267,1.0,0.065,0.404,0.531,0.0
1,1:98158748,98158748,G,A,0.93,0.07,1.0,0.007,0.126,0.867,0.0
1,1:98159689,98159689,G,A,0.8455,0.1545,1.0,0.019,0.271,0.71,0.0
1,1:98164034,98164034,G,A,0.772,0.228,1.0,0.06,0.336,0.604,0.0
1,1:98175526,98175526,G,A,0.6645,0.3355,1.0,0.105,0.461,0.434,0.0
1,1:98208176,98208176,G,A,0.613,0.387,1.0,0.148,0.478,0.374,0.0
1,1:98309742,98309742,G,A,0.8295,0.1705,1.0,0.03,0.281,0.689,0.0
1,1:98328227,98328227,G,A,0.7185,0.2815,1.0,0.086,0.391,0.523,0.0
1,1:98356099,98356099,G,A,0.5145,0.4855,1.0,0.226,0.519,0.255,0.0
1,1:98388389,98388389,G,A,0.7715,0.2285,1.0,0.066,0.325,0.609,0.0
1,1:98437176,98437176,G,A,0.6335,0.3665,1.0,0.145,0.443,0.412,0.0
1,1:98447023,98447023,G,A,0.8145,0.1855,1.0,0.029,0.313,0.658,0.0
1,1:98475025,98475025,G,A,0.6675,0.3325,1.0,0.111,0.443,0.446,0.0
1,1:98494732,98494732,G,A,0.605,0.395,1.0,0.15,0.49,0.36,0.0
1,1:98495676,98495676,G,A,0.5455,0.4545,1.0,0.198,0.513,0.289,0.0
1,1:98513417,98513417,G,A,0.522,0.478,1.0,0.236,0.484,0.28,0.0
1,1:98552585,98552585,G,A,0.8085,0.1915,1.0,0.043,0.297,0.66,0.0
1,1:98564006,98564006,G,A,0.853,0.147,1.0,0.027,0.24,0.733,0.0
1,1:98609787,98609787,G,A,0.599,0.401,1.0,0.166,0.47,0.364,0.0
1,1:98621292,98621292,G,A,0.6715,0.3285,1.0,0.096,0.465,0.439,0.0
1,1:98683380,98683380,G,A,0.746,0.254,1.0,0.07,0.368,0.562,0.0
1,1:98689998,98689998,G,A,0.94,0.06,1.0,0.007,0.106,0.887,0.0
1,1:98699317,98699317,G,A,0.804,0.196,1.0,0.041,0.31,0.649,0.0
1,1:98699386,98699386,G,A,0.8895,0.1105,1.0,0.018,0.185,0.797,0.0
1,1:98716168,98716168,G,A,0.74,0.26,1.0,0.064,0.392,0.544,0.0
1,1:98727226,98727226,G,A,0.57,0.43,1.0,0.19,0.48,0.33,0.0
1,1:98750924,98750924,G,A,0.805,0.195,1.0,0.032,0.326,0.642,0.0
1,1:98752513,98752513,G,A,0.7855,0.2145,1.0,0.047,0.335,0.618,0.0
1,1:98798221,98798221,G,A,0.5795,0.4205,1.0,0.168,0.505,0.327,0.0
1,1:98806998,98806998,G,A,0.7525,0.2475,1.0,0.061,0.373,0.566,0.0
1,1:98808333,98808333,G,A,0.647,0.353,1.0,0.119,0.468,0.413,0.0
1,1:98814053,98814053,G,A,0.8675,0.1325,1.0,0.02,0.225,0.755,0.0
1,1:98816022,98816022,G,A,0.848,0.152,1.0,0.029,0.246,0.725,0.0
1,1:98820871,98820871,G,A,0.65,0.35,1.0,0.117,0.466,0.417,0.0
1,1:98871650,98871650,G,A,0.9065,0.0935,1.0,0.005,0.177,0.818,0.0
1,1:98881317,98881317,G,A,0.8855,0.1145,1.0,0.01,0.209,0.781,0.0
1,1:98915452,98915452,G,A,0.793,0.207,1.0,0.04,0.334,0.626,0.0
1,1:98928586,98928586,G,A,0.87,0.13,1.0,0.015,0.23,0.755,0.0
1,1:98949216,98949216,G,A,0.5025,0.4975,1.0,0.238,0.519,0.243,0.0
1,1:98953877,98953877,G,A,0.8215,0.1785,1.0,0.034,0.289,0.677,0.0
1,1:99017427,99017427,G,A,0.509,0.491,1.0,0.254,0.474,0.272,0.0
1,1:99041729,99041729,G,A,0.578,0.422,1.0,0.175,0.494,0.331,0.0
1,1:99052377,99052377,G,A,0.796,0.204,1.0,0.035,0.338,0.627,0.0
1,1:99065242,99065242,G,A,0.714,0.286,1.0,0.084,0.404,0.512,0.0
1,1:99088365,99088365,G,A,0.8045,0.1955,1.0,0.034,0.323,0.643,0.0
1,1:99136587,99136587,G,A,0.635,0.365,1.0,0.134,0.462,0.404,0.0
1,1:99148149,99148149,G,A,0.794,0.206,1.0,0.036,0.34,0.624,0.0
1,1:99157605,99157605,G,A,0.745,0.255,1.0,0.071,0.368,0.561,0.0
1,1:99166686,99166686,G,A,0.6215,0.3785,1.0,0.141,0.475,0.384,0.0
1,1:99204498,99204498,G,A,0.745,0.255,1.0,0.075,0.36,0.565,0.0
1,1:99223554,99223554,G,A,0.623,0.377,1.0,0.154,0.446,0.4,0.0
1,1:99231167,99231167,G,A,0.7925,0.2075,1.0,0.031,0.353,0.616,0.0
1,1:99239567,99239567,G,A,0.7735,0.2265,1.0,0.045,0.363,0.592,0.0
1,1:99258630,99258630,G,A,0.796,0.204,1.0,0.039,0.33,0.631,0.0
1,1:99276817,99276817,G,A,0.5,0.5,1.0,0.248,0.504,0.248,0.0
1,1:99294097,99294097,G,A,0.734,0.266,1.0,0.08,0.372,0.548,0.0
1,1:99325369,99325369,G,A,0.8475,0.1525,1.0,0.029,0.247,0.724,0.0
1,1:99329606,99329606,G,A,0.698,0.302,1.0,0.092,0.42,0.488,0.0
1,1:99380749,99380749,G,A,0.739,0.261,1.0,0.067,0.388,0.545,0.0
1,1:99388759,99388759,G,A,0.584,0.416,1.0,0.172,0.488,0.34,0.0
1,1:99393569,99393569,G,A,0.528,0.472,1.0,0.225,0.494,0.281,0.0
1,1:99399695,99399695,G,A,0.906,0.094,1.0,0.006,0.176,0.818,0.0
1,1:99402014,99402014,G,A,0.506,0.494,1.0,0.25,0.488,0.262,0.0
1,1:99412719,99412719,G,A,0.8625,0.1375,1.0,0.014,0.247,0.739,0.0
1,1:99420083,99420083,G,A,0.816,0.184,1.0,0.036,0.296,0.668,0.0
1,1:99463912,99463912,G,A,0.596,0.404,1.0,0.167,0.474,0.359,0.0
1,1:99471733,99471733,G,A,0.8695,0.1305,1.0,0.018,0.225,0.757,0.0
1,1:99480844,99480844,G,A,0.5865,0.4135,1.0,0.179,0.469,0.352,0.0
1,1:99483855,99483855,G,A,0.655,0.345,1.0,0.104,0.482,0.414,0.0
1,1:99488881,99488881,G,A,0.5725,0.4275,1.0,0.182,0.491,0.327,0.0
1,1:99508799,99508799,G,A,0.6935,0.3065,1.0,0.083,0.447,0.47,0.0
1,1:99530870,99530870,G,A,0.5095,0.4905,1.0,0.229,0.523,0.248,0.0
1,1:99543167,99543167,G,A,0.6875,0.3125,1.0,0.092,0.441,0.467,0.0
1,1:99544110,99544110,G,A,0.77,0.23,1.0,0.053,0.354,0.593,0.0
1,1:99548438,99548438,G,A,0.5295,0.4705,1.0,0.226,0.489,0.285,0.0
1,1:99562054,99562054,G,A,0.9135,0.0865,1.0,0.008,0.157,0.835,0.0
1,1:99564558,99564558,G,A,0.717,0.283,1.0,0.066,0.434,0.5,0.0
1,1:99572256,99572256,G,A,0.646,0.354,1.0,0.125,0.458,0.417,0.0
1,1:99588290,99588290,G,A,0.8075,0.1925,1.0,0.038,0.309,0.653,0.0
1,1:99664568,99664568,G,A,0.9105,0.0895,1.0,0.012,0.155,0.833,0.0
1,1:99669345,99669345,G,A,0.762,0.238,1.0,0.052,0.372,0.576,0.0
1,1:99759772,99759772,G,A,0.584,0.416,1.0,0.164,0.504,0.332,0.0
1,1:99806724,99806724,G,A,0.695,0.305,1.0,0.091,0.428,0.481,0.0
1,1:99831175,99831175,G,A,0.6085,0.3915,1.0,0.147,0.489,0.364,0.0
1,1:99835004,99835004,G,A,0.629,0.371,1.0,0.14,0.462,0.398,0.0
1,1:99846479,99846479,G,A,0.8255,0.1745,1.0,0.032,0.285,0.683,0.0
1,1:99898907,99898907,G,A,0.8305,0.1695,1.0,0.031,0.277,0.692,0.0
1,1:99907920,99907920,G,A,0.5805,0.4195,1.0,0.183,0.473,0.344,0.0
1,1:99952218,99952218,G,A,0.8795,0.1205,1.0,0.016,0.209,0.775,0.0
1,1:99952810,99952810,G,A,0.694,0.306,1.0,0.092,0.428,0.48,0.0
1,1:99967872,99967872,G,A,0.5405,0.4595,1.0,0.211,0.497,0.292,0.0
1,1:99981545,99981545,G,A,0.735,0.265,1.0,0.067,0.396,0.537,0.0
1,1:99983153,99983153,G,A,0.573,0.427,1.0,0.182,0.49,0.328,0.0
1,1:99989205,99989205,G,A,0.8435,0.1565,1.0,0.028,0.257,0.715,0.0
1,1:99993265,99993265,G,A,0.9175,0.0825,1.0,0.009,0.147,0.844,0.0
1,1:100018553,100018553,G,A,0.783,0.217,1.0,0.048,0.338,0.614,0.0
1,1:100043116,100043116,G,A,0.6715,0.3285,1.0,0.103,0.451,0.446,0.0
1,1:100051345,100051345,G,A,0.672,0.328,1.0,0.113,0.43,0.457,0.0
1,1:100072440,100072440,G,A,0.707,0.293,1.0,0.089,0.408,0.503,0.0
1,1:100095392,100095392,G,A,0.7405,0.2595,1.0,0.068,0.383,0.549,0.0
1,1:100116318,100116318,G,A,0.5115,0.4885,1.0,0.243,0.491,0.266,0.0
1,1:100141651,100141651,G,A,0.6555,0.3445,1.0,0.117,0.455,0.428,0.0
1,1:100143657,100143657,G,A,0.5385,0.4615,1.0,0.205,0.513,0.282,0.0
1,1:100145810,100145810,G,A,0.856,0.144,1.0,0.022,0.244,0.734,0.0
1,1:100150073,100150073,G,A,0.5175,0.4825,1.0,0.22,0.525,0.255,0.0
1,1:100168601,100168601,G,A,0.633,0.367,1.0,0.144,0.446,0.41,0.0
1,1:100184104,100184104,G,A,0.5235,0.4765,1.0,0.223,0.507,0.27,0.0
1,1:100200010,100200010,G,A,0.68,0.32,1.0,0.09,0.46,0.45,0.0
1,1:100258282,100258282,G,A,0.873,0.127,1.0,0.015,0.224,0.761,0.0
1,1:100270069,100270069,G,A,0.788,0.212,1.0,0.041,0.342,0.617,0.0
1,1:100296498,100296498,G,A,0.918,0.082,1.0,0.005,0.154,0.841,0.0
1,1:100312733,100312733,G,A,0.8795,0.1205,1.0,0.013,0.215,0.772,0.0
1,1:100324397,100324397,G,A,0.52,0.48,1.0,0.231,0.498,0.271,0.0
1,1:100346633,100346633,G,A,0.5695,0.4305,1.0,0.173,0.515,0.312,0.0
1,1:100350986,100350986,G,A,0.5675,0.4325,1.0,0.197,0.471,0.332,0.0
1,1:100355595,100355595,G,A,0.954,0.046,1.0,0.004,0.084,0.912,0.0
1,1:100357450,100357450,G,A,0.7475,0.2525,1.0,0.068,0.369,0.563,0.0
1,1:100358807,100358807,G,A,0.579,0.421,1.0,0.183,0.476,0.341,0.0
1,1:100360187,100360187,G,A,0.845,0.155,1.0,0.022,0.266,0.712,0.0
1,1:100374805,100374805,G,A,0.7645,0.2355,1.0,0.057,0.357,0.586,0.0
1,1:100430579,100430579,G,A,0.847,0.153,1.0,0.028,0.25,0.722,0.0
1,1:100435301,100435301,G,A,0.6315,0.3685,1.0,0.125,0.487,0.388,0.0
1,1:100436581,100436581,G,A,0.6295,0.3705,1.0,0.137,0.467,0.396,0.0
1,1:100463185,100463185,G,A,0.8235,0.1765,1.0,0.03,0.293,0.677,0.0
1,1:100480683,100480683,G,A,0.728,0.272,1.0,0.073,0.398,0.529,0.0
1,1:100490584,100490584,G,A,0.742,0.258,1.0,0.063,0.39,0.547,0.0
1,1:100527079,100527079,G,A,0.5835,0.4165,1.0,0.171,0.491,0.338,0.0
1,1:100531502,100531502,G,A,0.648,0.352,1.0,0.139,0.426,0.435,0.0
1,1:100532609,100532609,G,A,0.916,0.084,1.0,0.004,0.16,0.836,0.0
1,1:100533814,100533814,G,A,0.8735,0.1265,1.0,0.021,0.211,0.768,0.0
1,1:100536662,100536662,G,A,0.561,0.439,1.0,0.204,0.47,0.326,0.0
1,1:100544913,100544913,G,A,0.5125,0.4875,1.0,0.24,0.495,0.265,0.0
1,1:100588766,100588766,G,A,0.661,0.339,1.0,0.118,0.442,0.44,0.0
1,1:100627380,100627380,G,A,0.807,0.193,1.0,0.047,0.292,0.661,0.0
1,1:100644439,100644439,G,A,0.8685,0.1315,1.0,0.023,0.217,0.76,0.0
1,1:100664214,100664214,G,A,0.6175,0.3825,1.0,0.145,0.475,0.38,0.0
1,1:100706882,100706882,G,A,0.6605,0.3395,1.0,0.12,0.439,0.441,0.0
1,1:100712412,100712412,G,A,0.521,0.479,1.0,0.224,0.51,0.266,0.0
1,1:100727620,100727620,G,A,0.524,0.476,1.0,0.235,0.482,0.283,0.0
1,1:100733760,100733760,G,A,0.796,0.204,1.0,0.044,0.32,0.636,0.0
1,1:100766652,100766652,G,A,0.575,0.425,1.0,0.191,0.468,0.341,0.0
1,1:100781330,100781330,G,A,0.833,0.167,1.0,0.027,0.28,0.693,0.0
1,1:100797742,100797742,G,A,0.595,0.405,1.0,0.159,0.492,0.349,0.0
1,1:100816296,100816296,G,A,0.8765,0.1235,1.0,0.01,0.227,0.763,0.0
1,1:100846359,100846359,G,A,0.7765,0.2235,1.0,0.056,0.335,0.609,0.0
1,1:100851068,100851068,G,A,0.9075,0.0925,1.0,0.009,0.167,0.824,0.0
1,1:100923413,100923413,G,A,0.8175,0.1825,1.0,0.036,0.293,0.671,0.0
1,1:100927534,100927534,G,A,0.804,0.196,1.0,0.045,0.302,0.653,0.0
1,1:100936443,100936443,G,A,0.652,0.348,1.0,0.115,0.466,0.419,0.0
1,1:100945151,100945151,G,A,0.621,0.379,1.0,0.151,0.456,0.393,0.0
1,1:100945437,100945437,G,A,0.694,0.306,1.0,0.103,0.406,0.491,0.0
1,1:100952087,100952087,G,A,0.5815,0.4185,1.0,0.175,0.487,0.338,0.0
1,1:100952431,100952431,G,A,0.7635,0.2365,1.0,0.053,0.367,0.58,0.0
1,1:100981705,100981705,G,A,0.667,0.333,1.0,0.119,0.428,0.453,0.0
1,1:100990656,100990656,G,A,0.7825,0.2175,1.0,0.046,0.343,0.611,0.0
1,1:101051373,101051373,G,A,0.7235,0.2765,1.0,0.069,0.415,0.516,0.0
1,1:101065987,101065987,G,A,0.8825,0.1175,1.0,0.016,0.203,0.781,0.0
1,1:101098774,101098774,G,A,0.6705,0.3295,1.0,0.108,0.443,0.449,0.0
1,1:101121595,101121595,G,A,0.8585,0.1415,1.0,0.022,0.239,0.739,0.0
1,1:101164454,101164454,G,A,0.7145,0.2855,1.0,0.084,0.403,0.513,0.0
1,1:101181646,101181646,G,A,0.676,0.324,1.0,0.098,0.452,0.45,0.0
1,1:101192011,101192011,G,A,0.756,0.244,1.0,0.058,0.372,0.57,0.0
1,1:101213519,101213519,G,A,0.863,0.137,1.0,0.02,0.234,0.746,0.0
1,1:101233748,101233748,G,A,0.6355,0.3645,1.0,0.127,0.475,0.398,0.0
1,1:101255929,101255929,G,A,0.551,0.449,1.0,0.211,0.476,0.313,0.0
1,1:101338807,101338807,G,A,0.7385,0.2615,1.0,0.065,0.393,0.542,0.0
1,1:101339593,101339593,G,A,0.676,0.324,1.0,0.119,0.41,0.471,0.0
1,1:101352853,101352853,G,A,0.7965,0.2035,1.0,0.039,0.329,0.632,0.0
1,1:101368772,101368772,G,A,0.694,0.306,1.0,0.093,0.426,0.481,0.0
1,1:101370986,101370986,G,A,0.7145,0.2855,1.0,0.084,0.403,0.513,0.0
1,1:101414815,101414815,G,A,0.6315,0.3685,1.0,0.132,0.473,0.395,0.0
1,1:101437249,101437249,G,A,0.844,0.156,1.0,0.019,0.274,0.707,0.0
1,1:101475758,101475758,G,A,0.729,0.271,1.0,0.068,0.406,0.526,0.0
1,1:101501300,101501300,G,A,0.787,0.213,1.0,0.052,0.322,0.626,0.0
1,1:101513647,101513647,G,A,0.9115,0.0885,1.0,0.009,0.159,0.832,0.0
1,1:101526960,101526960,G,A,0.766,0.234,1.0,0.047,0.374,0.579,0.0
1,1:101528553,101528553,G,A,0.518,0.482,1.0,0.231,0.502,0.267,0.0
1,1:101573978,101573978,G,A,0.756,0.244,1.0,0.061,0.366,0.573,0.0
1,1:101605065,101605065,G,A,0.707,0.293,1.0,0.081,0.424,0.495,0.0
1,1:101616419,101616419,G,A,0.588,0.412,1.0,0.166,0.492,0.342,0.0
1,1:101617777,101617777,G,A,0.5135,0.4865,1.0,0.231,0.511,0.258,0.0
1,1:101629946,101629946,G,A,0.7625,0.2375,1.0,0.059,0.357,0.584,0.0
1,1:101630641,101630641,G,A,0.709,0.291,1.0,0.076,0.43,0.494,0.0
1,1:101631913,101631913,G,A,0.4975,0.5025,1.0,0.262,0.481,0.257,0.0
1,1:101642133,101642133,G,A,0.7545,0.2455,1.0,0.062,0.367,0.571,0.0
1,1:101648554,101648554,G,A,0.5915,0.4085,1.0,0.171,0.475,0.354,0.0
1,1:101670590,101670590,G,A,0.756,0.244,1.0,0.056,0.376,0.568,0.0
1,1:101709458,101709458,G,A,0.8445,0.1555,1.0,0.037,0.237,0.726,0.0
1,1:101750177,101750177,G,A,0.5155,0.4845,1.0,0.233,0.503,0.264,0.0
1,1:101757613,101757613,G,A,0.6125,0.3875,1.0,0.162,0.451,0.387,0.0
1,1:101878799,101878799,G,A,0.567,0.433,1.0,0.195,0.476,0.329,0.0
1,1:101918861,101918861,G,A,0.89,0.11,1.0,0.018,0.184,0.798,0.0
1,1:101926049,101926049,G,A,0.6295,0.3705,1.0,0.146,0.449,0.405,0.0
1,1:101927431,101927431,G,A,0.6615,0.3385,1.0,0.114,0.449,0.437,0.0
1,1:101934597,101934597,G,A,0.751,0.249,1.0,0.057,0.384,0.559,0.0
1,1:101958226,101958226,G,A,0.8845,0.1155,1.0,0.015,0.201,0.784,0.0
1,1:102050277,102050277,G,A,0.755,0.245,1.0,0.066,0.358,0.576,0.0
1,1:102077763,102077763,G,A,0.6735,0.3265,1.0,0.1,0.453,0.447,0.0
1,1:102081472,102081472,G,A,0.659,0.341,1.0,0.115,0.452,0.433,0.0
1,1:102118205,102118205,G,A,0.895,0.105,1.0,0.014,0.182,0.804,0.0
1,1:102137917,102137917,G,A,0.767,0.233,1.0,0.06,0.346,0.594,0.0
1,1:102153333,102153333,G,A,0.7385,0.2615,1.0,0.067,0.389,0.544,0.0
1,1:102182900,102182900,G,A,0.5975,0.4025,1.0,0.168,0.469,0.363,0.0
1,1:102197323,102197323,G,A,0.9315,0.0685,1.0,0.003,0.131,0.866,0.0
1,1:102202897,102202897,G,A,0.602,0.398,1.0,0.157,0.482,0.361,0.0
1,1:102225815,102225815,G,A,0.5885,0.4115,1.0,0.171,0.481,0.348,0.0
1,1:102285869,102285869,G,A,0.6365,0.3635,1.0,0.146,0.435,0.419,0.0
1,1:102294404,102294404,G,A,0.5435,0.4565,1.0,0.206,0.501,0.293,0.0
1,1:102310008,102310008,G,A,0.7535,0.2465,1.0,0.055,0.383,0.562,0.0
1,1:102318050,102318050,G,A,0.907,0.093,1.0,0.01,0.166,0.824,0.0
1,1:102318313,102318313,G,A,0.7955,0.2045,1.0,0.047,0.315,0.638,0.0
1,1:102325206,102325206,G,A,0.6895,0.3105,1.0,0.092,0.437,0.471,0.0
1,1:102368512,102368512,G,A,0.804,0.196,1.0,0.035,0.322,0.643,0.0
1,1:102370314,102370314,G,A,0.656,0.344,1.0,0.109,0.47,0.421,0.0
1,1:102374969,102374969,G,A,0.9255,0.0745,1.0,0.004,0.141,0.855,0.0
1,1:102393382,102393382,G,A,0.9265,0.0735,1.0,0.007,0.133,0.86,0.0
1,1:102393525,102393525,G,A,0.951,0.049,1.0,0.002,0.094,0.904,0.0
1,1:102400392,102400392,G,A,0.517,0.483,1.0,0.219,0.528,0.253,0.0
1,1:102423759,102423759,G,A,0.837,0.163,1.0,0.028,0.27,0.702,0.0
1,1:102447303,102447303,G,A,0.5845,0.4155,1.0,0.167,0.497,0.336,0.0
1,1:102486041,102486041,G,A,0.5595,0.4405,1.0,0.202,0.477,0.321,0.0
1,1:102512693,102512693,G,A,0.8695,0.1305,1.0,0.02,0.221,0.759,0.0
1,1:102522879,102522879,G,A,0.8635,0.1365,1.0,0.021,0.231,0.748,0.0
1,1:102542787,102542787,G,A,0.777,0.223,1.0,0.048,0.35,0.602,0.0
1,1:102562351,102562351,G,A,0.7345,0.2655,1.0,0.078,0.375,0.547,0.0
1,1:102572099,102572099,G,A,0.707,0.293,1.0,0.083,0.42,0.497,0.0
1,1:102598387,102598387,G,A,0.775,0.225,1.0,0.047,0.356,0.597,0.0
1,1:102610090,102610090,G,A,0.6705,0.3295,1.0,0.1,0.459,0.441,0.0
1,1:102623881,102623881,G,A,0.628,0.372,1.0,0.135,0.474,0.391,0.0
1,1:102645540,102645540,G,A,0.629,0.371,1.0,0.125,0.492,0.383,0.0
1,1:102653265,102653265,G,A,0.934,0.066,1.0,0.002,0.128,0.87,0.0
1,1:102676445,102676445,G,A,0.6495,0.3505,1.0,0.116,0.469,0.415,0.0
1,1:102739772,102739772,G,A,0.639,0.361,1.0,0.13,0.462,0.408,0.0
1,1:102755398,102755398,G,A,0.8665,0.1335,1.0,0.016,0.235,0.749,0.0
1,1:102845203,102845203,G,A,0.6895,0.3105,1.0,0.102,0.417,0.481,0.0
1,1:102846223,102846223,G,A,0.8995,0.1005,1.0,0.009,0.183,0.808,0.0
1,1:102855911,102855911,G,A,0.645,0.355,1.0,0.129,0.452,0.419,0.0
1,1:102867961,102867961,G,A,0.674,0.326,1.0,0.098,0.456,0.446,0.0
1,1:102892477,102892477,G,A,0.8435,0.1565,1.0,0.021,0.271,0.708,0.0
1,1:102912285,102912285,G,A,0.5575,0.4425,1.0,0.194,0.497,0.309,0.0
1,1:102932339,102932339,G,A,0.5745,0.4255,1.0,0.175,0.501,0.324,0.0
1,1:102961202,102961202,G,A,0.6025,0.3975,1.0,0.149,0.497,0.354,0.0
1,1:102982421,102982421,G,A,0.749,0.251,1.0,0.054,0.394,0.552,0.0
1,1:102983781,102983781,G,A,0.848,0.152,1.0,0.021,0.262,0.717,0.0
1,1:102985763,102985763,G,A,0.5825,0.4175,1.0,0.164,0.507,0.329,0.0
1,1:102989430,102989430,G,A,0.8705,0.1295,1.0,0.015,0.229,0.756,0.0
1,1:103009001,103009001,G,A,0.7395,0.2605,1.0,0.066,0.389,0.545,0.0
1,1:103042204,103042204,G,A,0.7855,0.2145,1.0,0.048,0.333,0.619,0.0
1,1:103044229,103044229,G,A,0.8475,0.1525,1.0,0.022,0.261,0.717,0.0
1,1:103078099,103078099,G,A,0.678,0.322,1.0,0.1,0.444,0.456,0.0
1,1:103083861,103083861,G,A,0.4955,0.5045,1.0,0.268,0.473,0.259,0.0
1,1:103090837,103090837,G,A,0.744,0.256,1.0,0.066,0.38,0.554,0.0
1,1:103119367,103119367,G,A,0.7315,0.2685,1.0,0.078,0.381,0.541,0.0
1,1:103136496,103136496,G,A,0.784,0.216,1.0,0.042,0.348,0.61,0.0
1,1:103177696,103177696,G,A,0.842,0.158,1.0,0.022,0.272,0.706,0.0
1,1:103221528,103221528,G,A,0.81,0.19,1.0,0.048,0.284,0.668,0.0
1,1:103230884,103230884,G,A,0.5615,0.4385,1.0,0.186,0.505,0.309,0.0
1,1:103231400,103231400,G,A,0.5145,0.4855,1.0,0.241,0.489,0.27,0.0
1,1:103233763,103233763,G,A,0.5725,0.4275,1.0,0.175,0.505,0.32,0.0
1,1:103276572,103276572,G,A,0.937,0.063,1.0,0.005,0.116,0.879,0.0
1,1:103312087,103312087,G,A,0.6785,0.3215,1.0,0.089,0.465,0.446,0.0
1,1:103316390,103316390,G,A,0.706,0.294,1.0,0.088,0.412,0.5,0.0
1,1:103319268,103319268,G,A,0.5985,0.4015,1.0,0.154,0.495,0.351,0.0
1,1:103326058,103326058,G,A,0.6145,0.3855,1.0,0.143,0.485,0.372,0.0
1,1:103326343,103326343,G,A,0.7445,0.2555,1.0,0.06,0.391,0.549,0.0
1,1:103328046,103328046,G,A,0.824,0.176,1.0,0.029,0.294,0.677,0.0
1,1:103339814,103339814,G,A,0.9025,0.0975,1.0,0.004,0.187,0.809,0.0
1,1:103357584,103357584,G,A,0.6635,0.3365,1.0,0.095,0.483,0.422,0.0
1,1:103358243,103358243,G,A,0.824,0.176,1.0,0.029,0.294,0.677,0.0
1,1:103366291,103366291,G,A,0.5295,0.4705,1.0,0.214,0.513,0.273,0.0
1,1:103375090,103375090,G,A,0.934,0.066,1.0,0.002,0.128,0.87,0.0
1,1:103386705,103386705,G,A,0.5405,0.4595,1.0,0.204,0.511,0.285,0.0
1,1:103399879,103399879,G,A,0.7035,0.2965,1.0,0.103,0.387,0.51,0.0
1,1:103401243,103401243,G,A,0.689,0.311,1.0,0.092,0.438,0.47,0.0
1,1:103453655,103453655,G,A,0.6975,0.3025,1.0,0.094,0.417,0.489,0.0
1,1:103496849,103496849,G,A,0.6105,0.3895,1.0,0.145,0.489,0.366,0.0
1,1:103509527,103509527,G,A,0.901,0.099,1.0,0.012,0.174,0.814,0.0
1,1:103527090,103527090,G,A,0.545,0.455,1.0,0.205,0.5,0.295,0.0
1,1:103545074,103545074,G,A,0.5955,0.4045,1.0,0.156,0.497,0.347,0.0
1,1:103566930,103566930,G,A,0.5555,0.4445,1.0,0.181,0.527,0.292,0.0
1,1:103568238,103568238,G,A,0.729,0.271,1.0,0.073,0.396,0.531,0.0
1,1:103571353,103571353,G,A,0.6615,0.3385,1.0,0.107,0.463,0.43,0.0
1,1:103615017,103615017,G,A,0.75,0.25,1.0,0.059,0.382,0.559,0.0
1,1:103643969,103643969,G,A,0.886,0.114,1.0,0.015,0.198,0.787,0.0
1,1:103662907,103662907,G,A,0.807,0.193,1.0,0.037,0.312,0.651,0.0
1,1:103762852,103762852,G,A,0.825,0.175,1.0,0.029,0.292,0.679,0.0
1,1:103769255,103769255,G,A,0.87,0.13,1.0,0.02,0.22,0.76,0.0
1,1:103791045,103791045,G,A,0.8275,0.1725,1.0,0.023,0.299,0.678,0.0
1,1:103802041,103802041,G,A,0.7355,0.2645,1.0,0.075,0.379,0.546,0.0
1,1:103841199,103841199,G,A,0.7515,0.2485,1.0,0.069,0.359,0.572,0.0
1,1:103859637,103859637,G,A,0.7955,0.2045,1.0,0.04,0.329,0.631,0.0
1,1:103898489,103898489,G,A,0.5275,0.4725,1.0,0.228,0.489,0.283,0.0
1,1:103902833,103902833,G,A,0.59,0.41,1.0,0.192,0.436,0.372,0.0
1,1:103960588,103960588,G,A,0.949,0.051,1.0,0.004,0.094,0.902,0.0
1,1:103966686,103966686,G,A,0.705,0.295,1.0,0.082,0.426,0.492,0.0
1,1:103982441,103982441,G,A,0.6485,0.3515,1.0,0.122,0.459,0.419,0.0
1,1:104001739,104001739,G,A,0.934,0.066,1.0,0.007,0.118,0.875,0.0
1,1:104003513,104003513,G,A,0.9065,0.0935,1.0,0.008,0.171,0.821,0.0
1,1:104007547,104007547,G,A,0.8165,0.1835,1.0,0.033,0.301,0.666,0.0
1,1:104036160,104036160,G,A,0.664,0.336,1.0,0.099,0.474,0.427,0.0
1,1:104079168,104079168,G,A,0.5225,0.4775,1.0,0.237,0.481,0.282,0.0
1,1:104100469,104100469,G,A,0.7295,0.2705,1.0,0.079,0.383,0.538,0.0
1,1:104133289,104133289,G,A,0.5025,0.4975,1.0,0.243,0.509,0.248,0.0
1,1:104149966,104149966,G,A,0.506,0.494,1.0,0.254,0.48,0.266,0.0
1,1:104157976,104157976,G,A,0.6675,0.3325,1.0,0.104,0.457,0.439,0.0
1,1:104175961,104175961,G,A,0.728,0.272,1.0,0.071,0.402,0.527,0.0
1,1:104257355,104257355,G,A,0.624,0.376,1.0,0.158,0.436,0.406,0.0
1,1:104263162,104263162,G,A,0.589,0.411,1.0,0.169,0.484,0.347,0.0
1,1:104278949,104278949,G,A,0.543,0.457,1.0,0.211,0.492,0.297,0.0
1,1:104325637,104325637,G,A,0.6015,0.3985,1.0,0.162,0.473,0.365,0.0
1,1:104374881,104374881,G,A,0.788,0.212,1.0,0.039,0.346,0.615,0.0
1,1:104379226,104379226,G,A,0.7255,0.2745,1.0,0.083,0.383,0.534,0.0
1,1:104386243,104386243,G,A,0.928,0.072,1.0,0.006,0.132,0.862,0.0
1,1:104396446,104396446,G,A,0.9395,0.0605,1.0,0.005,0.111,0.884,0.0
1,1:104436060,104436060,G,A,0.823,0.177,1.0,0.03,0.294,0.676,0.0
1,1:104436259,104436259,G,A,0.581,0.419,1.0,0.171,0.496,0.333,0.0
1,1:104463612,104463612,G,A,0.8145,0.1855,1.0,0.034,0.303,0.663,0.0
1,1:104476567,104476567,G,A,0.8955,0.1045,1.0,0.012,0.185,0.803,0.0
1,1:104503144,104503144,G,A,0.7975,0.2025,1.0,0.037,0.331,0.632,0.0
1,1:104541660,104541660,G,A,0.8175,0.1825,1.0,0.027,0.311,0.662,0.0
1,1:104544290,104544290,G,A,0.522,0.478,1.0,0.228,0.5,0.272,0.0
1,1:104554448,104554448,G,A,0.5135,0.4865,1.0,0.247,0.479,0.274,0.0
1,1:104559255,104559255,G,A,0.601,0.399,1.0,0.163,0.472,0.365,0.0
1,1:104561903,104561903,G,A,0.5905,0.4095,1.0,0.177,0.465,0.358,0.0
1,1:104600567,104600567,G,A,0.8425,0.1575,1.0,0.024,0.267,0.709,0.0
1,1:104611698,104611698,G,A,0.691,0.309,1.0,0.088,0.442,0.47,0.0
1,1:104662991,104662991,G,A,0.5045,0.4955,1.0,0.244,0.503,0.253,0.0
1,1:104680433,104680433,G,A,0.8035,0.1965,1.0,0.039,0.315,0.646,0.0
1,1:104703776,104703776,G,A,0.4845,0.5155,1.0,0.26,0.511,0.229,0.0
1,1:104755394,104755394,G,A,0.856,0.144,1.0,0.025,0.238,0.737,0.0
1,1:104763909,104763909,G,A,0.6565,0.3435,1.0,0.124,0.439,0.437,0.0
1,1:104772842,104772842,G,A,0.5865,0.4135,1.0,0.17,0.487,0.343,0.0
1,1:104779108,104779108,G,A,0.6855,0.3145,1.0,0.094,0.441,0.465,0.0
1,1:104800567,104800567,G,A,0.8175,0.1825,1.0,0.027,0.311,0.662,0.0
1,1:104812184,104812184,G,A,0.581,0.419,1.0,0.172,0.494,0.334,0.0
1,1:104821846,104821846,G,A,0.8665,0.1335,1.0,0.02,0.227,0.753,0.0
1,1:104843600,104843600,G,A,0.7685,0.2315,1.0,0.058,0.347,0.595,0.0
1,1:104860868,104860868,G,A,0.826,0.174,1.0,0.021,0.306,0.673,0.0
1,1:104883756,104883756,G,A,0.7245,0.2755,1.0,0.075,0.401,0.524,0.0
1,1:104884335,104884335,G,A,0.771,0.229,1.0,0.068,0.322,0.61,0.0
1,1:104892512,104892512,G,A,0.877,0.123,1.0,0.019,0.208,0.773,0.0
1,1:104904658,104904658,G,A,0.6085,0.3915,1.0,0.147,0.489,0.364,0.0
1,1:104953994,104953994,G,A,0.887,0.113,1.0,0.015,0.196,0.789,0.0
1,1:104981219,104981219,G,A,0.706,0.294,1.0,0.093,0.402,0.505,0.0
1,1:104982750,104982750,G,A,0.589,0.411,1.0,0.175,0.472,0.353,0.0
1,1:104998815,104998815,G,A,0.7225,0.2775,1.0,0.077,0.401,0.522,0.0
1,1:104999165,104999165,G,A,0.5535,0.4465,1.0,0.186,0.521,0.293,0.0
