SNP,CHR,BP,A1,A2,MAF,BETA,SE,T,P,N
1:19676,1,19676,G,A,0.050000012,-0.19097731976006838,0.10380495276504373,-1.8397707881273648,,1000
1:29726,1,29726,G,A,0.14700001,-0.10053299752628916,0.0657460982386226,-1.5291097147911201,,1000
1:49977,1,49977,G,A,0.46249998,0.008107806675188095,0.045866283802027376,0.1767705164469792,,1000
1:61088,1,61088,G,A,0.22899997,-0.05298664700249076,0.05472665613532743,-0.9682054549699877,,1000
1:67662,1,67662,G,A,0.10900003,0.13606842961416402,0.07330816013277794,1.856115736197891,,1000
1:70641,1,70641,G,A,0.2525,0.037627793439511274,0.05309706604691892,0.7086605012461835,,1000
1:77176,1,77176,G,A,0.42900002,0.003398640738258655,0.0458454606540808,0.07413254638016457,,1000
1:112936,1,112936,G,A,0.277,-0.021690769491755326,0.04976190802878161,-0.435891032940491,,1000
1:125356,1,125356,G,A,0.43,-0.04165897777107986,0.047257831749405003,-0.8815253732330698,,1000
1:181361,1,181361,G,A,0.43699998,0.048133170736785934,0.046764098855234665,1.0292761309437275,,1000
1:197776,1,197776,G,A,0.26450002,-0.03239753364760079,0.05124081678664052,-0.6322602893412008,,1000
1:224696,1,224696,G,A,0.08249998,-0.024786972849028945,0.08437787713771175,-0.2937615129683167,,1000
1:225392,1,225392,G,A,0.36549997,0.04489356006734154,0.04807848576090954,0.9337556987670872,,1000
1:271837,1,271837,G,A,0.208,-0.06410798545907627,0.05683260977449663,-1.128014105166862,,1000
1:278496,1,278496,G,A,0.425,-0.04765817627087716,0.04689466649553624,-1.0162813776575976,,1000
1:285712,1,285712,G,A,0.1875,-0.051373668456036,0.05780611168897863,-0.8887238209767178,,1000
1:308618,1,308618,G,A,0.181,0.0011173362949353156,0.05972761579513092,0.018707197333438553,,1000
1:344127,1,344127,G,A,0.2945,-0.0015016632057299197,0.05106273801915387,-0.02940819987300013,,1000
1:424529,1,424529,G,A,0.045000017,-0.11626941652556509,0.11116549716419814,-1.0459128011079566,,1000
1:442940,1,442940,G,A,0.12849998,0.03750524712909253,0.067917011905337,0.5522216905149993,,1000
1:448346,1,448346,G,A,0.40600002,-0.0718745031191063,0.045475379618253986,-1.580514637205043,,1000
1:449396,1,449396,G,A,0.49,-0.008358655861094922,0.04530832099632248,-0.18448390223450048,,1000
1:460797,1,460797,G,A,0.13050002,0.016001829053485475,0.0676362642657027,0.23658652983292802,,1000
1:484274,1,484274,G,A,0.37550002,0.03401742978289866,0.047335453703711984,0.7186459011426155,,1000
1:529526,1,529526,G,A,0.102999985,0.06596112031209282,0.07476059356388955,0.8822979750117046,,1000
1:537978,1,537978,G,A,0.24599999,0.06572381469275067,0.053511244399058584,1.2282243747242578,,1000
1:549149,1,549149,G,A,0.27499998,-0.1088655117088651,0.05098360566395627,-2.135304286370421,,1000
1:566089,1,566089,G,A,0.29149997,-0.0034608846581431554,0.050004110008279305,-0.06921200392467995,,1000
1:571651,1,571651,G,A,0.20749998,-0.028895598384024,0.05652502259866438,-0.5112001208595142,,1000
1:578527,1,578527,G,A,0.407,0.0271318294921444,0.046522612530988355,0.583196600880316,,1000
1:605410,1,605410,G,A,0.18199998,-0.04051678689101559,0.05734266816884028,-0.7065731014070986,,1000
1:611214,1,611214,G,A,0.2515,0.029699067891260367,0.05295718716652001,0.560812790110506,,1000
1:647297,1,647297,G,A,0.1415,-0.0917986479894164,0.06669327629184911,-1.3764303254155101,,1000
1:658004,1,658004,G,A,0.31199998,-0.025736848608594137,0.047774877617369364,-0.5387109270006182,,1000
1:692925,1,692925,G,A,0.13849998,-0.07840053072467927,0.06623370577923225,-1.1836953678237638,,1000
1:734276,1,734276,G,A,0.16649997,-0.0293269615872821,0.060435714526644445,-0.48525878806897615,,1000
1:737955,1,737955,G,A,0.23949999,-0.013673557338141074,0.05402802875632621,-0.2530826619607146,,1000
1:749972,1,749972,G,A,0.17699999,-0.1240154121326846,0.061122765911718634,-2.028956155416848,,1000
1:769599,1,769599,G,A,0.074,-0.036184950531145926,0.08545923709125183,-0.4234176639385195,,1000
1:797969,1,797969,G,A,0.43,-0.05586079402082949,0.045971922025727745,-1.2151067773404718,,1000
1:803329,1,803329,G,A,0.39,-0.0620452268059012,0.04491191269069483,-1.3814870730000366,,1000
1:805114,1,805114,G,A,0.46649998,-0.08255039574515367,0.04519285048116955,-1.8266251158366267,,1000
1:809179,1,809179,G,A,0.45700002,-0.028882967647319117,0.044989198025868204,-0.6419978331401193,,1000
1:814423,1,814423,G,A,0.100000024,0.10526563152518208,0.07422887634553357,1.4181223899331734,,1000
1:879460,1,879460,G,A,0.1685,0.0030826786621539998,0.06094682135315644,0.05057981029546092,,1000
1:909246,1,909246,G,A,0.36299998,-0.03920373318939323,0.046831795203917954,-0.8371178815309099,,1000
1:917473,1,917473,G,A,0.44349998,0.03607703293503225,0.04647642769715602,0.7762436728165291,,1000
1:947273,1,947273,G,A,0.09850001,-0.08135228431186114,0.07502379133025204,-1.0843531481067292,,1000
1:953693,1,953693,G,A,0.23900002,-0.07897020228445324,0.054127967220006165,-1.4589537782469166,,1000
1:953960,1,953960,G,A,0.49699998,-0.010150722503967502,0.045931605441121376,-0.2209964665175806,,1000
1:955206,1,955206,G,A,0.19950002,-0.056822791218633054,0.0576687315688218,-0.9853310394181428,,1000
1:973738,1,973738,G,A,0.268,0.02387415711807641,0.050763063949206266,0.470305676228783,,1000
1:981884,1,981884,G,A,0.36,0.03552813945131529,0.047822504045887296,0.7429167535272693,,1000
1:996162,1,996162,G,A,0.2295,0.08707334330597613,0.054995688525705654,1.5832758101624091,,1000
1:1003172,1,1003172,G,A,0.36900002,0.027659746692807435,0.046331656158273386,0.5969945602272253,,1000
1:1020155,1,1020155,G,A,0.12099999,0.05028812801789381,0.06875726705529195,0.7313863708028714,,1000
1:1043234,1,1043234,G,A,0.16100001,0.047325323335206816,0.06288590919659937,0.752558465637418,,1000
1:1074962,1,1074962,G,A,0.22299999,-0.0042733858579039235,0.052745347754072344,-0.08101919960465111,,1000
1:1079601,1,1079601,G,A,0.5,0.01444047636665671,0.04433521983337581,0.32571117095907204,,1000
1:1116272,1,1116272,G,A,0.21350002,0.07678677319555167,0.05580458109314549,1.3759940795431118,,1000
1:1132659,1,1132659,G,A,0.45099998,0.10180324881302731,0.04686328528768822,2.17234554060965,,1000
1:1135965,1,1135965,G,A,0.444,-0.06438362039577968,0.04456833984953052,-1.4446044123058779,,1000
1:1164796,1,1164796,G,A,0.3635,0.013868380116598009,0.04553855456208382,0.30454150883710873,,1000
1:1193983,1,1193983,G,A,0.22649997,-0.05227046241977372,0.05429313985953977,-0.9627452483868337,,1000
1:1222870,1,1222870,G,A,0.20200002,0.0929589409634979,0.05987955311676092,1.5524321095422087,,1000
1:1228808,1,1228808,G,A,0.34350002,-0.007372608623194746,0.047345486336145104,-0.155719355607638,,1000
1:1270897,1,1270897,G,A,0.14749998,0.002135851877294745,0.06343075003075181,0.03367218385813291,,1000
1:1286644,1,1286644,G,A,0.21899998,-0.05656848776667025,0.057452031056498175,-0.9846212000937086,,1000
1:1308508,1,1308508,G,A,0.41750002,-0.04019119225400321,0.046206895613993805,-0.8698094022536166,,1000
1:1369278,1,1369278,G,A,0.16100001,0.04979489474750832,0.06264548433990344,0.7948680622745277,,1000
1:1383876,1,1383876,G,A,0.43199998,-0.09725760309110407,0.04520869096017014,-2.151303234521658,,1000
1:1406151,1,1406151,G,A,0.306,0.019983706310401615,0.04870629379100193,0.4102900211654666,,1000
1:1406369,1,1406369,G,A,0.265,-0.01033720973462903,0.05218682516557809,-0.19808083173925953,,1000
1:1416954,1,1416954,G,A,0.305,0.03121211588446671,0.04935692367050004,0.6323756337172562,,1000
1:1428128,1,1428128,G,A,0.3535,0.05158190547850234,0.04858888075923148,1.0615989640531536,,1000
1:1429291,1,1429291,G,A,0.31199998,0.00868523011501814,0.049440165282478264,0.1756715428719695,,1000
1:1443718,1,1443718,G,A,0.3675,0.11188768800924838,0.04753743408109858,2.3536753754602877,,1000
1:1472543,1,1472543,G,A,0.19700003,-0.04254170655803602,0.05485258426840954,-0.7755643079616297,,1000
1:1500949,1,1500949,G,A,0.45099998,0.01641227754516645,0.04628723975927647,0.3545745572758473,,1000
1:1514543,1,1514543,G,A,0.1415,0.01866473784992993,0.06563613359025092,0.2843668087832377,,1000
1:1524103,1,1524103,G,A,0.36049998,0.08868752556614988,0.04725620578023489,1.8767381786551263,,1000
1:1531065,1,1531065,G,A,0.195,-0.03197859627839035,0.057312103596538086,-0.5579728237426275,,1000
1:1534228,1,1534228,G,A,0.353,-0.1036186992688184,0.0476196775155095,-2.1759639013739704,,1000
1:1543813,1,1543813,G,A,0.06650001,-0.020681202192881776,0.09326914334766458,-0.22173680866555986,,1000
1:1559758,1,1559758,G,A,0.20850003,0.008591927720676686,0.05739211571406154,0.14970571504077856,,1000
1:1578316,1,1578316,G,A,0.49449998,-0.0058738724598024206,0.047456106329284264,-0.12377485036478361,,1000
1:1635157,1,1635157,G,A,0.32200003,0.008618206352252354,0.04883213793196313,0.17648636158957312,,1000
1:1636676,1,1636676,G,A,0.26099998,0.007787423700468866,0.05243441578343837,0.14851741140078759,,1000
1:1649730,1,1649730,G,A,0.18,-9.625337424284043e-05,0.05897792398172969,-0.0016320237767721022,,1000
1:1656672,1,1656672,G,A,0.26200002,0.031960551717053066,0.05285358006717737,0.6046998458085701,,1000
1:1668322,1,1668322,G,A,0.44050002,-0.0013620810325019905,0.04516463392959959,-0.03015813290162244,,1000
1:1722321,1,1722321,G,A,0.1925,-0.021849826800589323,0.05816319127409542,-0.3756641670093633,,1000
1:1722908,1,1722908,G,A,0.31,-0.020300231491101165,0.04869814947205021,-0.41685837575311296,,1000
1:1726200,1,1726200,G,A,0.3365,0.03252236283914004,0.049462445375970505,0.6575162750635015,,1000
1:1748015,1,1748015,G,A,0.23000002,-0.03954927227507374,0.05277909695481022,-0.7493359029794705,,1000
1:1749737,1,1749737,G,A,0.17049998,-0.010087462067777943,0.06102385745395033,-0.16530357943022725,,1000
1:1760512,1,1760512,G,A,0.125,0.032906205026048685,0.06813957301015638,0.48292355781483876,,1000
1:1805519,1,1805519,G,A,0.08099997,0.0076837761709645696,0.08381360961822655,0.09167695086710136,,1000
1:1805809,1,1805809,G,A,0.1505,0.0671383617633426,0.06358993033849315,1.0558017819167427,,1000
1:1821368,1,1821368,G,A,0.057500005,-0.14790360831375085,0.09539884269779964,-1.550371096033875,,1000
1:1894555,1,1894555,G,A,0.3765,-0.139489424462913,0.04619495828959264,-3.0195811323925112,,1000
1:1901741,1,1901741,G,A,0.08899999,0.1606815285304909,0.07980461282141856,2.0134366028446666,,1000
1:1912585,1,1912585,G,A,0.45999998,0.04983676439746431,0.04678820172198321,1.0651566540983075,,1000
1:1940370,1,1940370,G,A,0.272,0.013483183585772088,0.05018695777692491,0.2686591135032182,,1000
1:1983510,1,1983510,G,A,0.2335,-0.0167269921136396,0.05275509350915414,-0.31706876058777356,,1000
1:1989174,1,1989174,G,A,0.077499986,0.0017399534948389043,0.08520376832662986,0.020421086168029186,,1000
1:1992826,1,1992826,G,A,0.12849998,0.08484695859287673,0.0672778057078382,1.2611433696475574,,1000
1:1998174,1,1998174,G,A,0.40750003,-0.028532053931869295,0.046359008297193534,-0.6154586773935922,,1000
1:2009607,1,2009607,G,A,0.347,-0.08792440222150297,0.047401369977280255,-1.8548915835902133,,1000
1:2014018,1,2014018,G,A,0.081499994,-0.024387182750386975,0.08476970915795887,-0.28768746516452226,,1000
1:2059386,1,2059386,G,A,0.342,0.046698268622472325,0.04767923881085909,0.9794256323537752,,1000
1:2086214,1,2086214,G,A,0.12349999,-0.16194909838757543,0.06698311248542532,-2.417760124580856,,1000
1:2090213,1,2090213,G,A,0.36299998,0.053021833266597006,0.04805490996699347,1.1033593300458802,,1000
1:2120712,1,2120712,G,A,0.45349997,0.019395426326456477,0.0459105690100688,0.4224610311887618,,1000
1:2141913,1,2141913,G,A,0.37050003,0.018462585409251383,0.046894450502368415,0.3937051231321908,,1000
1:2155749,1,2155749,G,A,0.412,-0.09419563888823439,0.046068702981139034,-2.0446774663223963,,1000
1:2173514,1,2173514,G,A,0.32099998,-0.08864640937495837,0.04952461679900033,-1.7899463964504156,,1000
1:2195691,1,2195691,G,A,0.040499985,0.0601545088913907,0.11806798798891666,0.5094904208669802,,1000
1:2235001,1,2235001,G,A,0.40750003,0.08929273797341832,0.04637809797201069,1.9253212589120565,,1000
1:2250398,1,2250398,G,A,0.24150002,0.03088279319024064,0.05326558889811705,0.579788824813544,,1000
1:2253723,1,2253723,G,A,0.4555,-0.04266270395378141,0.046722348365576816,-0.9131112935499109,,1000
1:2276361,1,2276361,G,A,0.33249998,-0.03008700071240359,0.04786981587221315,-0.628517159805248,,1000
1:2276788,1,2276788,G,A,0.13450003,0.00973646663249999,0.06384419013076878,0.15250356551719563,,1000
1:2298757,1,2298757,G,A,0.0715,0.010268933643769938,0.09128776101255354,0.1124897086955369,,1000
1:2320689,1,2320689,G,A,0.282,0.03808148873336862,0.048894514644542274,0.778849918241685,,1000
1:2322524,1,2322524,G,A,0.36049998,-0.03319268828253283,0.04558837822996741,-0.7280953956092628,,1000
1:2338378,1,2338378,G,A,0.436,0.043360511100568495,0.04519819203418467,0.9593417158760181,,1000
1:2363163,1,2363163,G,A,0.053499997,-0.15577176599213377,0.10097866896238367,-1.5426205117653264,,1000
1:2373140,1,2373140,G,A,0.417,-0.023025527604987016,0.04865002970903586,-0.4732890759306246,,1000
1:2382358,1,2382358,G,A,0.21700001,0.01987053263910794,0.05680343396101792,0.3498121724954929,,1000
1:2464723,1,2464723,G,A,0.29500002,0.05067713605554739,0.050542969933653877,1.0026544962053008,,1000
1:2480018,1,2480018,G,A,0.3025,0.047618025134472074,0.049281583279930576,0.9662438169648667,,1000
1:2484414,1,2484414,G,A,0.23699999,-0.06684754050651373,0.05355521337402154,-1.2481985654629097,,1000
1:2503772,1,2503772,G,A,0.13050002,0.10282263396038843,0.06726329137381777,1.5286589737179013,,1000
1:2592317,1,2592317,G,A,0.091499984,-0.04023218511221812,0.07918069498797754,-0.5081059861665372,,1000
1:2592537,1,2592537,G,A,0.13700002,-0.004544660448225903,0.06763129458942216,-0.06719759655372187,,1000
1:2597481,1,2597481,G,A,0.36799997,0.06392219738325812,0.04654004729204377,1.3734880195144517,,1000
1:2607412,1,2607412,G,A,0.3495,0.027225020440221622,0.048320711380348,0.563423419533803,,1000
1:2609090,1,2609090,G,A,0.352,-0.03950698408416485,0.04756901612651591,-0.8305192602489602,,1000
1:2615805,1,2615805,G,A,0.4655,-0.04873369758485586,0.04498807506570635,-1.0832581192611357,,1000
1:2640329,1,2640329,G,A,0.2625,0.022809866507991695,0.05216404180790288,0.4372718393254564,,1000
1:2667868,1,2667868,G,A,0.40750003,-0.02358550196687528,0.04636179281665802,-0.5087271335719549,,1000
1:2681207,1,2681207,G,A,0.34600002,0.06290592724461715,0.0476087377085359,1.3213105466003265,,1000
1:2721865,1,2721865,G,A,0.4965,0.06011142301764333,0.045388389789985814,1.324378839958449,,1000
1:2726017,1,2726017,G,A,0.3175,0.03960455521187421,0.050313139967449134,0.7871612711410377,,1000
1:2744805,1,2744805,G,A,0.13099998,-0.01266441730208868,0.0666916672511795,-0.18989504722367992,,1000
1:2750026,1,2750026,G,A,0.3775,-0.03902586102027731,0.04753875535307438,-0.8209272777637724,,1000
1:2773940,1,2773940,G,A,0.23699999,-0.11428732144821756,0.05218463423833579,-2.190056960565223,,1000
1:2825897,1,2825897,G,A,0.14600003,0.0244507801409918,0.06433526842210564,0.3800525083779785,,1000
1:2843237,1,2843237,G,A,0.1695,-0.15225433170779804,0.060685271100959344,-2.508917385480562,,1000
1:2844665,1,2844665,G,A,0.43,-0.028019738278864476,0.045086814102685085,-0.6214619248778502,,1000
1:2846275,1,2846275,G,A,0.23400003,-0.05872089921638331,0.0551417327886797,-1.064908486670524,,1000
1:2887297,1,2887297,G,A,0.25599998,-0.07511521639536452,0.05321090565162019,-1.4116507786421668,,1000
1:2887699,1,2887699,G,A,0.074,0.053256152411006695,0.0860582960075358,0.6188381002378115,,1000
1:2966423,1,2966423,G,A,0.17549998,0.005268586155111609,0.05943770533444397,0.08864047031200713,,1000
1:2975606,1,2975606,G,A,0.44,-0.03238575592883833,0.04584508606444862,-0.7064171694063507,,1000
1:2976243,1,2976243,G,A,0.2715,0.05805984622566463,0.05027210046250663,1.1549118833609542,,1000
1:3028632,1,3028632,G,A,0.2655,0.045973751485900986,0.05085314835047426,0.9040492669019229,,1000
1:3033350,1,3033350,G,A,0.07099998,0.032732904395401594,0.08805871639186816,0.3717168014320992,,1000
1:3040268,1,3040268,G,A,0.18,-0.022582723391727916,0.059987457056648555,-0.37645742126395104,,1000
1:3049317,1,3049317,G,A,0.11049998,-0.13005453653351334,0.07189364348378713,-1.8089851930072536,,1000
1:3094236,1,3094236,G,A,0.13999999,-0.12783008312999117,0.06653510484912757,-1.9212426796328603,,1000
1:3100582,1,3100582,G,A,0.19999999,-0.08341912758513734,0.05470733370974856,-1.5248253191742094,,1000
1:3110692,1,3110692,G,A,0.084500015,-0.0025550733313336143,0.08043289528291768,-0.031766521922980684,,1000
1:3119613,1,3119613,G,A,0.36949998,0.019558333262384407,0.04645499738889557,0.4210167767022533,,1000
1:3125355,1,3125355,G,A,0.315,-0.016315995610792628,0.048727497635836364,-0.33484164798959676,,1000
1:3133212,1,3133212,G,A,0.39099997,0.0377043010798722,0.04636680985221849,0.8131743633009115,,1000
1:3138146,1,3138146,G,A,0.19199997,0.059231961920812023,0.05815899952938211,1.0184487766315142,,1000
1:3151883,1,3151883,G,A,0.12849998,-0.0493831465527984,0.06915078661462166,-0.7141371627196577,,1000
1:3184791,1,3184791,G,A,0.305,-0.004049947049606419,0.04971810087727396,-0.08145820089957702,,1000
1:3266403,1,3266403,G,A,0.05250001,0.06416416709292347,0.10086814759319072,0.6361192172548134,,1000
1:3287094,1,3287094,G,A,0.10399997,-0.04853207010508817,0.0749414169654574,-0.6476001131318074,,1000
1:3314345,1,3314345,G,A,0.4155,-0.06234269780115359,0.04559071883490613,-1.3674427469965982,,1000
1:3325316,1,3325316,G,A,0.463,-0.0012121694305206718,0.046769171614046826,-0.025918129158323693,,1000
1:3330923,1,3330923,G,A,0.13349998,-0.07590704225141842,0.06688604324173583,-1.1348711715100173,,1000
1:3331069,1,3331069,G,A,0.40399998,-0.0521960427390739,0.04772635114565836,-1.0936524893716317,,1000
1:3341862,1,3341862,G,A,0.2295,-0.019234647180381603,0.05169689627815565,-0.3720658021110087,,1000
1:3344770,1,3344770,G,A,0.2425,-0.05678812872761006,0.05295049442109208,-1.0724758918396298,,1000
1:3366613,1,3366613,G,A,0.422,0.052139289265348984,0.04620021789042347,1.1285507221851563,,1000
1:3369721,1,3369721,G,A,0.302,0.061728901807353846,0.04984155521023876,1.2385027222158813,,1000
1:3379570,1,3379570,G,A,0.399,-0.006046184716487615,0.04713416073008924,-0.12827606608104694,,1000
1:3385358,1,3385358,G,A,0.3875,0.014003112294045396,0.047898400979855,0.2923503083106008,,1000
1:3388446,1,3388446,G,A,0.32349998,0.057770822707298615,0.04664161606226284,1.2386110856489014,,1000
1:3433383,1,3433383,G,A,0.39099997,-0.02281055667026288,0.046765977828369824,-0.48775964343089656,,1000
1:3452815,1,3452815,G,A,0.36299998,0.04484313191953131,0.047956455621645605,0.9350801959453178,,1000
1:3456654,1,3456654,G,A,0.24299997,0.09700677948315457,0.05377238900151338,1.8040258445728419,,1000
1:3541816,1,3541816,G,A,0.123000026,-0.07839325583382199,0.06968367351200516,-1.1249874164615667,,1000
1:3584703,1,3584703,G,A,0.16649997,0.10113589147579355,0.06035799884739042,1.6756004739571675,,1000
1:3609737,1,3609737,G,A,0.22149998,-0.008432564793795611,0.05502935352770131,-0.1532375769152136,,1000
1:3641772,1,3641772,G,A,0.31699997,0.014333638648369052,0.04781018010385595,0.2998030674059943,,1000
1:3646805,1,3646805,G,A,0.19599998,-0.018809950326507927,0.05639391063789223,-0.3335457696361482,,1000
1:3668281,1,3668281,G,A,0.11949998,-0.05546055057585877,0.06868394217514741,-0.8074747724065059,,1000
1:3678622,1,3678622,G,A,0.057500005,0.017787476623510726,0.0963627395903303,0.18458873937303089,,1000
1:3683910,1,3683910,G,A,0.14050001,-0.004347672679575328,0.06548552311671368,-0.0663913560227128,,1000
1:3693306,1,3693306,G,A,0.328,0.026805038539636356,0.049257585775744225,0.5441809239631042,,1000
1:3695962,1,3695962,G,A,0.108500004,-0.13481726058871346,0.07087011877039999,-1.9023145851566146,,1000
1:3699392,1,3699392,G,A,0.056500018,0.0871065865102551,0.10172516975544581,0.856293351189929,,1000
1:3708655,1,3708655,G,A,0.08249998,-0.03432779148030567,0.08380151735802953,-0.4096320993049002,,1000
1:3741197,1,3741197,G,A,0.482,0.01379449978838709,0.04516853685234938,0.30540063392975697,,1000
1:3757975,1,3757975,G,A,0.0625,-0.010691091543744561,0.09403689789680686,-0.1136903894413513,,1000
1:3792825,1,3792825,G,A,0.24049997,0.012486543965779705,0.05298927355611972,0.23564285991872475,,1000
1:3800987,1,3800987,G,A,0.351,0.07288182678909227,0.04748735251150592,1.5347628986356614,,1000
1:3815145,1,3815145,G,A,0.17049998,0.1264259773417364,0.05841876802265249,2.164132891209096,,1000
1:3828434,1,3828434,G,A,0.47899997,0.027918846769713797,0.046194035911622695,0.6043820640207203,,1000
1:3830122,1,3830122,G,A,0.061500013,-0.19370450113391777,0.09527628620062459,-2.0330819856478404,,1000
1:3835599,1,3835599,G,A,0.4555,0.038818232999868967,0.04586430922531525,0.8463712558967936,,1000
1:3845475,1,3845475,G,A,0.222,0.08688604571463063,0.054320477277149254,1.5995081425983821,,1000
1:3875755,1,3875755,G,A,0.21899998,0.006152866289002792,0.05624010545021847,0.10940353400384477,,1000
1:3881858,1,3881858,G,A,0.26450002,0.06539211643289898,0.05147085318484326,1.270468865127636,,1000
1:3887009,1,3887009,G,A,0.499,0.00921663755321849,0.046500922145010344,0.19820332862382722,,1000
1:3901404,1,3901404,G,A,0.33099997,0.03397631714024357,0.05056595716183925,0.6719207753054178,,1000
1:3924483,1,3924483,G,A,0.478,0.032077145441539744,0.046199505843943625,0.6943179338301254,,1000
1:3956779,1,3956779,G,A,0.058499992,-0.16259510688250498,0.09730839869001316,-1.6709257275979843,,1000
1:4024734,1,4024734,G,A,0.46249998,-0.06244485255089454,0.04563940704034796,-1.3682222579204317,,1000
1:4032655,1,4032655,G,A,0.1455,-0.14887114038622593,0.06422082986837953,-2.31811299684755,,1000
1:4035852,1,4035852,G,A,0.19999999,-0.09153341314347299,0.056351669921412745,-1.62432476750244,,1000
1:4036406,1,4036406,G,A,0.08350003,0.06240133752712239,0.08285476232366244,0.7531412290262672,,1000
1:4058849,1,4058849,G,A,0.43,-0.0773648638554836,0.04556943663837965,-1.6977357975570209,,1000
1:4079442,1,4079442,G,A,0.288,0.0327370906676941,0.05029052814443967,0.6509593729791372,,1000
1:4109071,1,4109071,G,A,0.0765,-0.059226038352685716,0.08620998135813038,-0.6869974615427772,,1000
1:4109405,1,4109405,G,A,0.22750002,-0.04710742446829669,0.05428366999795323,-0.8678010250609968,,1000
1:4151786,1,4151786,G,A,0.24150002,0.09065733765910465,0.05520113888048744,1.6423091895872155,,1000
1:4183840,1,4183840,G,A,0.074500024,0.026818150833001344,0.08647185901323966,0.3101373225813872,,1000
1:4264424,1,4264424,G,A,0.19999999,-0.01246108862387506,0.057492853468687634,-0.2167415230253226,,1000
1:4268174,1,4268174,G,A,0.15600002,0.07074796200739757,0.06330763877318542,1.1175264688179078,,1000
1:4273446,1,4273446,G,A,0.453,0.014595264227042501,0.045416293140139646,0.3213662590649208,,1000
1:4294540,1,4294540,G,A,0.4145,-0.06890850329163865,0.04646214516455681,-1.4831106710114803,,1000
1:4300916,1,4300916,G,A,0.12400001,0.13912922601326252,0.06846868287248437,2.0320125957786557,,1000
1:4327309,1,4327309,G,A,0.49049997,-0.06564669335812144,0.04521488442986281,-1.451882365417795,,1000
1:4338844,1,4338844,G,A,0.37199998,0.020460007091309813,0.04618711846495155,0.44298080874726153,,1000
1:4345761,1,4345761,G,A,0.265,0.0077290023756666215,0.05274382126768499,0.146538536456061,,1000
1:4394644,1,4394644,G,A,0.25950003,-0.07101841385769783,0.052378235883122085,-1.3558763990480671,,1000
1:4409353,1,4409353,G,A,0.46100003,0.021723511748589934,0.045111693768500966,0.4815494594387914,,1000
1:4421591,1,4421591,G,A,0.18049997,0.07902456374358702,0.059910516568472356,1.319043271030204,,1000
1:4429900,1,4429900,G,A,0.23750001,0.06482257097799421,0.05415761442743893,1.19692441521486,,1000
1:4437678,1,4437678,G,A,0.35750002,-0.061561510256892445,0.04768164792317253,-1.2910944344055382,,1000
1:4460277,1,4460277,G,A,0.4045,-0.05741844399642524,0.045685413393024406,-1.2568222487659995,,1000
1:4464345,1,4464345,G,A,0.2245,0.05635144791913841,0.05593615472366735,1.0074244144511304,,1000
1:4466272,1,4466272,G,A,0.48150003,0.15549175777571841,0.044949686752087596,3.459240075093447,,1000
1:4469354,1,4469354,G,A,0.16750002,-0.05070362121756428,0.06014003031778797,-0.8430927112879651,,1000
1:4473015,1,4473015,G,A,0.20950001,-0.05932553739408122,0.05679398815751118,-1.0445742466535206,,1000
1:4521374,1,4521374,G,A,0.134,-0.08447833757356918,0.06596040188409562,-1.2807432210921474,,1000
1:4523536,1,4523536,G,A,0.291,0.10420815066758507,0.04964577900408787,2.099033447717771,,1000
1:4532689,1,4532689,G,A,0.4985,0.018344721229319422,0.04635379566982616,0.3957544568731154,,1000
1:4545584,1,4545584,G,A,0.36799997,-0.042968671375215886,0.048423615584454745,-0.88734950615728,,1000
1:4578239,1,4578239,G,A,0.2515,-0.060760178946315115,0.053962706757270745,-1.1259661087724904,,1000
1:4600109,1,4600109,G,A,0.49199998,-0.02274553286392104,0.045386775777164476,-0.5011489023938343,,1000
1:4622581,1,4622581,G,A,0.06300002,0.04531518484468007,0.09453180190732798,0.4793644459364452,,1000
1:4672413,1,4672413,G,A,0.19150001,-0.020547545660181975,0.057099845015956996,-0.35985291473978265,,1000
1:4684347,1,4684347,G,A,0.42400002,-0.03206713783925413,0.045692928880627266,-0.7017965060420945,,1000
1:4739401,1,4739401,G,A,0.31,0.0815022355938265,0.04943337683856734,1.6487288711832326,,1000
1:4746772,1,4746772,G,A,0.0485,0.055484538934361796,0.10643963707324036,0.521277039832288,,1000
1:4755470,1,4755470,G,A,0.25199997,-0.019814245168512098,0.05212365909692907,-0.38013918270138247,,1000
1:4790692,1,4790692,G,A,0.057500005,0.09993185417390131,0.09718679102042713,1.0282452288490234,,1000
1:4810834,1,4810834,G,A,0.32349998,0.012264393372455648,0.048993329740566666,0.25032781885613875,,1000
1:4816130,1,4816130,G,A,0.34899998,0.040428148795931575,0.04703663797290254,0.8595033688254236,,1000
1:4833178,1,4833178,G,A,0.13849998,0.13260843291845742,0.06614712772014054,2.0047496768038906,,1000
1:4848288,1,4848288,G,A,0.499,-0.026384644477600035,0.045017451774764884,-0.5860981338883844,,1000
1:4854043,1,4854043,G,A,0.3875,0.06985868466824646,0.04662582576057644,1.4982830551242294,,1000
1:4860320,1,4860320,G,A,0.24849999,0.047214690309073895,0.053088234168516144,0.8893626063960225,,1000
1:4876873,1,4876873,G,A,0.20599997,0.046038073121833,0.05763611543998051,0.7987712698954329,,1000
1:4889085,1,4889085,G,A,0.077499986,0.14336274552114245,0.08568595944409771,1.6731182850869937,,1000
1:4900165,1,4900165,G,A,0.3495,-0.02830393616211086,0.04716629437263594,-0.6000881887921157,,1000
1:4952076,1,4952076,G,A,0.17900002,-0.12604629819815932,0.059709756914080044,-2.1109832749702013,,1000
1:4975468,1,4975468,G,A,0.22600001,-0.10611765712925253,0.05391481843592394,-1.9682465824376283,,1000
1:4981506,1,4981506,G,A,0.255,0.02914098922391504,0.05119478118360859,0.569217966171234,,1000
1:4982043,1,4982043,G,A,0.435,0.008009841943297954,0.0462558598483113,0.17316383198939445,,1000
1:4990962,1,4990962,G,A,0.43449998,-0.016076406217569568,0.04593574849842666,-0.34997592818412876,,1000
1:5001046,1,5001046,G,A,0.38950002,-0.06410039666004783,0.04714329932148913,-1.3596926303974066,,1000
1:5016240,1,5016240,G,A,0.36799997,0.12870628858116265,0.04751945231067328,2.7084968854376736,,1000
1:5028036,1,5028036,G,A,0.27100003,0.13797264978162757,0.05152122358980965,2.6779769611084525,,1000
1:5051647,1,5051647,G,A,0.42299998,0.05438884432386581,0.046456000742721736,1.1707603636627484,,1000
1:5059668,1,5059668,G,A,0.4505,-0.02067743771924313,0.04559396208130265,-0.4535126313956079,,1000
1:5071916,1,5071916,G,A,0.2745,0.06819922493933664,0.05210901723180468,1.3087797191790314,,1000
1:5130398,1,5130398,G,A,0.43699998,-0.021154901678021133,0.0463942668118058,-0.45598094617669255,,1000
1:5184503,1,5184503,G,A,0.449,0.08996630623759373,0.04624081233976456,1.9456039304964294,,1000
1:5241219,1,5241219,G,A,0.13200003,-0.060772034361970075,0.06681602793410686,-0.9095427585414491,,1000
1:5250296,1,5250296,G,A,0.485,0.042544125778538285,0.04642892453029461,0.9163280478482435,,1000
1:5272865,1,5272865,G,A,0.18300003,-0.019152379311243747,0.05767093760553609,-0.33209758860249955,,1000
1:5277421,1,5277421,G,A,0.45700002,-0.06576912491886457,0.046329264273832896,-1.4196021877259002,,1000
1:5287914,1,5287914,G,A,0.42549998,-0.024375087901704878,0.04655353290684378,-0.5235926551585417,,1000
1:5290718,1,5290718,G,A,0.4565,0.02186655999040268,0.04549179434775706,0.4806704220819726,,1000
1:5301359,1,5301359,G,A,0.24299997,-0.06089914022437026,0.05251892619019086,-1.1595656012430926,,1000
1:5303944,1,5303944,G,A,0.12650001,-0.106063296093585,0.067838325769628,-1.56347160532477,,1000
1:5311500,1,5311500,G,A,0.12400001,0.05804986336956571,0.06986559108438671,0.830879156228,,1000
1:5318332,1,5318332,G,A,0.19700003,-0.002030090333790293,0.05816830953682707,-0.034900280753474844,,1000
1:5337356,1,5337356,G,A,0.1595,0.001321251029544847,0.061860401099265064,0.02135859137778116,,1000
1:5345855,1,5345855,G,A,0.5,-0.042649044584750516,0.045818091127834366,-0.9308341647354518,,1000
1:5351827,1,5351827,G,A,0.1275,0.01711157983051823,0.06837908112904782,0.2502458288116588,,1000
1:5384936,1,5384936,G,A,0.3365,0.007033931763092074,0.048899456171046386,0.14384478507261805,,1000
1:5386160,1,5386160,G,A,0.28350002,0.05761527244214221,0.049589639296183166,1.1618409260455491,,1000
1:5403253,1,5403253,G,A,0.0765,0.027382145247391985,0.08814127025558278,0.3106620220923992,,1000
1:5409862,1,5409862,G,A,0.14450002,0.001416965429986378,0.06476190649712922,0.02187961267090229,,1000
1:5418953,1,5418953,G,A,0.47000003,-0.07218617079748986,0.045395687925172463,-1.5901547943601433,,1000
1:5432020,1,5432020,G,A,0.4155,-0.019809922350658076,0.04526720300091255,-0.4376219655157118,,1000
1:5438685,1,5438685,G,A,0.30049998,0.048330731707985214,0.05105781436606956,0.9465883392788426,,1000
1:5481141,1,5481141,G,A,0.08249998,0.002437664802422692,0.0832470869252597,0.02928228353036856,,1000
1:5525634,1,5525634,G,A,0.11250001,0.12789877048003662,0.07222110452108174,1.7709334595222406,,1000
1:5553536,1,5553536,G,A,0.36299998,0.016799390240635627,0.04616677150733097,0.36388488283110715,,1000
1:5562068,1,5562068,G,A,0.3865,-0.019393151063280916,0.04815830483986006,-0.40269588241879795,,1000
1:5579080,1,5579080,G,A,0.496,-0.08419859146270034,0.044948887524778575,-1.8732074607249163,,1000
1:5596527,1,5596527,G,A,0.14249998,0.061571061231034487,0.06632123679232892,0.9283762518457156,,1000
1:5627746,1,5627746,G,A,0.3305,0.029481290314195926,0.04844605150995599,0.6085385577426743,,1000
1:5654238,1,5654238,G,A,0.26950002,-0.042649225109902204,0.05039044549968334,-0.8463752341735145,,1000
1:5666913,1,5666913,G,A,0.09549999,0.11669384144869159,0.07703157974782508,1.5148831405341436,,1000
1:5674720,1,5674720,G,A,0.21450001,0.07397724148400836,0.05433225259938184,1.3615714045482081,,1000
1:5698619,1,5698619,G,A,0.17900002,-0.06461107332238665,0.062218559049023514,-1.038453386094622,,1000
1:5703395,1,5703395,G,A,0.26599997,-0.005409070124935771,0.05025487153888984,-0.10763275199599208,,1000
1:5720627,1,5720627,G,A,0.17150003,-0.1376249261262065,0.06124202461648041,-2.2472301820206515,,1000
1:5723602,1,5723602,G,A,0.26849997,0.003710012907928068,0.05335327163781389,0.06953674618331396,,1000
1:5730386,1,5730386,G,A,0.3135,0.10194344854238949,0.04858025755237186,2.0984542626701708,,1000
1:5752811,1,5752811,G,A,0.21850002,-0.030486380441934628,0.05590297353003489,-0.5453445231416046,,1000
1:5786266,1,5786266,G,A,0.22049999,0.08663008061543066,0.055469476670935124,1.5617612751126433,,1000
1:5809042,1,5809042,G,A,0.32599998,-0.07921766386747459,0.04688198959608685,-1.6897248719599292,,1000
1:5813776,1,5813776,G,A,0.07550001,-0.030385703800121476,0.08483594250341106,-0.3581701682503231,,1000
1:5845448,1,5845448,G,A,0.4695,0.009452241215543477,0.0462470513032663,0.20438581377999968,,1000
1:5846867,1,5846867,G,A,0.481,0.04857842357659577,0.04532987062240658,1.0716647303331024,,1000
1:5853585,1,5853585,G,A,0.084500015,0.052755672533413324,0.08092177333399896,0.6519342120156955,,1000
1:5872355,1,5872355,G,A,0.38450003,0.020622890192323065,0.04731050676689417,0.4359050790543226,,1000
1:5875294,1,5875294,G,A,0.16350001,0.0692344263291876,0.06172686774106123,1.121625458457084,,1000
1:5905951,1,5905951,G,A,0.2475,0.026883779561536363,0.05158357625298118,0.5211693626996764,,1000
1:5934262,1,5934262,G,A,0.17699999,-0.05297765207103644,0.05932492128318193,-0.893008383747407,,1000
1:5939335,1,5939335,G,A,0.148,0.010865103017434713,0.06490476154430085,0.16740070772802576,,1000
1:5949853,1,5949853,G,A,0.22649997,-0.03256202347317726,0.05400230864160819,-0.6029746559407013,,1000
1:5994377,1,5994377,G,A,0.21899998,0.01846804697334083,0.05428704217410808,0.3401925438138729,,1000
1:6124153,1,6124153,G,A,0.227,-0.07175471387237323,0.05521491100612337,-1.2995531925138044,,1000
1:6152942,1,6152942,G,A,0.42150003,0.07180955364570853,0.04558079214865308,1.5754345253920847,,1000
1:6155580,1,6155580,G,A,0.481,-0.008937635150543667,0.045087762155192196,-0.19822751725357987,,1000
1:6193957,1,6193957,G,A,0.12650001,-0.018441488135315532,0.06562530250329329,-0.28101185719319277,,1000
1:6194225,1,6194225,G,A,0.3625,0.03269427246495185,0.048703918649754666,0.6712862819122777,,1000
1:6195201,1,6195201,G,A,0.28399998,-0.0698252297129046,0.05067820416564106,-1.3778157861450997,,1000
1:6200647,1,6200647,G,A,0.208,0.06827421554937589,0.05647638598909444,1.208898451160802,,1000
1:6202259,1,6202259,G,A,0.34149998,0.044988084007845375,0.048854446865440264,0.9208595510610527,,1000
1:6210716,1,6210716,G,A,0.4425,0.01119034304561133,0.04612818054402238,0.24259233539315167,,1000
1:6238796,1,6238796,G,A,0.33600003,-0.08397163879412317,0.04938156057758913,-1.700465473588781,,1000
1:6285089,1,6285089,G,A,0.393,0.034793616475018115,0.04717181414933229,0.73759335108189,,1000
1:6292519,1,6292519,G,A,0.123000026,0.061203050289457474,0.06905647712398895,0.8862753044811297,,1000
1:6299493,1,6299493,G,A,0.3635,-0.04210446402347432,0.047458777333822484,-0.8871797039210215,,1000
1:6314769,1,6314769,G,A,0.49800003,-0.053754554734574314,0.04438986276568633,-1.2109646524099407,,1000
1:6319708,1,6319708,G,A,0.4795,0.02593353655818241,0.04662482805717934,0.5562173125095126,,1000
1:6327091,1,6327091,G,A,0.2605,-0.0685211513977348,0.05183984356955408,-1.321785458434095,,1000
1:6330035,1,6330035,G,A,0.44450003,-0.020813680806388332,0.044815845784261524,-0.464426821410067,,1000
1:6336357,1,6336357,G,A,0.30900002,0.03341894779009296,0.048888233943173626,0.6835785442554184,,1000
1:6356382,1,6356382,G,A,0.0995,0.013663287600474971,0.0756422337072514,0.18063040884480316,,1000
1:6404004,1,6404004,G,A,0.47399998,-0.035026627249836656,0.04452260516173129,-0.7867155824013472,,1000
1:6423960,1,6423960,G,A,0.31849998,0.02085107956317659,0.04753696429160317,0.4386287570925029,,1000
1:6469724,1,6469724,G,A,0.096000016,0.0630211709054619,0.07831230322132687,0.8047416346235017,,1000
1:6472974,1,6472974,G,A,0.319,0.079316002110913,0.04935779931978553,1.6069598564763896,,1000
1:6491879,1,6491879,G,A,0.3815,0.03793465627022778,0.04664045539426131,0.813342321586665,,1000
1:6508857,1,6508857,G,A,0.14649999,0.011443232935505207,0.0661561035270715,0.1729732001344753,,1000
1:6512441,1,6512441,G,A,0.357,0.015105406344466268,0.04718224400997572,0.32015023154202965,,1000
1:6612209,1,6612209,G,A,0.48900002,0.05578080339723448,0.04591972239619021,1.214746093540461,,1000
1:6659909,1,6659909,G,A,0.17650002,0.035089710468555586,0.060616462780459214,0.5788808660057178,,1000
1:6671204,1,6671204,G,A,0.2605,-0.010690058429194786,0.051884094085309446,-0.20603729558461326,,1000
1:6687667,1,6687667,G,A,0.19749999,-0.02656089895824161,0.056859868174604256,-0.4671290984474125,,1000
1:6698542,1,6698542,G,A,0.2475,-0.010456173262131517,0.05296564367072191,-0.19741425832820436,,1000
1:6703561,1,6703561,G,A,0.4375,-0.0018603622481322812,0.045052489263325605,-0.04129321772341412,,1000
1:6722056,1,6722056,G,A,0.44050002,0.058576752007420546,0.045305300482923624,1.2929337490985005,,1000
1:6733216,1,6733216,G,A,0.058000028,0.07464622381866245,0.0960055314624401,0.7775200312063897,,1000
1:6736550,1,6736550,G,A,0.10500002,0.011694252787620114,0.0759570654013979,0.1539587229419858,,1000
1:6737321,1,6737321,G,A,0.20899999,0.030114046214337668,0.05630793029136905,0.5348100357891078,,1000
1:6739014,1,6739014,G,A,0.1695,0.05363404156654156,0.05958850825229485,0.9000735735732405,,1000
1:6760404,1,6760404,G,A,0.08899999,0.06104063831919063,0.07994318665485614,0.7635502270221639,,1000
1:6767568,1,6767568,G,A,0.3635,-0.0274559763198901,0.04666543823610238,-0.5883578373565768,,1000
1:6822604,1,6822604,G,A,0.365,-0.07488048315379377,0.047489216958442625,-1.5767891734100603,,1000
1:6837389,1,6837389,G,A,0.17299998,-0.09782130420993553,0.06077525685218273,-1.609558054980434,,1000
1:6839790,1,6839790,G,A,0.21600002,0.0038210987086157817,0.055302823199009754,0.06909409841275882,,1000
1:6851804,1,6851804,G,A,0.2705,0.002705513431228327,0.05210451577489442,0.051924739938412935,,1000
1:6852903,1,6852903,G,A,0.06550002,-0.15787267468027583,0.09141390006600346,-1.727009509125934,,1000
1:6857659,1,6857659,G,A,0.125,-0.03559564023495529,0.06971612740745951,-0.5105797117346281,,1000
1:6913463,1,6913463,G,A,0.3405,-0.06722850298382389,0.04845443346447505,-1.3874582401858704,,1000
1:6941246,1,6941246,G,A,0.274,0.03222192275485628,0.05032327177884582,0.6402986454549499,,1000
1:6964706,1,6964706,G,A,0.3135,-0.010436840926487636,0.04792602050969279,-0.21776982139330428,,1000
1:6982253,1,6982253,G,A,0.49,-0.036058613141664815,0.0439250951167027,-0.8209114413039342,,1000
1:7021863,1,7021863,G,A,0.37449998,0.005596113920363878,0.04890369952342398,0.11443130018585693,,1000
1:7022337,1,7022337,G,A,0.472,0.00769357883019522,0.047456618739327903,0.16211814146420536,,1000
1:7081531,1,7081531,G,A,0.3025,-0.04563285973989197,0.04882776163630583,-0.9345679222363064,,1000
1:7083611,1,7083611,G,A,0.046500027,0.11557105324391934,0.11086832669581467,1.04241722309932,,1000
1:7085905,1,7085905,G,A,0.09249997,-0.03819154945803777,0.07705410786921298,-0.49564585865898053,,1000
1:7089976,1,7089976,G,A,0.388,-0.039453527326188766,0.0462051971845984,-0.8538763976823764,,1000
1:7102174,1,7102174,G,A,0.18599999,-0.010759400093501192,0.058276504474545084,-0.18462672376310507,,1000
1:7130145,1,7130145,G,A,0.24049997,0.02085651339859445,0.052561690989594116,0.39680065473394893,,1000
1:7136030,1,7136030,G,A,0.38200003,-0.01760160620101565,0.04667838817705745,-0.3770825619395934,,1000
1:7152748,1,7152748,G,A,0.1875,-0.016178058462457717,0.058781482683394226,-0.275223722232308,,1000
1:7281506,1,7281506,G,A,0.43049997,0.06083226134416465,0.04590566929980686,1.3251579221484215,,1000
1:7322154,1,7322154,G,A,0.21350002,0.06977902796522951,0.054832043919810974,1.2725957848165887,,1000
1:7334902,1,7334902,G,A,0.06349999,-0.08997926569835733,0.09262380025023313,-0.9714486498639517,,1000
1:7339839,1,7339839,G,A,0.49,-0.029387069689929445,0.0457544689337909,-0.6422775823811674,,1000
1:7347001,1,7347001,G,A,0.25449997,0.01445345015733887,0.05311249497321557,0.27212900024048375,,1000
1:7393980,1,7393980,G,A,0.19,0.032455263308130144,0.058269962711654355,0.5569810207144493,,1000
1:7446154,1,7446154,G,A,0.45700002,0.05978824630624743,0.04586384906231059,1.3036028926621306,,1000
1:7449608,1,7449608,G,A,0.43449998,-0.06483399384403049,0.046757966322844076,-1.3865871196445767,,1000
1:7456986,1,7456986,G,A,0.06800002,0.02009263000678132,0.09242369241533747,0.21739696263689848,,1000
1:7466512,1,7466512,G,A,0.398,-0.048579290222007784,0.045887375499302496,-1.0586635146031877,,1000
1:7468811,1,7468811,G,A,0.28250003,0.03182259955827156,0.050074766523554574,0.6355017060998694,,1000
1:7503277,1,7503277,G,A,0.3395,-0.06507532015077955,0.04943679257232223,-1.316333782285316,,1000
1:7583355,1,7583355,G,A,0.118499994,0.04337921741344122,0.0704869968552844,0.6154215578584278,,1000
1:7585154,1,7585154,G,A,0.36699998,0.00833364402610687,0.045965622550491865,0.18130166771814327,,1000
1:7587677,1,7587677,G,A,0.14850003,0.093857400385134,0.06400896050605663,1.4663165851014417,,1000
1:7611433,1,7611433,G,A,0.112999976,0.01882609590956564,0.06885349025050357,0.273422535895745,,1000
1:7640168,1,7640168,G,A,0.10750002,-0.0025839108817297817,0.07262792663792572,-0.035577373626696426,,1000
1:7654910,1,7654910,G,A,0.19950002,-0.013430564566538707,0.05679163710871303,-0.23648842066005835,,1000
1:7667858,1,7667858,G,A,0.498,0.012970442617394062,0.04459045729453259,0.2908793361709797,,1000
1:7726891,1,7726891,G,A,0.06950003,-0.17263757150423786,0.08729377638592462,-1.9776618523296492,,1000
1:7734103,1,7734103,G,A,0.18900001,-0.07258973389707206,0.056985169739614094,-1.2738355299942226,,1000
1:7778749,1,7778749,G,A,0.31,-0.06635005432169076,0.049573454624604454,-1.338419015259826,,1000
1:7797699,1,7797699,G,A,0.14950001,0.04756993628379735,0.06499187679902686,0.731936645419503,,1000
1:7887740,1,7887740,G,A,0.49949998,-0.034408394391939226,0.04559478883185171,-0.7546562945786062,,1000
1:7946156,1,7946156,G,A,0.22850001,-0.00448069549734507,0.05324235924540559,-0.08415659187250836,,1000
1:7964444,1,7964444,G,A,0.361,0.046923366759472,0.04654026687811324,1.0082315789542438,,1000
1:7971380,1,7971380,G,A,0.23150003,0.08444039807890234,0.0554636095733508,1.5224468571096088,,1000
1:7997044,1,7997044,G,A,0.13849998,-0.0007894764755099849,0.06656249866816645,-0.011860679681599038,,1000
1:8027523,1,8027523,G,A,0.19150001,-0.027893516605070525,0.05801551158265702,-0.48079411598964383,,1000
1:8074038,1,8074038,G,A,0.20300001,-0.005554646032318483,0.05702691710725655,-0.09740393333680082,,1000
1:8112075,1,8112075,G,A,0.45099998,-0.01612876758330707,0.04423437194056588,-0.36462069824294063,,1000
1:8167708,1,8167708,G,A,0.05699998,-0.027699973059011163,0.09757760344302255,-0.2838763413080309,,1000
1:8181884,1,8181884,G,A,0.449,0.012729421183284925,0.04512929654270716,0.2820655795340994,,1000
1:8182536,1,8182536,G,A,0.2295,0.04259291962612388,0.05621031602126369,0.7577420416923379,,1000
1:8221253,1,8221253,G,A,0.3265,-0.05897061856570815,0.04764223711794868,-1.237780216317584,,1000
1:8234680,1,8234680,G,A,0.4195,-0.03640160496764326,0.04662954836932785,-0.7806553192264594,,1000
1:8274438,1,8274438,G,A,0.26999998,0.12325583443312971,0.05076483799783458,2.42797651473619,,1000
1:8329443,1,8329443,G,A,0.09249997,-0.07505491283256283,0.07838544805703636,-0.9575107968758423,,1000
1:8336901,1,8336901,G,A,0.3075,-0.030195573970438108,0.048963799649845485,-0.6166918046878618,,1000
1:8351246,1,8351246,G,A,0.10399997,-0.14628511772421693,0.07564048596200895,-1.9339526427380413,,1000
1:8357957,1,8357957,G,A,0.43049997,0.027303506125003374,0.044855799679375384,0.608695114570825,,1000
1:8368353,1,8368353,G,A,0.34750003,0.0582910431524152,0.04944433811081117,1.178922509221934,,1000
1:8388513,1,8388513,G,A,0.329,0.03553425932485983,0.048065055675993965,0.7392950829891034,,1000
1:8411884,1,8411884,G,A,0.052999973,0.1379379255442422,0.10242248120364558,1.3467543836394826,,1000
1:8437713,1,8437713,G,A,0.47149998,0.040560678934996444,0.04537400837570154,0.8939187959580246,,1000
1:8439470,1,8439470,G,A,0.102,-0.03263315511841862,0.0762730531852736,-0.42784645108082886,,1000
1:8454562,1,8454562,G,A,0.13099998,0.05029534214629396,0.06845825595184138,0.7346862908934672,,1000
1:8497553,1,8497553,G,A,0.48549998,-0.027699312657318988,0.046293179291075945,-0.5983454383885588,,1000
1:8527836,1,8527836,G,A,0.07349998,0.04466403513627188,0.08955353800770066,0.49874115674169395,,1000
1:8552443,1,8552443,G,A,0.3775,0.0477986697116945,0.047634730583392924,1.0034415882339163,,1000
1:8556136,1,8556136,G,A,0.08499998,0.035356605708781005,0.0812755013258227,0.43502168712612505,,1000
1:8556256,1,8556256,G,A,0.362,-0.03905389458347478,0.046110655962604156,-0.8469602908088658,,1000
1:8570557,1,8570557,G,A,0.4285,0.06403971046276521,0.046625567318517656,1.373489142240022,,1000
1:8585378,1,8585378,G,A,0.20700002,-0.008033525412256336,0.056201516968771945,-0.1429414337111242,,1000
1:8589748,1,8589748,G,A,0.19800001,0.05292975218918308,0.05772945209286419,0.9168587310345461,,1000
1:8593060,1,8593060,G,A,0.478,-0.06762332775673416,0.04560036968140625,-1.4829556915699273,,1000
1:8595961,1,8595961,G,A,0.08950001,-0.052644716630343286,0.08028561603851347,-0.6557179134689496,,1000
1:8640146,1,8640146,G,A,0.2155,-0.0028554488357230724,0.056492013718064595,-0.0505460621385139,,1000
1:8658145,1,8658145,G,A,0.34399998,0.03742648386240489,0.048191579141449635,0.776618748112662,,1000
1:8659523,1,8659523,G,A,0.37199998,0.016294290079152656,0.046573368407131124,0.34986282153166615,,1000
1:8669442,1,8669442,G,A,0.25199997,0.04618426079617222,0.05224398518855231,0.8840110613593104,,1000
1:8674164,1,8674164,G,A,0.41399997,-0.019209686081439595,0.04590761493673805,-0.4184422586080995,,1000
1:8704814,1,8704814,G,A,0.44700003,0.03871001567906011,0.04551085279043385,0.8505666957573855,,1000
1:8805587,1,8805587,G,A,0.422,0.013546883367604758,0.046908809576021,0.2887918813128377,,1000
1:8815996,1,8815996,G,A,0.10549998,-0.031585935479945315,0.07712245205326546,-0.40955564351260704,,1000
1:8825151,1,8825151,G,A,0.36299998,0.0535429696384412,0.04752723456346928,1.1265744815625307,,1000
1:8831925,1,8831925,G,A,0.42000002,0.07394934914619845,0.0455751182900981,1.6225816173529295,,1000
1:8849852,1,8849852,G,A,0.096000016,-0.0944801822979767,0.07606099258030037,-1.2421634150807395,,1000
1:8860936,1,8860936,G,A,0.14700001,-0.023024309774954527,0.06527626694137334,-0.3527209942264833,,1000
1:8910853,1,8910853,G,A,0.499,0.00979218419940605,0.046500804272061526,0.21058096419397546,,1000
1:8978990,1,8978990,G,A,0.27499998,-1.1969040898564183e-06,0.05071858627622875,-2.3598924531092346e-05,,1000
1:8989139,1,8989139,G,A,0.2985,0.03230970812604768,0.048747905058284344,0.6627917258683691,,1000
1:9004645,1,9004645,G,A,0.17199999,-0.0010708838344938546,0.06092149583260004,-0.01757809488848447,,1000
1:9017498,1,9017498,G,A,0.24299997,0.040125153383064875,0.05296369196803201,0.7575973632518621,,1000
1:9031371,1,9031371,G,A,0.4605,0.07496372435389405,0.045374928899461514,1.6520956874663815,,1000
1:9035950,1,9035950,G,A,0.1505,-0.16859165880981244,0.06365171869287677,-2.6486583908798593,,1000
1:9091045,1,9091045,G,A,0.18199998,-0.014177287632551518,0.05926452392705861,-0.23922047614860775,,1000
1:9137345,1,9137345,G,A,0.2625,-0.0419575675394986,0.051746396604965335,-0.8108307107798218,,1000
1:9144221,1,9144221,G,A,0.20899999,0.03380073056158707,0.055300751019124336,0.6112164832969078,,1000
1:9161409,1,9161409,G,A,0.45999998,-0.003970388739836188,0.045308920611549626,-0.08762929432541156,,1000
1:9163767,1,9163767,G,A,0.31849998,-0.020956370378904698,0.0490562345704586,-0.42719076509644116,,1000
1:9176749,1,9176749,G,A,0.26450002,0.015900743600042413,0.052597048839387914,0.3023124671613696,,1000
1:9184537,1,9184537,G,A,0.30299997,0.08317330961932672,0.04983547201370382,1.6689579983601963,,1000
1:9240659,1,9240659,G,A,0.06950003,0.0655128658539034,0.08680228840797365,0.7547366210668404,,1000
1:9249678,1,9249678,G,A,0.39499998,-0.02411565539867358,0.04845884704881573,-0.49765227336878903,,1000
1:9322005,1,9322005,G,A,0.18,-0.0348342041110577,0.058003372666006706,-0.600554804142838,,1000
1:9326244,1,9326244,G,A,0.311,0.017324109126275487,0.049643402917269125,0.34897102350429454,,1000
1:9331796,1,9331796,G,A,0.421,-0.0026263282684606437,0.044127554842901144,-0.059516741360600096,,1000
1:9384452,1,9384452,G,A,0.21450001,-0.028089411563784167,0.05468804860425178,-0.5136298017698939,,1000
1:9392610,1,9392610,G,A,0.06349999,-0.10966083545158944,0.09499350405697406,-1.1544035199061442,,1000
1:9405635,1,9405635,G,A,0.05699998,-0.002814415154922824,0.09758150225875392,-0.028841687100285916,,1000
1:9426808,1,9426808,G,A,0.42900002,0.04086541906240706,0.04678524873477039,0.8734680303630882,,1000
1:9427505,1,9427505,G,A,0.27899998,-0.078373367927374,0.050712327348016596,-1.5454500320904567,,1000
1:9447934,1,9447934,G,A,0.343,0.07017496170352533,0.04822270566676225,1.4552265521653172,,1000
1:9451245,1,9451245,G,A,0.32849997,0.06364905019652872,0.0484531156998077,1.3136214106615507,,1000
1:9451338,1,9451338,G,A,0.1275,0.03747204404673829,0.06746494595519296,0.5554298386546616,,1000
1:9456808,1,9456808,G,A,0.058000028,-0.05006556388076911,0.09868892608989373,-0.507306805985156,,1000
1:9462744,1,9462744,G,A,0.17199999,-0.12340720804451022,0.06057900913431665,-2.0371282034489866,,1000
1:9496564,1,9496564,G,A,0.49150002,-0.042213917378517415,0.04693921554088431,-0.8993315480900798,,1000
1:9615755,1,9615755,G,A,0.23549998,-0.15872300740664752,0.0527866183953546,-3.0068796265345856,,1000
1:9618396,1,9618396,G,A,0.48250002,-0.03609915072028576,0.04528684060808099,-0.7971223038651148,,1000
1:9622824,1,9622824,G,A,0.16750002,-0.024731658761810497,0.05974108042028721,-0.4139807748339948,,1000
1:9625106,1,9625106,G,A,0.37050003,-0.028730981653992276,0.04698898756265809,-0.6114407469554556,,1000
1:9702702,1,9702702,G,A,0.07349998,-0.11332567680229225,0.08684394850499529,-1.3049346414249432,,1000
1:9714178,1,9714178,G,A,0.043500006,-0.12054183427047,0.11283552394826148,-1.0682968452890962,,1000
1:9714892,1,9714892,G,A,0.265,0.019890316642061725,0.05218405497354235,0.38115697701426693,,1000
1:9734817,1,9734817,G,A,0.36299998,-0.06734709978227667,0.04730352074316393,-1.4237227742082885,,1000
1:9742258,1,9742258,G,A,0.4745,-0.010357247611421193,0.046288851248804955,-0.22375253072819748,,1000
1:9787558,1,9787558,G,A,0.041999996,0.11599105350134059,0.11460579674121829,1.0120871439273724,,1000
1:9803006,1,9803006,G,A,0.47750002,0.02648291021830291,0.046065277434243594,0.5748996140554291,,1000
1:9810405,1,9810405,G,A,0.263,-0.05617374390053033,0.05187054901610561,-1.0829602725640823,,1000
1:9818160,1,9818160,G,A,0.37550002,0.02403360331393557,0.04786140550300667,0.5021499695078067,,1000
1:9828367,1,9828367,G,A,0.339,-0.05804946210981281,0.04851716655887948,-1.1964726348840904,,1000
1:9837696,1,9837696,G,A,0.185,-0.09414602020864422,0.0592318541828767,-1.5894491487295166,,1000
1:9909552,1,9909552,G,A,0.19450003,0.0028450213697843326,0.05698116747884543,0.04992915195780365,,1000
1:9913842,1,9913842,G,A,0.319,0.01440467100603433,0.048736133020132216,0.2955645044731793,,1000
1:9935870,1,9935870,G,A,0.10650003,-0.06529562106494365,0.07318605873168883,-0.8921866021550262,,1000
1:9937094,1,9937094,G,A,0.417,0.07191275109859631,0.0468167172591854,1.5360485593313804,,1000
1:9944146,1,9944146,G,A,0.43550003,0.0019457816023656647,0.0452750797117334,0.042976878555586503,,1000
1:9944791,1,9944791,G,A,0.41750002,0.003363958747199782,0.04720627366812112,0.07126084068506974,,1000
1:9953822,1,9953822,G,A,0.4155,-0.0047600939842688435,0.04677313360321529,-0.1017698327559055,,1000
1:9955952,1,9955952,G,A,0.357,-0.05897235357659578,0.049198419097290884,-1.198663588355893,,1000
1:9963442,1,9963442,G,A,0.38300002,-0.07011593693889291,0.04619640252579149,-1.5177791582309277,,1000
1:9986299,1,9986299,G,A,0.31199998,-0.048105079836717156,0.048845111834499716,-0.9848494154278941,,1000
1:10016390,1,10016390,G,A,0.14899999,-0.04218280204357695,0.06452461441601204,-0.6537474485567654,,1000
1:10047454,1,10047454,G,A,0.073000014,-0.009218210893237568,0.09051608442194298,-0.10184058393717794,,1000
1:10047596,1,10047596,G,A,0.1415,-0.062129948504615486,0.06454540541790123,-0.9625773996205185,,1000
1:10055080,1,10055080,G,A,0.1135,-0.009233101829856328,0.07286923987568646,-0.12670781039582443,,1000
1:10091986,1,10091986,G,A,0.371,-0.1204499055691315,0.047692213217896295,-2.5255675390617687,,1000
1:10095126,1,10095126,G,A,0.4695,0.0406794629746687,0.04451851159886337,0.9137651173339612,,1000
1:10104108,1,10104108,G,A,0.40899998,0.04214138721487992,0.04605825589567951,0.9149583803244489,,1000
1:10108632,1,10108632,G,A,0.4795,0.01043276869139184,0.044449343990936606,0.2347114210171273,,1000
1:10115079,1,10115079,G,A,0.074,-0.03989214009939031,0.08863393198275885,-0.45007751779702343,,1000
1:10117274,1,10117274,G,A,0.065999985,0.02977004547136765,0.09277608372153101,0.3208806006591413,,1000
1:10151608,1,10151608,G,A,0.35500002,0.023143241916000683,0.04845932048972486,0.4775808179338357,,1000
1:10192258,1,10192258,G,A,0.060500026,0.14223112872815885,0.09687607653175563,1.4681759813170798,,1000
1:10196895,1,10196895,G,A,0.4655,0.02286470910298327,0.04545468074483043,0.5030221030775511,,1000
1:10198500,1,10198500,G,A,0.245,-0.06996249311026119,0.053361028947790434,-1.3111158928122242,,1000
1:10249580,1,10249580,G,A,0.4795,0.0680544953998519,0.04509193916020589,1.509238605997027,,1000
1:10274622,1,10274622,G,A,0.18599999,0.040518001183990314,0.05733248700333837,0.7067197552694866,,1000
1:10292659,1,10292659,G,A,0.36949998,0.05181016650229162,0.04662472593210693,1.1112165372882947,,1000
1:10320856,1,10320856,G,A,0.3315,-0.03990476771518398,0.04937786411560875,-0.8081509484038163,,1000
1:10321337,1,10321337,G,A,0.18199998,-0.02982549677446411,0.05905912986793653,-0.5050107721051358,,1000
1:10384779,1,10384779,G,A,0.20349997,0.03512136447391501,0.05927114163740692,0.5925542094122476,,1000
1:10390285,1,10390285,G,A,0.29549998,0.04400195943510676,0.05031291763024455,0.8745658472538256,,1000
1:10392035,1,10392035,G,A,0.22899997,-0.060623083445667726,0.052489045088735684,-1.1549664000017716,,1000
1:10421318,1,10421318,G,A,0.27249998,-0.05200679892753475,0.05004572934651898,-1.0391855530256584,,1000
1:10421959,1,10421959,G,A,0.2605,-0.06522752816064831,0.05054752314027412,-1.2904198684401567,,1000
1:10427149,1,10427149,G,A,0.352,-0.018167744132366506,0.046674252848441095,-0.38924552667956214,,1000
1:10431930,1,10431930,G,A,0.08950001,-0.006424202739798142,0.07980834857117246,-0.08049537241168558,,1000
1:10444454,1,10444454,G,A,0.45,-0.014409362728087809,0.0460224280487737,-0.31309436157555703,,1000
1:10466616,1,10466616,G,A,0.08050001,0.12138107137861753,0.07825664965773395,1.5510639914881876,,1000
1:10478543,1,10478543,G,A,0.19050002,-0.03611020215270109,0.0576817468479091,-0.6260247673828908,,1000
1:10488952,1,10488952,G,A,0.060500026,-0.0237087022748814,0.09526651346730192,-0.24886711407801104,,1000
1:10495301,1,10495301,G,A,0.4095,-0.05248482137885636,0.045612315388687555,-1.1506721579819925,,1000
1:10528295,1,10528295,G,A,0.09649998,0.018902835124922954,0.07913132278051037,0.23887930165598878,,1000
1:10539670,1,10539670,G,A,0.18400002,-0.03073730523579553,0.05895250770193152,-0.5213909710373262,,1000
1:10556087,1,10556087,G,A,0.24000001,0.03122680577359359,0.05327347773825001,0.5861604516795595,,1000
1:10563215,1,10563215,G,A,0.39749998,0.017290658318572672,0.04755165522768877,0.3636184321193624,,1000
1:10569321,1,10569321,G,A,0.408,-0.03580743405284337,0.04619295533243999,-0.7751708847192297,,1000
1:10608791,1,10608791,G,A,0.12699997,-0.0817292502703223,0.06662437677933584,-1.2267169198597496,,1000
1:10617245,1,10617245,G,A,0.241,0.0567899301626582,0.05253250058767607,1.0810437258336205,,1000
1:10669436,1,10669436,G,A,0.19450003,-0.011821429696452218,0.05715909972353566,-0.20681623317423703,,1000
1:10670217,1,10670217,G,A,0.49550003,-0.0008489998648884378,0.04745440484105508,-0.017890854763263776,,1000
1:10679044,1,10679044,G,A,0.4655,-0.02170691951058625,0.04474790037419907,-0.485093587164195,,1000
1:10679745,1,10679745,G,A,0.108500004,-0.07733959615875759,0.07591617819427092,-1.0187498633143006,,1000
1:10686963,1,10686963,G,A,0.245,-0.07855092219689,0.05262923491668829,-1.492533994104903,,1000
1:10688728,1,10688728,G,A,0.28399998,0.008119840510651078,0.05023006732307221,0.16165298880500178,,1000
1:10717208,1,10717208,G,A,0.47000003,0.08548697005355307,0.0453725368536947,1.8841126368844823,,1000
1:10736302,1,10736302,G,A,0.37300003,0.06569693517671697,0.0475868135033243,1.3805701693417136,,1000
1:10758431,1,10758431,G,A,0.42150003,-0.10299404347932938,0.04570557003626286,-2.25342432875498,,1000
1:10760889,1,10760889,G,A,0.204,-0.09240636857198088,0.056741105140997485,-1.6285613109289612,,1000
1:10774987,1,10774987,G,A,0.3495,0.027600467438941765,0.048761530345469,0.5660295573866551,,1000
1:10779707,1,10779707,G,A,0.20050001,0.0005172291126360332,0.05729393654740889,0.00902764138414617,,1000
1:10822815,1,10822815,G,A,0.4335,-0.03265550128334756,0.04671901551818142,-0.6989766569597163,,1000
1:10831891,1,10831891,G,A,0.49049997,-0.005540092642307645,0.04490908788994035,-0.12336239506544572,,1000
1:10833584,1,10833584,G,A,0.30900002,-0.06789620062522186,0.0486284473747924,-1.3962239037147899,,1000
1:10848681,1,10848681,G,A,0.29400003,0.04679435126241384,0.05141903944191116,0.9100588375494276,,1000
1:10854521,1,10854521,G,A,0.46100003,0.06737394538819247,0.04645678570429867,1.4502498260864036,,1000
1:10856761,1,10856761,G,A,0.426,0.0971321409760329,0.04659056655187279,2.084802743660315,,1000
1:10880727,1,10880727,G,A,0.10350001,0.10589245539740043,0.07304024295622315,1.4497823543778097,,1000
1:10897035,1,10897035,G,A,0.36400002,0.061538521157679715,0.04735799508189248,1.2994325678539804,,1000
1:10916877,1,10916877,G,A,0.34249997,-0.05796686914842399,0.04865806570090352,-1.1913105939052488,,1000
1:10959015,1,10959015,G,A,0.143,0.07623216426045153,0.06624564804194913,1.150749770191373,,1000
1:10970724,1,10970724,G,A,0.110000014,-0.008709526270048033,0.07284527726234175,-0.1195619894297599,,1000
1:10971178,1,10971178,G,A,0.19700003,0.04110790325996359,0.056869893647199625,0.7228412192043516,,1000
1:10986869,1,10986869,G,A,0.121500015,0.04784077993649301,0.07132275251361331,0.6707646333105509,,1000
1:11021187,1,11021187,G,A,0.17150003,-0.028703201670251283,0.06161427614929377,-0.46585310197757285,,1000
1:11044591,1,11044591,G,A,0.44,0.0277798545349854,0.04641600488446054,0.5984973201406596,,1000
1:11045634,1,11045634,G,A,0.46100003,0.012864733795404386,0.04467908524023574,0.2879363739483872,,1000
1:11059861,1,11059861,G,A,0.16149998,-0.020004874070691687,0.06262006778802123,-0.31946426724434934,,1000
1:11074356,1,11074356,G,A,0.16299999,-0.07105989320158991,0.0615378741487195,-1.1547342865608,,1000
1:11082323,1,11082323,G,A,0.2425,0.03335508315608057,0.05297047689535595,0.6296919550483582,,1000
1:11091990,1,11091990,G,A,0.37050003,-0.006242671575473478,0.04803060571798931,-0.12997278468914575,,1000
1:11098253,1,11098253,G,A,0.12449998,0.011834820393946498,0.06915979201779719,0.17112284535067704,,1000
1:11103832,1,11103832,G,A,0.41149998,0.0037539801797398468,0.04671261103854861,0.08036331295294011,,1000
1:11135475,1,11135475,G,A,0.08350003,0.0027105954450452733,0.0812803155793711,0.03334873180208495,,1000
1:11145553,1,11145553,G,A,0.12699997,0.010600648943492184,0.0672523183932051,0.15762503355666072,,1000
1:11149698,1,11149698,G,A,0.32050002,-0.05124422561310288,0.047992934754843244,-1.0677451978060484,,1000
1:11152154,1,11152154,G,A,0.12900001,-0.15000069093449722,0.06738820587775415,-2.2259190459322595,,1000
1:11186362,1,11186362,G,A,0.16350001,-0.04313131018308889,0.061979005112632386,-0.695901944613467,,1000
1:11199748,1,11199748,G,A,0.449,-0.0038503520568401372,0.04427054685694276,-0.08697322102847038,,1000
1:11245870,1,11245870,G,A,0.20099998,0.07714404550050452,0.0591265671544645,1.3047272861110044,,1000
1:11292149,1,11292149,G,A,0.4785,-0.0606066990850037,0.04458671140813633,-1.3592996023013257,,1000
1:11301120,1,11301120,G,A,0.0905,-0.07792124689452702,0.08199651345584037,-0.9502995140944852,,1000
1:11309412,1,11309412,G,A,0.477,-0.02027151727454763,0.0457463146009559,-0.4431289700902823,,1000
1:11310553,1,11310553,G,A,0.4895,-0.057750218220759084,0.045140088330311655,-1.279355454472598,,1000
1:11319248,1,11319248,G,A,0.2885,-0.0446090115352999,0.04887956731517751,-0.9126310641757345,,1000
1:11326238,1,11326238,G,A,0.388,-0.02051779369591589,0.047610112579613575,-0.43095453012437346,,1000
1:11331384,1,11331384,G,A,0.23299998,-0.016792397492048142,0.05423463056744133,-0.30962500004801585,,1000
1:11353541,1,11353541,G,A,0.385,0.06098820195708264,0.0467009424206482,1.3059308612606824,,1000
1:11360590,1,11360590,G,A,0.13849998,0.04001146385725966,0.06464613547862001,0.6189304830215626,,1000
1:11368857,1,11368857,G,A,0.4415,0.09692689535787995,0.046629618042914475,2.0786551429324502,,1000
1:11368955,1,11368955,G,A,0.38599998,0.05150673803730285,0.04736999224148209,1.0873284034908115,,1000
1:11377788,1,11377788,G,A,0.37150002,-0.07100890693575042,0.04891154731565061,-1.4517820603280964,,1000
1:11392367,1,11392367,G,A,0.425,-0.01691738658712337,0.04486871633709665,-0.377041911786016,,1000
1:11415377,1,11415377,G,A,0.21399999,-0.06148186392159467,0.055644255157515095,-1.1049094600611467,,1000
1:11416758,1,11416758,G,A,0.144,0.041936034533377915,0.06587959972590782,0.6365556971786844,,1000
1:11471762,1,11471762,G,A,0.19300002,-0.05820493741753698,0.05683365399416848,-1.0241280179435446,,1000
1:11476430,1,11476430,G,A,0.07849997,-0.08889492554905934,0.0859505301507567,-1.0342568613961798,,1000
1:11484509,1,11484509,G,A,0.16100001,-0.027759758889677535,0.06242337877938859,-0.4447013191609464,,1000
1:11506306,1,11506306,G,A,0.3345,0.01483883375153552,0.04848787706226068,0.3060318300279835,,1000
1:11546082,1,11546082,G,A,0.38950002,-0.07934779242967899,0.04594862622362164,-1.7268806262783811,,1000
1:11551410,1,11551410,G,A,0.4845,0.0011076904923625066,0.04583615341958162,0.02416630562828362,,1000
1:11552292,1,11552292,G,A,0.389,-0.04094644684535328,0.046840613995049414,-0.8741654592674833,,1000
1:11579150,1,11579150,G,A,0.4475,0.005300155691332285,0.045114012968134304,0.1174835786627091,,1000
1:11592112,1,11592112,G,A,0.18849999,-0.004115153042533641,0.05994264913997054,-0.06865150442257653,,1000
1:11606244,1,11606244,G,A,0.357,-0.08279522242804299,0.04721351814714957,-1.7536338251683876,,1000
1:11609077,1,11609077,G,A,0.49299997,-0.05686077556884177,0.0459049264459044,-1.2386639075840375,,1000
1:11616153,1,11616153,G,A,0.31,-0.09161040901123668,0.0495331128616194,-1.849478131268846,,1000
1:11618628,1,11618628,G,A,0.22549999,0.04830533836624197,0.05415771450874082,0.8919382733266135,,1000
1:11630983,1,11630983,G,A,0.15149999,-0.05946524129548735,0.06325381941129687,-0.9401051485733224,,1000
1:11643209,1,11643209,G,A,0.18800002,-0.028209570823237287,0.06081065642434747,-0.4638918979329204,,1000
1:11654305,1,11654305,G,A,0.12650001,0.003938859438629082,0.06853318481513597,0.05747375449213271,,1000
1:11667878,1,11667878,G,A,0.3585,0.0058430433533059,0.04561144110016288,0.1281047739858637,,1000
1:11671440,1,11671440,G,A,0.4005,0.011251085114385887,0.04732591918308884,0.23773621957259908,,1000
1:11683983,1,11683983,G,A,0.39349997,0.01698942982093464,0.045667271557486434,0.37202638216623407,,1000
1:11707869,1,11707869,G,A,0.23299998,-0.02808478126329263,0.054697120484773536,-0.5134599593978775,,1000
1:11720478,1,11720478,G,A,0.10699999,0.07631243856240569,0.07422404717020122,1.028136317970046,,1000
1:11726299,1,11726299,G,A,0.24650002,-0.03583971986926518,0.05339116315747222,-0.6712668866860849,,1000
1:11748769,1,11748769,G,A,0.38,-0.05387571746676875,0.04569521890113932,-1.179023074237324,,1000
1:11756879,1,11756879,G,A,0.44450003,0.04530115699606926,0.045417912947846674,0.9974292972926456,,1000
1:11872753,1,11872753,G,A,0.075999975,-0.003795349819775225,0.08707492772383942,-0.043587171634667146,,1000
1:11914971,1,11914971,G,A,0.167,0.07690945476844376,0.06078799128084029,1.2652080311902785,,1000
1:11918530,1,11918530,G,A,0.4885,0.017162888214502455,0.045266858005311966,0.37914909429959615,,1000
1:11950572,1,11950572,G,A,0.2705,0.08988781652305823,0.051755980971631886,1.736761913030436,,1000
1:11950832,1,11950832,G,A,0.058000028,-0.10808863650099985,0.09864233294438951,-1.095763180722173,,1000
1:11951553,1,11951553,G,A,0.14600003,-0.027775511731338527,0.06357757816598218,-0.4368759007904471,,1000
1:11952315,1,11952315,G,A,0.422,0.0201040927118009,0.04460148282279017,0.45074942444577754,,1000
1:11953071,1,11953071,G,A,0.36949998,0.04083231090474498,0.04806924916082988,0.8494476534910794,,1000
1:11959208,1,11959208,G,A,0.14649999,0.13301421161117907,0.06602297118501334,2.0146656417270146,,1000
1:11963777,1,11963777,G,A,0.10699999,0.0038820606805902466,0.07348642400326379,0.05282690964004223,,1000
1:11984399,1,11984399,G,A,0.09350002,-0.07645989546658033,0.07675001880420837,-0.9962198922925589,,1000
1:12006206,1,12006206,G,A,0.26,0.14353441338749134,0.051151078552733265,2.8060877199200633,,1000
1:12084336,1,12084336,G,A,0.34600002,0.04104378580482197,0.04672099624047528,0.8784869567756556,,1000
1:12126468,1,12126468,G,A,0.17799997,0.013899378072430723,0.06010861077174243,0.23123771942114058,,1000
1:12132694,1,12132694,G,A,0.088,-0.012201568587767773,0.08078906572060271,-0.15102995038914216,,1000
1:12138392,1,12138392,G,A,0.263,-0.04067842960974573,0.05034000499294431,-0.8080736109471433,,1000
1:12155093,1,12155093,G,A,0.12650001,0.015401695649740322,0.06853156410753089,0.2247387149310348,,1000
1:12155864,1,12155864,G,A,0.13849998,0.0993511616995252,0.06648816316455222,1.4942684076508477,,1000
1:12195227,1,12195227,G,A,0.3875,0.031640790744769234,0.04810321574166495,0.6577687220474812,,1000
1:12225856,1,12225856,G,A,0.337,-0.06272044738362328,0.046667948391599455,-1.3439726738643902,,1000
1:12243027,1,12243027,G,A,0.194,0.0005122129548243574,0.05907143628860714,0.008671076699774537,,1000
1:12267884,1,12267884,G,A,0.264,0.014389456607045164,0.05190629465639398,0.2772198767471187,,1000
1:12299756,1,12299756,G,A,0.12800002,0.1145276058477534,0.067904334203105,1.686602294121551,,1000
1:12310060,1,12310060,G,A,0.2845,0.011218259287324124,0.04940388923661688,0.2270723916814517,,1000
1:12312830,1,12312830,G,A,0.3825,-0.024645097688387834,0.04650600093211444,-0.5299337116593337,,1000
1:12374889,1,12374889,G,A,0.24949998,0.042311934535654766,0.05252358902862732,0.8055796513180618,,1000
1:12417421,1,12417421,G,A,0.21899998,0.11885283935574961,0.05370189690855809,2.213196296550353,,1000
1:12431396,1,12431396,G,A,0.16799998,0.18385622117698608,0.05862028815566226,3.1363923133364366,,1000
1:12433197,1,12433197,G,A,0.17799997,-0.027261236221493686,0.05908420950831356,-0.46139630957841354,,1000
1:12457081,1,12457081,G,A,0.2295,-0.005578523653448045,0.05337595271352513,-0.10451380012622205,,1000
1:12485001,1,12485001,G,A,0.185,-0.013538763845645386,0.05851730434715047,-0.23136342312228644,,1000
1:12503248,1,12503248,G,A,0.084500015,-0.01270841075168846,0.08306223325497525,-0.15299866441921428,,1000
1:12545746,1,12545746,G,A,0.12599999,-0.004552198978758167,0.06830096450674586,-0.06664911706054402,,1000
1:12569022,1,12569022,G,A,0.4895,0.036713385497336874,0.0457973212266839,0.8016491906942746,,1000
1:12613998,1,12613998,G,A,0.22850001,0.006983034110309626,0.05556717370511611,0.1256683333827125,,1000
1:12617620,1,12617620,G,A,0.3775,0.10925108260621796,0.04691778072552138,2.328564585042058,,1000
1:12633011,1,12633011,G,A,0.38349998,-0.001424181615229042,0.04777723373440187,-0.02980879184312347,,1000
1:12663724,1,12663724,G,A,0.27499998,0.08979970619213536,0.05115005098721159,1.7556132292925153,,1000
1:12670381,1,12670381,G,A,0.26849997,0.022738523648959973,0.05027111401171991,0.4523178786859358,,1000
1:12707036,1,12707036,G,A,0.38050002,-0.018470731986251508,0.048353161834884584,-0.3819963635330611,,1000
1:12719243,1,12719243,G,A,0.296,-0.06595586759695424,0.051054949474112536,-1.2918604028860556,,1000
1:12722095,1,12722095,G,A,0.36299998,-0.060360884538075164,0.04751904757211921,-1.2702460933474313,,1000
1:12756936,1,12756936,G,A,0.497,-0.007628673666530801,0.04602574751178712,-0.1657479580223463,,1000
1:12762751,1,12762751,G,A,0.17250001,0.10076718865856667,0.06080404801883369,1.6572447384975855,,1000
1:12774616,1,12774616,G,A,0.19749999,-0.0034623393477936945,0.057588174969264945,-0.06012240099016091,,1000
1:12790903,1,12790903,G,A,0.37050003,0.023576632900250256,0.046306949710996956,0.5091381109615882,,1000
1:12796933,1,12796933,G,A,0.427,0.07255003336786434,0.04584166425865987,1.5826221526012558,,1000
1:12818332,1,12818332,G,A,0.15750003,0.041648232945831684,0.060464242377338016,0.6888076540497832,,1000
1:12831596,1,12831596,G,A,0.4475,-0.09986351079949118,0.04582331068247931,-2.179316799946415,,1000
1:12834264,1,12834264,G,A,0.46100003,-0.059614310979105245,0.044989156018881094,-1.3250817809092985,,1000
1:12842660,1,12842660,G,A,0.23449999,-0.007311193438107764,0.051519838117097906,-0.14191025642375604,,1000
1:12851425,1,12851425,G,A,0.1695,0.036577977736275365,0.06130483743134792,0.5966572829956058,,1000
1:12856499,1,12856499,G,A,0.23250002,0.11439807379934147,0.05336698989191221,2.14361113547981,,1000
1:12866620,1,12866620,G,A,0.15200001,0.05384846885047993,0.06321092096310861,0.8518855291146157,,1000
1:12920740,1,12920740,G,A,0.0855,0.2099604849733324,0.07933552391895217,2.6464876590192365,,1000
1:12984809,1,12984809,G,A,0.4235,0.0518610261939037,0.0457348865393886,1.1339489417829658,,1000
1:12988366,1,12988366,G,A,0.31950003,0.0070017050038987325,0.047989986028888404,0.1458992923999589,,1000
1:12998379,1,12998379,G,A,0.264,0.09115723285201922,0.05308691696735957,1.7171317917758746,,1000
1:13021574,1,13021574,G,A,0.13200003,0.16332616682904105,0.06782854444227389,2.407926753728901,,1000
1:13022705,1,13022705,G,A,0.30049998,0.010631990792151366,0.05146926388554267,0.20656970761802196,,1000
1:13045698,1,13045698,G,A,0.22049999,0.011456159182434452,0.056728643084487246,0.20194664563671189,,1000
1:13059041,1,13059041,G,A,0.26599997,0.008830891454934677,0.051923719778560896,0.17007432234431166,,1000
1:13081783,1,13081783,G,A,0.097,0.06714843234076052,0.0762547037151745,0.8805808569078232,,1000
1:13099508,1,13099508,G,A,0.47149998,-0.06187768924899078,0.04637570964938103,-1.3342693775860452,,1000
1:13116916,1,13116916,G,A,0.4195,-0.008795947488491782,0.04625671784560763,-0.1901550282458489,,1000
1:13135872,1,13135872,G,A,0.3685,-0.20087110287648718,0.04677334031212933,-4.294563987434461,,1000
1:13143609,1,13143609,G,A,0.32200003,-0.039622163211219884,0.04915699663950462,-0.8060330353742128,,1000
1:13187278,1,13187278,G,A,0.16900003,-0.1153642246438515,0.061242899149964905,-1.8837159286231735,,1000
1:13217649,1,13217649,G,A,0.091499984,0.03969513005090594,0.0796638669396519,0.498282741923341,,1000
1:13245463,1,13245463,G,A,0.21399999,-0.03503466751794311,0.055013609010197084,-0.6368363782759505,,1000
1:13245697,1,13245697,G,A,0.22549999,0.04796867280464152,0.05431195010204148,0.8832066002881099,,1000
1:13283693,1,13283693,G,A,0.388,-0.0026922827377989945,0.04612714450848189,-0.05836655978789096,,1000
1:13296139,1,13296139,G,A,0.12550002,-0.013509869000942056,0.07168141640852353,-0.18847101072818112,,1000
1:13298373,1,13298373,G,A,0.41649997,0.07457439479422331,0.046387894697574664,1.6076261981797235,,1000
1:13315093,1,13315093,G,A,0.2385,-0.013378882939429447,0.05285821681562946,-0.2531088588571814,,1000
1:13321009,1,13321009,G,A,0.435,0.011164284525942382,0.04597175896081541,0.24285093236172225,,1000
1:13322451,1,13322451,G,A,0.2755,0.02998602574292032,0.05022035086305597,0.5970891327439768,,1000
1:13331234,1,13331234,G,A,0.07249999,0.06004974831621757,0.08934304820298264,0.6721255825051743,,1000
1:13426717,1,13426717,G,A,0.30150002,-0.02715395509807902,0.04974100175425888,-0.5459068804490668,,1000
1:13431836,1,13431836,G,A,0.231,-0.08185976333924506,0.054824472154197376,-1.493124513976335,,1000
1:13453859,1,13453859,G,A,0.23400003,0.044701092609571044,0.05217716410813983,0.8567175578367148,,1000
1:13470138,1,13470138,G,A,0.412,-0.04623059001027954,0.045767152165856605,-1.0101259926058646,,1000
1:13476006,1,13476006,G,A,0.17000002,-0.005425668999371804,0.0604118783787927,-0.0898112944833786,,1000
1:13479855,1,13479855,G,A,0.06699997,-0.007332757251013458,0.09074577250657503,-0.0808054970327368,,1000
1:13487011,1,13487011,G,A,0.18849999,0.05386560991181433,0.057207746921144595,0.9415789436011684,,1000
1:13531115,1,13531115,G,A,0.11199999,0.04273583694157493,0.07170100334208593,0.59602843683626,,1000
1:13579174,1,13579174,G,A,0.19599998,0.03115716257788186,0.05839159053415273,0.5335898935593869,,1000
1:13580995,1,13580995,G,A,0.13099998,-0.02234436219056214,0.06878459797730992,-0.3248454283026108,,1000
1:13605805,1,13605805,G,A,0.100000024,-0.023290973546315246,0.07510331535346995,-0.3101191130737366,,1000
1:13609570,1,13609570,G,A,0.43550003,-0.08357384405464047,0.04650615206091994,-1.7970492150192159,,1000
1:13618724,1,13618724,G,A,0.14700001,-0.05578848929510211,0.06370481889729247,-0.8757342107046345,,1000
1:13630085,1,13630085,G,A,0.22000003,-0.09570786665210025,0.055136539315005915,-1.7358337654327984,,1000
1:13654688,1,13654688,G,A,0.037,0.07279938828501828,0.11644076213682962,0.6252053572053373,,1000
1:13654773,1,13654773,G,A,0.38,-0.03760902928454778,0.04831367413456297,-0.7784344692932963,,1000
1:13657006,1,13657006,G,A,0.24049997,0.046125291625403665,0.054003954647015774,0.8541095171064944,,1000
1:13689494,1,13689494,G,A,0.42949998,0.09039141707005649,0.04705151230028497,1.9211160842859674,,1000
1:13691165,1,13691165,G,A,0.06650001,0.14916337092626505,0.09016984881818754,1.6542488745548205,,1000
1:13721795,1,13721795,G,A,0.12599999,-0.01735074201297893,0.06829890822729973,-0.25404127918466013,,1000
1:13757650,1,13757650,G,A,0.16549999,0.04407941442918792,0.06007571656351718,0.733730980679746,,1000
1:13763701,1,13763701,G,A,0.44450003,-0.08120706482584986,0.04620518829265545,-1.7575313038764986,,1000
1:13769206,1,13769206,G,A,0.20099998,-0.040226355907904625,0.057261944233975966,-0.7024972072819805,,1000
1:13781010,1,13781010,G,A,0.11650002,-0.06106474111652002,0.07015853893722825,-0.8703821664695075,,1000
1:13792250,1,13792250,G,A,0.427,0.039623475903280615,0.04569674988689094,0.8670961501935487,,1000
1:13798271,1,13798271,G,A,0.2065,0.006689033650675188,0.05763800503657481,0.11605248388507877,,1000
1:13822357,1,13822357,G,A,0.19300002,-0.021221764331829998,0.06034433765229585,-0.351677807023251,,1000
1:13824881,1,13824881,G,A,0.3405,-0.10368356318119452,0.048723891136891705,-2.1279819973715037,,1000
1:13832641,1,13832641,G,A,0.19349998,0.003539811072965745,0.05515231694744227,0.06418245449849422,,1000
1:13839095,1,13839095,G,A,0.049000025,-0.053809735349060805,0.10714191852727609,-0.5022285963207013,,1000
1:13863530,1,13863530,G,A,0.47649997,0.0014682371117221429,0.04516676388665234,0.03250702475401466,,1000
1:13881179,1,13881179,G,A,0.15499997,-0.014798551588907237,0.062476625337924384,-0.2368654118058496,,1000
1:13907580,1,13907580,G,A,0.17150003,0.005709033522719942,0.059483033512646194,0.09597751132692638,,1000
1:13925414,1,13925414,G,A,0.10949999,0.08720386534553742,0.07252679422112486,1.2023675702480943,,1000
1:13942403,1,13942403,G,A,0.12550002,-0.03892280921316869,0.07063049118053405,-0.5510765756064275,,1000
1:13952822,1,13952822,G,A,0.26099998,-0.010873257095256881,0.05243386345801843,-0.20737089312449075,,1000
1:13953368,1,13953368,G,A,0.4555,0.08062111976448953,0.04553267828392906,1.770621074863173,,1000
1:13981529,1,13981529,G,A,0.39499998,-0.006090401062860126,0.04670112976341984,-0.130412285392518,,1000
1:14004882,1,14004882,G,A,0.3495,0.101651748215588,0.048440621885577,2.0984814863793977,,1000
1:14013404,1,14013404,G,A,0.21749997,0.04108869699281778,0.054304009327887884,0.7566420509528867,,1000
1:14054780,1,14054780,G,A,0.399,-0.04423317604965976,0.04741949329388422,-0.932805750907604,,1000
1:14058703,1,14058703,G,A,0.28149998,-0.04285162184494796,0.050793055953090444,-0.8436511850069282,,1000
1:14063919,1,14063919,G,A,0.263,-0.11015398241371137,0.05247216270724093,-2.0992842057663195,,1000
1:14067122,1,14067122,G,A,0.4875,0.043779526979588756,0.04455410621071228,0.9826148632078879,,1000
1:14072990,1,14072990,G,A,0.325,0.030239281347154433,0.04997165525211056,0.6051286713356824,,1000
1:14106895,1,14106895,G,A,0.44849998,-0.006923563982962987,0.04638573618396032,-0.14926062519531766,,1000
1:14150541,1,14150541,G,A,0.26749998,0.1135789465052687,0.050385893613430835,2.254181445637657,,1000
1:14160135,1,14160135,G,A,0.13099998,-0.037981836628411834,0.06941371159078276,-0.5471806039176751,,1000
1:14218201,1,14218201,G,A,0.499,0.017348366753591988,0.045650398520157766,0.38002662224145756,,1000
1:14219887,1,14219887,G,A,0.314,0.041333153659416255,0.049365947036997204,0.8372806790972572,,1000
1:14226225,1,14226225,G,A,0.11900002,0.05017112439391501,0.07142547119827838,0.7024262290778464,,1000
1:14246174,1,14246174,G,A,0.35900003,-0.01729605974029421,0.04716773371692514,-0.3666926175443508,,1000
1:14263316,1,14263316,G,A,0.24800003,0.02238782481051102,0.05171794114915261,0.4328831409963782,,1000
1:14284504,1,14284504,G,A,0.422,-0.006806980808492962,0.04613428954591897,-0.14754710380264446,,1000
1:14315680,1,14315680,G,A,0.17150003,0.1306975606355096,0.05974998704051933,2.1874073469987088,,1000
1:14369953,1,14369953,G,A,0.46749997,-0.04478503330051316,0.04703374371692604,-0.9521894231948277,,1000
1:14372529,1,14372529,G,A,0.18049997,-0.06457857296762627,0.05891491880920441,-1.096132766927229,,1000
1:14418935,1,14418935,G,A,0.47899997,0.0020022124404013683,0.04483987030612326,0.04465250293393354,,1000
1:14421669,1,14421669,G,A,0.38050002,0.04763253168891615,0.04769218293783251,0.9987492447348423,,1000
1:14497055,1,14497055,G,A,0.5,-0.0012161022556066794,0.04520192136781117,-0.026903773530137603,,1000
1:14503357,1,14503357,G,A,0.38200003,-0.008792813452558142,0.04582303407351469,-0.19188632159214244,,1000
1:14509188,1,14509188,G,A,0.4055,-0.048666485643623296,0.045030415820350646,-1.0807469741736073,,1000
1:14512254,1,14512254,G,A,0.11650002,0.1698286346472796,0.06997897825108008,2.4268521617727163,,1000
1:14514255,1,14514255,G,A,0.05250001,0.22248638807466078,0.10164905016742415,2.1887699659584405,,1000
1:14534057,1,14534057,G,A,0.102,0.08484930024678695,0.0745766961378986,1.1377454974660375,,1000
1:14557760,1,14557760,G,A,0.23699999,-0.010708564201616597,0.054983015095247306,-0.19476131279934553,,1000
1:14573459,1,14573459,G,A,0.22100002,0.007812500265409384,0.056370607436296974,0.1385917346063389,,1000
1:14573835,1,14573835,G,A,0.110000014,0.0925741086395661,0.0731624399401987,1.2653228721627388,,1000
1:14578364,1,14578364,G,A,0.060000002,0.123743634182887,0.09550690695054675,1.2956511537637918,,1000
1:14625667,1,14625667,G,A,0.352,-0.06690549565352938,0.047229581889943285,-1.416601481025936,,1000
1:14650272,1,14650272,G,A,0.11650002,-0.07352200299226402,0.07048222655436469,-1.043128269160945,,1000
1:14677070,1,14677070,G,A,0.499,0.008448693009659343,0.04547066245671782,0.1858053644523302,,1000
1:14677442,1,14677442,G,A,0.087499976,-0.020005105821443773,0.0814689597357921,-0.24555494370274678,,1000
1:14681317,1,14681317,G,A,0.2055,-0.01490405230986526,0.05785465483902192,-0.2576119821531239,,1000
1:14689950,1,14689950,G,A,0.24049997,-0.010434092843839166,0.05387140779231827,-0.19368517125195683,,1000
1:14693326,1,14693326,G,A,0.14850003,0.09028748402484867,0.06278185159129715,1.4381143871418465,,1000
1:14716533,1,14716533,G,A,0.2655,0.0187929395965054,0.05164919224471532,0.3638573766548744,,1000
1:14716696,1,14716696,G,A,0.10949999,-0.04521760089829471,0.07219954993686763,-0.6262864649133362,,1000
1:14717084,1,14717084,G,A,0.055999994,-0.05430102577775943,0.09736468639445164,-0.5577076020947754,,1000
1:14722792,1,14722792,G,A,0.35500002,0.011444037519099675,0.0473003133723507,0.24194422199725346,,1000
1:14749152,1,14749152,G,A,0.43049997,-0.06711580816176094,0.046664035334603095,-1.4382769874167334,,1000
1:14764961,1,14764961,G,A,0.29149997,-0.0504562759582331,0.048592277583016236,-1.0383599713356173,,1000
1:14793753,1,14793753,G,A,0.15450001,-0.045556079445589454,0.06298302234482539,-0.7233072937683862,,1000
1:14804512,1,14804512,G,A,0.21399999,-0.0621708472816897,0.05515089863680419,-1.1272862059984794,,1000
1:14812144,1,14812144,G,A,0.3255,0.08237668846864493,0.048766885405227806,1.6891931437518903,,1000
1:14881729,1,14881729,G,A,0.05250001,-0.17496084928615535,0.10494914207821175,-1.66710128183581,,1000
1:14931116,1,14931116,G,A,0.09850001,0.13258257964206388,0.07536211378115529,1.7592736322002804,,1000
1:14986158,1,14986158,G,A,0.48799998,0.06849237856032325,0.04517558796102582,1.5161369591783387,,1000
1:15033889,1,15033889,G,A,0.34500003,-0.03826201453966914,0.04791031686847614,-0.7986174385927438,,1000
1:15043404,1,15043404,G,A,0.408,0.10061482427636687,0.04697896554542173,2.141699441616848,,1000
1:15074662,1,15074662,G,A,0.10250002,0.0885005919055823,0.07653184387466427,1.1563891241209237,,1000
1:15099204,1,15099204,G,A,0.171,-0.05886279774392909,0.06074404450846054,-0.9690299389881847,,1000
1:15105102,1,15105102,G,A,0.24849999,-0.002158035936980427,0.05399692585586606,-0.03996590366534699,,1000
1:15125441,1,15125441,G,A,0.139,0.009368170621955682,0.06434181114932731,0.14560004536107352,,1000
1:15135764,1,15135764,G,A,0.39749998,0.016804212997455967,0.04542405954952933,0.3699408015070306,,1000
1:15148531,1,15148531,G,A,0.3025,0.10676642808633753,0.049304816997816706,2.1654360483898625,,1000
1:15152995,1,15152995,G,A,0.148,0.0631659397795623,0.062389563476279594,1.0124440092224378,,1000
1:15168971,1,15168971,G,A,0.40499997,0.05234335257609426,0.045905826639266116,1.1402333082337248,,1000
1:15170522,1,15170522,G,A,0.2855,0.035891482382177944,0.04976109838619056,0.7212759273042566,,1000
1:15192218,1,15192218,G,A,0.14850003,0.053253444686275166,0.06509469530041848,0.8180919265464757,,1000
1:15342277,1,15342277,G,A,0.44349998,0.017280579284372485,0.04563965479919551,0.3786308060480135,,1000
1:15421041,1,15421041,G,A,0.1695,-0.06662636638023098,0.06127948884503081,-1.0872539512971762,,1000
1:15433223,1,15433223,G,A,0.37050003,-0.028616795140149486,0.04649674295644682,-0.6154580583623813,,1000
1:15438826,1,15438826,G,A,0.23299998,0.02344743186303154,0.054232156684716364,0.43235293037201794,,1000
1:15510436,1,15510436,G,A,0.38300002,0.06411192829758489,0.04781145777650964,1.340932305332967,,1000
1:15512660,1,15512660,G,A,0.23400003,-0.11065093342136194,0.05411385732282196,-2.044780004523833,,1000
1:15527001,1,15527001,G,A,0.18800002,0.013808828668217685,0.057804143700653295,0.23888994428718818,,1000
1:15542212,1,15542212,G,A,0.476,0.030122411921884116,0.047099696834628425,0.639545770913278,,1000
1:15551271,1,15551271,G,A,0.39999998,0.011073962170630907,0.045652172388166705,0.2425725127924326,,1000
1:15560244,1,15560244,G,A,0.3995,-0.050246300854579325,0.04673843616665475,-1.0750531035188389,,1000
1:15586927,1,15586927,G,A,0.18,0.06078893841130197,0.057794625896106205,1.051809531920467,,1000
1:15590662,1,15590662,G,A,0.199,0.09406424050363683,0.05918213990336075,1.5894024896233137,,1000
1:15624799,1,15624799,G,A,0.1275,0.09270526329957403,0.06862866868059059,1.3508241538392647,,1000
1:15648246,1,15648246,G,A,0.23449999,0.03715965940627229,0.05316508743158019,0.698948524331766,,1000
1:15663646,1,15663646,G,A,0.464,-0.04170990117030875,0.045688809823616686,-0.9129128408319529,,1000
1:15697606,1,15697606,G,A,0.29799998,0.08938165697092633,0.04970400367330962,1.7982788179078435,,1000
1:15702853,1,15702853,G,A,0.3905,-0.14618100291696928,0.04482915546451052,-3.260846683420013,,1000
1:15711073,1,15711073,G,A,0.37949997,-0.01643908258433783,0.04704499482792933,-0.3494331893215215,,1000
1:15732904,1,15732904,G,A,0.1275,-0.15451117811590642,0.06700305732720635,-2.306031758541378,,1000
1:15734210,1,15734210,G,A,0.07099998,0.25297746431819534,0.08398295930252585,3.012247560923789,,1000
1:15762513,1,15762513,G,A,0.091499984,0.01538043317377457,0.07824949412436061,0.19655632724386315,,1000
1:15808459,1,15808459,G,A,0.343,-0.053250397035753246,0.047399503812495816,-1.1234378580502138,,1000
1:15814829,1,15814829,G,A,0.24199998,-0.013718120348363365,0.05255669725077587,-0.26101564721441567,,1000
1:15851429,1,15851429,G,A,0.47399998,-0.02958058275407625,0.045313045595500194,-0.6528050005319824,,1000
1:15861937,1,15861937,G,A,0.23549998,-0.04051254849630745,0.05230554981124895,-0.77453632821951,,1000
1:15876697,1,15876697,G,A,0.09549999,0.20554222603513375,0.07821082797382355,2.628053318958941,,1000
1:15886373,1,15886373,G,A,0.48799998,-0.02679604982029724,0.04567206545537683,-0.586705452296172,,1000
1:15900477,1,15900477,G,A,0.245,-0.05053968965401666,0.0542863690840962,-0.9309830535124668,,1000
1:15942097,1,15942097,G,A,0.4235,-0.024693142052431328,0.04613162301961048,-0.5352758137717009,,1000
1:15985250,1,15985250,G,A,0.06650001,0.07083991878082842,0.09098346101125875,0.7786021546494295,,1000
1:15993239,1,15993239,G,A,0.17799997,-0.07803400806390508,0.05825874100907318,-1.3394386269307144,,1000
1:16002438,1,16002438,G,A,0.30150002,-0.08256567761782647,0.04944384252124127,-1.6698879659758632,,1000
1:16037628,1,16037628,G,A,0.28399998,0.02763220263060834,0.05010142586994046,0.5515252739979789,,1000
1:16045908,1,16045908,G,A,0.36650002,-0.09009481584700473,0.0473278438720772,-1.9036323752783397,,1000
1:16052466,1,16052466,G,A,0.4565,-0.016422245623561184,0.046623687897768835,-0.3522296575845744,,1000
1:16077580,1,16077580,G,A,0.4145,-0.049162849711488286,0.04748874639518712,-1.035252632326189,,1000
1:16099249,1,16099249,G,A,0.19,0.022620677752927636,0.05789688751796986,0.39070628357883136,,1000
1:16136572,1,16136572,G,A,0.5,-0.025886227634853976,0.0439978251320697,-0.5883524369022889,,1000
1:16140114,1,16140114,G,A,0.43049997,-0.0010623024937637718,0.04691001087182638,-0.022645539278733758,,1000
1:16150866,1,16150866,G,A,0.3445,-0.10243637894168287,0.04768985694072519,-2.1479699355987454,,1000
1:16167671,1,16167671,G,A,0.26099998,0.007664088300192068,0.051488392804732025,0.14885079690208747,,1000
1:16169765,1,16169765,G,A,0.2745,0.00815991194858338,0.0507117038565933,0.16090786402402582,,1000
1:16177173,1,16177173,G,A,0.365,-0.026860794693594644,0.047334901396386464,-0.5674627790741567,,1000
1:16192669,1,16192669,G,A,0.2705,-0.02424123724049113,0.050167380142347215,-0.48320715914819423,,1000
1:16202559,1,16202559,G,A,0.494,-0.047565542466430556,0.045819926013800895,-1.038097321503834,,1000
1:16203306,1,16203306,G,A,0.379,0.03175699782695369,0.04594640016031323,0.6911748845643882,,1000
1:16213226,1,16213226,G,A,0.15649998,-0.02848072209207831,0.06329493866054654,-0.4499683970755014,,1000
1:16215666,1,16215666,G,A,0.34649998,0.009961338162781034,0.0490870330281747,0.20293217064195915,,1000
1:16263883,1,16263883,G,A,0.2605,-0.011885540101862387,0.05285231331238265,-0.22488211692103455,,1000
1:16374602,1,16374602,G,A,0.13349998,-0.008876545427801455,0.06635827132569687,-0.13376697810939,,1000
1:16394488,1,16394488,G,A,0.25950003,-0.034906464942960964,0.05044834376450896,-0.6919248946190003,,1000
1:16405567,1,16405567,G,A,0.43699998,0.01426458327854122,0.045645601089690256,0.31250729397806287,,1000
1:16406441,1,16406441,G,A,0.06800002,0.04976751764789335,0.0939726648050309,0.5295956835016666,,1000
1:16411414,1,16411414,G,A,0.425,-0.06970400960221185,0.0445584375445072,-1.5643279576979778,,1000
1:16413329,1,16413329,G,A,0.37,-0.011362053599603308,0.047687412366464815,-0.23826106378532372,,1000
1:16413487,1,16413487,G,A,0.361,-0.033532744313479884,0.046945982306913665,-0.7142835800997089,,1000
1:16413807,1,16413807,G,A,0.472,0.060702750402076566,0.04661470717098841,1.3022231412805299,,1000
1:16434344,1,16434344,G,A,0.4845,-0.04705192202257371,0.04737345639846422,-0.9932127735585505,,1000
1:16448426,1,16448426,G,A,0.18800002,0.017541194635324584,0.057252776656042795,0.3063815531726387,,1000
1:16514878,1,16514878,G,A,0.45349997,0.04201506465243471,0.046273196011972065,0.9079784469947642,,1000
1:16525824,1,16525824,G,A,0.15649998,-0.1406959183037636,0.060827739924683454,-2.31302229012573,,1000
1:16530110,1,16530110,G,A,0.114499986,-0.0031052086629068465,0.07088697443478732,-0.04380506697691679,,1000
1:16600353,1,16600353,G,A,0.301,-0.07503500583905322,0.04853361218572906,-1.5460420615697896,,1000
1:16618154,1,16618154,G,A,0.439,0.07849637859869021,0.04581170758081609,1.7134567285058158,,1000
1:16620938,1,16620938,G,A,0.065,0.06856531243214328,0.09179912113826261,0.7469059788587095,,1000
1:16663289,1,16663289,G,A,0.26349998,0.023553103665588215,0.05189922934522398,0.45382376506821265,,1000
1:16684389,1,16684389,G,A,0.342,0.03170927202689668,0.048008518027580535,0.6604926235940035,,1000
1:16689089,1,16689089,G,A,0.39099997,-0.07148058013523342,0.046135636046286725,-1.5493572054261646,,1000
1:16701251,1,16701251,G,A,0.2935,-0.03959308647769867,0.052081882554559415,-0.7602084359416568,,1000
1:16770275,1,16770275,G,A,0.3365,-0.09515287091301299,0.04858292100578463,-1.9585662809711133,,1000
1:16794514,1,16794514,G,A,0.26349998,0.05642546256745252,0.05147409855486955,1.0961913690883773,,1000
1:16796694,1,16796694,G,A,0.37449998,-0.07395650800838323,0.04693544127469445,-1.5757070989392692,,1000
1:16816570,1,16816570,G,A,0.22149998,0.0413775024216355,0.05651933595635043,0.732094631359277,,1000
1:16828924,1,16828924,G,A,0.1595,-0.04164940494428193,0.062307708619258446,-0.6684470648533636,,1000
1:16845365,1,16845365,G,A,0.1735,-0.002291347584258276,0.061038669534763494,-0.037539277997422266,,1000
1:16861871,1,16861871,G,A,0.34649998,-0.05282232650352343,0.0473308579610849,-1.116023008645936,,1000
1:16869253,1,16869253,G,A,0.47899997,0.0162055231447647,0.04518853054616765,0.3586202726421485,,1000
1:16887295,1,16887295,G,A,0.17199999,0.1419427233337263,0.059281571547942086,2.3943819238822748,,1000
1:16920197,1,16920197,G,A,0.1875,0.01464546007974579,0.058394337267265,0.2508027450113013,,1000
1:16934381,1,16934381,G,A,0.37699997,-0.009364526963720053,0.04558468510497815,-0.20543142816834736,,1000
1:16938662,1,16938662,G,A,0.05400002,-0.11985970121600191,0.10063899307190388,-1.1909866897253765,,1000
1:16953832,1,16953832,G,A,0.4225,-0.028023239259196683,0.046936688653958246,-0.5970433804096966,,1000
1:16994987,1,16994987,G,A,0.2245,0.003031968740123527,0.05481856903326096,0.05530915515660198,,1000
1:17016234,1,17016234,G,A,0.4995,0.026119953896624987,0.04532850861181838,0.5762367811460447,,1000
1:17021094,1,17021094,G,A,0.35250002,0.05015125589555655,0.04706853589817772,1.0654942827210008,,1000
1:17022361,1,17022361,G,A,0.427,-0.08539494128835791,0.04638985690003322,-1.8408106210022983,,1000
1:17028709,1,17028709,G,A,0.11400002,-0.006678427155036082,0.07314224689345233,-0.09130738306090966,,1000
1:17066319,1,17066319,G,A,0.20749998,0.044152663787739285,0.05549850719476598,0.7955648902913787,,1000
1:17071963,1,17071963,G,A,0.1685,0.0388791171058166,0.059260766783856306,0.6560684111230226,,1000
1:17089240,1,17089240,G,A,0.38050002,-0.03808907359678925,0.047084700167531086,-0.8089479907754603,,1000
1:17127284,1,17127284,G,A,0.049000025,0.019088051935061325,0.10598764445055092,0.1800969540743681,,1000
1:17163811,1,17163811,G,A,0.353,-0.023203855677021122,0.047313135817949825,-0.4904315741468559,,1000
1:17196046,1,17196046,G,A,0.4425,0.014619174139274473,0.04503253920746366,0.3246357943957888,,1000
1:17260672,1,17260672,G,A,0.08050001,0.07370437954584425,0.08285423902122652,0.8895667912291348,,1000
1:17278807,1,17278807,G,A,0.17799997,-0.058762014499014636,0.058863342223811385,-0.9982785937568499,,1000
1:17292910,1,17292910,G,A,0.13300002,-0.0396990053570614,0.06669705175722863,-0.5952137959795024,,1000
1:17296382,1,17296382,G,A,0.49400002,0.043620968237793586,0.045639234916768634,0.9557778152360416,,1000
1:17298461,1,17298461,G,A,0.4725,-0.012900725557365779,0.04689352865060683,-0.2751067349502784,,1000
1:17310853,1,17310853,G,A,0.111,-0.020929287390339734,0.07085702154409908,-0.295373513227818,,1000
1:17353136,1,17353136,G,A,0.1505,0.09824016041104108,0.06430806326100941,1.527649184711259,,1000
1:17393154,1,17393154,G,A,0.057500005,0.009179492935578635,0.09723782343294378,0.09440249289319921,,1000
1:17406302,1,17406302,G,A,0.3215,-0.018694765874266942,0.048590578553210154,-0.3847405491127223,,1000
1:17434168,1,17434168,G,A,0.3305,-0.013755872023510092,0.04947077140817549,-0.27806059278947914,,1000
1:17438119,1,17438119,G,A,0.36549997,-0.07781895611170497,0.046405387999380085,-1.6769379476526418,,1000
1:17443382,1,17443382,G,A,0.16799998,-0.03246464019963936,0.06119363864576796,-0.5305231216526876,,1000
1:17456058,1,17456058,G,A,0.1315,0.042458016623390764,0.06901551385184619,0.6151952547152555,,1000
1:17457884,1,17457884,G,A,0.09200001,0.08957609011150386,0.08045704273989741,1.1133405735665256,,1000
1:17486879,1,17486879,G,A,0.33099997,0.015637525245038083,0.04847022592413183,0.32262125762555277,,1000
1:17503548,1,17503548,G,A,0.16000003,-0.06565655635738586,0.062013354306465165,-1.05874866940621,,1000
1:17541338,1,17541338,G,A,0.089999974,-0.005193933574967688,0.08064390600076997,-0.06440577884357557,,1000
1:17547390,1,17547390,G,A,0.22000003,-0.012052781859927968,0.0547380626491767,-0.22019014332267842,,1000
1:17562549,1,17562549,G,A,0.11199999,0.018882803229908887,0.07280166709056372,0.2593732257040087,,1000
1:17569188,1,17569188,G,A,0.2575,0.0026558919900580894,0.05070124250215955,0.052383173645990336,,1000
1:17579066,1,17579066,G,A,0.118499994,0.14565144994213305,0.07103596035115882,2.0503903828725676,,1000
1:17583781,1,17583781,G,A,0.4645,0.0656312026167116,0.04412339969494469,1.4874466398887005,,1000
1:17606952,1,17606952,G,A,0.2065,0.04024247574914478,0.05569575592528075,0.7225411538202752,,1000
1:17642356,1,17642356,G,A,0.26200002,-0.04027534545755239,0.05121803635538519,-0.7863508311426652,,1000
1:17644181,1,17644181,G,A,0.3535,0.03146251889280086,0.047639173452955735,0.660433769361479,,1000
1:17675549,1,17675549,G,A,0.427,-0.048318613266614484,0.04673628373557026,-1.0338565543635627,,1000
1:17686928,1,17686928,G,A,0.4595,0.08703973435003702,0.04659371225563679,1.8680575154109376,,1000
1:17687992,1,17687992,G,A,0.23449999,0.0009242070485715727,0.054069308306373395,0.017093006689390774,,1000
1:17691445,1,17691445,G,A,0.25199997,0.045902640042286114,0.05338102963580066,0.8599054824431661,,1000
1:17728139,1,17728139,G,A,0.120000005,-0.005248397647953726,0.06990535041906362,-0.07507862583466081,,1000
1:17750765,1,17750765,G,A,0.14850003,0.026861677940321075,0.06484655436015178,0.4142344678968414,,1000
1:17789601,1,17789601,G,A,0.39,-0.0466333964022996,0.0463047137467298,-1.00709825477742,,1000
1:17807334,1,17807334,G,A,0.255,0.022965324786475266,0.0525425570655986,0.4370804557114226,,1000
1:17810472,1,17810472,G,A,0.436,-0.09777059367588183,0.04612826359036169,-2.1195376991452717,,1000
1:17811803,1,17811803,G,A,0.2745,0.019073171261050056,0.05058357341793528,0.377062551580971,,1000
1:17824014,1,17824014,G,A,0.181,-0.018602891993272648,0.05872399279885457,-0.3167852032301779,,1000
1:17824560,1,17824560,G,A,0.3455,-0.006678516480721566,0.04915794420660519,-0.13585833558564875,,1000
1:17832892,1,17832892,G,A,0.274,-0.029668800596665948,0.05120767541449053,-0.5793819062575607,,1000
1:17864558,1,17864558,G,A,0.43699998,0.010022072636307042,0.045464545053993735,0.2204371037784458,,1000
1:17882751,1,17882751,G,A,0.22350001,0.06754414944591186,0.0564557785527801,1.1964080768590468,,1000
1:17920170,1,17920170,G,A,0.13099998,0.026625450150466048,0.06726664493669676,0.3958195057226758,,1000
1:17943887,1,17943887,G,A,0.24550003,0.0613805459472635,0.05351766886806718,1.146921142970185,,1000
1:17962328,1,17962328,G,A,0.439,0.02946223875682455,0.04653517905011778,0.6331175544654959,,1000
1:17977749,1,17977749,G,A,0.41500002,-0.05005873587646784,0.0456673413556607,-1.0961605031176793,,1000
1:18001961,1,18001961,G,A,0.45749998,0.01936316006374989,0.04750945863586835,0.4075643170796148,,1000
1:18004439,1,18004439,G,A,0.41250002,-0.04305837528821292,0.04608104647369887,-0.9344053267711452,,1000
1:18093040,1,18093040,G,A,0.20349997,0.03713574434258037,0.056820644265423104,0.6535607757122612,,1000
1:18100700,1,18100700,G,A,0.32349998,0.06624345846933562,0.04733239177457271,1.399537525693389,,1000
1:18130255,1,18130255,G,A,0.39499998,-0.04628505748198303,0.045726616715687396,-1.0122125975286522,,1000
1:18130541,1,18130541,G,A,0.4235,-0.021123989624519474,0.04641995057481541,-0.455062734081842,,1000
1:18138520,1,18138520,G,A,0.22500002,-0.13038922070590242,0.05497598874754099,-2.371748533794848,,1000
1:18144440,1,18144440,G,A,0.287,-0.0020459304039803995,0.05052955392987347,-0.040489777661995734,,1000
1:18149287,1,18149287,G,A,0.17150003,0.026167397254316306,0.060095408686099076,0.43543088942116137,,1000
1:18152862,1,18152862,G,A,0.38450003,-0.003077587126565291,0.049151436960754545,-0.0626143876327079,,1000
1:18161635,1,18161635,G,A,0.3635,0.04257638772596435,0.04787640079353656,0.8892980052859837,,1000
1:18173653,1,18173653,G,A,0.3165,0.061542961070898225,0.048513124873878884,1.2685837333895398,,1000
1:18246136,1,18246136,G,A,0.333,-0.008331457805469861,0.0493346100267824,-0.1688765311197746,,1000
1:18268850,1,18268850,G,A,0.477,0.0004085835114440761,0.0455673982516515,0.008966575383295398,,1000
1:18275556,1,18275556,G,A,0.407,-0.0095298821327666,0.0446161233298267,-0.21359726981021002,,1000
1:18283362,1,18283362,G,A,0.11650002,-0.10019348440800072,0.07184235151970339,-1.394629801065487,,1000
1:18291318,1,18291318,G,A,0.30900002,0.04184497729317444,0.04888173453410181,0.8560452629597616,,1000
1:18298918,1,18298918,G,A,0.13550001,-0.008996657519451924,0.06724157023170273,-0.13379606526812224,,1000
1:18303751,1,18303751,G,A,0.12650001,-0.12550574941666517,0.0696953581510344,-1.800776303418744,,1000
1:18317941,1,18317941,G,A,0.25050002,0.042567789476346436,0.05338269685816806,0.797407998877321,,1000
1:18321830,1,18321830,G,A,0.26599997,0.07477335442735616,0.05187050001627402,1.4415391099738104,,1000
1:18333735,1,18333735,G,A,0.10799998,-0.05939318567059919,0.07177457248557442,-0.8274961955717158,,1000
1:18380187,1,18380187,G,A,0.27249998,-0.005250476042704892,0.051197971050316406,-0.10255242414869963,,1000
1:18392994,1,18392994,G,A,0.114499986,0.044611761981828,0.07340517161497803,0.6077468521676359,,1000
1:18434370,1,18434370,G,A,0.333,0.046615524108740626,0.04819499499467368,0.9672274914416401,,1000
1:18458858,1,18458858,G,A,0.436,0.06991911853333208,0.04706136003573397,1.4857011884110887,,1000
1:18463213,1,18463213,G,A,0.08499998,-0.07668182199401194,0.0828457741640923,-0.9255972651318165,,1000
1:18484759,1,18484759,G,A,0.19849998,-0.03895513173518336,0.056465426434483705,-0.6898935188310785,,1000
1:18492847,1,18492847,G,A,0.13999999,-0.02891361435959362,0.06812614736102605,-0.42441287933646843,,1000
1:18557969,1,18557969,G,A,0.2995,-0.06755874435422742,0.04930313663109721,-1.370272744708412,,1000
1:18562776,1,18562776,G,A,0.44700003,-0.05394517137034121,0.043859196747757324,-1.2299625932638545,,1000
1:18583427,1,18583427,G,A,0.15100002,-0.08762406331930946,0.06614854437866828,-1.3246559564138594,,1000
1:18589322,1,18589322,G,A,0.36549997,0.05896624910678514,0.04732932727729963,1.2458712704980042,,1000
1:18608311,1,18608311,G,A,0.088,-0.11301792706122256,0.07828195681183342,-1.4437289467978438,,1000
1:18644523,1,18644523,G,A,0.30400002,0.1488206502517252,0.048770998304933436,3.0514169367878456,,1000
1:18664180,1,18664180,G,A,0.3535,0.041761385536475557,0.04826946025006941,0.8651720015123953,,1000
1:18673437,1,18673437,G,A,0.3635,0.06598103280277894,0.04838851794932411,1.3635679619673196,,1000
1:18720028,1,18720028,G,A,0.3855,-0.001594297414077492,0.04686629871537713,-0.03401799283873025,,1000
1:18727584,1,18727584,G,A,0.24900001,0.01684618800163051,0.052819910280719126,0.3189363236722475,,1000
1:18737372,1,18737372,G,A,0.389,0.06429975882720362,0.047839132409009014,1.3440828792098822,,1000
1:18740106,1,18740106,G,A,0.2475,-0.07793286834606951,0.05220680285572396,-1.4927722841301119,,1000
1:18757507,1,18757507,G,A,0.20300001,0.08720256814234192,0.056257966184573426,1.5500483585959042,,1000
1:18786177,1,18786177,G,A,0.20499998,-0.04883995752275127,0.05491624270354652,-0.889353588635028,,1000
1:18803797,1,18803797,G,A,0.13700002,-0.050825617917969884,0.06731614227647194,-0.7550286781025811,,1000
1:18804537,1,18804537,G,A,0.35799998,0.06663978643725009,0.04707984784487269,1.415463080017316,,1000
1:18861721,1,18861721,G,A,0.11400002,-0.014757382217358776,0.07097885766261829,-0.20791236578509908,,1000
1:18877238,1,18877238,G,A,0.35000002,0.057854177056743304,0.04864568431163626,1.189297218764879,,1000
1:18892009,1,18892009,G,A,0.34750003,-0.026430281463458615,0.04688784462959368,-0.5636915424936575,,1000
1:18895650,1,18895650,G,A,0.185,-0.035746036273907954,0.059908359957412574,-0.5966785987685017,,1000
1:18904816,1,18904816,G,A,0.24800003,-0.007038527956480352,0.05119717402340345,-0.13747883727455099,,1000
1:18926200,1,18926200,G,A,0.3625,0.013465782331192866,0.04827353043017216,0.2789475352475239,,1000
1:18967439,1,18967439,G,A,0.043500006,-0.15988773125230105,0.11142370758830115,-1.4349525313146942,,1000
1:18992384,1,18992384,G,A,0.176,-0.05978242496850444,0.06041480756096892,-0.9895326556850107,,1000
1:18994398,1,18994398,G,A,0.19550002,-0.01766868749282194,0.0594029597206769,-0.29743783097514326,,1000
1:19012022,1,19012022,G,A,0.4655,-0.004820143694528813,0.04510239112762893,-0.10687113419084511,,1000
1:19032580,1,19032580,G,A,0.26099998,0.06597585722938765,0.05067456477108204,1.301952123859926,,1000
1:19053323,1,19053323,G,A,0.28899997,-0.04474490885794496,0.0488881812165443,-0.9152500204446712,,1000
1:19097932,1,19097932,G,A,0.34249997,-0.01826675354079762,0.048800835548581924,-0.37431231116141045,,1000
1:19155152,1,19155152,G,A,0.24849999,-0.006009139487399205,0.05354726157419147,-0.11222122870043219,,1000
1:19156054,1,19156054,G,A,0.23000002,0.0030106672297423565,0.05505812326170089,0.054681617377914035,,1000
1:19164529,1,19164529,G,A,0.4965,0.03222998116014986,0.04471082712754533,0.7208540577477642,,1000
1:19214048,1,19214048,G,A,0.4235,-0.00456530634017586,0.04576411169190785,-0.09975734634401548,,1000
1:19215281,1,19215281,G,A,0.35250002,0.005740779439572728,0.04813477234945797,0.11926470531313052,,1000
1:19221243,1,19221243,G,A,0.25800002,-0.04591189652175756,0.05030967367484004,-0.9125858541340169,,1000
1:19262887,1,19262887,G,A,0.2105,-0.05500870271798609,0.0555727633606261,-0.9898500522822722,,1000
1:19312611,1,19312611,G,A,0.30800003,0.06849287441116664,0.0480556893947698,1.425281278320838,,1000
1:19339822,1,19339822,G,A,0.251,0.00523695644947916,0.05310864989420047,0.09860835212177069,,1000
1:19350836,1,19350836,G,A,0.25849998,0.005998135610790828,0.04972909286053646,0.12061622816270538,,1000
1:19363134,1,19363134,G,A,0.15850002,0.012372898917430014,0.0621726332916703,0.1990087641838342,,1000
1:19369887,1,19369887,G,A,0.40899998,0.09006185281611596,0.04617932217055263,1.9502636371208173,,1000
1:19384839,1,19384839,G,A,0.45850003,0.03220369597471389,0.045914554919014416,0.7013831677453003,,1000
1:19391452,1,19391452,G,A,0.18349999,-0.013681429016828728,0.059384634448697855,-0.23038668409499194,,1000
1:19397197,1,19397197,G,A,0.18949997,-0.054732338745862016,0.056983442838161126,-0.9604954706107793,,1000
1:19398375,1,19398375,G,A,0.18049997,-0.09021344434369967,0.05754471485497434,-1.5677103374490238,,1000
1:19413939,1,19413939,G,A,0.114499986,-0.14420990967301248,0.0725243524129878,-1.9884342965492938,,1000
1:19432054,1,19432054,G,A,0.431,0.001912387078651119,0.04724791272418356,0.040475588621553545,,1000
1:19433355,1,19433355,G,A,0.14899999,0.042411714238202794,0.06351258894664372,0.6677686257417793,,1000
1:19471462,1,19471462,G,A,0.3685,0.016512080675292987,0.04680045544336624,0.3528188031262739,,1000
1:19482216,1,19482216,G,A,0.09549999,-0.18012361971990645,0.07646968593172103,-2.355490512681547,,1000
1:19511513,1,19511513,G,A,0.375,0.02339606721248836,0.04548790008954432,0.5143360578622553,,1000
1:19575138,1,19575138,G,A,0.10049999,-0.044708722827446104,0.07665152482260713,-0.5832724519298798,,1000
1:19576704,1,19576704,G,A,0.12199998,0.11920483445741978,0.0694659417671357,1.7160184030473407,,1000
1:19628491,1,19628491,G,A,0.4365,-0.07726022096589213,0.045008350061165874,-1.7165752768296618,,1000
1:19636870,1,19636870,G,A,0.17650002,0.08126825082300403,0.0597303315417545,1.360585965711465,,1000
1:19643674,1,19643674,G,A,0.123000026,0.10627192204824608,0.07169536615666722,1.4822704415236947,,1000
1:19651516,1,19651516,G,A,0.297,0.055216676426419996,0.050335980832079706,1.096962361985599,,1000
1:19655821,1,19655821,G,A,0.08200002,-0.030681641671067867,0.08399388207516152,-0.36528424348350214,,1000
1:19659207,1,19659207,G,A,0.36150002,-0.01236389589437541,0.046681693956848576,-0.26485533935003075,,1000
1:19661008,1,19661008,G,A,0.45450002,0.006579534422193946,0.04571187313558903,0.14393491167334033,,1000
1:19678934,1,19678934,G,A,0.1735,-0.03020266939699554,0.05914978909921203,-0.510613306605989,,1000
1:19699314,1,19699314,G,A,0.36949998,-0.01057102471942269,0.04930903810168399,-0.21438310553986797,,1000
1:19749000,1,19749000,G,A,0.07950002,-0.04603783998752996,0.08381179060294776,-0.5493002793083239,,1000
1:19759627,1,19759627,G,A,0.23949999,0.03861151729849333,0.05214213209018121,0.7405051491126923,,1000
1:19789003,1,19789003,G,A,0.44700003,-0.015150487700427455,0.04413628716894783,-0.3432660215036531,,1000
1:19847988,1,19847988,G,A,0.32450002,-0.022220464102000896,0.046799669812819404,-0.4747995913405835,,1000
1:19877715,1,19877715,G,A,0.22649997,-0.02591123733184072,0.05446723739133754,-0.47572152679000457,,1000
1:19894389,1,19894389,G,A,0.057500005,0.1899880025002463,0.09705210434747988,1.9575876667240926,,1000
1:19896951,1,19896951,G,A,0.1785,0.07389275518416133,0.05862233320785141,1.2604881303882447,,1000
1:19908426,1,19908426,G,A,0.24800003,0.08334824643127217,0.05261591058041541,1.5840882636419844,,1000
1:19931457,1,19931457,G,A,0.22799999,-0.04109347636522096,0.05490949457040646,-0.7483856241388231,,1000
1:19952901,1,19952901,G,A,0.2525,-0.09233903265070367,0.053029930486094716,-1.7412625625620313,,1000
1:19975373,1,19975373,G,A,0.06849998,0.1296992553542256,0.09058583792950638,1.431782917934227,,1000
1:19992067,1,19992067,G,A,0.26450002,0.020617513661505955,0.05124692258776687,0.4023171074554934,,1000
1:20000739,1,20000739,G,A,0.17250001,-0.09916277967504869,0.058936440275280284,-1.6825376492349937,,1000
1:20020304,1,20020304,G,A,0.23799998,0.060018252908546114,0.05478374215694468,1.0955486161680155,,1000
1:20057989,1,20057989,G,A,0.4695,-0.0004680206775719722,0.04587145858977387,-0.010202873245375896,,1000
1:20060189,1,20060189,G,A,0.45499998,-0.017488309725935805,0.04650319085530388,-0.3760668763644891,,1000
1:20060833,1,20060833,G,A,0.23699999,0.006988831746921152,0.05359654587488883,0.13039705512432237,,1000
1:20080581,1,20080581,G,A,0.06950003,0.04397507020914699,0.09159901624048754,0.4800823416453859,,1000
1:20080674,1,20080674,G,A,0.43300003,0.02294409097889144,0.04546347548901822,0.5046708535169869,,1000
1:20088366,1,20088366,G,A,0.22899997,0.05841176623914981,0.05305938617577556,1.100875272956284,,1000
1:20096060,1,20096060,G,A,0.25050002,0.00014109600438398694,0.05384532301646164,0.002620394799021838,,1000
1:20122243,1,20122243,G,A,0.10100001,0.0006382124837970149,0.07568583237742742,0.008432390366196934,,1000
1:20137709,1,20137709,G,A,0.3595,-0.04622554357821708,0.046284098278909426,-0.9987348851361543,,1000
1:20153174,1,20153174,G,A,0.3735,0.01936925442860733,0.047969974430865155,0.40377871071252097,,1000
1:20153730,1,20153730,G,A,0.24150002,0.05476351262862684,0.05445205773818751,1.0057198001944545,,1000
1:20154995,1,20154995,G,A,0.43049997,-0.1102791197672533,0.04590724193450859,-2.402216188996451,,1000
1:20159132,1,20159132,G,A,0.07700002,0.04424206336284765,0.08662558897245974,0.5107274177023283,,1000
1:20167959,1,20167959,G,A,0.18699998,0.10521465441962778,0.0575704745786688,1.8275801127165323,,1000
1:20176969,1,20176969,G,A,0.13200003,-0.05351971832862534,0.06711195150205679,-0.7974692604041639,,1000
1:20193881,1,20193881,G,A,0.35900003,-0.09470138944885882,0.048898249739992114,-1.936703050772101,,1000
1:20218083,1,20218083,G,A,0.148,0.020595316928484528,0.06265386083191501,0.3287158469569294,,1000
1:20279847,1,20279847,G,A,0.357,-0.01087211652121962,0.046685344852157556,-0.23288071568603114,,1000
1:20281690,1,20281690,G,A,0.3965,0.005411419698397284,0.04698587427718576,0.11517120372121772,,1000
1:20353728,1,20353728,G,A,0.402,0.11149711353275804,0.04728869342769107,2.357796450926431,,1000
1:20411012,1,20411012,G,A,0.07249999,0.00413847841187077,0.08550322086411932,0.048401432952421636,,1000
1:20426496,1,20426496,G,A,0.49150002,-0.060242426590383445,0.04539906895193155,-1.3269529085314067,,1000
1:20462321,1,20462321,G,A,0.38599998,0.015081944526456467,0.047191771164870416,0.3195884399796267,,1000
1:20481914,1,20481914,G,A,0.417,0.06864644894325943,0.04642932734864946,1.478514828090789,,1000
1:20491596,1,20491596,G,A,0.35250002,0.033507963695764864,0.04759487630402594,0.7040245988186443,,1000
1:20515190,1,20515190,G,A,0.28649998,-0.031871562494869665,0.05076074186100206,-0.6278781855108312,,1000
1:20521014,1,20521014,G,A,0.33749998,0.06057426368802623,0.047809157745579374,1.2670012722327695,,1000
1:20523386,1,20523386,G,A,0.20749998,0.005536466798475054,0.055351709669445054,0.10002341086731172,,1000
1:20536722,1,20536722,G,A,0.26200002,-0.10854147532967703,0.05219001988689593,-2.079736232423434,,1000
1:20554755,1,20554755,G,A,0.37550002,0.02598162858886014,0.04734055800110006,0.5488238771553221,,1000
1:20560092,1,20560092,G,A,0.37199998,-0.0023333193312624293,0.04707065788277844,-0.049570569781989635,,1000
1:20568698,1,20568698,G,A,0.32700002,0.003413588109275362,0.050053999683209636,0.06819810866024426,,1000
1:20589227,1,20589227,G,A,0.07550001,0.07356544368835921,0.0872664676191914,0.8429978397817135,,1000
1:20596929,1,20596929,G,A,0.16600001,0.013145967846696843,0.060907888542682136,0.2158335834854069,,1000
1:20606266,1,20606266,G,A,0.32,-0.03469164869796019,0.04898204951330395,-0.7082522892092875,,1000
1:20610501,1,20610501,G,A,0.25050002,-0.07476555013612243,0.05364336277800538,-1.3937521114313414,,1000
1:20668330,1,20668330,G,A,0.20099998,0.08871134753841531,0.05775880656780904,1.5358930145876175,,1000
1:20681939,1,20681939,G,A,0.379,-0.10464706790481262,0.04574438411093268,-2.2876484171485982,,1000
1:20686656,1,20686656,G,A,0.227,0.020878674843405814,0.05370005504565594,0.3888017400662756,,1000
1:20696166,1,20696166,G,A,0.4785,-0.057308359202305134,0.04520336886577135,-1.2677895617133939,,1000
1:20709964,1,20709964,G,A,0.3,-0.014963813311344935,0.051719561410826585,-0.2893259900733134,,1000
1:20717502,1,20717502,G,A,0.25,-0.004337185115523673,0.053399449750046325,-0.08122153197879928,,1000
1:20718454,1,20718454,G,A,0.19749999,0.006676734229994788,0.05740476457775915,0.11630975719708145,,1000
1:20729472,1,20729472,G,A,0.10949999,0.04699671227784516,0.0748809936939529,0.6276187048201582,,1000
1:20757270,1,20757270,G,A,0.051999986,0.0789884528542769,0.1022676695243149,0.7723697354372273,,1000
1:20778287,1,20778287,G,A,0.36900002,-0.013600891404090565,0.04774146316587113,-0.28488635458942985,,1000
1:20803159,1,20803159,G,A,0.07700002,-0.12204488457321414,0.07988104876751549,-1.5278327770634508,,1000
1:20808636,1,20808636,G,A,0.18900001,0.013505920898545461,0.057209438655525566,0.23607854256128055,,1000
1:20811681,1,20811681,G,A,0.43800002,-0.055561367685165355,0.04505132779362352,-1.2332903469502048,,1000
1:20812710,1,20812710,G,A,0.26450002,-0.006022466437847937,0.050739675150246216,-0.11869343703945083,,1000
1:20814993,1,20814993,G,A,0.463,-0.005308225027658626,0.045178331085865116,-0.11749493396668216,,1000
1:20833174,1,20833174,G,A,0.08649999,-0.07590167915995205,0.08285444977064048,-0.9160845237650453,,1000
1:20840175,1,20840175,G,A,0.41399997,0.12147468081851939,0.04547217296718406,2.671406992276004,,1000
1:20868902,1,20868902,G,A,0.477,-0.04301096690965672,0.045365749632175,-0.9480933801025923,,1000
1:20885051,1,20885051,G,A,0.4465,-0.0017124884953926788,0.04671862834051723,-0.03665536759578844,,1000
1:20892579,1,20892579,G,A,0.18349999,0.06913250152946138,0.05779352518378087,1.196198039652765,,1000
1:20969113,1,20969113,G,A,0.087499976,-0.03748996127447862,0.07804333331791191,-0.48037365500217827,,1000
1:20974296,1,20974296,G,A,0.43300003,0.054358882025673134,0.04525651534532637,1.2011283151363257,,1000
1:20978982,1,20978982,G,A,0.121500015,0.03191517139547195,0.06997225878811683,0.4561117784137048,,1000
1:20989594,1,20989594,G,A,0.306,-0.013354708272473046,0.05097291497391994,-0.2619961655970808,,1000
1:21081789,1,21081789,G,A,0.241,-0.007700543645063909,0.052987533794000674,-0.14532745900198465,,1000
1:21088013,1,21088013,G,A,0.4695,0.07434129072142562,0.04581106011796407,1.622780405648676,,1000
1:21089934,1,21089934,G,A,0.22799999,0.05694367450340423,0.05426735355404631,1.0493173293717464,,1000
1:21104793,1,21104793,G,A,0.22399998,-0.015516090885158354,0.05514499368142475,-0.28136898473133476,,1000
1:21114004,1,21114004,G,A,0.32349998,0.008252146204521001,0.049807157617207665,0.16568193406945195,,1000
1:21123874,1,21123874,G,A,0.2905,-0.0040502591812959145,0.04904872555118192,-0.08257623691097751,,1000
1:21130344,1,21130344,G,A,0.2435,0.07453819132067074,0.05380625626095448,1.3853071464249183,,1000
1:21173867,1,21173867,G,A,0.251,-0.026783021207687024,0.05239483488986367,-0.5111767460282326,,1000
1:21200097,1,21200097,G,A,0.08649999,-0.12775186329437693,0.08067677444744574,-1.5835023669370512,,1000
1:21200625,1,21200625,G,A,0.45,-0.013870154813746387,0.04511108156705352,-0.3074666873843329,,1000
1:21217067,1,21217067,G,A,0.15200001,0.008879937872896131,0.06501069599744932,0.1365919520880769,,1000
1:21223035,1,21223035,G,A,0.296,0.028336598118561835,0.04949626767615166,0.5724996944004932,,1000
1:21223677,1,21223677,G,A,0.06699997,0.00531935400626017,0.09147454986619263,0.05815119083986998,,1000
1:21227469,1,21227469,G,A,0.2105,-0.09719171854007103,0.05653741310063262,-1.719069076738205,,1000
1:21232431,1,21232431,G,A,0.357,0.06640434778212445,0.048734945489371136,1.3625612405087624,,1000
1:21258834,1,21258834,G,A,0.25349998,-0.07102589138360464,0.05128032379051509,-1.3850515389440996,,1000
1:21284384,1,21284384,G,A,0.384,-0.03289711265121376,0.04717459261078065,-0.6973481026669406,,1000
1:21288949,1,21288949,G,A,0.11900002,0.11756529260353517,0.06837557202410938,1.7194048857402082,,1000
1:21320140,1,21320140,G,A,0.47750002,0.01758070971084409,0.04597560121136564,0.3823921655753782,,1000
1:21351510,1,21351510,G,A,0.24599999,-0.02109962616898809,0.052401596575588925,-0.4026523531311118,,1000
1:21444022,1,21444022,G,A,0.2985,0.03424232644876884,0.05114697794356967,0.6694887523276216,,1000
1:21485786,1,21485786,G,A,0.1595,0.1036596518087108,0.06247006124935835,1.6593492904535214,,1000
1:21496824,1,21496824,G,A,0.21249998,-0.005342225644727781,0.05588210351273408,-0.0955981487617127,,1000
1:21498556,1,21498556,G,A,0.324,0.031731981721939986,0.048334444387195266,0.6565086683885913,,1000
1:21586326,1,21586326,G,A,0.22100002,-0.010279169212041504,0.0563702081799041,-0.1823510954445262,,1000
1:21595967,1,21595967,G,A,0.366,-0.04363289532278095,0.04686498120901272,-0.931034094053788,,1000
1:21609308,1,21609308,G,A,0.167,0.025359571165003657,0.06288327846430561,0.40328004175861304,,1000
1:21609908,1,21609908,G,A,0.40350002,-0.13089559469580486,0.04613531829334449,-2.837210179488194,,1000
1:21614134,1,21614134,G,A,0.3495,-0.04642582125980452,0.047666170846572056,-0.9739784093259771,,1000
1:21636438,1,21636438,G,A,0.12550002,-0.07589492473582912,0.06864560878659275,-1.1056049480422445,,1000
1:21646140,1,21646140,G,A,0.07550001,0.15240873795616813,0.0878132087142353,1.7356015135734508,,1000
1:21650279,1,21650279,G,A,0.45,0.011996194729317594,0.04640351179274662,0.258519113443322,,1000
1:21654925,1,21654925,G,A,0.16500002,0.07171927392793483,0.06374680558609257,1.1250645937242318,,1000
1:21670308,1,21670308,G,A,0.3,-0.00907970284037419,0.04994994960912441,-0.18177601602055654,,1000
1:21672157,1,21672157,G,A,0.19550002,0.01206121684759211,0.05861255041727413,0.20577874127172363,,1000
1:21680042,1,21680042,G,A,0.3275,-0.03264396185448503,0.04728658145531912,-0.690343028610139,,1000
1:21725225,1,21725225,G,A,0.376,-0.022653343186560503,0.04599582237462795,-0.4925087109445065,,1000
1:21731799,1,21731799,G,A,0.069000006,0.13296611710722608,0.09253935387007384,1.4368602280702307,,1000
1:21739357,1,21739357,G,A,0.07550001,-0.018930153723786026,0.08729547537783348,-0.21685148791334571,,1000
1:21765240,1,21765240,G,A,0.47899997,0.01706913015676941,0.044836659631345824,0.38069584793145883,,1000
1:21777763,1,21777763,G,A,0.39450002,0.019182226272757657,0.04737042021649434,0.40494101984086733,,1000
1:21794867,1,21794867,G,A,0.15450001,0.10871784960447212,0.06339358220219328,1.7149661815563204,,1000
1:21814502,1,21814502,G,A,0.302,-0.044437398185001,0.05071895452318604,-0.8761497275084121,,1000
1:21821297,1,21821297,G,A,0.4795,0.07388183739022641,0.04599728968596816,1.6062215381521632,,1000
1:21827622,1,21827622,G,A,0.2985,0.09267034857902692,0.04889562538298884,1.895268704575515,,1000
1:21845219,1,21845219,G,A,0.23900002,-0.008509468189692272,0.05545447385100848,-0.15344962450739258,,1000
1:21847631,1,21847631,G,A,0.057500005,-0.04596800552378916,0.09386639973756854,-0.489717360549743,,1000
1:21859074,1,21859074,G,A,0.3025,0.04953246062009081,0.05085386320805085,0.9740156891807025,,1000
1:21882941,1,21882941,G,A,0.436,-0.0007226889044229163,0.045579615791878345,-0.015855528658310664,,1000
1:21884602,1,21884602,G,A,0.31050003,0.01499080918083131,0.051106796318912046,0.29332320279453655,,1000
1:21900147,1,21900147,G,A,0.40249997,0.03023919257663984,0.046444622766908826,0.6510805939452018,,1000
1:21900339,1,21900339,G,A,0.458,-0.08832666107077962,0.04472187975994415,-1.9750212098618174,,1000
1:21921118,1,21921118,G,A,0.24599999,-0.08397377817262083,0.05247779092922942,-1.6001774595631573,,1000
1:21937541,1,21937541,G,A,0.23750001,0.030964173508168966,0.05343654139576705,0.5794569165477798,,1000
1:21958274,1,21958274,G,A,0.487,-0.00793161053841031,0.04541072368833743,-0.1746638215423847,,1000
1:21959318,1,21959318,G,A,0.20499998,-0.052855057884848795,0.05981291797804801,-0.8836729534621129,,1000
1:21970759,1,21970759,G,A,0.348,-0.05966308978243438,0.04822712486394776,-1.2371272380584228,,1000
1:21982814,1,21982814,G,A,0.33249998,-0.07572070290229448,0.047504736536590236,-1.5939611167819248,,1000
1:21992839,1,21992839,G,A,0.26349998,-0.030371197836813833,0.05097741121531369,-0.5957775632923917,,1000
1:22005783,1,22005783,G,A,0.33999997,0.020748822485620554,0.04825875483553153,0.4299493958419291,,1000
1:22015778,1,22015778,G,A,0.379,0.018607279146633304,0.0465252576109352,0.3999393039848508,,1000
1:22064335,1,22064335,G,A,0.49049997,-0.026531320321949565,0.04464200650831554,-0.5943128993766786,,1000
1:22076455,1,22076455,G,A,0.398,-0.018821752901371235,0.0467722928247172,-0.40241244900922896,,1000
1:22098346,1,22098346,G,A,0.2065,0.02359284676392016,0.05673262900131782,0.41586027616263177,,1000
1:22148024,1,22148024,G,A,0.25700003,-0.014052357361064645,0.05241311657241393,-0.26810764709345064,,1000
1:22178435,1,22178435,G,A,0.46100003,-0.06579088524523576,0.045247040337688824,-1.4540373194406442,,1000
1:22197929,1,22197929,G,A,0.14950001,-0.10807854571719526,0.06338480205877708,-1.7051176655402887,,1000
1:22210218,1,22210218,G,A,0.20749998,0.01351284065025206,0.05724022299360248,0.236072466939242,,1000
1:22268807,1,22268807,G,A,0.337,-0.04379004085993297,0.04770398708075984,-0.9179534780981554,,1000
1:22315020,1,22315020,G,A,0.12400001,0.03281926376231869,0.06798825487362853,0.4827196083105924,,1000
1:22335236,1,22335236,G,A,0.41500002,-0.09423006067190218,0.04597034550994469,-2.049801010338666,,1000
1:22362926,1,22362926,G,A,0.47399998,-0.038855923850560775,0.046422699866796445,-0.8370026724437076,,1000
1:22371393,1,22371393,G,A,0.33850002,-0.0019742546148007888,0.049791145350990246,-0.03965071702777218,,1000
1:22383811,1,22383811,G,A,0.06950003,-0.14643923300203124,0.09224300501119466,-1.5875375372285334,,1000
1:22406698,1,22406698,G,A,0.16350001,-0.12088177618936452,0.06187583527018,-1.9536184951934124,,1000
1:22419481,1,22419481,G,A,0.102,0.032346539641129574,0.07584908249700605,0.42645920789360076,,1000
1:22432852,1,22432852,G,A,0.18949997,0.057888870918387084,0.056279039188195906,1.0286044636406804,,1000
1:22438281,1,22438281,G,A,0.491,-0.005132472766170633,0.046228832075974266,-0.11102319776834783,,1000
1:22456259,1,22456259,G,A,0.22500002,-0.04333254162063376,0.05577116016429784,-0.7769704179181355,,1000
1:22461014,1,22461014,G,A,0.12599999,0.01224998857006463,0.06892238353560555,0.1777359972429892,,1000
1:22468493,1,22468493,G,A,0.35000002,-0.0018179058368714615,0.04813373822601685,-0.037767809105856275,,1000
1:22470292,1,22470292,G,A,0.4505,0.037504826061839504,0.046720878239318205,0.8027423172511581,,1000
1:22536637,1,22536637,G,A,0.05949998,0.06844276874759672,0.09763145018520501,0.701031979119045,,1000
1:22558782,1,22558782,G,A,0.3505,0.06876472265835201,0.046470126835958296,1.479761888774151,,1000
1:22564966,1,22564966,G,A,0.18599999,-0.010283845286137497,0.05752847658329656,-0.17876095278218126,,1000
1:22576163,1,22576163,G,A,0.22100002,0.030715170149931963,0.054712117288770984,0.5613961161074622,,1000
1:22632536,1,22632536,G,A,0.15249997,0.06150524761025462,0.0615199597602587,0.999760855662757,,1000
1:22636263,1,22636263,G,A,0.454,-0.015218232181148634,0.04585699067202632,-0.3318628623057915,,1000
1:22640052,1,22640052,G,A,0.45999998,-0.019854606710519213,0.04594543225289963,-0.4321345068914045,,1000
1:22644721,1,22644721,G,A,0.32349998,-0.05178908819433346,0.04896743398701384,-1.0576230767588908,,1000
1:22674715,1,22674715,G,A,0.051999986,-0.175976658532626,0.10214645006045492,-1.7227878054349908,,1000
1:22700315,1,22700315,G,A,0.49049997,0.07749958422501017,0.0455582528982816,1.7011096627880864,,1000
1:22725757,1,22725757,G,A,0.26849997,-0.004724719287427629,0.0516795051781643,-0.09142346218562332,,1000
1:22740076,1,22740076,G,A,0.2665,0.008420351749879401,0.050881385098512796,0.16548982960225112,,1000
1:22761901,1,22761901,G,A,0.3915,-0.09838032032634117,0.04782374759694414,-2.057143684252539,,1000
1:22763343,1,22763343,G,A,0.3365,-0.0147938976428837,0.048127681531092786,-0.307388537578444,,1000
1:22791343,1,22791343,G,A,0.09549999,0.1045794103602012,0.07661046686319488,1.36507992500491,,1000
1:22802312,1,22802312,G,A,0.08700001,-0.18682705958221546,0.08142705401690696,-2.2944101544361897,,1000
1:22821212,1,22821212,G,A,0.15899998,-0.142287458661114,0.06416408398565594,-2.217556143915695,,1000
1:22826748,1,22826748,G,A,0.07499999,-0.04961619561528413,0.08563230459285699,-0.5794097899290084,,1000
1:22897065,1,22897065,G,A,0.4325,-0.0512103049474061,0.0465328660164622,-1.1005190380770689,,1000
1:22910283,1,22910283,G,A,0.06400001,-0.014982274748176207,0.09163169643563841,-0.16350537347848484,,1000
1:22922482,1,22922482,G,A,0.46749997,-0.01742857608173688,0.046753572244059696,-0.3727752820844888,,1000
1:22937903,1,22937903,G,A,0.10350001,0.07655577121323043,0.0742342502163966,1.031272909607984,,1000
1:22961594,1,22961594,G,A,0.4365,-0.00431696211067609,0.04561343897732324,-0.09464232926665038,,1000
1:22992357,1,22992357,G,A,0.18849999,-0.07119890831772994,0.05869198323785235,-1.213094265858978,,1000
1:22993421,1,22993421,G,A,0.36049998,-0.036183789068943276,0.04773999524536884,-0.7579344925145001,,1000
1:23020886,1,23020886,G,A,0.20050001,-0.0725437765869682,0.05671149518965918,-1.2791723502327248,,1000
1:23027076,1,23027076,G,A,0.078999996,0.07480974988291635,0.08636983405798856,0.8661559987794952,,1000
1:23063156,1,23063156,G,A,0.38450003,-0.034288869977937564,0.0460288586978867,-0.7449428673214497,,1000
1:23066466,1,23066466,G,A,0.412,0.023574215639270316,0.04497387398250377,0.5241757836658993,,1000
1:23101384,1,23101384,G,A,0.16500002,0.04106117585596044,0.05969869943597676,0.6878068742518597,,1000
1:23116993,1,23116993,G,A,0.38349998,0.04146744431827142,0.04578621621888447,0.905675282710263,,1000
1:23151418,1,23151418,G,A,0.265,0.0714712676299283,0.05255491571749595,1.3599349681029922,,1000
1:23195171,1,23195171,G,A,0.35549998,0.04128944676943008,0.04771906431134913,0.865261030686432,,1000
1:23215062,1,23215062,G,A,0.3225,-0.02464914628948212,0.049531064516535536,-0.49765024293498084,,1000
1:23216268,1,23216268,G,A,0.44950002,-0.019585881553240564,0.04617159912644721,-0.4241976003387269,,1000
1:23234511,1,23234511,G,A,0.19199997,0.02922807757966417,0.05915496779535895,0.49409337320199304,,1000
1:23240985,1,23240985,G,A,0.111,-0.0469961002714839,0.07154034536602571,-0.6569174363226123,,1000
1:23250724,1,23250724,G,A,0.39499998,0.05239334032384366,0.04686970634574965,1.1178508339127864,,1000
1:23255667,1,23255667,G,A,0.40249997,-0.020091818563561417,0.04597457033353535,-0.43702025745536527,,1000
1:23277459,1,23277459,G,A,0.060500026,-0.09673927551984167,0.09782362373128577,-0.9889152725069487,,1000
1:23278770,1,23278770,G,A,0.11949998,0.058160059634029905,0.06996722461504443,0.8312472011577299,,1000
1:23284857,1,23284857,G,A,0.44050002,0.005968133354856698,0.04534283487268039,0.13162241336728972,,1000
1:23284877,1,23284877,G,A,0.29149997,-0.04137409860182322,0.049279374212886355,-0.8395824675672132,,1000
1:23289644,1,23289644,G,A,0.265,0.018364492675664347,0.05164529507787009,0.3555888808065596,,1000
1:23295180,1,23295180,G,A,0.4225,-0.03197213969881214,0.046834776581825464,-0.682658102210722,,1000
1:23313512,1,23313512,G,A,0.139,0.04191391912178449,0.06648613742630427,0.6304159144189035,,1000
1:23317397,1,23317397,G,A,0.18550003,-0.026404723760013172,0.05529802909394334,-0.47749846048139205,,1000
1:23335438,1,23335438,G,A,0.40350002,-0.016565620214067774,0.04631803769800062,-0.35764943934105503,,1000
1:23340094,1,23340094,G,A,0.30650002,-0.07307773869965671,0.04946817222762425,-1.4772678150184069,,1000
1:23383687,1,23383687,G,A,0.15899998,-0.011085061851970158,0.06144880420314651,-0.18039507840255975,,1000
1:23387093,1,23387093,G,A,0.445,0.005631429532940553,0.04679962715221102,0.12033064952899951,,1000
1:23388870,1,23388870,G,A,0.475,-0.0861949034068685,0.045779956361575565,-1.8828087717273223,,1000
1:23429563,1,23429563,G,A,0.1325,0.024511854578702603,0.06565274531074826,0.37335612490662556,,1000
1:23443416,1,23443416,G,A,0.18449998,0.18647167471846657,0.05883746498846978,3.1692676554812302,,1000
1:23448675,1,23448675,G,A,0.399,-0.0026487406677821487,0.04693398302727017,-0.05643545458827017,,1000
1:23468626,1,23468626,G,A,0.10100001,-0.05231119075090415,0.07366137511330616,-0.7101576731419813,,1000
1:23480676,1,23480676,G,A,0.28649998,0.06428732493459262,0.05011054293215644,1.2829101656637367,,1000
1:23484188,1,23484188,G,A,0.14899999,0.041626592620604544,0.06351310941229095,0.6554015856850655,,1000
1:23499307,1,23499307,G,A,0.334,0.06692593476348138,0.048535536288472646,1.3789058467532895,,1000
1:23508103,1,23508103,G,A,0.21700001,0.08691467078786677,0.054730119019056875,1.588059232204544,,1000
1:23544745,1,23544745,G,A,0.44599998,-0.020974808573558126,0.0456332950309981,-0.45963826542243363,,1000
1:23552819,1,23552819,G,A,0.25599998,-0.017990828798625486,0.051862098799939804,-0.3468974302028511,,1000
1:23567810,1,23567810,G,A,0.27899998,-0.04725382872094202,0.05062524518857963,-0.9334044416954616,,1000
1:23593742,1,23593742,G,A,0.45599997,0.015450515305877861,0.04619895196813829,0.33443432475553797,,1000
1:23612249,1,23612249,G,A,0.39499998,-0.009477068696040203,0.045116649934557926,-0.2100570124285994,,1000
1:23614650,1,23614650,G,A,0.41500002,-0.01884146498563683,0.04615763938011582,-0.4081981929464425,,1000
1:23623756,1,23623756,G,A,0.049000025,0.06017738579745015,0.10597225208827,0.567859837000776,,1000
1:23637223,1,23637223,G,A,0.34149998,-0.004469125357094582,0.0487628962134721,-0.09165012138593734,,1000
1:23643901,1,23643901,G,A,0.26200002,0.02271633151483576,0.054341949284905856,0.4180257023121822,,1000
1:23647206,1,23647206,G,A,0.421,0.01368491168026095,0.04446043939473878,0.3077997398712247,,1000
1:23656191,1,23656191,G,A,0.069000006,0.07236542124504768,0.09111148972254234,0.794251322916778,,1000
1:23659944,1,23659944,G,A,0.44300002,0.022885634198043354,0.04497510544270761,0.5088511516042281,,1000
1:23683334,1,23683334,G,A,0.102999985,-0.015240375474521022,0.07560755658320192,-0.2015721200796885,,1000
1:23685748,1,23685748,G,A,0.31449997,0.018772615649106646,0.050106570939413474,0.3746537689000035,,1000
1:23689072,1,23689072,G,A,0.37949997,0.038697085028520414,0.04796208397987901,0.8068265975422287,,1000
1:23698371,1,23698371,G,A,0.13300002,-0.034025471030301194,0.0678746570317056,-0.5012986071429756,,1000
1:23705257,1,23705257,G,A,0.1325,0.026816089546091642,0.06764833932546993,0.3964042549082244,,1000
1:23706104,1,23706104,G,A,0.35900003,0.07640524376898343,0.04804738793662831,1.5902059830964688,,1000
1:23717336,1,23717336,G,A,0.13749999,-0.010067515392937315,0.06726838625589811,-0.1496619133189715,,1000
1:23737189,1,23737189,G,A,0.26450002,-0.08543227393668723,0.05324618930253711,-1.6044767720610664,,1000
1:23773963,1,23773963,G,A,0.16350001,0.007920319295979748,0.061316152710018224,0.12917182415924272,,1000
1:23787348,1,23787348,G,A,0.058000028,-0.195826098628891,0.09850680690560472,-1.9879448413807952,,1000
1:23809062,1,23809062,G,A,0.073000014,-0.05394586336219364,0.08649501939725797,-0.6236875110048684,,1000
1:23841963,1,23841963,G,A,0.12400001,-0.03009852467642968,0.07089144860318158,-0.42457200790052513,,1000
1:23846148,1,23846148,G,A,0.2905,0.08927442193058664,0.049904545816990116,1.7889036052541922,,1000
1:23846554,1,23846554,G,A,0.14649999,0.046115929042323575,0.06231482439229936,0.7400474845600691,,1000
1:23877269,1,23877269,G,A,0.44099998,0.01436377408647942,0.04510756610981499,0.3184338088982814,,1000
1:23912114,1,23912114,G,A,0.065,0.048887277577913044,0.08763821616781048,0.5578305871071499,,1000
1:23930985,1,23930985,G,A,0.34399998,-0.03239910125968445,0.04863292086159573,-0.6661969029556942,,1000
1:23948054,1,23948054,G,A,0.10049999,0.08837681421153258,0.07575919429026168,1.166549024702244,,1000
1:23969984,1,23969984,G,A,0.4525,-0.030574381399559786,0.04592201628486894,-0.6657891763701561,,1000
1:23991832,1,23991832,G,A,0.060500026,0.07017409780296777,0.09442104055024003,0.7432040294623652,,1000
1:23992155,1,23992155,G,A,0.12550002,-0.010566201791250953,0.0686868205692255,-0.15383157501957578,,1000
1:24003802,1,24003802,G,A,0.17549998,-0.03184593606262453,0.06068191568530557,-0.5248010993551442,,1000
1:24005378,1,24005378,G,A,0.111500025,0.055182457472899335,0.07074361970266453,0.7800344074113147,,1000
1:24012791,1,24012791,G,A,0.46350002,-0.030175970874764337,0.04520648934059645,-0.6675141404458858,,1000
1:24019664,1,24019664,G,A,0.11750001,0.04887784821908537,0.07066236844839319,0.6917097359223432,,1000
1:24027786,1,24027786,G,A,0.09799999,0.012493941663077362,0.07732650876839252,0.16157384915047793,,1000
1:24062170,1,24062170,G,A,0.08350003,-0.11880619673109617,0.0833474719657589,-1.4254325167763284,,1000
1:24070925,1,24070925,G,A,0.413,-0.026296863153967752,0.046030131178009394,-0.5712967241451381,,1000
1:24101439,1,24101439,G,A,0.32450002,0.10336509159094465,0.04792585757990834,2.1567708291625385,,1000
1:24115112,1,24115112,G,A,0.376,0.01826776979805498,0.04696539835356565,0.3889623092416095,,1000
1:24133278,1,24133278,G,A,0.37300003,-0.06027060782067735,0.046487523166855164,-1.2964899765545972,,1000
1:24147348,1,24147348,G,A,0.467,-0.07581644154437177,0.04607327526746832,-1.6455622289545513,,1000
1:24151843,1,24151843,G,A,0.40399998,0.04305179289700584,0.04549003997638499,0.9464004190665715,,1000
1:24192962,1,24192962,G,A,0.22299999,0.03863555481280921,0.052873324792954854,0.7307192230505851,,1000
1:24198506,1,24198506,G,A,0.1785,0.01823143365339339,0.059663854544104424,0.30556915560855086,,1000
1:24210513,1,24210513,G,A,0.18599999,0.02121731775589239,0.05808385901243332,0.36528767400510787,,1000
1:24210750,1,24210750,G,A,0.16350001,0.05598371652470174,0.06364149787514643,0.8796731440000372,,1000
1:24244265,1,24244265,G,A,0.13300002,0.002160876885431737,0.06642467533250634,0.03253123744474315,,1000
1:24245083,1,24245083,G,A,0.22600001,0.016391107719788953,0.05543791927445919,0.29566599782796144,,1000
1:24276629,1,24276629,G,A,0.09200001,-0.007171806529366622,0.08101414410266572,-0.0885253631795221,,1000
1:24281105,1,24281105,G,A,0.17400002,-0.0017470836532986714,0.06014872956345041,-0.02904606075604119,,1000
1:24334477,1,24334477,G,A,0.14450002,0.03545296101888767,0.06299434900514142,0.5627958948507286,,1000
1:24362376,1,24362376,G,A,0.46350002,-0.11049421322919396,0.04581309141882076,-2.4118480069171047,,1000
1:24363942,1,24363942,G,A,0.27600002,-0.01711060199683698,0.05330206521067462,-0.32101198948310733,,1000
1:24374843,1,24374843,G,A,0.43699998,-0.06833136241874006,0.04559655966031593,-1.4986078539212888,,1000
1:24437008,1,24437008,G,A,0.3345,0.0842511898316538,0.04766450012526867,1.7675878192413732,,1000
1:24440806,1,24440806,G,A,0.3275,0.04097450789824089,0.04769335111535373,0.8591241114330114,,1000
1:24444322,1,24444322,G,A,0.047500014,0.02637799567566121,0.10740262094749949,0.24559918038271425,,1000
1:24455290,1,24455290,G,A,0.059000015,-0.04862867426074193,0.09709301970250614,-0.50084624424846,,1000
1:24483330,1,24483330,G,A,0.181,0.04671931562871797,0.05870832158051771,0.7957869407770929,,1000
1:24509969,1,24509969,G,A,0.08399999,0.06559174998856271,0.08108230696326323,0.8089526857971743,,1000
1:24516083,1,24516083,G,A,0.17250001,0.03873460174584486,0.060023445177013884,0.6453245332988378,,1000
1:24525887,1,24525887,G,A,0.3405,-0.030498093953373766,0.04784503647990786,-0.6374348563028309,,1000
1:24561091,1,24561091,G,A,0.35149997,-0.06495727299566614,0.047211581202312045,-1.3758758199033811,,1000
1:24562663,1,24562663,G,A,0.339,-0.05914748067118523,0.0466435654072518,-1.2680737451084605,,1000
1:24567791,1,24567791,G,A,0.30400002,-0.009609100807784918,0.049110767962211296,-0.1956617908149741,,1000
1:24586223,1,24586223,G,A,0.089999974,0.014871509114641746,0.07916825223350109,0.18784687921086465,,1000
1:24694813,1,24694813,G,A,0.101499975,0.049055574285937945,0.07682488385680868,0.6385375652161217,,1000
1:24723449,1,24723449,G,A,0.057500005,-0.12215971427072532,0.09993500566511068,-1.2223916280156246,,1000
1:24728253,1,24728253,G,A,0.41649997,-0.03672849812100148,0.0465302409272959,-0.7893468288374055,,1000
1:24728849,1,24728849,G,A,0.20599997,0.029841143501350316,0.056053387666047234,0.532370026931053,,1000
1:24733273,1,24733273,G,A,0.25,-0.011776187762817704,0.051720387087247396,-0.22768947461573305,,1000
1:24755667,1,24755667,G,A,0.35750002,-0.0030461355324446185,0.04670755819218244,-0.06521718647570958,,1000
1:24768425,1,24768425,G,A,0.498,-0.079474760337903,0.04549334427229281,-1.7469535733011867,,1000
1:24795223,1,24795223,G,A,0.32450002,0.024517535926353504,0.04846417919456901,0.5058898414006563,,1000
1:24859872,1,24859872,G,A,0.11549997,0.004295266130640356,0.0707023201526808,0.06075141694593305,,1000
1:24899066,1,24899066,G,A,0.48049998,-0.04257549352337175,0.04511615263633836,-0.9436862639098295,,1000
1:24938779,1,24938779,G,A,0.1555,-0.04095838801804543,0.06265628343783237,-0.6536996095321291,,1000
1:24947745,1,24947745,G,A,0.384,0.013275695594141528,0.04749084671402379,0.2795421962906652,,1000
1:25050091,1,25050091,G,A,0.3765,0.05538193238216699,0.04599171455523058,1.2041719452676607,,1000
1:25057300,1,25057300,G,A,0.2385,-0.11388969041290607,0.05302441405417336,-2.14787268175276,,1000
1:25086628,1,25086628,G,A,0.29000002,0.06618608831936126,0.05117963309591688,1.2932114654929325,,1000
1:25090374,1,25090374,G,A,0.15100002,-0.07947151915113516,0.06377566816403357,-1.2461103339087132,,1000
1:25137139,1,25137139,G,A,0.3635,-0.00843813315378516,0.04677103265488898,-0.18041365937006143,,1000
1:25139318,1,25139318,G,A,0.495,-0.08256672086940837,0.045400627873725896,-1.8186250881607546,,1000
1:25146283,1,25146283,G,A,0.24550003,-0.018253844809219773,0.05340244231236376,-0.34181666640728964,,1000
1:25153647,1,25153647,G,A,0.48299998,-0.01397610242453582,0.04579673260743666,-0.3051768462247528,,1000
1:25177128,1,25177128,G,A,0.16500002,-0.005136181039968501,0.06187605918994008,-0.08300756556266838,,1000
1:25192631,1,25192631,G,A,0.102,0.16907495685567978,0.07364272080640226,2.295881453105966,,1000
1:25209589,1,25209589,G,A,0.493,-0.016535418926669206,0.046220062264605656,-0.35775414650039705,,1000
1:25214699,1,25214699,G,A,0.20850003,0.041932957070410296,0.056143092382541615,0.7468943246783083,,1000
1:25227192,1,25227192,G,A,0.4185,-0.012244021969316173,0.04687106851167456,-0.2612277116376482,,1000
1:25239822,1,25239822,G,A,0.0625,0.09969573442050848,0.09319301304341464,1.0697769195858546,,1000
1:25254493,1,25254493,G,A,0.32849997,-0.04996827437458495,0.049373332972528765,-1.0120498529517383,,1000
1:25258149,1,25258149,G,A,0.049000025,0.014426253137427193,0.10376602699073394,0.13902674657395742,,1000
1:25258426,1,25258426,G,A,0.264,0.019110693568315504,0.050607465688904306,0.37762597490641636,,1000
1:25288600,1,25288600,G,A,0.37800002,0.005051145894025424,0.04707044426816536,0.10731035095501765,,1000
1:25291710,1,25291710,G,A,0.33999997,-0.03406925090927408,0.04720294737784722,-0.7217610933605196,,1000
1:25301055,1,25301055,G,A,0.31800002,0.07051660232982304,0.04899437668545085,1.4392795071676734,,1000
1:25329098,1,25329098,G,A,0.18599999,-0.1404509160165985,0.05810766715984159,-2.417080617438117,,1000
1:25381225,1,25381225,G,A,0.3255,-0.08630332331934594,0.048648073306380386,-1.7740337376943338,,1000
1:25433908,1,25433908,G,A,0.407,0.06635342721921411,0.04500226205473286,1.4744464875679681,,1000
1:25554415,1,25554415,G,A,0.2745,0.018575366681047454,0.05256534168871481,0.3533766943064574,,1000
1:25560099,1,25560099,G,A,0.28250003,-0.0035831706680696514,0.051471816871246204,-0.06961422552914243,,1000
1:25568907,1,25568907,G,A,0.41250002,-0.07670187697813316,0.046037219897696144,-1.6660840326279471,,1000
1:25580124,1,25580124,G,A,0.10399997,-0.08935104610592208,0.07490378438125644,-1.1928775941563887,,1000
1:25589002,1,25589002,G,A,0.3085,-0.08321050595058045,0.04870310124794847,-1.7085258190634327,,1000
1:25592499,1,25592499,G,A,0.2615,-0.04347184069627307,0.051083265059155315,-0.8509996501972206,,1000
1:25653876,1,25653876,G,A,0.2435,-0.016708867420847755,0.053409408548652254,-0.3128450187877879,,1000
1:25698551,1,25698551,G,A,0.23449999,-0.008924630059718351,0.054688243171138844,-0.1631910177072251,,1000
1:25722526,1,25722526,G,A,0.3115,0.013207680675430314,0.047149096139524074,0.28012585090382247,,1000
1:25793045,1,25793045,G,A,0.4655,0.019525500336048527,0.045730270188500545,0.4269710250030069,,1000
1:25827439,1,25827439,G,A,0.3405,0.001294455019454459,0.047335417381434854,0.027346437214730245,,1000
1:25836513,1,25836513,G,A,0.18400002,-0.06788421194604526,0.05853008367722894,-1.1598174422644048,,1000
1:25841847,1,25841847,G,A,0.13,0.07502901256454565,0.06858401074120876,1.0939723669363128,,1000
1:25856920,1,25856920,G,A,0.485,0.011404604829819209,0.04480098383348918,0.25456148177920485,,1000
1:25861357,1,25861357,G,A,0.17449999,0.007788108863219532,0.06032694084105188,0.1290983556374833,,1000
1:25955177,1,25955177,G,A,0.2665,0.058377808921600355,0.052867511650210426,1.1042284211870599,,1000
1:25974083,1,25974083,G,A,0.053499997,-0.04141302211666377,0.10314257832178154,-0.401512380148812,,1000
1:26063246,1,26063246,G,A,0.4375,0.0886131796112202,0.04568829174634683,1.9395161478828016,,1000
1:26098642,1,26098642,G,A,0.3965,-0.053864144437117206,0.04675650100682232,-1.1520140146769708,,1000
1:26133386,1,26133386,G,A,0.3775,0.03384660246785691,0.04754273121913864,0.7119196057931088,,1000
1:26150957,1,26150957,G,A,0.20999998,0.004085004128418138,0.05646060761256974,0.07235140217493337,,1000
1:26191540,1,26191540,G,A,0.22049999,0.06975868842765061,0.056863661929129034,1.2267709475797224,,1000
1:26216318,1,26216318,G,A,0.259,0.05498829294637961,0.05105896703053486,1.0769566276868643,,1000
1:26227229,1,26227229,G,A,0.2245,0.0995006442104124,0.05621726340323308,1.7699304125979576,,1000
1:26231748,1,26231748,G,A,0.11949998,-0.06013505933133563,0.0696374132592194,-0.8635452771269366,,1000
1:26237809,1,26237809,G,A,0.15799999,0.08240402563881097,0.06462246603981367,1.2751606475067376,,1000
1:26256630,1,26256630,G,A,0.19999999,0.2050152636326151,0.0560516758863164,3.657611666213613,,1000
1:26267669,1,26267669,G,A,0.051999986,-0.021955529686856427,0.10334315296717844,-0.2124526788323311,,1000
1:26271535,1,26271535,G,A,0.17400002,-0.03873212071513104,0.06099300706047396,-0.6350255968971742,,1000
1:26276834,1,26276834,G,A,0.4095,0.10266108445123875,0.046473696829094545,2.2090148074247553,,1000
1:26299579,1,26299579,G,A,0.25800002,-0.05396761822035983,0.051445623222845856,-1.0490225375750528,,1000
1:26336264,1,26336264,G,A,0.13749999,0.03592234914586776,0.06668046496673496,0.5387237351117516,,1000
1:26356227,1,26356227,G,A,0.35250002,0.024749655715382516,0.048899094619938986,0.5061372998364402,,1000
1:26358328,1,26358328,G,A,0.05949998,-0.07287280496069333,0.09342801361367396,-0.7799888078753693,,1000
1:26365211,1,26365211,G,A,0.11400002,0.18103564665675345,0.07180885217134067,2.5210770146386747,,1000
1:26372009,1,26372009,G,A,0.32,-0.03608455927244007,0.04666303426426423,-0.7733007473985585,,1000
1:26379086,1,26379086,G,A,0.32950002,-0.05214408394930375,0.04906211245836909,-1.0628177495119033,,1000
1:26395161,1,26395161,G,A,0.17299998,0.034502789086445246,0.05958177530658044,0.579082931129691,,1000
1:26455292,1,26455292,G,A,0.17049998,0.1188564525536099,0.061352105394656305,1.937284006621265,,1000
1:26471312,1,26471312,G,A,0.06099999,0.062365117991188226,0.09577113823689754,0.6511890652998521,,1000
1:26502746,1,26502746,G,A,0.1785,-0.008341012625922998,0.058093271460805784,-0.1435796679405547,,1000
1:26540397,1,26540397,G,A,0.4605,-0.0120362424604687,0.04636700929864729,-0.2595863447423133,,1000
1:26552477,1,26552477,G,A,0.2425,-0.0811886377744724,0.052353977023899816,-1.5507635215068654,,1000
1:26560141,1,26560141,G,A,0.18949997,0.05106361541784211,0.05966441249337882,0.8558471169645528,,1000
1:26607071,1,26607071,G,A,0.35900003,0.022912774686939325,0.04676592926334854,0.4899458868423803,,1000
1:26632955,1,26632955,G,A,0.4935,0.004930830287998604,0.046655652585495,0.10568559252199965,,1000
1:26635618,1,26635618,G,A,0.23400003,-0.0757915352998227,0.052557555904745604,-1.442067348740226,,1000
1:26658610,1,26658610,G,A,0.100000024,0.03938632040222211,0.07812844815640436,0.5041226509884739,,1000
1:26659118,1,26659118,G,A,0.41149998,0.04022032518887622,0.04640344637348192,0.8667529748794875,,1000
1:26678908,1,26678908,G,A,0.4745,0.02050288136421539,0.04500280610669392,0.4555911761503624,,1000
1:26683912,1,26683912,G,A,0.3595,-0.02277691077586415,0.04678755096221862,-0.4868156231185667,,1000
1:26687291,1,26687291,G,A,0.2765,0.0282491004804671,0.04939985993727705,0.5718457606222963,,1000
1:26687547,1,26687547,G,A,0.1685,0.03329771742203117,0.05987549358185606,0.5561159571321064,,1000
1:26704426,1,26704426,G,A,0.24949998,-0.12145649024473507,0.05184813442372402,-2.3425431135504953,,1000
1:26735831,1,26735831,G,A,0.24599999,-0.004485872459558732,0.05133037371746798,-0.08739216441808542,,1000
1:26737776,1,26737776,G,A,0.46600002,-0.05069454380092483,0.04640739494071092,-1.09238072651333,,1000
1:26762678,1,26762678,G,A,0.067499995,0.010575278591539191,0.08908887791699109,0.11870481297780794,,1000
1:26774620,1,26774620,G,A,0.227,-0.09795010280896727,0.053465687249914025,-1.8320180258998686,,1000
1:26778643,1,26778643,G,A,0.19700003,-0.08386774542310764,0.05868566559108583,-1.4291010347822806,,1000
1:26779150,1,26779150,G,A,0.47649997,0.11620770652941707,0.04574651673214001,2.5402525663286912,,1000
1:26821568,1,26821568,G,A,0.045000017,-0.0779868488327915,0.10989622117884956,-0.7096408593146487,,1000
1:26844512,1,26844512,G,A,0.18049997,0.025283014039944283,0.05817089954228845,0.4346333688988996,,1000
1:26854297,1,26854297,G,A,0.46600002,-0.08100648095332098,0.04480399330636236,-1.8080192182739594,,1000
1:26906512,1,26906512,G,A,0.116,0.06697662867804435,0.0695828211809526,0.9625454608094899,,1000
1:26912513,1,26912513,G,A,0.3955,0.016258125952360623,0.04643502897768544,0.3501263229570404,,1000
1:26931807,1,26931807,G,A,0.3215,-0.08972291983191114,0.04840074664068986,-1.853750738557456,,1000
1:26939240,1,26939240,G,A,0.45099998,-0.03658268185694761,0.04676115967369106,-0.7823305091710524,,1000
1:26996640,1,26996640,G,A,0.45700002,0.055498850414946885,0.046831152697619303,1.1850840139104286,,1000
1:27009225,1,27009225,G,A,0.30900002,-0.0009851833692328153,0.04802262171483055,-0.02051498510604153,,1000
1:27023421,1,27023421,G,A,0.301,0.083757086358599,0.05039341020337466,1.6620642663510419,,1000
1:27054354,1,27054354,G,A,0.12199998,0.0018369803830938266,0.07022630938591075,0.026158008290015213,,1000
1:27090739,1,27090739,G,A,0.065999985,-0.02478987216646103,0.09201749118338833,-0.26940391275236464,,1000
1:27132022,1,27132022,G,A,0.35799998,0.047740888319367854,0.04710284571098021,1.0135457337822567,,1000
1:27148869,1,27148869,G,A,0.30449998,-0.036563325930466586,0.04899661249822306,-0.7462419148220218,,1000
1:27180309,1,27180309,G,A,0.3995,0.009649194008198376,0.04676449371069299,0.20633590235987156,,1000
1:27209163,1,27209163,G,A,0.051999986,-0.0744099867822088,0.10227111012838555,-0.727575819689437,,1000
1:27259198,1,27259198,G,A,0.453,-0.04171028985957636,0.04495454304345423,-0.9278325845567623,,1000
1:27270508,1,27270508,G,A,0.09899998,-0.05341598549961661,0.07793775183810919,-0.6853672865823904,,1000
1:27312499,1,27312499,G,A,0.458,-0.03549152269965854,0.0455053007266305,-0.7799426030139007,,1000
1:27329174,1,27329174,G,A,0.148,-0.12173678071950468,0.06351049808340216,-1.9167977640427196,,1000
1:27345256,1,27345256,G,A,0.13950002,0.07369147327304709,0.06639574505501276,1.1098824662934257,,1000
1:27345821,1,27345821,G,A,0.464,0.027921503929076337,0.045977918713805396,0.6072807275787494,,1000
1:27348976,1,27348976,G,A,0.24949998,0.035773705120467146,0.052251131814493465,0.6846493822846571,,1000
1:27364436,1,27364436,G,A,0.35750002,-0.013829296947564181,0.04670560627038263,-0.29609500982612735,,1000
1:27366869,1,27366869,G,A,0.4695,0.0017668737611098062,0.045145105168099386,0.039137659653926814,,1000
1:27381510,1,27381510,G,A,0.19849998,-0.036253819268437036,0.05790950023844337,-0.6260426893542735,,1000
1:27413630,1,27413630,G,A,0.111500025,-0.13850090050244748,0.0743189005101773,-1.8636026576238307,,1000
1:27427111,1,27427111,G,A,0.28350002,0.01340215342898953,0.049739503226924275,0.26944686937956525,,1000
1:27451728,1,27451728,G,A,0.227,0.025286465757660165,0.053698156558789054,0.47090007140145296,,1000
1:27512407,1,27512407,G,A,0.38,0.004103406640069245,0.04843728324823487,0.08471587101695635,,1000
1:27550116,1,27550116,G,A,0.040499985,-0.03566959030674776,0.11807794347382179,-0.3020851249383066,,1000
1:27569058,1,27569058,G,A,0.31,-0.012126961050279942,0.04973455609705786,-0.24383370440894184,,1000
1:27571339,1,27571339,G,A,0.28649998,-0.0014009638550929746,0.050396667535437575,-0.02779873994858598,,1000
1:27580297,1,27580297,G,A,0.40750003,-0.03626458705437339,0.04597400672297807,-0.7888063199035498,,1000
1:27596546,1,27596546,G,A,0.31800002,-0.02184398159800031,0.048048204512829214,-0.4546263865524426,,1000
1:27640478,1,27640478,G,A,0.4755,-0.005571074482231526,0.045717529964919186,-0.12185860623936651,,1000
1:27664039,1,27664039,G,A,0.06699997,-0.14499113113232026,0.09062993461112955,-1.599815025294248,,1000
1:27695859,1,27695859,G,A,0.254,-0.008246365711341096,0.051994096112788886,-0.15860196306620192,,1000
1:27700782,1,27700782,G,A,0.493,0.056016696100083606,0.044310345059208715,1.264190022109567,,1000
1:27701435,1,27701435,G,A,0.46899998,-0.03574255663948748,0.04527006782323232,-0.7895406028339241,,1000
1:27705859,1,27705859,G,A,0.148,0.021481717859488617,0.06313302449335649,0.3402611871026256,,1000
1:27715390,1,27715390,G,A,0.45099998,-0.024494890361674113,0.04618837977116134,-0.5303258196765759,,1000
1:27719139,1,27719139,G,A,0.39600003,-0.050317174475266915,0.04743710603113917,-1.060713409503463,,1000
1:27736990,1,27736990,G,A,0.48250002,-0.044401444761343146,0.04545973691844557,-0.9767202313774717,,1000
1:27758456,1,27758456,G,A,0.25950003,-0.004005048096736714,0.052150834745007195,-0.07679739195584301,,1000
1:27758631,1,27758631,G,A,0.302,0.01445715082514041,0.04917544527099088,0.293991254079581,,1000
1:27780900,1,27780900,G,A,0.41500002,-0.008034945985830677,0.04616079031095581,-0.174064307211908,,1000
1:27804334,1,27804334,G,A,0.467,-0.037587075913430655,0.04679749199484323,-0.8031856903265777,,1000
1:27812616,1,27812616,G,A,0.16900003,-0.053945402673481406,0.06067089306681728,-0.889147990850752,,1000
1:27841305,1,27841305,G,A,0.35750002,-0.04061373223923934,0.04688762636143522,-0.8661929679733987,,1000
1:27870541,1,27870541,G,A,0.353,-0.052598826259862376,0.04739200773134923,-1.1098670171989549,,1000
1:27915003,1,27915003,G,A,0.4375,-0.044881165043035326,0.046221619575260615,-0.9709994036439444,,1000
1:27949892,1,27949892,G,A,0.34899998,0.03602973537539712,0.04829335792250434,0.746059850160213,,1000
1:27950197,1,27950197,G,A,0.265,0.023863530399241394,0.050991804053701004,0.4679875686318137,,1000
1:27965075,1,27965075,G,A,0.18400002,-0.021004742019554826,0.05837311413926401,-0.3598358992710692,,1000
1:27995740,1,27995740,G,A,0.499,-0.014080568911002476,0.04519991946701231,-0.3115175663372304,,1000
1:28044175,1,28044175,G,A,0.22299999,-0.021811688082492914,0.05532245336269879,-0.3942646566936141,,1000
1:28046418,1,28046418,G,A,0.17900002,-0.005621265081815994,0.06025992366451328,-0.09328364093375587,,1000
1:28088633,1,28088633,G,A,0.40249997,0.0740497643116533,0.04813188680690254,1.5384762415138464,,1000
1:28098060,1,28098060,G,A,0.291,0.098866908665746,0.05180981194916821,1.9082661169036204,,1000
1:28104321,1,28104321,G,A,0.13950002,0.10233164096585799,0.06843063675678424,1.4954068209180122,,1000
1:28105187,1,28105187,G,A,0.2065,0.007066593048269475,0.05521674667444969,0.12797916345801993,,1000
1:28114457,1,28114457,G,A,0.13099998,-0.1648730281982523,0.06922767956819177,-2.381605583585196,,1000
1:28172141,1,28172141,G,A,0.16649997,0.03413505766256666,0.06291906493558062,0.5425232828478247,,1000
1:28175912,1,28175912,G,A,0.08899999,0.11114011025798952,0.07844945880348829,1.4167097128915773,,1000
1:28186922,1,28186922,G,A,0.34899998,-0.08944847992241836,0.04737620954426032,-1.8880463587711218,,1000
1:28189840,1,28189840,G,A,0.20850003,0.04895181811321053,0.054504413622414045,0.8981257637653017,,1000
1:28190068,1,28190068,G,A,0.07249999,0.0027820703126457255,0.08801907976161644,0.03160758235805752,,1000
1:28196680,1,28196680,G,A,0.33999997,0.01975377870648514,0.04751834569536865,0.41570846832764285,,1000
1:28204740,1,28204740,G,A,0.16350001,0.08398643074436771,0.06287696313922496,1.3357265769722566,,1000
1:28207971,1,28207971,G,A,0.1325,-0.06357343097787778,0.06792417839695816,-0.9359469997023148,,1000
1:28267185,1,28267185,G,A,0.47649997,0.058089806262534106,0.04435032421753788,1.3097943991932102,,1000
1:28272917,1,28272917,G,A,0.08249998,-0.015935308911473198,0.08009854024922698,-0.1989463086579407,,1000
1:28317303,1,28317303,G,A,0.21249998,-0.017599876172187556,0.054425145861224954,-0.3233776573987382,,1000
1:28338207,1,28338207,G,A,0.31199998,-0.023909186286672084,0.049551997815374726,-0.4825070096215913,,1000
1:28348818,1,28348818,G,A,0.48150003,0.0027165416625977226,0.04443729538597455,0.0611320207272364,,1000
1:28356739,1,28356739,G,A,0.08200002,-0.17074967706434788,0.08270380437104542,-2.0645927761471548,,1000
1:28398069,1,28398069,G,A,0.49049997,0.11217012908677682,0.04539438005583834,2.4710135692744237,,1000
1:28413965,1,28413965,G,A,0.4365,-0.05171803367135277,0.04732593697912099,-1.0928052770338061,,1000
1:28433649,1,28433649,G,A,0.41250002,-0.06558165065544108,0.04624458939421812,-1.4181475393019847,,1000
1:28446756,1,28446756,G,A,0.108500004,0.004783688037513333,0.07241907633440105,0.06605563450470232,,1000
1:28465798,1,28465798,G,A,0.17449999,-0.0020740458147221565,0.06186494668263974,-0.033525379490938215,,1000
1:28481083,1,28481083,G,A,0.17049998,0.06627726286781321,0.06055512464488276,1.094494698119889,,1000
1:28487590,1,28487590,G,A,0.31199998,-0.02734587187161553,0.048527256704716054,-0.5635157173217656,,1000
1:28500557,1,28500557,G,A,0.11949998,0.057570674179670225,0.07030051677098019,0.8189224891080061,,1000
1:28506245,1,28506245,G,A,0.43699998,0.06118365181239981,0.046947608023109454,1.3032325690008066,,1000
1:28533676,1,28533676,G,A,0.35149997,0.01821778478029414,0.04695069975364082,0.38801945180553843,,1000
1:28563972,1,28563972,G,A,0.44199997,0.08560616382484623,0.04389958726914003,1.9500448443856913,,1000
1:28570056,1,28570056,G,A,0.14850003,-0.048100853904424416,0.0640597811579309,-0.7508744649913514,,1000
1:28589908,1,28589908,G,A,0.353,-0.030217524016635834,0.04825569360204192,-0.6261960353494368,,1000
1:28615155,1,28615155,G,A,0.4335,-0.0966552809778595,0.045308822689919294,-2.133255186066978,,1000
1:28658788,1,28658788,G,A,0.07950002,-0.04355900844158318,0.08438648223511015,-0.5161846694856047,,1000
1:28688730,1,28688730,G,A,0.2665,0.0025322340831634774,0.05038182842259561,0.05026086115659516,,1000
1:28699541,1,28699541,G,A,0.393,0.028809878057150972,0.04591247368295423,0.6274956617693008,,1000
1:28709380,1,28709380,G,A,0.23549998,-0.04147056952202611,0.05359317467327791,-0.7738031899555251,,1000
1:28727994,1,28727994,G,A,0.21899998,-0.013179146191486942,0.05623889540798093,-0.2343421949503061,,1000
1:28728438,1,28728438,G,A,0.060500026,0.066667761516184,0.09609046133371722,0.6938020755738731,,1000
1:28735943,1,28735943,G,A,0.28750002,0.0017923134865206103,0.05004859119974193,0.035811467287212115,,1000
1:28748124,1,28748124,G,A,0.272,0.03999847844680949,0.051701962700079096,0.7736355905643075,,1000
1:28751506,1,28751506,G,A,0.384,-0.018616114308071675,0.04668426764482108,-0.3987663349397504,,1000
1:28820899,1,28820899,G,A,0.102,0.036616637860297084,0.07382784655009086,0.4959732617346946,,1000
1:28840827,1,28840827,G,A,0.23000002,0.020351705405940234,0.055876544761372764,0.3642262686938597,,1000
1:28869117,1,28869117,G,A,0.16600001,-0.0379924133825422,0.061561382806747125,-0.617146848403448,,1000
1:28899869,1,28899869,G,A,0.16250002,-0.031144431286015056,0.0622980011885143,-0.4999266540152987,,1000
1:28905855,1,28905855,G,A,0.16100001,-0.08088869253362267,0.06285161618956732,-1.2869787196824591,,1000
1:28911862,1,28911862,G,A,0.19550002,0.03496160376288843,0.05640495383728785,0.619832149207012,,1000
1:28997486,1,28997486,G,A,0.362,0.013049136009285239,0.04650833386762262,0.28057629513082954,,1000
1:28997890,1,28997890,G,A,0.24150002,-0.06798810240248893,0.0527990035326102,-1.287677756276167,,1000
1:29009513,1,29009513,G,A,0.0765,-0.03169667092730442,0.08748727980241182,-0.3623003366762652,,1000
1:29012950,1,29012950,G,A,0.21249998,0.01541982968095265,0.05621956725669015,0.2742786974959805,,1000
1:29022581,1,29022581,G,A,0.09500003,-0.16677616184268912,0.07707664946003674,-2.163770260007999,,1000
1:29061847,1,29061847,G,A,0.143,0.07459166525961931,0.06653013819688078,1.1211710554227663,,1000
1:29063436,1,29063436,G,A,0.116,0.11728624464959639,0.07051353153908131,1.6633154245663024,,1000
1:29079222,1,29079222,G,A,0.481,-0.015134134663931244,0.04696352333895303,-0.3222529654494324,,1000
1:29084872,1,29084872,G,A,0.4385,0.03838894472938631,0.046203859432077374,0.830860131626461,,1000
1:29093908,1,29093908,G,A,0.3355,-0.11211364238145567,0.047642734735698626,-2.353215931105002,,1000
1:29105136,1,29105136,G,A,0.15249997,-0.11582385369035507,0.06236188175356317,-1.8572860605467096,,1000
1:29124901,1,29124901,G,A,0.12650001,-0.04182475804234106,0.06883280363160768,-0.6076282794782942,,1000
1:29142799,1,29142799,G,A,0.412,-0.10747789031648335,0.045850626468511506,-2.3440877168885605,,1000
1:29163440,1,29163440,G,A,0.07099998,-0.14975258332757044,0.08998300445381271,-1.6642318650788859,,1000
1:29168465,1,29168465,G,A,0.36799997,-0.0171035995016896,0.04800742182074758,-0.35626990271528935,,1000
1:29168538,1,29168538,G,A,0.16799998,0.009126288688878293,0.06120158510740117,0.14911850196139187,,1000
1:29171430,1,29171430,G,A,0.2515,-0.017122752596184135,0.053397538077891604,-0.32066558145821217,,1000
1:29188753,1,29188753,G,A,0.35900003,0.0003525881533127041,0.0473744651021276,0.00744257803339017,,1000
1:29193727,1,29193727,G,A,0.07499999,-0.09897869266304801,0.08682704032264457,-1.1399523961112639,,1000
1:29221380,1,29221380,G,A,0.1315,-0.05687119030386445,0.06964797996714198,-0.8165518990025946,,1000
1:29263889,1,29263889,G,A,0.37949997,0.0475532750897543,0.048276682884574276,0.9850153790278097,,1000
1:29264327,1,29264327,G,A,0.43449998,0.028366731591635174,0.046695887212896595,0.6074781588859238,,1000
1:29327428,1,29327428,G,A,0.17049998,0.1080991581760201,0.061372038890147446,1.7613747258668009,,1000
1:29342049,1,29342049,G,A,0.1275,0.06559988721081039,0.06714923133237768,0.9769268524624163,,1000
1:29365615,1,29365615,G,A,0.47500002,0.027979556874385254,0.045667864928763735,0.6126749502747705,,1000
1:29367078,1,29367078,G,A,0.43199998,-0.010520033011473168,0.04614115851020461,-0.22799672464111517,,1000
1:29370828,1,29370828,G,A,0.44450003,-0.029211723144857434,0.04607757822183059,-0.6339682828863938,,1000
1:29396164,1,29396164,G,A,0.10900003,0.06593932778517665,0.07457743220639597,0.8841726757591624,,1000
1:29461505,1,29461505,G,A,0.43949997,-0.04982321039811943,0.04480682729618556,-1.1119557755958525,,1000
1:29464340,1,29464340,G,A,0.29299998,-0.09837017928707943,0.05172137463383051,-1.9019250741788354,,1000
1:29469069,1,29469069,G,A,0.34149998,0.01899455573784016,0.04821021424825759,0.3939944269906799,,1000
1:29486439,1,29486439,G,A,0.2615,0.002200068726381679,0.05314678252209982,0.041396084992856026,,1000
1:29489479,1,29489479,G,A,0.20249999,0.07301886032346541,0.05699723369012433,1.281094811029699,,1000
1:29536205,1,29536205,G,A,0.09899998,-0.06257387741403912,0.07659625618930176,-0.816931277416387,,1000
1:29537370,1,29537370,G,A,0.144,0.0771369440562601,0.06530288590329186,1.1812179965598075,,1000
1:29538041,1,29538041,G,A,0.29650003,-0.01569217162163823,0.050725518491930244,-0.30935458302185015,,1000
1:29549536,1,29549536,G,A,0.199,-0.1923350608686705,0.05935058956326592,-3.240659651133662,,1000
1:29565897,1,29565897,G,A,0.09100002,0.10988871975986542,0.0802482692679609,1.3693593738817051,,1000
1:29581502,1,29581502,G,A,0.34149998,0.005092402445298337,0.04757858736505564,0.10703139221486177,,1000
1:29639842,1,29639842,G,A,0.2995,-0.013949888480587093,0.050178611533166086,-0.2780046727950367,,1000
1:29677044,1,29677044,G,A,0.073000014,-0.02872066189902865,0.0871377665005097,-0.32960062040218413,,1000
1:29702915,1,29702915,G,A,0.35500002,-0.024600607336140022,0.04739760019092683,-0.5190264324996192,,1000
1:29718819,1,29718819,G,A,0.45850003,-0.0018342479228017467,0.0459258330187956,-0.039939350083232295,,1000
1:29723045,1,29723045,G,A,0.40100002,-0.020068669702849345,0.04617153324666572,-0.4346546084063302,,1000
1:29737668,1,29737668,G,A,0.4645,-0.03297479729787466,0.04668696364942714,-0.7062956063170596,,1000
1:29754470,1,29754470,G,A,0.22049999,-0.022433224885201546,0.05504406124070416,-0.40755032204296276,,1000
1:29765234,1,29765234,G,A,0.08700001,-0.035276410144516365,0.08270317558114264,-0.4265423896559521,,1000
1:29805506,1,29805506,G,A,0.37150002,0.004962538061470839,0.04655227093322342,0.10660141733126868,,1000
1:29822181,1,29822181,G,A,0.46350002,-0.03130017086963208,0.044766757749308016,-0.6991833325279381,,1000
1:29843908,1,29843908,G,A,0.20700002,0.032284038368314276,0.05636464642489723,0.572771061579016,,1000
1:29851991,1,29851991,G,A,0.15899998,0.07168876284673885,0.06255788791118473,1.1459588109579002,,1000
1:29859175,1,29859175,G,A,0.347,0.015062083753532483,0.04800490886396962,0.3137613237890641,,1000
1:29900788,1,29900788,G,A,0.37150002,-0.023401476640530595,0.04895756432228366,-0.47799511606583567,,1000
1:29920721,1,29920721,G,A,0.43400002,0.02936843659389082,0.04617698275188441,0.6359973052308694,,1000
1:29933824,1,29933824,G,A,0.39349997,-0.009363533452097677,0.047314486874454706,-0.19789992601934123,,1000
1:29961289,1,29961289,G,A,0.23900002,-0.06690830970126267,0.05368984579935664,-1.2462004445180288,,1000
1:29967941,1,29967941,G,A,0.25,0.05245815179556209,0.05156220875033869,1.0173759632672352,,1000
1:29998128,1,29998128,G,A,0.422,0.010922120996708733,0.04772601289320248,0.228850480788106,,1000
1:30016159,1,30016159,G,A,0.16149998,0.10089397075739628,0.06302104437920386,1.6009568192857497,,1000
1:30024205,1,30024205,G,A,0.096000016,0.058004196690330134,0.07526149545544343,0.7707021543927463,,1000
1:30031138,1,30031138,G,A,0.13599998,0.14669668189938243,0.06672379625845642,2.1985661806643746,,1000
1:30061032,1,30061032,G,A,0.2715,0.035591768649788316,0.0516993985074316,0.6884368034702015,,1000
1:30131277,1,30131277,G,A,0.337,0.05019290248545681,0.0470811339129487,1.0660937474076486,,1000
1:30185055,1,30185055,G,A,0.065,0.03308718417926634,0.09414203354501356,0.3514602662948199,,1000
1:30190180,1,30190180,G,A,0.18349999,0.004370075377976172,0.05938605248211309,0.07358757141321065,,1000
1:30223478,1,30223478,G,A,0.37300003,-0.027160888556456077,0.047315108986822875,-0.5740426079124178,,1000
1:30235641,1,30235641,G,A,0.43199998,-0.011824825517730283,0.048266969582894406,-0.24498794144144792,,1000
1:30256338,1,30256338,G,A,0.102999985,-0.09552465579391042,0.07639616161288708,-1.2503855400216417,,1000
1:30267798,1,30267798,G,A,0.27499998,0.007540223758656157,0.050718026573469424,0.14866950210954077,,1000
1:30272856,1,30272856,G,A,0.116,-0.1096961489984429,0.07228745416659384,-1.5174991326383815,,1000
1:30284262,1,30284262,G,A,0.399,0.0374830217656902,0.045222187061724976,0.8288635336130165,,1000
1:30315283,1,30315283,G,A,0.13099998,-0.15119579393386823,0.06800128272080247,-2.223425616170259,,1000
1:30319321,1,30319321,G,A,0.09350002,0.13991431716180036,0.07846998290674562,1.7830297902329826,,1000
1:30320940,1,30320940,G,A,0.2425,0.07750182201148477,0.05222121792024975,1.4841059840818456,,1000
1:30349565,1,30349565,G,A,0.089999974,0.1103560612775398,0.07769476096410237,1.4203797001000886,,1000
1:30354782,1,30354782,G,A,0.4155,-0.046333429499239735,0.04645724817738118,-0.9973347823429256,,1000
1:30413514,1,30413514,G,A,0.41250002,0.0037751987627974684,0.04610104448225133,0.08188965792848578,,1000
1:30416729,1,30416729,G,A,0.26700002,0.1075614500403273,0.05182164465555986,2.0756085754369664,,1000
1:30450574,1,30450574,G,A,0.2975,0.05349612758242917,0.050104778800497005,1.0676851362908029,,1000
1:30474647,1,30474647,G,A,0.11650002,-0.12159699992545933,0.06878197505013088,-1.7678614177164131,,1000
1:30503181,1,30503181,G,A,0.185,-0.005210338650571084,0.057761325412071164,-0.09020462417370723,,1000
1:30555354,1,30555354,G,A,0.12199998,-0.08939401611718177,0.06887041303689811,-1.2980031943367016,,1000
1:30559799,1,30559799,G,A,0.12650001,0.1732985923778068,0.06739859504114483,2.571249330524074,,1000
1:30590973,1,30590973,G,A,0.218,-0.016280014999669815,0.05625969047943243,-0.28937263715699796,,1000
1:30596309,1,30596309,G,A,0.343,0.03888804369440285,0.04847644792095414,0.802204892524589,,1000
1:30596659,1,30596659,G,A,0.3735,0.022765684706465106,0.045972568393140414,0.49520149737516045,,1000
1:30647216,1,30647216,G,A,0.2335,0.012721310041795898,0.05377535735540582,0.23656393313613333,,1000
1:30670202,1,30670202,G,A,0.18550003,0.005248068414930643,0.057369952249381115,0.09147765004436198,,1000
1:30671004,1,30671004,G,A,0.4185,-0.0007675713461309471,0.04518276819890905,-0.01698814341679668,,1000
1:30715396,1,30715396,G,A,0.23900002,0.047590147021983706,0.05510882942432777,0.8635666465630832,,1000
1:30732365,1,30732365,G,A,0.30699998,0.058337975023255856,0.04858936614009721,1.200632559293953,,1000
1:30749807,1,30749807,G,A,0.18349999,0.0839087433516001,0.0593267863415331,1.414348366495925,,1000
1:30773483,1,30773483,G,A,0.088,0.08917109659566899,0.07925744869379245,1.1250815925223314,,1000
1:30779670,1,30779670,G,A,0.11500001,-0.05361118898988254,0.07111847977149417,-0.7538292320383804,,1000
1:30781303,1,30781303,G,A,0.384,0.021410873948658024,0.045640419933929206,0.4691208796863222,,1000
1:30822202,1,30822202,G,A,0.18049997,-0.08699489659510239,0.061635371747028746,-1.4114443399831713,,1000
1:30831220,1,30831220,G,A,0.0995,0.021670188904330458,0.07648844649280873,0.28331323092524624,,1000
1:30885971,1,30885971,G,A,0.333,0.08249357213663036,0.0497361848461071,1.658622839525803,,1000
1:30908588,1,30908588,G,A,0.26450002,0.02210105704702966,0.052877501157281556,0.4179671233194462,,1000
1:30912355,1,30912355,G,A,0.055999994,-0.07695091422030469,0.09825171996864374,-0.7832017011494858,,1000
1:30948144,1,30948144,G,A,0.4875,-0.005179209934025538,0.04554474699601942,-0.11371695476710406,,1000
1:30995054,1,30995054,G,A,0.21499997,0.03191403068181821,0.05467483461229619,0.5837060305371431,,1000
1:30999907,1,30999907,G,A,0.34500003,-0.0070689026275908085,0.04781939537634908,-0.14782501058319542,,1000
1:31044490,1,31044490,G,A,0.47750002,-0.05307653499203392,0.045305983928848784,-1.171512687493742,,1000
1:31052239,1,31052239,G,A,0.32599998,0.04510072625034928,0.048280287311768276,0.9341437004944255,,1000
1:31061294,1,31061294,G,A,0.19,0.10386244167195051,0.058572012599987976,1.7732435178772026,,1000
1:31073265,1,31073265,G,A,0.2755,-0.05648155180224433,0.0497158156828141,-1.1360882050612524,,1000
1:31079503,1,31079503,G,A,0.086000025,-0.197869493927601,0.07969616227156255,-2.4827982714320167,,1000
1:31099209,1,31099209,G,A,0.11650002,-0.028880970566445157,0.0722675267452952,-0.3996396703630844,,1000
1:31146083,1,31146083,G,A,0.19,0.15367063131072956,0.05625082171062048,2.73188242655868,,1000
1:31175240,1,31175240,G,A,0.07849997,0.012744359687472413,0.08421434635464596,0.15133240640262155,,1000
1:31197882,1,31197882,G,A,0.111,-0.06139850696214908,0.0722462699279964,-0.8498502002019115,,1000
1:31199894,1,31199894,G,A,0.44050002,-0.0101390340278227,0.04589081237552325,-0.22093821187681895,,1000
1:31206053,1,31206053,G,A,0.14200002,-0.04588477190960625,0.06667876635043367,-0.6881466832852978,,1000
1:31216360,1,31216360,G,A,0.19450003,0.041534933741909856,0.058448276792697526,0.7106271736500398,,1000
1:31241030,1,31241030,G,A,0.114499986,-0.008983089351966773,0.07266731733527057,-0.12361938876208722,,1000
1:31251098,1,31251098,G,A,0.22100002,0.0746738007663511,0.05466967842855788,1.3659089080601512,,1000
1:31263041,1,31263041,G,A,0.37199998,-0.029711937449741294,0.04618208159693291,-0.643365054634405,,1000
1:31276623,1,31276623,G,A,0.48150003,0.07955195025312978,0.04569315784336194,1.7410035551895362,,1000
1:31288563,1,31288563,G,A,0.296,0.0826075664711017,0.049671048642508916,1.6630928625172094,,1000
1:31299029,1,31299029,G,A,0.194,-0.02725641105983483,0.05847817164151711,-0.4660954728017504,,1000
1:31335283,1,31335283,G,A,0.2855,0.025346379455600497,0.05087271274938365,0.4982313323935646,,1000
1:31343820,1,31343820,G,A,0.11250001,0.0348949530883715,0.07306663138825788,0.4775771432919688,,1000
1:31349380,1,31349380,G,A,0.362,-0.02500109639494131,0.04868349339106486,-0.5135435987329926,,1000
1:31354978,1,31354978,G,A,0.18800002,0.09415139666053912,0.058105239178320146,1.620359850367302,,1000
1:31356086,1,31356086,G,A,0.454,0.07235850253790703,0.046179014202760146,1.5669131051650322,,1000
1:31378292,1,31378292,G,A,0.34649998,-0.03257296361066909,0.04684545831102831,-0.6953281019133672,,1000
1:31397111,1,31397111,G,A,0.2295,-0.10026380643492244,0.05299065235765025,-1.8921036442090031,,1000
1:31457081,1,31457081,G,A,0.157,0.07821327023322575,0.06225321206214168,1.2563732479402443,,1000
1:31530804,1,31530804,G,A,0.0855,-0.047798546866967946,0.07911720647375081,-0.6041485663782423,,1000
1:31549032,1,31549032,G,A,0.13349998,-0.016066682014898238,0.06446983132923216,-0.2492124096439697,,1000
1:31556004,1,31556004,G,A,0.283,-0.0076416364333610366,0.05161193634021144,-0.14805947955506857,,1000
1:31579613,1,31579613,G,A,0.301,0.10344963496918311,0.049747573263274135,2.0794910823429897,,1000
1:31632287,1,31632287,G,A,0.0625,0.0017266559426906858,0.09484904881777266,0.018204251536649545,,1000
1:31632484,1,31632484,G,A,0.407,0.012711679783244858,0.04549650586933242,0.27939903384565956,,1000
1:31657525,1,31657525,G,A,0.0765,-0.0624343793503834,0.0855963704452385,-0.7294045182713289,,1000
1:31664127,1,31664127,G,A,0.08899999,0.025049714129119043,0.07996260233910256,0.313267870183728,,1000
1:31665405,1,31665405,G,A,0.38599998,0.03728058632902276,0.04536488953532371,0.8217938302262139,,1000
1:31670311,1,31670311,G,A,0.3545,-0.019633111211042862,0.0480056515800615,-0.4089749970021698,,1000
1:31676807,1,31676807,G,A,0.13300002,-0.033669693343465625,0.0675754136678946,-0.4982536031364652,,1000
1:31699264,1,31699264,G,A,0.33999997,0.04359701103783405,0.04739931049942048,0.9197815448890778,,1000
1:31707049,1,31707049,G,A,0.047999978,-0.021600215681584444,0.10355656823000645,-0.20858373399945854,,1000
1:31725527,1,31725527,G,A,0.18349999,0.021099072532791033,0.05801838038163551,0.3636618670497996,,1000
1:31738454,1,31738454,G,A,0.394,0.0688670392433514,0.04709118365539018,1.4624189476169325,,1000
1:31745494,1,31745494,G,A,0.25300002,-0.05986120989483572,0.05351606798476945,-1.1185651739562048,,1000
1:31751306,1,31751306,G,A,0.42799997,0.08069043785732036,0.04516254612162279,1.7866671564535115,,1000
1:31770094,1,31770094,G,A,0.110000014,0.005502572346790698,0.07284559072658363,0.07553747992028621,,1000
1:31808286,1,31808286,G,A,0.435,0.00962775121299715,0.04635120339346311,0.20771307987992707,,1000
1:31834023,1,31834023,G,A,0.268,0.046108143916730224,0.05139030271900783,0.8972148727910901,,1000
1:31853088,1,31853088,G,A,0.09100002,-0.16447767447831224,0.08065975735122109,-2.0391540946759648,,1000
1:31873647,1,31873647,G,A,0.08099997,0.018554370998386943,0.08556733029250012,0.2168394284940454,,1000
1:31886948,1,31886948,G,A,0.055999994,0.08190887819584339,0.1011130755444799,0.8100720678782188,,1000
1:31918508,1,31918508,G,A,0.333,-0.025146893037901158,0.049328891038255704,-0.5097802222717547,,1000
1:31927922,1,31927922,G,A,0.13800001,0.05927330155462145,0.06659967121755016,0.8899939064414167,,1000
1:31935647,1,31935647,G,A,0.13200003,0.07971244319672012,0.06513253485958731,1.2238498527435508,,1000
1:31941563,1,31941563,G,A,0.311,-0.015712445508954568,0.048505353603193344,-0.32393219184614175,,1000
1:31970600,1,31970600,G,A,0.22649997,0.027208408984873794,0.05542585933429393,0.4908973773553926,,1000
1:31978889,1,31978889,G,A,0.26999998,-0.006327885653874291,0.051299976427625155,-0.12335065422109454,,1000
1:31981909,1,31981909,G,A,0.102,-0.034995787089359236,0.07584790406873276,-0.46139425365856296,,1000
1:31984288,1,31984288,G,A,0.15499997,0.07680626628370359,0.06290672495389024,1.2209547761388233,,1000
1:32002178,1,32002178,G,A,0.084500015,-0.022629821725862042,0.0825134042158882,-0.27425630951612834,,1000
1:32005217,1,32005217,G,A,0.21600002,-0.01924473405918093,0.055137352226511054,-0.3490326118693764,,1000
1:32027217,1,32027217,G,A,0.20099998,-0.09661471936653732,0.05613664390047652,-1.7210633314279267,,1000
1:32038061,1,32038061,G,A,0.38450003,-0.0014730252047775825,0.0462308544645261,-0.03186238329010046,,1000
1:32043446,1,32043446,G,A,0.4775,0.04261884780526238,0.04513846487412055,0.9441802667440125,,1000
1:32049004,1,32049004,G,A,0.496,-0.04809090148191556,0.04526845862961975,-1.062348993929496,,1000
1:32073693,1,32073693,G,A,0.22350001,0.10504353408939221,0.05489409970473321,1.913566934413807,,1000
1:32105737,1,32105737,G,A,0.4195,0.04959493552118066,0.04773212305733615,1.0390263902908088,,1000
1:32134441,1,32134441,G,A,0.1785,0.08934712872132834,0.06065110043626033,1.4731328546169635,,1000
1:32134445,1,32134445,G,A,0.120000005,-0.020427160261226283,0.07057027287198292,-0.28945842817246725,,1000
1:32227331,1,32227331,G,A,0.3365,-0.008478456856103865,0.050309871678138794,-0.16852471638857347,,1000
1:32254833,1,32254833,G,A,0.27749997,-0.043138297967743634,0.050987106844958274,-0.8460628703432552,,1000
1:32266498,1,32266498,G,A,0.3275,-0.0547547253017729,0.04865066527293337,-1.1254671440687471,,1000
1:32318233,1,32318233,G,A,0.23049998,-0.056380111297470024,0.05439064429614611,-1.036577375154662,,1000
1:32325150,1,32325150,G,A,0.1965,-0.04129642422356018,0.054711848624077485,-0.7547985539166471,,1000
1:32337260,1,32337260,G,A,0.48049998,0.04793508909819208,0.04583705601694229,1.0457715495618722,,1000
1:32339835,1,32339835,G,A,0.42400002,-0.08312165675861148,0.04707621469272694,-1.7656826765099571,,1000
1:32356073,1,32356073,G,A,0.110000014,0.07176953439434079,0.06840134616205558,1.049241548906148,,1000
1:32359861,1,32359861,G,A,0.30949998,-0.008967003343117482,0.04846736543575213,-0.1850111567339895,,1000
1:32363576,1,32363576,G,A,0.19800001,0.02615054330983315,0.05649079801745307,0.46291686836772655,,1000
1:32377376,1,32377376,G,A,0.319,0.027328340652475382,0.04906874685342304,0.5569398528580715,,1000
1:32382712,1,32382712,G,A,0.14700001,-0.0008193304845809427,0.0647508011348752,-0.012653596097973929,,1000
1:32386346,1,32386346,G,A,0.37550002,0.08129680718076995,0.04758797343191297,1.7083477466651587,,1000
1:32401728,1,32401728,G,A,0.19450003,-0.020636444035426676,0.05662429136267774,-0.3644450736389893,,1000
1:32425302,1,32425302,G,A,0.36,0.04037517452193624,0.046503469198226864,0.8682185483803799,,1000
1:32436729,1,32436729,G,A,0.121500015,0.007309558466965579,0.06965131702704559,0.10494501437966032,,1000
1:32446437,1,32446437,G,A,0.10500002,-0.006693324195798414,0.07278968803841071,-0.0919542915511107,,1000
1:32456982,1,32456982,G,A,0.19450003,-0.014308756620299663,0.05511440572334277,-0.259619176375142,,1000
1:32469248,1,32469248,G,A,0.4765,-0.029443659960803607,0.04480613880480832,-0.6571345075966218,,1000
1:32469421,1,32469421,G,A,0.4195,0.017786163090631413,0.046542916379276794,0.38214543639020204,,1000
1:32474984,1,32474984,G,A,0.3585,0.03095663680013407,0.04724007496275684,0.65530456555244,,1000
1:32482295,1,32482295,G,A,0.18449998,0.07514581013997478,0.05869018602654557,1.2803811885344225,,1000
1:32482873,1,32482873,G,A,0.1275,0.03392831972403393,0.06868298583730503,0.4939843443091233,,1000
1:32544961,1,32544961,G,A,0.374,0.03321994347487212,0.04571051663677086,0.7267461826968072,,1000
1:32557231,1,32557231,G,A,0.13749999,-0.013629414404545454,0.06847247110232606,-0.19904954772520914,,1000
1:32576170,1,32576170,G,A,0.23500001,-0.03539409701627721,0.05316187261127478,-0.6657797266676925,,1000
1:32580458,1,32580458,G,A,0.272,0.07097879168503701,0.0494225209528259,1.4361629135184486,,1000
1:32648169,1,32648169,G,A,0.091499984,-0.22457756669321027,0.0765725569323648,-2.932872763953484,,1000
1:32672749,1,32672749,G,A,0.42049998,-0.03107371308182684,0.04584046571346008,-0.6778664352160519,,1000
1:32686305,1,32686305,G,A,0.4525,-0.04722460116627202,0.044739611156932306,-1.055543397563809,,1000
1:32702703,1,32702703,G,A,0.111,-0.12401326467189758,0.07328378041832764,-1.6922334514402715,,1000
1:32735804,1,32735804,G,A,0.44,-0.0031980767756056992,0.04594962049014595,-0.06959963415348637,,1000
1:32740088,1,32740088,G,A,0.2755,-0.02959810184373928,0.05188751089251042,-0.5704282463087191,,1000
1:32775007,1,32775007,G,A,0.1415,0.0431202652056158,0.06562459711682475,0.6570747417900823,,1000
1:32791817,1,32791817,G,A,0.32,-0.02613053541407326,0.04876228725613182,-0.5358759173214822,,1000
1:32797856,1,32797856,G,A,0.45850003,0.00862699386229853,0.04639892131796652,0.18593091428093178,,1000
1:32833109,1,32833109,G,A,0.44700003,0.003005776545493323,0.0454366015693721,0.06615319899980057,,1000
1:32833207,1,32833207,G,A,0.36549997,0.06864363739118698,0.04837560678013634,1.4189721216969409,,1000
1:32843746,1,32843746,G,A,0.24650002,0.02844706189459112,0.05324947406272293,0.5342224011655613,,1000
1:32916782,1,32916782,G,A,0.14050001,-0.04859326356824175,0.0657399194022032,-0.7391743709167554,,1000
1:32945954,1,32945954,G,A,0.3345,0.008614057113428343,0.04827117255548815,0.17845137495937988,,1000
1:32963685,1,32963685,G,A,0.3535,-0.03125433136056726,0.046826545355133184,-0.6674490104604978,,1000
1:32985193,1,32985193,G,A,0.116,-0.0473367156028766,0.06992639099166297,-0.6769506466953279,,1000
1:32995940,1,32995940,G,A,0.15249997,-0.14799066000459934,0.06253053655130054,-2.3666942291977078,,1000
1:32997729,1,32997729,G,A,0.18300003,0.03909926403724594,0.057660839844587926,0.6780904361197196,,1000
1:33015349,1,33015349,G,A,0.449,-0.014260949367685622,0.04576188228209421,-0.31163380211887987,,1000
1:33019808,1,33019808,G,A,0.32450002,-0.06933593176561932,0.0470529992772238,-1.473570927054201,,1000
1:33065407,1,33065407,G,A,0.18199998,-0.07864445891915946,0.06045628495956971,-1.3008483563247912,,1000
1:33121541,1,33121541,G,A,0.181,-0.07745923596508783,0.05828897609323822,-1.3288831123261649,,1000
1:33122267,1,33122267,G,A,0.110000014,0.07644083263716855,0.07243580531024639,1.0552907130633589,,1000
1:33127677,1,33127677,G,A,0.060000002,-0.03422745047875719,0.09643382788694498,-0.3549319904513594,,1000
1:33134206,1,33134206,G,A,0.277,-0.02964315253500583,0.05036249889176048,-0.5885957445978833,,1000
1:33138882,1,33138882,G,A,0.06650001,-0.14607277604041197,0.09162959448056707,-1.5941659118811367,,1000
1:33163774,1,33163774,G,A,0.4995,0.04582956304411194,0.04385887621683485,1.0449324514730878,,1000
1:33197176,1,33197176,G,A,0.4245,-0.07351735812700687,0.04531227967117568,-1.6224599305201846,,1000
1:33214627,1,33214627,G,A,0.38300002,0.057917580712637945,0.04750550980167937,1.2191760693533384,,1000
1:33218944,1,33218944,G,A,0.38099998,0.10679075265687786,0.04680417633112421,2.2816500797144315,,1000
1:33222266,1,33222266,G,A,0.35650003,-0.018322980579308625,0.04767317727379739,-0.38434569766717613,,1000
1:33245661,1,33245661,G,A,0.07849997,0.04643708430400443,0.08537766898590969,0.5439019928228326,,1000
1:33255877,1,33255877,G,A,0.283,-0.018672707782956658,0.05033333334128539,-0.37098094927165426,,1000
1:33266320,1,33266320,G,A,0.17949998,0.07991148828253393,0.05935171568103061,1.3464056997441511,,1000
1:33267859,1,33267859,G,A,0.18049997,-0.013574300132235807,0.05996117711838314,-0.2263848173866844,,1000
1:33268891,1,33268891,G,A,0.2245,0.027488578597728755,0.0537333044400395,0.5115743184639427,,1000
1:33269286,1,33269286,G,A,0.18449998,0.08534316095559334,0.05867621404110382,1.4544762703300662,,1000
1:33283772,1,33283772,G,A,0.34899998,0.05545831016083882,0.04742826697181481,1.1693092263690767,,1000
1:33458472,1,33458472,G,A,0.050000012,-0.03135285936681577,0.10621260798765064,-0.29518961977151686,,1000
1:33495436,1,33495436,G,A,0.20899999,0.04888270655620005,0.056123381562693045,0.8709864800572513,,1000
1:33517380,1,33517380,G,A,0.482,-0.010677176286548525,0.04516938299774649,-0.23638083095093884,,1000
1:33522481,1,33522481,G,A,0.16399997,0.020265573371247562,0.06040701805664069,0.33548375707348327,,1000
1:33523311,1,33523311,G,A,0.328,0.007446127659458075,0.05021259457356853,0.14829203156487858,,1000
1:33679365,1,33679365,G,A,0.29250002,-0.1202677145517232,0.05012308527582753,-2.3994475577448897,,1000
1:33692119,1,33692119,G,A,0.27249998,-0.0848263084291537,0.0508707725835003,-1.667486144227869,,1000
1:33698789,1,33698789,G,A,0.097500026,0.04565171604877404,0.07836170183634156,0.5825768835919065,,1000
1:33766263,1,33766263,G,A,0.43199998,-0.01935479249792716,0.0455806166555312,-0.4246277018189147,,1000
1:33779714,1,33779714,G,A,0.29900002,0.02927417620615902,0.04909954477100594,0.5962209291896711,,1000
1:33799194,1,33799194,G,A,0.292,0.06802925264217385,0.04846955003843224,1.4035461973183665,,1000
1:33812950,1,33812950,G,A,0.47100002,0.1089269896811139,0.04443093256055122,2.4516025976422253,,1000
1:33833648,1,33833648,G,A,0.07999998,0.13917459381972125,0.08408589017113957,1.6551480104029335,,1000
1:33843292,1,33843292,G,A,0.25300002,-0.03353149262099944,0.0539885916200489,-0.6210847813364218,,1000
1:33877351,1,33877351,G,A,0.3865,-0.17033060333371022,0.04681119547503318,-3.6386723647029333,,1000
1:33931227,1,33931227,G,A,0.393,0.02855628061713955,0.04658011490624425,0.613057324453089,,1000
1:33942385,1,33942385,G,A,0.05250001,-0.005020292045448078,0.1018926117503053,-0.04927042264605643,,1000
1:33957165,1,33957165,G,A,0.37849998,-0.03858537935518349,0.04718166957080039,-0.817804450461055,,1000
1:33957413,1,33957413,G,A,0.458,-0.05162089644180935,0.04722029389658213,-1.0931930359193665,,1000
1:33957755,1,33957755,G,A,0.38200003,0.0408934690892606,0.04608637301077916,0.8873223562135386,,1000
1:33976814,1,33976814,G,A,0.25700003,-0.026610889512747298,0.05159503155389857,-0.5157645748302009,,1000
1:33978003,1,33978003,G,A,0.478,-0.03562997018101247,0.04582112904581845,-0.7775882201720649,,1000
1:33978659,1,33978659,G,A,0.45200002,0.053022364747389465,0.045404790309534857,1.167770281195527,,1000
1:33993872,1,33993872,G,A,0.3625,0.04782311900943169,0.04730426966478664,1.010968340666113,,1000
1:33997464,1,33997464,G,A,0.36900002,0.004752530364468188,0.04838497499091938,0.09822326797440975,,1000
1:33999534,1,33999534,G,A,0.22000003,0.06410695439039693,0.054701765290079335,1.171935751075721,,1000
1:34020415,1,34020415,G,A,0.16000003,-0.07274524057518054,0.059822995152105825,-1.2160079980987017,,1000
1:34021443,1,34021443,G,A,0.33749998,-0.011028693433927754,0.04774112807398018,-0.23101032335971552,,1000
1:34045469,1,34045469,G,A,0.04400003,-0.16498033673091972,0.10832099696122265,-1.5230688542312836,,1000
1:34045505,1,34045505,G,A,0.40399998,-0.055627620894903154,0.04467981125663901,-1.2450281084532873,,1000
1:34045667,1,34045667,G,A,0.45700002,-0.0046685674455289065,0.04656917654493964,-0.10025016098413723,,1000
1:34086264,1,34086264,G,A,0.11250001,-0.09572270532672807,0.07051239928882341,-1.357530112323105,,1000
1:34091077,1,34091077,G,A,0.311,-0.005082269491330652,0.04929622662237369,-0.10309652157076059,,1000
1:34093078,1,34093078,G,A,0.1325,-0.08814846837220172,0.06700671331941765,-1.315516968456614,,1000
1:34109027,1,34109027,G,A,0.26349998,0.08384079224307939,0.05117503851304518,1.638314199249841,,1000
1:34119118,1,34119118,G,A,0.35000002,0.0928007142134871,0.04772432698001209,1.944515933191764,,1000
1:34125540,1,34125540,G,A,0.21700001,-0.06903304135911677,0.05676486873143182,-1.216122628341283,,1000
1:34148990,1,34148990,G,A,0.46350002,0.05901291888120611,0.04508909774736415,1.308806825362921,,1000
1:34206849,1,34206849,G,A,0.44849998,0.018318442596093946,0.04572377120622897,0.4006328024316248,,1000
1:34218901,1,34218901,G,A,0.2855,-0.020222702734461025,0.05152165134904536,-0.39250882308600016,,1000
1:34228245,1,34228245,G,A,0.30150002,0.016024752538636906,0.04962763744828349,0.3228997663919858,,1000
1:34253389,1,34253389,G,A,0.052999973,-0.05521294421500804,0.09858440922647996,-0.5600575653718858,,1000
1:34262608,1,34262608,G,A,0.195,0.0062467260675420485,0.058441459818963946,0.10688860420141351,,1000
1:34275470,1,34275470,G,A,0.379,0.004754644944460548,0.04652874239114123,0.10218726533571218,,1000
1:34301852,1,34301852,G,A,0.4975,-0.09332179229274756,0.04569742854969343,-2.042167256550667,,1000
1:34325125,1,34325125,G,A,0.4885,0.09297586206327421,0.04562894668335098,2.0376508515196363,,1000
1:34333232,1,34333232,G,A,0.07950002,0.00018767633291542644,0.0838244547422348,0.0022389210104920144,,1000
1:34337310,1,34337310,G,A,0.241,-0.004200575543846047,0.053276949320424725,-0.07884414549681577,,1000
1:34356388,1,34356388,G,A,0.056500018,-0.008598958213542998,0.09884657767172667,-0.08699297857433641,,1000
1:34427605,1,34427605,G,A,0.41649997,0.12499441971871683,0.04599108909658824,2.717796472621243,,1000
1:34428804,1,34428804,G,A,0.35549998,-0.0485843780692679,0.04659887230669639,-1.042608450897774,,1000
1:34499222,1,34499222,G,A,0.495,0.054190424965669795,0.04517382957648187,1.199597764318881,,1000
1:34538589,1,34538589,G,A,0.28500003,0.011687090871645106,0.04976431833138723,0.2348488086146224,,1000
1:34543769,1,34543769,G,A,0.10549998,0.08333879457274566,0.07416223925731111,1.1237362221978742,,1000
1:34569362,1,34569362,G,A,0.31550002,-0.031922385280268605,0.049890253598764284,-0.6398521349881309,,1000
1:34575902,1,34575902,G,A,0.4325,-0.028293947959902928,0.0448075719292835,-0.6314546122819863,,1000
1:34590324,1,34590324,G,A,0.061500013,0.03811481719496583,0.09718827841867152,0.3921750422491621,,1000
1:34626633,1,34626633,G,A,0.4005,0.03174427872503881,0.04443582827941641,0.7143847645964418,,1000
1:34655000,1,34655000,G,A,0.3365,0.035877881470454245,0.047692445129153015,0.7522759920003165,,1000
1:34671807,1,34671807,G,A,0.10100001,-0.08705104436489482,0.07563565986621287,-1.1509259589838166,,1000
1:34751595,1,34751595,G,A,0.37150002,-0.08850952971606453,0.047787923594037954,-1.8521317324426925,,1000
1:34755915,1,34755915,G,A,0.06849998,-0.04067853925945244,0.09290497373748816,-0.43785103878715387,,1000
1:34761184,1,34761184,G,A,0.12699997,-0.07935430422135831,0.06750142828733402,-1.1755944464400077,,1000
1:34761501,1,34761501,G,A,0.06400001,-0.0966323879633229,0.09310220772671415,-1.037917255914822,,1000
1:34780909,1,34780909,G,A,0.34899998,-0.018051071147028516,0.047354635919492516,-0.3811891021127708,,1000
1:34783891,1,34783891,G,A,0.19849998,-0.018026057288953047,0.055136554760634476,-0.3269347779746116,,1000
1:34795515,1,34795515,G,A,0.17049998,-0.04050332017031523,0.06036465593911145,-0.6709774045787665,,1000
1:34812382,1,34812382,G,A,0.35399997,0.00792042093792372,0.04767056016332583,0.1661491056699833,,1000
1:34829067,1,34829067,G,A,0.102,0.013192055139751736,0.07585484703531772,0.17391182838467217,,1000
1:34831080,1,34831080,G,A,0.3505,-0.03407911225215491,0.04792945061122705,-0.7110265571075037,,1000
1:34861939,1,34861939,G,A,0.36150002,-0.020503273965403725,0.046196267049839326,-0.44382967011779445,,1000
1:34867176,1,34867176,G,A,0.42549998,-0.034302117378171425,0.04578807996328651,-0.7491495036628598,,1000
1:34907128,1,34907128,G,A,0.338,0.04324343850939568,0.04928279333673221,0.8774551031214542,,1000
1:34924918,1,34924918,G,A,0.34249997,-0.0642325588545971,0.049216520482705924,-1.3051015842773286,,1000
1:34932802,1,34932802,G,A,0.3485,-0.10839347196457422,0.04631714533552119,-2.340245090222474,,1000
1:34954716,1,34954716,G,A,0.05699998,0.12385579079661586,0.09934546562794076,1.2467181064958601,,1000
1:34958763,1,34958763,G,A,0.25,0.17755976807218735,0.05448187226340888,3.259061421636203,,1000
1:34970445,1,34970445,G,A,0.305,-0.011679367164721493,0.049135219040833567,-0.23769848578502145,,1000
1:34971275,1,34971275,G,A,0.36949998,0.07172490731377186,0.04574093545665694,1.5680682215547763,,1000
1:34974353,1,34974353,G,A,0.18199998,0.01125389013241512,0.057355902822055924,0.19621154194590573,,1000
1:34982513,1,34982513,G,A,0.36299998,-0.1334549622376908,0.047265747530898676,-2.823502625245656,,1000
1:35002380,1,35002380,G,A,0.23299998,0.07882953476934561,0.05313366958970301,1.4836079528868509,,1000
1:35004424,1,35004424,G,A,0.3545,-0.03926191524994802,0.04799358690710155,-0.8180658662988677,,1000
1:35009898,1,35009898,G,A,0.13300002,-0.045869763701676496,0.06817113916208652,-0.6728619217087549,,1000
1:35044450,1,35044450,G,A,0.19300002,0.012770611024704668,0.057401085694062645,0.22248030451496517,,1000
1:35055277,1,35055277,G,A,0.46100003,0.04627842665397718,0.04554239242871242,1.016161518664547,,1000
1:35103853,1,35103853,G,A,0.38599998,-0.08027891676653978,0.046626637314260776,-1.7217393616757013,,1000
1:35104617,1,35104617,G,A,0.45850003,-0.026014141155215983,0.04527873037961837,-0.5745333611855404,,1000
1:35119151,1,35119151,G,A,0.15899998,-0.052012984144216776,0.060767625219200455,-0.85593247978008,,1000
1:35142252,1,35142252,G,A,0.4615,0.024614865940853332,0.046540186530233243,0.528894870777175,,1000
1:35154341,1,35154341,G,A,0.37,0.005913734237273373,0.04758425359392409,0.1242792266479616,,1000
1:35154829,1,35154829,G,A,0.30449998,-0.06391271539250756,0.04885538299264116,-1.308202115663169,,1000
1:35156029,1,35156029,G,A,0.04549998,0.28871348030631483,0.10777668278153771,2.678812084906475,,1000
1:35174148,1,35174148,G,A,0.07349998,0.09990363031409298,0.08686045280227556,1.1501624397642527,,1000
1:35210754,1,35210754,G,A,0.3865,-0.0038710116731343826,0.046334253692172526,-0.0835453549948584,,1000
1:35213499,1,35213499,G,A,0.361,-0.011230678490960044,0.04666018310364929,-0.2406908362535271,,1000
1:35259676,1,35259676,G,A,0.13349998,-0.266590389688018,0.0672858142684579,-3.9620593521298844,,1000
1:35280123,1,35280123,G,A,0.2525,0.05542278005942416,0.05091137185104495,1.0886129767152721,,1000
1:35281841,1,35281841,G,A,0.366,0.025593291609544905,0.04866362363878177,0.5259224384833665,,1000
1:35303415,1,35303415,G,A,0.05549997,0.12758176226431606,0.10145551522214659,1.2575143104341202,,1000
1:35351952,1,35351952,G,A,0.34600002,0.030138712848605576,0.04785070408314581,0.6298488899188668,,1000
1:35383986,1,35383986,G,A,0.25199997,-0.03638952337132891,0.05170996813684123,-0.7037235697966495,,1000
1:35393866,1,35393866,G,A,0.096000016,-0.03399976580202889,0.07833031445532992,-0.4340562914683333,,1000
1:35396081,1,35396081,G,A,0.116999984,0.05580631643184097,0.07040860942089738,0.7926064282598595,,1000
1:35402298,1,35402298,G,A,0.26450002,0.0072057516129881765,0.05125057054787305,0.1405984662406304,,1000
1:35409404,1,35409404,G,A,0.31849998,0.011590675507007554,0.048833374065859476,0.23735151888902264,,1000
1:35427854,1,35427854,G,A,0.21649998,-0.08138293169231206,0.05572759204249626,-1.4603705042602912,,1000
1:35453172,1,35453172,G,A,0.116,-0.08805267976164854,0.07055616615083975,-1.2479799366281263,,1000
1:35463344,1,35463344,G,A,0.41500002,-0.04525664320369388,0.046139257872880576,-0.9808706357692529,,1000
1:35490173,1,35490173,G,A,0.26749998,-0.0018679423558047802,0.05101814442580949,-0.03661329467834996,,1000
1:35502494,1,35502494,G,A,0.16399997,0.011024815990763116,0.061953495403596695,0.17795309076496552,,1000
1:35507774,1,35507774,G,A,0.35500002,-0.059801551927768606,0.048209837736026696,-1.2404429207003853,,1000
1:35553687,1,35553687,G,A,0.20850003,0.06356693523481617,0.05496430580954567,1.1565130187412733,,1000
1:35555042,1,35555042,G,A,0.20999998,-0.05550938774000589,0.054933877747121836,-1.0104764130348363,,1000
1:35562620,1,35562620,G,A,0.16750002,0.013139017465999747,0.06284740597177241,0.20906220810292583,,1000
1:35563454,1,35563454,G,A,0.21200001,-0.03025160507898793,0.055388780569002406,-0.5461684617031962,,1000
1:35580543,1,35580543,G,A,0.1965,0.043385942625682385,0.056019494299461854,0.7744793695165357,,1000
1:35581226,1,35581226,G,A,0.467,0.06740807833572145,0.04507850185690458,1.4953486819437565,,1000
1:35609213,1,35609213,G,A,0.17900002,-0.07129724213823568,0.05588217614264577,-1.275849422117012,,1000
1:35610156,1,35610156,G,A,0.3405,-0.08131912051969004,0.047680105527147465,-1.7055146925668954,,1000
1:35637396,1,35637396,G,A,0.14499998,-0.05887443669119437,0.06292609890249239,-0.9356123725772941,,1000
1:35642495,1,35642495,G,A,0.30299997,0.000637399420884895,0.05153847708295115,0.012367447719865704,,1000
1:35674972,1,35674972,G,A,0.27749997,-0.027425576566820094,0.05164957335810027,-0.5309932838490505,,1000
1:35677260,1,35677260,G,A,0.30900002,0.05884190322812538,0.05064818371760093,1.1617771637421428,,1000
1:35703248,1,35703248,G,A,0.208,0.07790424010780836,0.05699352489164238,1.3668963317485976,,1000
1:35733874,1,35733874,G,A,0.43,0.07991900815024615,0.04502452397493209,1.7750106185407302,,1000
1:35788922,1,35788922,G,A,0.185,0.0017306602280077665,0.05910679549644875,0.029280224269843017,,1000
1:35790316,1,35790316,G,A,0.4245,0.012251740724154116,0.045370341813811395,0.27003853694627683,,1000
1:35823503,1,35823503,G,A,0.24949998,0.04459852299857058,0.05266204220162439,0.846881760259478,,1000
1:35881162,1,35881162,G,A,0.34149998,-0.1383530210381129,0.04676358617608753,-2.9585631118440494,,1000
1:35908280,1,35908280,G,A,0.058000028,0.041003800908989266,0.09689076268498799,0.42319618271868853,,1000
1:35912254,1,35912254,G,A,0.2195,-0.041388717432164004,0.056560474503136574,-0.7317604351050624,,1000
1:35921755,1,35921755,G,A,0.32450002,0.05346031596172934,0.048550995066727345,1.1011167925241232,,1000
1:35935919,1,35935919,G,A,0.17049998,-0.07471835333017494,0.0605452770975448,-1.2340905337636134,,1000
1:35940921,1,35940921,G,A,0.199,0.009195205965878181,0.05594720367830449,0.16435505907945758,,1000
1:35943816,1,35943816,G,A,0.245,0.1734123917869171,0.054187608268600355,3.200222289334792,,1000
1:35966582,1,35966582,G,A,0.17449999,-0.03719726663327992,0.06096084857709337,-0.6101828878946602,,1000
1:36041544,1,36041544,G,A,0.3455,0.03986996011730827,0.04700086165816524,0.8482814720989662,,1000
1:36045139,1,36045139,G,A,0.06800002,0.09287366023476748,0.08747172322677883,1.0617563803331462,,1000
1:36059027,1,36059027,G,A,0.40750003,0.0316487686286858,0.0451563845522131,0.7008702964713923,,1000
1:36073940,1,36073940,G,A,0.4595,0.03841287704826023,0.045255216583057076,0.8488055068250734,,1000
1:36075712,1,36075712,G,A,0.12349999,0.023650451080254143,0.06806868986536327,0.34744977649832315,,1000
1:36081387,1,36081387,G,A,0.14200002,0.008901127240388626,0.06530922409315669,0.13629203782442906,,1000
1:36089370,1,36089370,G,A,0.464,-0.050605228148684366,0.0454061053825614,-1.1145027242992687,,1000
1:36093881,1,36093881,G,A,0.13849998,-0.006701385809884085,0.06627984417392743,-0.10110744666657222,,1000
1:36097070,1,36097070,G,A,0.10350001,-0.12737146100453223,0.07338598031050744,-1.7356375218482312,,1000
1:36102854,1,36102854,G,A,0.4045,0.06072933027418028,0.04712954988800869,1.2885616437773753,,1000
1:36159647,1,36159647,G,A,0.3635,0.11224891316465119,0.04819367326051784,2.3291213466521534,,1000
1:36181577,1,36181577,G,A,0.362,0.015540070463575532,0.04824858701766082,0.32208343133213985,,1000
1:36185156,1,36185156,G,A,0.1415,-0.043387913277680996,0.06330112850384785,-0.6854208495673754,,1000
1:36204668,1,36204668,G,A,0.21649998,-0.046920092787568056,0.05494902718615448,-0.8538839573740539,,1000
1:36213004,1,36213004,G,A,0.12650001,0.014228619666680275,0.07081160070686307,0.20093628056202428,,1000
1:36213516,1,36213516,G,A,0.12400001,-0.060000001890904264,0.06889729870235929,-0.87086145641367,,1000
1:36216070,1,36216070,G,A,0.2715,0.0525533449652278,0.05142035901542689,1.0220338008426002,,1000
1:36253448,1,36253448,G,A,0.36,0.026448454196831953,0.04720783903302232,0.5602555579451755,,1000
1:36258671,1,36258671,G,A,0.20050001,-0.00020615808557890717,0.05589716249092787,-0.003688167277048575,,1000
1:36264674,1,36264674,G,A,0.27100003,-0.10815650480563456,0.0501838186393619,-2.155206752656354,,1000
1:36265059,1,36265059,G,A,0.20349997,-0.03107044904426835,0.05595999829446318,-0.5552260541677417,,1000
1:36286071,1,36286071,G,A,0.4945,-0.010104335087102099,0.04516174913385982,-0.2237365753295507,,1000
1:36319764,1,36319764,G,A,0.3675,0.03891226395374181,0.04597183901993671,0.8464369662668191,,1000
1:36328140,1,36328140,G,A,0.305,-0.0435622131564509,0.049699140037402875,-0.8765184492863779,,1000
1:36346860,1,36346860,G,A,0.38200003,-0.03253628755401142,0.04789313946547612,-0.679351738414753,,1000
1:36355878,1,36355878,G,A,0.16149998,-0.015475067198976941,0.06358982136063664,-0.2433576139680165,,1000
1:36396425,1,36396425,G,A,0.463,0.0381744086038066,0.04598422640363015,0.8301631143846531,,1000
1:36413677,1,36413677,G,A,0.14499998,-0.09939192354893414,0.0648932976791091,-1.5316207852530057,,1000
1:36421190,1,36421190,G,A,0.100000024,-0.03411008192640851,0.07767526961099999,-0.4391369620888707,,1000
1:36426089,1,36426089,G,A,0.439,0.008566341409458687,0.04664118697566929,0.1836647385052053,,1000
1:36432550,1,36432550,G,A,0.16750002,0.013969608526528362,0.0612370325704086,0.2281235379991103,,1000
1:36433623,1,36433623,G,A,0.42650002,-0.09426633236361283,0.0467299483371934,-2.017257363166913,,1000
1:36446345,1,36446345,G,A,0.17900002,0.10229712857668187,0.05996309470305324,1.7060014844676292,,1000
1:36481542,1,36481542,G,A,0.176,0.046817311207506665,0.06064022231288612,0.7720504546626296,,1000
1:36513467,1,36513467,G,A,0.49199998,-0.07140154634074172,0.04636233343219391,-1.5400766323629569,,1000
1:36515316,1,36515316,G,A,0.47899997,-0.06299394477861128,0.04370621762694358,-1.4413039654059974,,1000
1:36532023,1,36532023,G,A,0.4895,-0.0003567137172063506,0.046965816063959956,-0.0075951776654016485,,1000
1:36540129,1,36540129,G,A,0.07849997,-0.16184713460467648,0.08584383486136338,-1.8853670140209533,,1000
1:36566792,1,36566792,G,A,0.297,-0.09670520567254948,0.04990725070909739,-1.9376985167191643,,1000
1:36575805,1,36575805,G,A,0.05949998,-0.043649232269716357,0.09676055662235407,-0.4511056342934711,,1000
1:36591532,1,36591532,G,A,0.342,0.01652594732932353,0.04878080872345227,0.33877969147687326,,1000
1:36595774,1,36595774,G,A,0.3505,-0.07488033725197364,0.04685408390256014,-1.5981603099464745,,1000
1:36601695,1,36601695,G,A,0.4975,0.055231898169344006,0.04460125401251139,1.2383485485374592,,1000
1:36634822,1,36634822,G,A,0.43150002,0.06482778579354412,0.04634854569776096,1.3987016165790045,,1000
1:36635194,1,36635194,G,A,0.15249997,-0.0035674402435760116,0.06246946129703947,-0.05710694745089915,,1000
1:36640609,1,36640609,G,A,0.24699998,0.04319731598291029,0.05383059851216856,0.8024676889510232,,1000
1:36657074,1,36657074,G,A,0.15899998,0.006038076174055096,0.06307682807905134,0.09572574205043805,,1000
1:36755906,1,36755906,G,A,0.06400001,-0.14092568187400914,0.09304556822568043,-1.5145877935013123,,1000
1:36785618,1,36785618,G,A,0.2335,0.01038684424344775,0.05261581440645964,0.19740916985925355,,1000
1:36786885,1,36786885,G,A,0.08350003,0.17117708255137817,0.08215674300350584,2.083542704998342,,1000
1:36805731,1,36805731,G,A,0.3635,0.074427578377119,0.0474189990217542,1.5695729541438483,,1000
1:36810848,1,36810848,G,A,0.20599997,-0.0801733962420395,0.058161222237963286,-1.3784682157127763,,1000
1:36827956,1,36827956,G,A,0.055999994,0.15091165642559148,0.09552847518469967,1.5797557339192436,,1000
1:36847764,1,36847764,G,A,0.16750002,0.03858961657557438,0.061226448286909166,0.630276909004131,,1000
1:36855539,1,36855539,G,A,0.19800001,0.017867018621135468,0.05666858137913407,0.31528967527170676,,1000
1:36869125,1,36869125,G,A,0.26099998,0.05037564370043641,0.05241074253477821,0.9611701964918477,,1000
1:36898447,1,36898447,G,A,0.374,0.03365148186082106,0.046660149053851234,0.721203908328354,,1000
1:36905711,1,36905711,G,A,0.40499997,0.04460495660403349,0.045007280084664224,0.9910609243688152,,1000
1:36919128,1,36919128,G,A,0.4975,0.04096441865974091,0.044446222778746325,0.9216625418016315,,1000
1:36926888,1,36926888,G,A,0.4335,0.010209344029300798,0.045320894891703205,0.225267926718936,,1000
1:36940934,1,36940934,G,A,0.29250002,0.03936981886353092,0.05126084576506694,0.7680290536751254,,1000
1:36968087,1,36968087,G,A,0.08950001,0.010576029748818098,0.08080581621812699,0.13088203601915477,,1000
1:36982408,1,36982408,G,A,0.33099997,-0.019118378175507263,0.048801575157334305,-0.39175739950750327,,1000
1:36989388,1,36989388,G,A,0.24299997,-0.15188562030406233,0.05394979092718312,-2.815314344944631,,1000
1:36992983,1,36992983,G,A,0.24000001,0.03265098167397124,0.053715381827875726,0.607851616481053,,1000
1:36998517,1,36998517,G,A,0.19950002,0.0982976406328363,0.05779902191447127,1.7006800007497238,,1000
1:37003111,1,37003111,G,A,0.13700002,-0.053870189774019736,0.06561486723338694,-0.8210058489093286,,1000
1:37026183,1,37026183,G,A,0.10500002,-0.10779017057663622,0.07424503148223313,-1.4518166188996828,,1000
1:37043862,1,37043862,G,A,0.4285,0.0038593578249558605,0.04599867236207933,0.08390150469076281,,1000
1:37132659,1,37132659,G,A,0.13800001,0.059960171977923686,0.065759998034043,0.911803129113282,,1000
1:37153970,1,37153970,G,A,0.3505,0.05760138371272337,0.04707893749019358,1.2235064507290885,,1000
1:37176571,1,37176571,G,A,0.38,0.08097061597272896,0.04631495458320803,1.7482607227274645,,1000
1:37177858,1,37177858,G,A,0.2015,0.0315280347658507,0.056024049474823576,0.562758941229676,,1000
1:37187065,1,37187065,G,A,0.2895,-0.08612930175153181,0.04872894771059737,-1.767518196022952,,1000
1:37192253,1,37192253,G,A,0.39200002,0.0504466320320712,0.04574788766164235,1.1027095372180111,,1000
1:37201804,1,37201804,G,A,0.10799998,-0.04991898850427508,0.07325251304848607,-0.6814645181010178,,1000
1:37203677,1,37203677,G,A,0.12349999,-0.09570047976542771,0.0674049718874428,-1.419783690811927,,1000
1:37204319,1,37204319,G,A,0.3815,-0.036524143492025166,0.047240158258556736,-0.7731587877441001,,1000
1:37214418,1,37214418,G,A,0.16600001,0.03846639302819983,0.0604662504377638,0.6361630289576531,,1000
1:37264821,1,37264821,G,A,0.102999985,0.07507254487984692,0.07641903934289437,0.9823801179048366,,1000
1:37316108,1,37316108,G,A,0.26999998,0.06825980327309127,0.05112514863589804,1.3351511945563705,,1000
1:37317457,1,37317457,G,A,0.40850002,0.06126821895770063,0.046680350009277866,1.312505560595055,,1000
1:37327244,1,37327244,G,A,0.17150003,0.054035198459202176,0.058859320279723376,0.9180397973066114,,1000
1:37342773,1,37342773,G,A,0.1875,0.09615721416210345,0.0589018040193352,1.6325003242776523,,1000
1:37358842,1,37358842,G,A,0.16399997,-0.019966466699014737,0.06083647840997257,-0.328198923094499,,1000
1:37371475,1,37371475,G,A,0.263,-0.02323074394254163,0.05059899273333768,-0.45911475086016507,,1000
1:37375320,1,37375320,G,A,0.32050002,0.022735960051972048,0.04900499945837904,0.46395184783712057,,1000
1:37392620,1,37392620,G,A,0.11650002,0.061803548527793045,0.07049349788690847,0.8767269376665553,,1000
1:37396844,1,37396844,G,A,0.38300002,-0.028249319806462204,0.045496756836553874,-0.6209084288787282,,1000
1:37407754,1,37407754,G,A,0.27249998,-0.011029956291181496,0.0511970502927243,-0.21544124569905118,,1000
1:37407772,1,37407772,G,A,0.3255,-0.055503376295251816,0.04825298006935333,-1.1502579988941117,,1000
1:37416207,1,37416207,G,A,0.10699999,-0.07332297086161058,0.07269654161790375,-1.0086170432563266,,1000
1:37432023,1,37432023,G,A,0.3585,-0.05671830578877083,0.048376201893513465,-1.1724423077615755,,1000
1:37436582,1,37436582,G,A,0.3595,-0.024581353216979063,0.04812538760590272,-0.5107772516717162,,1000
1:37452623,1,37452623,G,A,0.23699999,-0.0028397568231019387,0.05344920256760101,-0.05313001292227506,,1000
1:37457341,1,37457341,G,A,0.333,0.06921491636578521,0.04753186588052948,1.4561792406752072,,1000
1:37516109,1,37516109,G,A,0.15899998,0.008337550652999164,0.06259847652518463,0.1331909515344962,,1000
1:37518168,1,37518168,G,A,0.34500003,0.026144229756586247,0.049244356260996325,0.530908143422998,,1000
1:37557414,1,37557414,G,A,0.311,0.018055642182899824,0.04785785815463781,0.3772764364957291,,1000
1:37609880,1,37609880,G,A,0.32599998,-0.013388437144737149,0.04942328319722443,-0.2708933174534433,,1000
1:37612326,1,37612326,G,A,0.15750003,0.012717420225844784,0.0615719258948436,0.20654575995502222,,1000
1:37617742,1,37617742,G,A,0.40600002,-0.0497787946645186,0.04578045905598086,-1.0873371672321706,,1000
1:37622749,1,37622749,G,A,0.39099997,0.056192691754815,0.047443902525519166,1.1844028160328932,,1000
1:37632149,1,37632149,G,A,0.09799999,0.10869140325129374,0.07725094093037202,1.4069913187110523,,1000
1:37639185,1,37639185,G,A,0.44199997,0.045378143347913964,0.04724706791119158,0.9604435863239057,,1000
1:37649510,1,37649510,G,A,0.42299998,0.0004179332984914904,0.046487889869344996,0.008990154202870878,,1000
1:37693722,1,37693722,G,A,0.3,-0.053381046779519825,0.050164219358943274,-1.064125934016016,,1000
1:37706356,1,37706356,G,A,0.075999975,0.16726254248663056,0.08628353613425555,1.938522109552548,,1000
1:37709732,1,37709732,G,A,0.28750002,-0.004689647769440873,0.05029172930303215,-0.09324888673410815,,1000
1:37710965,1,37710965,G,A,0.27600002,0.09118321484959846,0.049909705397293974,1.8269635960332131,,1000
1:37711696,1,37711696,G,A,0.12900001,0.04685424838402732,0.06501398615899476,0.7206795207025616,,1000
1:37735089,1,37735089,G,A,0.4195,0.011023089416375267,0.047139161192009484,0.23384144175742738,,1000
1:37738489,1,37738489,G,A,0.208,-0.0111767744428426,0.05600192641145937,-0.19957839237036598,,1000
1:37747493,1,37747493,G,A,0.30049998,0.005206143451892108,0.05008317462531373,0.10394994907652573,,1000
1:37776535,1,37776535,G,A,0.25950003,-0.02214287762810665,0.050455572649340315,-0.4388589102336976,,1000
1:37784640,1,37784640,G,A,0.4365,-0.04007671438901869,0.045324044476938434,-0.8842263494249798,,1000
1:37809282,1,37809282,G,A,0.28649998,0.05940122886614474,0.051118733557005976,1.1620246577490498,,1000
1:37811774,1,37811774,G,A,0.1645,0.07479783490481101,0.06256807365604303,1.1954632855727498,,1000
1:37814055,1,37814055,G,A,0.37949997,-0.0048757782989968974,0.04819170583910642,-0.10117463605200544,,1000
1:37829125,1,37829125,G,A,0.40649998,0.004874659958531645,0.046597060668236455,0.10461303542810213,,1000
1:37856187,1,37856187,G,A,0.4785,-0.048338199491049026,0.04603919122609495,-1.0499358959992113,,1000
1:37872853,1,37872853,G,A,0.3995,0.011695638973907655,0.046183766646074764,0.25324134048086977,,1000
1:37876685,1,37876685,G,A,0.06999999,-0.06795793813408517,0.0891915774261668,-0.7619322372714067,,1000
1:37877059,1,37877059,G,A,0.43049997,-0.020000133071493065,0.045848506035135114,-0.4362221324325454,,1000
1:37917522,1,37917522,G,A,0.2605,-0.0339403029718479,0.05214538623413573,-0.6508783503770406,,1000
1:37937227,1,37937227,G,A,0.101499975,0.0011598871296152728,0.07514961404809621,0.015434372409057723,,1000
1:37944453,1,37944453,G,A,0.48799998,-0.13398549469622592,0.04493902107407548,-2.9814956243788715,,1000
1:37945834,1,37945834,G,A,0.351,0.029956418088593388,0.048494237713937356,0.6177314976122172,,1000
1:37962718,1,37962718,G,A,0.4325,-0.03467502389623641,0.04755249931746491,-0.7291945616726205,,1000
1:37967792,1,37967792,G,A,0.14099997,-0.023146802299431724,0.06569404707597042,-0.35234246221220195,,1000
1:37998211,1,37998211,G,A,0.408,0.04183675143374437,0.04628325872535086,0.9039283876273173,,1000
1:38019583,1,38019583,G,A,0.32099998,-0.00039324244292691235,0.049604046677003195,-0.007927628273707405,,1000
1:38020567,1,38020567,G,A,0.23699999,-0.010151662096664118,0.05286939689096821,-0.19201395691348142,,1000
1:38021656,1,38021656,G,A,0.13099998,-0.010516772829310716,0.06910318269693005,-0.15218941326385432,,1000
1:38049944,1,38049944,G,A,0.22000003,0.07329371884850586,0.054849056801415684,1.3362803869876958,,1000
1:38067503,1,38067503,G,A,0.27350003,0.06624271369329308,0.050407440604169136,1.314145548738974,,1000
1:38090552,1,38090552,G,A,0.399,0.06350755834987916,0.0470916600357662,1.3485945983141188,,1000
1:38168899,1,38168899,G,A,0.222,-0.019968269795487714,0.054857521383648314,-0.3640024064492233,,1000
1:38175225,1,38175225,G,A,0.24400002,0.01103941019415431,0.052831385710326376,0.20895552985649887,,1000
1:38184665,1,38184665,G,A,0.070500016,-0.064863869963075,0.08894886610634302,-0.7292264961031302,,1000
1:38187511,1,38187511,G,A,0.485,0.013571686908494333,0.04471398336018413,0.3035222068937686,,1000
1:38208852,1,38208852,G,A,0.408,0.015262443379693121,0.04878122123276618,0.3128753851172834,,1000
1:38309052,1,38309052,G,A,0.49800003,0.025807003431680565,0.04416368833952887,0.5843489165415089,,1000
1:38334883,1,38334883,G,A,0.45599997,-0.09538646609086891,0.04591350001614432,-2.0775254785047683,,1000
1:38353226,1,38353226,G,A,0.4415,0.05500154301326058,0.04537861854940677,1.2120585591070094,,1000
1:38362596,1,38362596,G,A,0.067499995,-0.02647144366973413,0.09120251216630926,-0.2902490626734385,,1000
1:38400143,1,38400143,G,A,0.32599998,-0.057271930958103706,0.04904629057905575,-1.1677117735497118,,1000
1:38428027,1,38428027,G,A,0.14950001,-0.005308884925277604,0.06527542680847717,-0.08133052796198878,,1000
1:38456877,1,38456877,G,A,0.4475,0.01405948315893154,0.044762368232562987,0.3140915843836828,,1000
1:38467911,1,38467911,G,A,0.4005,-0.009462330811546208,0.04827318309984802,-0.19601630147269072,,1000
1:38498938,1,38498938,G,A,0.12949997,-0.011105092921921496,0.0663286806739939,-0.16742520443762682,,1000
1:38499602,1,38499602,G,A,0.412,-0.011162183245186861,0.04664513205445995,-0.23930006741442156,,1000
1:38503932,1,38503932,G,A,0.48150003,-0.008051253409667506,0.045217646164470375,-0.17805556221088203,,1000
1:38538878,1,38538878,G,A,0.20700002,0.015396375747682597,0.05818147676404486,0.26462676102434873,,1000
1:38560291,1,38560291,G,A,0.2195,-0.003954384799410764,0.05746854521424086,-0.06880955111476977,,1000
1:38580197,1,38580197,G,A,0.05549997,0.13588461020540302,0.10144471235078904,1.339494262998382,,1000
1:38615933,1,38615933,G,A,0.3815,-0.00993469425556705,0.04725325748311364,-0.21024358498707307,,1000
1:38620545,1,38620545,G,A,0.40649998,0.038830861086956756,0.04667891851061029,0.8318714813011436,,1000
1:38636253,1,38636253,G,A,0.059000015,0.06924814422233438,0.09620993017308561,0.7197608822473328,,1000
1:38647225,1,38647225,G,A,0.481,0.04975091316765783,0.046065745951626394,1.0799979928665702,,1000
1:38653587,1,38653587,G,A,0.074,0.11281969664294536,0.08539226313492705,1.321193425506016,,1000
1:38660996,1,38660996,G,A,0.30049998,0.0308755630038663,0.05044107486849066,0.6121115199143691,,1000
1:38673355,1,38673355,G,A,0.46600002,-0.0296698110169379,0.04513107199268662,-0.6574142759504099,,1000
1:38677397,1,38677397,G,A,0.477,0.03142624284762685,0.044415547108885546,0.7075505063707721,,1000
1:38679228,1,38679228,G,A,0.10549998,-0.00935968202369017,0.0730548371402879,-0.12811858037157325,,1000
1:38685537,1,38685537,G,A,0.47250003,0.03867134861309091,0.044921757146516035,0.8608601058716626,,1000
1:38710305,1,38710305,G,A,0.16500002,-0.04015470535335108,0.06075239799626269,-0.6609567141007551,,1000
1:38720112,1,38720112,G,A,0.18599999,0.0670938293649485,0.05730749044898987,1.1707689315879146,,1000
1:38727469,1,38727469,G,A,0.3275,0.10043606394569986,0.04857760663296844,2.067538335195303,,1000
1:38785285,1,38785285,G,A,0.11799997,0.08967126385069236,0.07229173596052214,1.240408224525982,,1000
1:38791629,1,38791629,G,A,0.2805,-0.03575180764488617,0.05142641500294508,-0.6952031877555288,,1000
1:38802833,1,38802833,G,A,0.4155,-0.028594812324477303,0.04571627714402751,-0.6254842719233318,,1000
1:38808657,1,38808657,G,A,0.27350003,0.02605728152917073,0.05081964219122774,0.5127403579726231,,1000
1:38819914,1,38819914,G,A,0.092999995,0.009387372985563674,0.07921599481010348,0.11850350434993687,,1000
1:38835524,1,38835524,G,A,0.427,0.08418721186373233,0.04813090581685695,1.7491300118903503,,1000
1:38836812,1,38836812,G,A,0.16549999,0.056976364420521064,0.05985677750547756,0.9518782466247384,,1000
1:38844163,1,38844163,G,A,0.417,-0.03503396663309042,0.04637044636413481,-0.7555236013468143,,1000
1:38887322,1,38887322,G,A,0.47500002,0.05081169579338761,0.04375184888755739,1.161361110109291,,1000
1:38950797,1,38950797,G,A,0.389,-0.03062115697920869,0.04694798023181892,-0.652235875281707,,1000
1:38963186,1,38963186,G,A,0.07950002,-0.08842032657613047,0.08435132336055272,-1.0482387596716787,,1000
1:38965696,1,38965696,G,A,0.352,-0.04987743508030379,0.047149136692341345,-1.0578652883034785,,1000
1:39010203,1,39010203,G,A,0.16149998,0.014552953846618625,0.06192357364078168,0.23501476079271896,,1000
1:39031526,1,39031526,G,A,0.12550002,-0.16239119767881152,0.06787722165122345,-2.3924255255059412,,1000
1:39043897,1,39043897,G,A,0.4135,-0.038507714489142954,0.045958310931396636,-0.8378835885989062,,1000
1:39051624,1,39051624,G,A,0.17549998,-0.007181134005752506,0.059640853066965885,-0.12040629260767602,,1000
1:39087759,1,39087759,G,A,0.10750002,-0.032877308819127406,0.07337022326568467,-0.44810152342147985,,1000
1:39101527,1,39101527,G,A,0.12400001,-0.06942789878390102,0.06621218331030254,-1.0485668243037398,,1000
1:39138696,1,39138696,G,A,0.3225,0.07697404306837936,0.047806663291175416,1.610111180517966,,1000
1:39201328,1,39201328,G,A,0.259,-0.018397374056877924,0.05134421586546242,-0.35831444198280643,,1000
1:39206377,1,39206377,G,A,0.1455,-0.04268099585097956,0.06490017135598522,-0.6576407266610927,,1000
1:39242671,1,39242671,G,A,0.073000014,0.03921774824455627,0.08777836126092539,0.4467815037920294,,1000
1:39247229,1,39247229,G,A,0.4555,0.06801289141676312,0.045281304582543404,1.502008213848659,,1000
1:39265187,1,39265187,G,A,0.4875,-0.04060125012054469,0.04617800323901143,-0.8792335586793959,,1000
1:39275055,1,39275055,G,A,0.24299997,-0.0434756548255614,0.05171649066141245,-0.8406536149213265,,1000
1:39290063,1,39290063,G,A,0.14050001,-0.02424608701765622,0.06391568021825668,-0.3793448952567142,,1000
1:39301805,1,39301805,G,A,0.07200003,0.17897440042099555,0.08677346124995106,2.062547671176324,,1000
1:39302468,1,39302468,G,A,0.19450003,0.0672076363731816,0.056941510693263975,1.180292471255633,,1000
1:39314352,1,39314352,G,A,0.32349998,0.026874115805316998,0.048430481327932956,0.5549008613675903,,1000
1:39367798,1,39367798,G,A,0.27100003,-0.010720445143629615,0.05079707871996282,-0.21104452094046447,,1000
1:39384828,1,39384828,G,A,0.2105,0.02474984040791992,0.054784507026953665,0.451767146425962,,1000
1:39443227,1,39443227,G,A,0.22649997,-0.012489576162692874,0.053709608486447985,-0.23253895373011785,,1000
1:39449977,1,39449977,G,A,0.476,-0.01354340480743432,0.04710739674985712,-0.2875005995205073,,1000
1:39467751,1,39467751,G,A,0.26450002,-0.07564016524878528,0.05055798084339207,-1.49610732048591,,1000
1:39483076,1,39483076,G,A,0.04549998,-0.016387294620677215,0.10816222438103666,-0.1515066347281065,,1000
1:39501027,1,39501027,G,A,0.343,-0.08338252235379505,0.049209143225750096,-1.6944518211030903,,1000
1:39501581,1,39501581,G,A,0.31050003,0.0011193526717077076,0.04860478493471661,0.02302968058003267,,1000
1:39509311,1,39509311,G,A,0.12199998,0.07196617001153967,0.06920873742110431,1.0398422611534959,,1000
1:39521539,1,39521539,G,A,0.34899998,-0.08450911253207509,0.047909642606652356,-1.7639270078867342,,1000
1:39541462,1,39541462,G,A,0.059000015,-0.15216909868191258,0.09611427109576236,-1.5832102449208676,,1000
1:39542532,1,39542532,G,A,0.388,0.04866492445774647,0.047077703210071,1.0337149253138571,,1000
1:39550235,1,39550235,G,A,0.121500015,-0.012882401567904765,0.06869391250729083,-0.1875333795631089,,1000
1:39564767,1,39564767,G,A,0.48299998,-0.06289480556999381,0.044943882769663594,-1.399407476481912,,1000
1:39648900,1,39648900,G,A,0.28649998,0.052096235122314406,0.05049353842502669,1.0317406295395086,,1000
1:39658561,1,39658561,G,A,0.067499995,-0.020125056313610522,0.0927022217206699,-0.21709357057537726,,1000
1:39673333,1,39673333,G,A,0.453,-0.015615375277512139,0.04488382356794332,-0.34790652926157717,,1000
1:39678202,1,39678202,G,A,0.37949997,0.06693107202396517,0.04771932124891013,1.4025989949614763,,1000
1:39683872,1,39683872,G,A,0.3855,-0.07012792687935929,0.04530145458864231,-1.5480281486798286,,1000
1:39711171,1,39711171,G,A,0.26950002,-0.04392032118158106,0.05234978431767135,-0.8389780732440417,,1000
1:39722996,1,39722996,G,A,0.15450001,-0.0017820571388551822,0.06582923089634507,-0.027070909299566563,,1000
1:39747800,1,39747800,G,A,0.365,-0.024395281118092204,0.047750587535426395,-0.510889653451766,,1000
1:39769057,1,39769057,G,A,0.45349997,0.0084545120038509,0.045728507682412815,0.18488493135546832,,1000
1:39770507,1,39770507,G,A,0.26,0.032724908271280266,0.052840582606893644,0.6193139185223695,,1000
1:39785652,1,39785652,G,A,0.09350002,0.01457995877922685,0.07678678412794183,0.1898758874304956,,1000
1:39787172,1,39787172,G,A,0.47750002,0.03339393450433024,0.04653937002777533,0.7175416101335339,,1000
1:39816538,1,39816538,G,A,0.34750003,-0.018687766387261193,0.047396451916307335,-0.39428618876915206,,1000
1:39824449,1,39824449,G,A,0.49550003,0.06142774793914036,0.045119227941277075,1.3614538799087812,,1000
1:39835190,1,39835190,G,A,0.13349998,0.05803613904568351,0.06550432040710327,0.8859894841285932,,1000
1:39839284,1,39839284,G,A,0.16399997,-0.06754735412854976,0.06285540185882113,-1.0746467627439114,,1000
1:39898335,1,39898335,G,A,0.10699999,-0.062492194295576564,0.0754502647079111,-0.82825679323328,,1000
1:39902997,1,39902997,G,A,0.16000003,0.02974066231943531,0.06204102528819078,0.4793709030643035,,1000
1:39911038,1,39911038,G,A,0.111500025,0.1322073281662742,0.07205025156112946,1.8349322216329222,,1000
1:39929258,1,39929258,G,A,0.18150002,-0.03475276526933218,0.05811370724708989,-0.5980132212451902,,1000
1:39944892,1,39944892,G,A,0.3165,-0.030262541546361856,0.048764867256317006,-0.6205808248650906,,1000
1:39970871,1,39970871,G,A,0.4135,0.002176021343777921,0.047653698738639755,0.04566322030347469,,1000
1:39980721,1,39980721,G,A,0.102999985,0.15009464088971142,0.0754596700181364,1.9890709945277634,,1000
1:39982532,1,39982532,G,A,0.097,-0.02315780109401761,0.07628080639416944,-0.30358621242614037,,1000
1:39993955,1,39993955,G,A,0.16049999,0.005807543739423778,0.06155228420053265,0.09435139272010187,,1000
1:40004652,1,40004652,G,A,0.21399999,-0.02939870488394041,0.05669606036235095,-0.5185317056608512,,1000
1:40057649,1,40057649,G,A,0.45749998,-0.07422720334933595,0.044539341438937015,-1.6665536793151892,,1000
1:40071049,1,40071049,G,A,0.14050001,-0.049277063901153134,0.06546708778523964,-0.7526998002844301,,1000
1:40076122,1,40076122,G,A,0.10549998,-0.023476875842382453,0.07381478550306447,-0.3180511286781128,,1000
1:40078992,1,40078992,G,A,0.449,-0.07392489627473375,0.04561205614719298,-1.620731502131223,,1000
1:40093088,1,40093088,G,A,0.45200002,0.10488202684830417,0.04434913342189696,2.3649171642330145,,1000
1:40104524,1,40104524,G,A,0.4045,-0.07241190525014139,0.046323427675998605,-1.5631810702052154,,1000
1:40113380,1,40113380,G,A,0.236,0.022934076082738557,0.05374913270398062,0.426687370176674,,1000
1:40113875,1,40113875,G,A,0.491,0.009623074518435156,0.04548492921492727,0.21156621950457055,,1000
1:40131084,1,40131084,G,A,0.264,-0.08707777031771521,0.05028763316273886,-1.7315941284394427,,1000
1:40133570,1,40133570,G,A,0.43449998,0.013823280921057014,0.045386097349813276,0.30457082076288905,,1000
1:40162345,1,40162345,G,A,0.23799998,-0.020841482407904538,0.053437855901766654,-0.3900134475121319,,1000
1:40163713,1,40163713,G,A,0.25,-0.06351964892455858,0.053361758320146925,-1.190358993484975,,1000
1:40174674,1,40174674,G,A,0.45099998,0.0007467886874553381,0.04563537025655316,0.016364251747209183,,1000
1:40179602,1,40179602,G,A,0.051,0.06675147319774193,0.10417888875631204,0.640738963475434,,1000
1:40201138,1,40201138,G,A,0.14200002,-0.12856255920495724,0.06491565395002691,-1.980455427652731,,1000
1:40216747,1,40216747,G,A,0.337,0.00691752720079919,0.048694994816607814,0.14205827984686248,,1000
1:40249666,1,40249666,G,A,0.4615,-0.03922241494235051,0.04662764733426988,-0.8411836578665046,,1000
1:40253577,1,40253577,G,A,0.05250001,0.03140964030480136,0.10292266670116898,0.3051770937494045,,1000
1:40260457,1,40260457,G,A,0.273,0.07742822002342592,0.052352113238129126,1.4789893900029492,,1000
1:40271959,1,40271959,G,A,0.28100002,0.0033944757506839686,0.0530972556515252,0.06392940104026758,,1000
1:40279708,1,40279708,G,A,0.4835,-0.05195370962410713,0.04456512923330668,-1.1657928635664863,,1000
1:40308783,1,40308783,G,A,0.325,-0.011808735457214522,0.04870651889571922,-0.24244671401167173,,1000
1:40339105,1,40339105,G,A,0.11750001,0.08723588795818248,0.0720276781612337,1.211143968335412,,1000
1:40365238,1,40365238,G,A,0.302,-0.012897915857307665,0.0480685581134851,-0.2683233357417746,,1000
1:40381732,1,40381732,G,A,0.12199998,-0.034826109936211005,0.07089477894358424,-0.4912365967587612,,1000
1:40425112,1,40425112,G,A,0.35399997,-0.028745782221957797,0.04655409619863977,-0.6174705250275635,,1000
1:40435722,1,40435722,G,A,0.21200001,0.038775518053526366,0.05605062857734462,0.691794526443531,,1000
1:40467716,1,40467716,G,A,0.33249998,0.0022191062804293765,0.046954987570018945,0.04726028895482638,,1000
1:40468177,1,40468177,G,A,0.45700002,-0.08532797605592927,0.04610596457991089,-1.8506927863538951,,1000
1:40473322,1,40473322,G,A,0.41399997,0.04280603758304541,0.045985205453524525,0.9308654198861376,,1000
1:40476416,1,40476416,G,A,0.41149998,-0.001312083296818342,0.04622933419281327,-0.02838205048218748,,1000
1:40476929,1,40476929,G,A,0.185,0.07983499754829725,0.060497916623370354,1.3196321791593228,,1000
1:40480310,1,40480310,G,A,0.3255,-0.04916239622408934,0.04858873742087894,-1.011806415100712,,1000
1:40483088,1,40483088,G,A,0.13050002,-0.1360488631954265,0.0681063899714563,-1.9975932251356328,,1000
1:40487100,1,40487100,G,A,0.14899999,-0.07211899752823699,0.06205273364357055,-1.162221118935498,,1000
1:40523562,1,40523562,G,A,0.353,0.03226143876681496,0.04720604650672762,0.6834175101322495,,1000
1:40539153,1,40539153,G,A,0.23000002,-0.02336553811176784,0.0535122679592262,-0.4366389054855845,,1000
1:40576288,1,40576288,G,A,0.42799997,0.07983128771145112,0.046763173300684954,1.7071400864552067,,1000
1:40580925,1,40580925,G,A,0.24900001,-0.04999680827422173,0.05183166585503092,-0.9645996795483838,,1000
1:40636645,1,40636645,G,A,0.086000025,-0.1620196453642641,0.08182601451340216,-1.9800505539436626,,1000
1:40657663,1,40657663,G,A,0.24699998,0.018520904088827204,0.05310798293992047,0.34874049179723826,,1000
1:40670788,1,40670788,G,A,0.10799998,0.028389653447482007,0.07326404577524152,0.38749775755730737,,1000
1:40686941,1,40686941,G,A,0.4945,-0.029241566479387547,0.04674253666425302,-0.6255879241091856,,1000
1:40711153,1,40711153,G,A,0.050499976,-0.03397088735254316,0.1046319028150227,-0.32467045364356817,,1000
1:40733589,1,40733589,G,A,0.29549998,0.07239769101872656,0.05077920431602914,1.4257350424034363,,1000
1:40735912,1,40735912,G,A,0.22649997,0.08842008129273539,0.05290586752216087,1.6712717404302755,,1000
1:40739305,1,40739305,G,A,0.34249997,0.03423585562032131,0.04924658068209878,0.6951925422259033,,1000
1:40739630,1,40739630,G,A,0.29650003,0.07295115031285443,0.051057319074798393,1.428808868831946,,1000
1:40794347,1,40794347,G,A,0.463,-0.017251059795877068,0.04473754342869486,-0.38560587984391115,,1000
1:40801246,1,40801246,G,A,0.13749999,0.0020210254572071073,0.06697774311272985,0.03017458282829165,,1000
1:40808250,1,40808250,G,A,0.092999995,0.04891170971873706,0.07872670132455292,0.6212848867768158,,1000
1:40819839,1,40819839,G,A,0.4385,0.0849086097372731,0.04712494506425474,1.8017763123437158,,1000
1:40820228,1,40820228,G,A,0.478,-0.001048320951429,0.04546835767789359,-0.0230560549130783,,1000
1:40824951,1,40824951,G,A,0.195,-0.17823174420244273,0.05722592405736058,-3.1145280244630316,,1000
1:40844646,1,40844646,G,A,0.47899997,-0.028297617438875246,0.04563391444834793,-0.6201005936254871,,1000
1:40850838,1,40850838,G,A,0.218,0.06400092983851448,0.05396555722833232,1.1859588434845905,,1000
1:40869793,1,40869793,G,A,0.31950003,-0.011223828555161524,0.04809602457751825,-0.2333629162441823,,1000
1:40907605,1,40907605,G,A,0.362,0.014155729391309902,0.047821819756012095,0.2960098436975574,,1000
1:40909999,1,40909999,G,A,0.46100003,0.023839645029876073,0.04555969737845677,0.5232617072024017,,1000
1:40910173,1,40910173,G,A,0.12400001,-0.022178458919111587,0.0689198987622003,-0.3218005150535066,,1000
1:40956757,1,40956757,G,A,0.19300002,0.10871246284097824,0.05729926395826891,1.8972750316680087,,1000
1:40981643,1,40981643,G,A,0.296,0.11618480356239502,0.0505828001891082,2.2969231265969468,,1000
1:40981730,1,40981730,G,A,0.15249997,0.017940957912328317,0.06392581430790535,0.2806527864614101,,1000
1:40990130,1,40990130,G,A,0.2845,-0.0033193423710455726,0.05124578020815117,-0.06477298926005223,,1000
1:41006180,1,41006180,G,A,0.39600003,-0.03908642811421704,0.04734499097961233,-0.8255662807296428,,1000
1:41011121,1,41011121,G,A,0.4605,0.08181547383168017,0.04491708950279544,1.8214776321735704,,1000
1:41040760,1,41040760,G,A,0.21700001,-0.00398800177603796,0.05594377170314333,-0.07128589393649848,,1000
1:41055393,1,41055393,G,A,0.12199998,0.02158610874494546,0.0702230091731809,0.30739367337151197,,1000
1:41130559,1,41130559,G,A,0.35399997,0.09289135426562718,0.046864829275760286,1.9821122940412164,,1000
1:41142201,1,41142201,G,A,0.3595,0.01177668007077551,0.04890034374626844,0.24083021035356592,,1000
1:41156156,1,41156156,G,A,0.24800003,0.04429684756271668,0.0526633530571366,0.8411323053178411,,1000
1:41156181,1,41156181,G,A,0.30699998,-0.021165265485698175,0.04765253130293715,-0.44415826204795156,,1000
1:41159936,1,41159936,G,A,0.4045,-0.06424660505244698,0.04595535851269947,-1.398022061664318,,1000
1:41164397,1,41164397,G,A,0.38300002,0.04463441601498422,0.04632375513223663,0.9635319046905849,,1000
1:41191607,1,41191607,G,A,0.34149998,0.020391497274731513,0.04831799561136072,0.4220269698012262,,1000
1:41208935,1,41208935,G,A,0.3405,-0.07304057101204943,0.048446003294593434,-1.5076696950190058,,1000
1:41241274,1,41241274,G,A,0.3685,0.022898061169810028,0.04660142509277145,0.4913596767529293,,1000
1:41245273,1,41245273,G,A,0.31800002,0.09829817641073649,0.0489463952488876,2.008282242459326,,1000
1:41266067,1,41266067,G,A,0.084500015,0.08385392231596311,0.07892523419167798,1.06244755780281,,1000
1:41279355,1,41279355,G,A,0.329,-0.012585331208868058,0.048401039010118434,-0.2600219223855307,,1000
1:41280793,1,41280793,G,A,0.44,-0.0497751886000476,0.04601652002022136,-1.0816808524020187,,1000
1:41311635,1,41311635,G,A,0.070500016,-0.02449836524173248,0.08829825218311847,-0.277450171844016,,1000
1:41385471,1,41385471,G,A,0.25,-0.0196447663671496,0.05198669754169437,-0.3778806367031509,,1000
1:41400303,1,41400303,G,A,0.23699999,-0.08398451021710229,0.05383055248418625,-1.5601643739728353,,1000
1:41434750,1,41434750,G,A,0.1695,0.12238095718971609,0.060321979245788096,2.028795452666802,,1000
1:41464132,1,41464132,G,A,0.30299997,-0.016273696057322012,0.04978298921639984,-0.32689270599205045,,1000
1:41467923,1,41467923,G,A,0.13599998,0.05279812186993242,0.06897906389221582,0.76542241791557,,1000
1:41478074,1,41478074,G,A,0.459,-0.002789685408179978,0.04587151788118383,-0.06081519725171962,,1000
1:41537805,1,41537805,G,A,0.13099998,-0.027691239120969775,0.06726621376960576,-0.4116663859781872,,1000
1:41538256,1,41538256,G,A,0.49,-0.03605072340712185,0.04442403454881181,-0.8115139422447186,,1000
1:41542437,1,41542437,G,A,0.04949999,-0.09454452136632403,0.10664068864815553,-0.8865708067420595,,1000
1:41574797,1,41574797,G,A,0.263,0.07474038932828612,0.053396891431111024,1.3997142403825324,,1000
1:41634985,1,41634985,G,A,0.07249999,-0.06919404202965174,0.08865650189086412,-0.7804734063930178,,1000
1:41654365,1,41654365,G,A,0.43199998,0.037656090167042314,0.04529771421788394,0.8313022150723745,,1000
1:41655139,1,41655139,G,A,0.43400002,0.052238677835971754,0.04673737877833761,1.117706623722423,,1000
1:41672087,1,41672087,G,A,0.171,-0.05746618710364409,0.05948746465562116,-0.966021790243063,,1000
1:41681558,1,41681558,G,A,0.10900003,-0.10646932603395515,0.07374213442504127,-1.4438058630128343,,1000
1:41682180,1,41682180,G,A,0.14499998,-0.041640756194858866,0.06443397631683148,-0.6462546404105972,,1000
1:41701480,1,41701480,G,A,0.061999977,0.0479109889417724,0.09432760990839488,0.5079211589088346,,1000
1:41707318,1,41707318,G,A,0.1685,-0.10711352434939816,0.061518597997700604,-1.7411567856829535,,1000
1:41727754,1,41727754,G,A,0.07349998,-0.03609959732520428,0.0882041900361777,-0.409273043722727,,1000
1:41765313,1,41765313,G,A,0.42650002,-0.027326627558880403,0.046426352127248945,-0.5886016520096489,,1000
1:41819038,1,41819038,G,A,0.43400002,0.005913217314268676,0.044999324765997224,0.13140680099130891,,1000
1:41822974,1,41822974,G,A,0.2755,0.03557507546788688,0.052292589423098584,0.680308163362297,,1000
1:41835880,1,41835880,G,A,0.44099998,-0.04996208987309889,0.04571461374272323,-1.0929128736443008,,1000
1:41846293,1,41846293,G,A,0.18699998,0.0497416574151789,0.05746128957021961,0.8656550833999807,,1000
1:41859264,1,41859264,G,A,0.14050001,-0.05760196599857791,0.06364403630711223,-0.9050646272750758,,1000
1:41869823,1,41869823,G,A,0.181,-0.13807002137154792,0.06019470356962592,-2.293723752818972,,1000
1:41892168,1,41892168,G,A,0.11650002,0.06158778285989783,0.0715301296663995,0.8610047702573649,,1000
1:41965472,1,41965472,G,A,0.42799997,-0.009976396419787013,0.04577835457139046,-0.2179282438871632,,1000
1:41969657,1,41969657,G,A,0.41750002,0.05680659490307491,0.045813142815324406,1.2399628449867712,,1000
1:41985097,1,41985097,G,A,0.13599998,0.054257113524142676,0.06601443495182154,0.8218977192448962,,1000
1:41985332,1,41985332,G,A,0.287,-0.02796909621081012,0.049792059500564895,-0.561718002656484,,1000
1:42019118,1,42019118,G,A,0.16799998,0.12246525201666941,0.06085925292234323,2.012270051571875,,1000
1:42023298,1,42023298,G,A,0.116,0.02496246880360972,0.07200402301396874,0.34668158470488536,,1000
1:42058335,1,42058335,G,A,0.15799999,-0.06697242449131775,0.06172107911118367,-1.0850818789262315,,1000
1:42081604,1,42081604,G,A,0.32099998,0.04831088980352336,0.04822621026110852,1.0017558821635861,,1000
1:42090759,1,42090759,G,A,0.34649998,-0.09923708153277785,0.04876062182439318,-2.0351890074365935,,1000
1:42106079,1,42106079,G,A,0.14600003,-0.0604733188202204,0.06380406611458428,-0.9477972565512945,,1000
1:42106228,1,42106228,G,A,0.40649998,-0.03869801333820127,0.046777467114289414,-0.8272789384609484,,1000
1:42147407,1,42147407,G,A,0.301,-0.004553328514644324,0.049974842605437726,-0.09111241331151046,,1000
1:42161442,1,42161442,G,A,0.23750001,-0.08277175587879355,0.05475791086196396,-1.5115944815252005,,1000
1:42165907,1,42165907,G,A,0.328,-0.016768555457384017,0.04814890551883551,-0.34826451975786404,,1000
1:42307400,1,42307400,G,A,0.204,0.07892333238749058,0.05676149827659932,1.3904377929366212,,1000
1:42321933,1,42321933,G,A,0.1645,0.02876464128131546,0.061013519749288474,0.47144700714714805,,1000
1:42397459,1,42397459,G,A,0.499,-0.009730835592735158,0.046118067856924023,-0.21099833633368925,,1000
1:42413493,1,42413493,G,A,0.439,0.01624515456350601,0.04663913742266204,0.3483159308090561,,1000
1:42439799,1,42439799,G,A,0.26999998,0.08160135055380784,0.050848983245644845,1.6047784113912817,,1000
1:42465195,1,42465195,G,A,0.31300002,-0.137910365973826,0.04825551294487984,-2.857919386979783,,1000
1:42489278,1,42489278,G,A,0.34100002,-0.027548282789212206,0.0497713630306326,-0.5534966517243493,,1000
1:42491925,1,42491925,G,A,0.325,-0.05739766426982256,0.04812637160049946,-1.1926447467572412,,1000
1:42495480,1,42495480,G,A,0.30449998,0.0827173768670193,0.04894028723875449,1.6901694193882386,,1000
1:42499759,1,42499759,G,A,0.20850003,-0.09730079701486752,0.055904133615846674,-1.74049378322333,,1000
1:42537346,1,42537346,G,A,0.48000002,0.026119301650303402,0.04590494376307328,0.5689866822430183,,1000
1:42541547,1,42541547,G,A,0.32050002,-0.053420229880235336,0.048868009633424636,-1.0931533795003814,,1000
1:42573306,1,42573306,G,A,0.435,-0.06588263783995053,0.046209518892247045,-1.425737367956112,,1000
1:42590049,1,42590049,G,A,0.4185,0.01510532048729489,0.0467713248955107,0.32296114170468493,,1000
1:42607221,1,42607221,G,A,0.325,-0.10597693905038663,0.049989114622318066,-2.1200003210913505,,1000
1:42616259,1,42616259,G,A,0.36549997,0.04301609463379107,0.04797330779710143,0.8966672637151387,,1000
1:42622488,1,42622488,G,A,0.45200002,0.027550409124389934,0.04597964736482038,0.5991870469513236,,1000
1:42635178,1,42635178,G,A,0.3485,0.06424043995070147,0.048571546290125465,1.3225940876368902,,1000
1:42639399,1,42639399,G,A,0.26349998,-0.07225323891141533,0.05325754849590301,-1.3566760196814847,,1000
1:42642936,1,42642936,G,A,0.26,0.028357496711998095,0.051475612740100624,0.5508918729180466,,1000
1:42664042,1,42664042,G,A,0.468,-0.022271822989730187,0.04583700974257137,-0.4858917087919265,,1000
1:42710917,1,42710917,G,A,0.4155,-0.002100430945228242,0.046773330553201896,-0.04490659357342805,,1000
1:42720676,1,42720676,G,A,0.35250002,-0.012499622929922105,0.048679924986159466,-0.2567716144483781,,1000
1:42721554,1,42721554,G,A,0.09799999,0.07706692678930985,0.07728902998873105,0.9971263295780322,,1000
1:42734308,1,42734308,G,A,0.32,-0.004137495814970105,0.04922238570750132,-0.08405719786839923,,1000
1:42758172,1,42758172,G,A,0.13800001,-0.1304182343763574,0.06458502020780063,-2.019326369438921,,1000
1:42778077,1,42778077,G,A,0.22600001,-0.030949518869912714,0.056443937111817236,-0.5483231761207715,,1000
1:42796370,1,42796370,G,A,0.3265,-0.11888885838894095,0.048062530979932586,-2.473628749151398,,1000
1:42801199,1,42801199,G,A,0.040499985,-0.08620849212957939,0.11805180560440355,-0.7302598354019894,,1000
1:42812487,1,42812487,G,A,0.44349998,-0.021762568189464405,0.04474822120707734,-0.48633370450091673,,1000
1:42812848,1,42812848,G,A,0.23549998,-0.0445477770514392,0.05497920435002197,-0.8102659465173108,,1000
1:42822944,1,42822944,G,A,0.34600002,0.037025194668992276,0.048274146061140576,0.7669777238959093,,1000
1:42827097,1,42827097,G,A,0.13950002,0.1425821836837686,0.06656821334679577,2.141895906699015,,1000
1:42827418,1,42827418,G,A,0.375,0.022812121996279588,0.046814162474563076,0.48729104165165343,,1000
1:42858521,1,42858521,G,A,0.19950002,-0.05745952567283455,0.05523858571494228,-1.0402063146466745,,1000
1:42860081,1,42860081,G,A,0.2945,-0.07692435825899588,0.049766890618588695,-1.5456934781909693,,1000
1:42866201,1,42866201,G,A,0.20450002,0.07068563755591417,0.05506759899252867,1.283615753167384,,1000
1:42942595,1,42942595,G,A,0.33499998,0.08926712160593021,0.048873130409088694,1.826507139172932,,1000
1:42955158,1,42955158,G,A,0.40899998,0.00941360558285279,0.04543066527027881,0.20720818255354198,,1000
1:43020874,1,43020874,G,A,0.37300003,-0.026936375674417354,0.04731523759115667,-0.5692960036927264,,1000
1:43069839,1,43069839,G,A,0.14999998,0.05229000857242799,0.06467268463705561,0.8085331367621518,,1000
1:43092988,1,43092988,G,A,0.167,-0.03520013197769654,0.0626402277527606,-0.5619413153577694,,1000
1:43099124,1,43099124,G,A,0.2855,-0.007043103683768408,0.04930504504200724,-0.1428475255984003,,1000
1:43099659,1,43099659,G,A,0.18199998,0.07773778919693639,0.05921511564467381,1.3128031305960748,,1000
1:43109629,1,43109629,G,A,0.13,0.10358859468837434,0.06854673633612597,1.5112111856123538,,1000
1:43117887,1,43117887,G,A,0.07499999,-0.035349348016475254,0.0868763446805514,-0.40689267195180173,,1000
1:43144879,1,43144879,G,A,0.096000016,-0.010310140915565777,0.07787793102794018,-0.13238848001581885,,1000
1:43148704,1,43148704,G,A,0.3035,-0.024346136698095794,0.049323103091350705,-0.4936051296895213,,1000
1:43156516,1,43156516,G,A,0.14349997,0.004589440885400499,0.0648730053762252,0.07074500185068422,,1000
1:43167706,1,43167706,G,A,0.274,-0.011857026293498274,0.04984785201778102,-0.2378643374496619,,1000
1:43193997,1,43193997,G,A,0.34100002,-0.018245088039105573,0.04787046684392079,-0.38113453329362235,,1000
1:43300174,1,43300174,G,A,0.16299999,0.07170755152602303,0.06199235872252207,1.1567159728021672,,1000
1:43309894,1,43309894,G,A,0.48400003,0.02144380020009472,0.046257487432725335,0.4635746857475031,,1000
1:43332371,1,43332371,G,A,0.17000002,-0.04452898446192375,0.060825166296500116,-0.7320815901244145,,1000
1:43338837,1,43338837,G,A,0.121500015,0.07999311014372854,0.06960565661052866,1.1492328934029286,,1000
1:43351877,1,43351877,G,A,0.24849999,-0.018108888465143934,0.05185298981860872,-0.3492351844800493,,1000
1:43353747,1,43353747,G,A,0.254,0.024743764267273042,0.051988853647217954,0.4759436404421881,,1000
1:43369429,1,43369429,G,A,0.454,0.08531174700824055,0.04523142054265572,1.8861169068919001,,1000
1:43381574,1,43381574,G,A,0.067499995,-0.191340299733709,0.08957412627129889,-2.136111260010334,,1000
1:43391804,1,43391804,G,A,0.18349999,0.04534600795361547,0.058004469458399266,0.7817674806272915,,1000
1:43410213,1,43410213,G,A,0.40750003,-0.0024775453797817384,0.0443890288254218,-0.05581436326362781,,1000
1:43420893,1,43420893,G,A,0.40399998,-0.017785498811416483,0.047856902173960186,-0.3716391576447231,,1000
1:43428296,1,43428296,G,A,0.054499984,0.15619689320496455,0.10020549630730187,1.5587657260431396,,1000
1:43440659,1,43440659,G,A,0.292,-0.004881606645957621,0.05025688121969805,-0.09713309953750748,,1000
1:43463414,1,43463414,G,A,0.16299999,-0.05235793387612194,0.06111144438088801,-0.856761518346576,,1000
1:43465575,1,43465575,G,A,0.494,-0.0734647694387344,0.04606705274085651,-1.5947356096774792,,1000
1:43470978,1,43470978,G,A,0.4795,-0.021871139998458213,0.0454063686404375,-0.48167560307785673,,1000
1:43488532,1,43488532,G,A,0.46899998,-0.017610920314793978,0.04658788985198991,-0.3780149813770061,,1000
1:43497664,1,43497664,G,A,0.06550002,0.08356447218361177,0.09302813882065676,0.8982709236472051,,1000
1:43513098,1,43513098,G,A,0.4425,-0.016727870268505526,0.044683863272454584,-0.3743604299948129,,1000
1:43531277,1,43531277,G,A,0.20850003,-0.016840013349845702,0.057758072684760825,-0.29156120637468663,,1000
1:43558993,1,43558993,G,A,0.3365,0.029848525152304954,0.04844626781436967,0.6161160910614372,,1000
1:43563238,1,43563238,G,A,0.2615,0.04939365330878479,0.052002764697872836,0.9498274485165061,,1000
1:43570728,1,43570728,G,A,0.17699999,-0.03028707454056452,0.060587622995666106,-0.4998888063776819,,1000
1:43626564,1,43626564,G,A,0.17750001,0.025440020699886188,0.05972024575363609,0.4259865373768537,,1000
1:43627392,1,43627392,G,A,0.24299997,-0.0655297533483255,0.05223564675718927,-1.2545025747059702,,1000
1:43663897,1,43663897,G,A,0.18900001,0.03613534529540804,0.05870019674391967,0.6155915533477498,,1000
1:43669392,1,43669392,G,A,0.44849998,0.017522891318190972,0.045909457857990006,0.3816836908071071,,1000
1:43682502,1,43682502,G,A,0.2615,0.03836291936997021,0.050959244864141426,0.7528156956062962,,1000
1:43683575,1,43683575,G,A,0.454,-0.018139211181529266,0.044866673388587006,-0.40429142192974443,,1000
1:43694539,1,43694539,G,A,0.22149998,-0.09801383717520973,0.05494247269245467,-1.78393567620902,,1000
1:43728951,1,43728951,G,A,0.1645,0.056668955887890546,0.06188923057493522,0.9156513235251166,,1000
1:43750191,1,43750191,G,A,0.40899998,0.041920998885774066,0.04723338096625569,0.887529074315538,,1000
1:43757229,1,43757229,G,A,0.2905,0.027501830023063743,0.051751843369106924,0.5314173995100793,,1000
1:43799967,1,43799967,G,A,0.13300002,0.047529797717774554,0.0650389570137024,0.7307896666879358,,1000
1:43840924,1,43840924,G,A,0.459,-0.01692495190038985,0.044449162790277136,-0.3807709940510293,,1000
1:43842484,1,43842484,G,A,0.46100003,0.0044546803031536705,0.04621748347756307,0.09638517651693991,,1000
1:43860084,1,43860084,G,A,0.35750002,0.0500167787024116,0.04780028835573782,1.046369811206541,,1000
1:43864713,1,43864713,G,A,0.4695,0.07878377121817044,0.04696365481497032,1.677547702123409,,1000
1:43928337,1,43928337,G,A,0.365,0.015213705293985328,0.04861674703638223,0.31293137080109834,,1000
1:43942055,1,43942055,G,A,0.351,-0.050250667663833716,0.045941096505865246,-1.093806449687553,,1000
1:43942325,1,43942325,G,A,0.459,0.10475436453293666,0.04671326815297157,2.242497017975672,,1000
1:43951995,1,43951995,G,A,0.08499998,-0.0060229176257358035,0.07977387350398066,-0.07549987685423429,,1000
1:43965825,1,43965825,G,A,0.25349998,-0.03303647162460248,0.05267395863131124,-0.6271879403604279,,1000
1:44005128,1,44005128,G,A,0.24699998,0.1310091488215557,0.05266184448240697,2.48774326287266,,1000
1:44042450,1,44042450,G,A,0.3365,-0.0030253012956720543,0.04878760259785083,-0.062009632254513024,,1000
1:44050400,1,44050400,G,A,0.21600002,0.06873973581610195,0.054619113264357026,1.2585289600620386,,1000
1:44054179,1,44054179,G,A,0.2605,-0.053402621312579335,0.05094006083962765,-1.0483423151123525,,1000
1:44066132,1,44066132,G,A,0.4525,-0.0018118858397313873,0.0453820437057103,-0.039925170657384976,,1000
1:44079274,1,44079274,G,A,0.47500002,0.11134025101771951,0.04629519173335532,2.4050068019806847,,1000
1:44132456,1,44132456,G,A,0.259,0.03496088714477122,0.0517315056302576,0.6758142203447236,,1000
1:44165850,1,44165850,G,A,0.3445,-0.011924804205587862,0.04833344783669383,-0.24671950252501496,,1000
1:44181714,1,44181714,G,A,0.3,0.01799273855674416,0.04791693326127823,0.3754985415830885,,1000
1:44194442,1,44194442,G,A,0.46100003,9.663579711797063e-05,0.04650571374803739,0.002077933856504864,,1000
1:44196735,1,44196735,G,A,0.17250001,0.011721044361996264,0.06110517686401333,0.19181753434869997,,1000
1:44273385,1,44273385,G,A,0.42900002,0.04402750372456936,0.04440684830641725,0.9914575207132393,,1000
1:44306169,1,44306169,G,A,0.263,0.07535593311040627,0.050423557494669785,1.4944588770511096,,1000
1:44324347,1,44324347,G,A,0.22500002,0.046478061469788765,0.05543692519977817,0.8383953709967801,,1000
1:44331270,1,44331270,G,A,0.494,-0.1882508440562152,0.04536238581968455,-4.149932607259948,,1000
1:44336334,1,44336334,G,A,0.17699999,0.02895140867206562,0.062379741928835046,0.4641155570200079,,1000
1:44362903,1,44362903,G,A,0.08050001,0.06642708219944565,0.08341472860767242,0.7963471596470044,,1000
1:44454951,1,44454951,G,A,0.36,0.07581053589706713,0.049325866493509625,1.5369326741992946,,1000
1:44467096,1,44467096,G,A,0.15399998,0.09391894941077121,0.06273525742489568,1.497068048588268,,1000
1:44470460,1,44470460,G,A,0.352,-0.0378215658883291,0.04920891701525031,-0.7685917143148636,,1000
1:44474127,1,44474127,G,A,0.08099997,-0.1053887309568023,0.08550429186123704,-1.23255486552459,,1000
1:44489782,1,44489782,G,A,0.30299997,0.054632946049468785,0.04975560730069813,1.0980259113167776,,1000
1:44494355,1,44494355,G,A,0.16399997,0.013355718633200061,0.0614998307656149,0.21716675423223053,,1000
1:44564079,1,44564079,G,A,0.07700002,0.021800568859359697,0.08481359110645535,0.2570409833489577,,1000
1:44599848,1,44599848,G,A,0.07950002,-0.039333040865417876,0.08325339298035213,-0.47244970393819874,,1000
1:44604239,1,44604239,G,A,0.49150002,-0.01739341229852976,0.04570939971519029,-0.38052156464328996,,1000
1:44607537,1,44607537,G,A,0.15750003,-0.05955612130119255,0.06294048788978991,-0.9462291014565464,,1000
1:44613349,1,44613349,G,A,0.31699997,0.04393140437177219,0.04992877433370298,0.8798814903436867,,1000
1:44620659,1,44620659,G,A,0.2625,-0.09386910324982778,0.052084350097350615,-1.8022515990768335,,1000
1:44652277,1,44652277,G,A,0.23049998,-0.0312117500841892,0.05380018781919836,-0.5801420282969983,,1000
1:44653149,1,44653149,G,A,0.31849998,-0.036541182616341844,0.04893367575484789,-0.7467491876026029,,1000
1:44653350,1,44653350,G,A,0.291,0.04476774983911466,0.05021683504627548,0.8914888761480206,,1000
1:44675522,1,44675522,G,A,0.439,-0.026393550595863142,0.04568645215920649,-0.5777106636314822,,1000
1:44696954,1,44696954,G,A,0.227,-0.11825592385677809,0.05465215780144022,-2.163792402971905,,1000
1:44721696,1,44721696,G,A,0.21600002,-0.015459209597808263,0.055300787903028684,-0.2795477276909033,,1000
1:44738554,1,44738554,G,A,0.3685,-0.055245906521799636,0.046380244443087776,-1.1911516893704759,,1000
1:44761948,1,44761948,G,A,0.2295,-0.07825309165704032,0.054221075706173814,-1.443222780770654,,1000
1:44766029,1,44766029,G,A,0.292,-0.028795337444021834,0.05178423920380944,-0.5560637345793726,,1000
1:44768535,1,44768535,G,A,0.11250001,0.02694007422542186,0.0738337599677272,0.36487474343982196,,1000
1:44786627,1,44786627,G,A,0.18550003,-0.040534738265462576,0.060086585609072506,-0.6746054523581086,,1000
1:44804550,1,44804550,G,A,0.13599998,-0.012806643864995823,0.06776595366472062,-0.188983452197221,,1000
1:44807181,1,44807181,G,A,0.41900003,-0.009833107877091383,0.047206329545845215,-0.20830062349036893,,1000
1:44810381,1,44810381,G,A,0.427,0.09383263717927827,0.046965839171339986,1.9978912084794145,,1000
1:44855107,1,44855107,G,A,0.2295,-0.02041065539499499,0.05351945629582372,-0.38136888540453456,,1000
1:44882343,1,44882343,G,A,0.26099998,0.0423073785999457,0.05147154503537022,0.8219566475199629,,1000
1:44903074,1,44903074,G,A,0.22799999,-0.07459320872440417,0.055524618004056774,-1.3434258785707305,,1000
1:44910238,1,44910238,G,A,0.134,0.04495803042276689,0.06572374400756867,0.6840454861729967,,1000
1:44918676,1,44918676,G,A,0.385,0.02758000391771799,0.04733448853813782,0.5826619188141546,,1000
1:44924393,1,44924393,G,A,0.426,0.015671852461828374,0.04510624716482724,0.34744305826552796,,1000
1:44969435,1,44969435,G,A,0.3315,0.02325257960344811,0.048706235125868705,0.4774045775321746,,1000
1:44976490,1,44976490,G,A,0.39200002,-0.028132547469533562,0.04585979634598505,-0.61344684693517,,1000
1:44988956,1,44988956,G,A,0.3445,0.07421605976372743,0.047122349701307915,1.5749651754243381,,1000
1:45014516,1,45014516,G,A,0.088,0.025655910890303637,0.07930354109561112,0.3235153252409243,,1000
1:45027603,1,45027603,G,A,0.3135,0.014476038799835635,0.049482707057223144,0.29254743042039216,,1000
1:45031630,1,45031630,G,A,0.20200002,0.024920625726921535,0.057600453373337135,0.43264634681603265,,1000
1:45038051,1,45038051,G,A,0.13999999,0.177446160981494,0.06790036602520198,2.6133314349974617,,1000
1:45084110,1,45084110,G,A,0.3675,-0.02756688773867657,0.04735111914442316,-0.5821802786666194,,1000
1:45103151,1,45103151,G,A,0.45749998,-0.041885682430854006,0.046110482416712596,-0.9083765824074891,,1000
1:45140486,1,45140486,G,A,0.49299997,-0.030966102494513058,0.04602345943389655,-0.672833004632988,,1000
1:45144249,1,45144249,G,A,0.30400002,-0.06578620676260798,0.049648819344467215,-1.3250306378119159,,1000
1:45145250,1,45145250,G,A,0.3455,0.002313068163943829,0.049044294118897394,0.047162839337360846,,1000
1:45148269,1,45148269,G,A,0.353,0.007737607251412828,0.04870377707876099,0.15887078406465288,,1000
1:45173472,1,45173472,G,A,0.3625,-0.049706770576492046,0.04720045676130241,-1.0530993551156576,,1000
1:45188746,1,45188746,G,A,0.17699999,-0.04997625213176653,0.06036125498424144,-0.8279525027240382,,1000
1:45191245,1,45191245,G,A,0.10900003,-0.11985320187107631,0.07451011023106197,-1.6085495176346096,,1000
1:45214598,1,45214598,G,A,0.22850001,0.09563251296670049,0.053598797878691255,1.7842286907841296,,1000
1:45221401,1,45221401,G,A,0.23150003,-0.07745934984479841,0.054352848783664885,-1.4251203309159006,,1000
1:45275090,1,45275090,G,A,0.37300003,0.0474269452799357,0.04857469114000168,0.9763715253122669,,1000
1:45276219,1,45276219,G,A,0.306,-0.019650310630571564,0.04950515865670569,-0.3969346056809343,,1000
1:45362589,1,45362589,G,A,0.3025,0.05714447152737529,0.049504176286431965,1.1543363775358357,,1000
1:45388539,1,45388539,G,A,0.29250002,-0.014576139633282487,0.04990217824923457,-0.29209425609604656,,1000
1:45447479,1,45447479,G,A,0.14200002,-0.018122517388772578,0.06585081216196782,-0.2752056777097618,,1000
1:45504303,1,45504303,G,A,0.21149999,0.04944816137758191,0.05555217344633043,0.8901210935581905,,1000
1:45515442,1,45515442,G,A,0.102,0.06164868241940658,0.07342621171428423,0.8396004775419121,,1000
1:45516299,1,45516299,G,A,0.07849997,-0.05336347071770403,0.08477989026787647,-0.6294354775536165,,1000
1:45516506,1,45516506,G,A,0.070500016,0.08456011378371067,0.08633503164687314,0.9794415102501818,,1000
1:45545656,1,45545656,G,A,0.091499984,0.04354646331879496,0.07966185073270945,0.5466413712243146,,1000
1:45545725,1,45545725,G,A,0.33099997,-0.07729414875867457,0.05027041575203945,-1.5375673266744125,,1000
1:45562389,1,45562389,G,A,0.486,0.026506474684744787,0.0462434125521939,0.5731946070119182,,1000
1:45570488,1,45570488,G,A,0.06650001,0.057698726582078204,0.09027491141959837,0.6391446491029401,,1000
1:45584685,1,45584685,G,A,0.41250002,0.12427157473518352,0.045558673605948376,2.7277259169142707,,1000
1:45587884,1,45587884,G,A,0.37849998,-0.004135000154312593,0.04729891356502288,-0.0874227300935383,,1000
1:45594402,1,45594402,G,A,0.445,0.06834088668302965,0.04665139260735698,1.464927044262602,,1000
1:45598221,1,45598221,G,A,0.49400002,-0.051461102688516114,0.04563105098111079,-1.1277650104929362,,1000
1:45611549,1,45611549,G,A,0.43199998,-0.015526838532504243,0.04662042798639915,-0.3330479620872202,,1000
1:45658329,1,45658329,G,A,0.3995,0.009943406012204961,0.04706288197389143,0.21127915663390862,,1000
1:45677381,1,45677381,G,A,0.086000025,-0.005008854593401964,0.08306940922583678,-0.06029722180622031,,1000
1:45677486,1,45677486,G,A,0.21249998,0.08085766160315314,0.055325522731368565,1.4614893382165608,,1000
1:45718844,1,45718844,G,A,0.34649998,0.005154486774358371,0.04863818801412619,0.10597612667769062,,1000
1:45745051,1,45745051,G,A,0.050000012,0.03160185491163432,0.1050764326921568,0.3007511208932883,,1000
1:45745470,1,45745470,G,A,0.26599997,0.04681898871148305,0.05375157784543041,0.8710253835918471,,1000
1:45759167,1,45759167,G,A,0.041499972,0.07801044838391681,0.11524793175887486,0.6768923935844036,,1000
1:45787927,1,45787927,G,A,0.38200003,0.005072804468546931,0.04811718266423451,0.10542604923370846,,1000
1:45791734,1,45791734,G,A,0.16900003,0.07212859547972628,0.06065196322782233,1.189221117357655,,1000
1:45816039,1,45816039,G,A,0.402,0.05985087194002208,0.04687647863430991,1.276778326438026,,1000
1:45844570,1,45844570,G,A,0.268,0.022859385539012546,0.05193778507872567,0.4401301577331995,,1000
1:45848554,1,45848554,G,A,0.094500005,0.040260629666438306,0.07923624656053957,0.5081087433347518,,1000
1:45874855,1,45874855,G,A,0.448,-0.07028050503557608,0.045005992028148756,-1.5615810666192962,,1000
1:45932659,1,45932659,G,A,0.347,0.026820979649069324,0.048876092639403776,0.5487545791957666,,1000
1:45938650,1,45938650,G,A,0.37949997,-0.02180593809857152,0.04645206343169759,-0.4694288366895615,,1000
1:45961406,1,45961406,G,A,0.15649998,0.04612306890627054,0.06403083384955836,0.7203259138345371,,1000
1:45968758,1,45968758,G,A,0.08700001,0.10334169984239756,0.08210576583370595,1.2586412025155713,,1000
1:45969431,1,45969431,G,A,0.482,0.035535299302284155,0.04498003407826952,0.7900238412547526,,1000
1:46013252,1,46013252,G,A,0.2105,-0.012232751470355073,0.055932877653099865,-0.21870413223191493,,1000
1:46048560,1,46048560,G,A,0.15649998,0.0245647494670977,0.0609856074997491,0.40279584764649207,,1000
1:46108296,1,46108296,G,A,0.45099998,-0.0058443967553179835,0.045819240202752,-0.12755333195086366,,1000
1:46128265,1,46128265,G,A,0.2805,0.05357874767122949,0.05076717741258967,1.0553816540909873,,1000
1:46159304,1,46159304,G,A,0.3075,0.08289989793000685,0.049016489466216374,1.6912655074399796,,1000
1:46206265,1,46206265,G,A,0.19,-0.0021358537744963877,0.05847062134790957,-0.03652866559750948,,1000
1:46216126,1,46216126,G,A,0.4755,-0.026392785638915853,0.044643806062271425,-0.5911858321869302,,1000
1:46276889,1,46276889,G,A,0.273,0.064244219935041,0.05236998485037405,1.2267374168350964,,1000
1:46316697,1,46316697,G,A,0.25550002,0.06662569694965255,0.05182078492544765,1.2856944765600153,,1000
1:46321409,1,46321409,G,A,0.073000014,0.0012824859091246073,0.08778712987481849,0.014609042475285265,,1000
1:46338605,1,46338605,G,A,0.375,-0.05928958951253233,0.04769894848791829,-1.2429957345401408,,1000
1:46350912,1,46350912,G,A,0.32349998,0.06348211965657305,0.04941365894257632,1.2847079332932156,,1000
1:46361482,1,46361482,G,A,0.49150002,0.015305218830695378,0.04608279937525366,0.3321243292115244,,1000
1:46389269,1,46389269,G,A,0.11549997,0.03625310350784715,0.07245996758688503,0.500319068793081,,1000
1:46426161,1,46426161,G,A,0.19950002,0.09224679991726319,0.058186829925315674,1.5853553121155488,,1000
1:46433553,1,46433553,G,A,0.157,0.06662041118020709,0.06203489883625773,1.073918269070655,,1000
1:46462257,1,46462257,G,A,0.32200003,0.06344801963552385,0.046887675502824674,1.353191834636834,,1000
1:46467515,1,46467515,G,A,0.08200002,-0.012236854909234936,0.08516448954458535,-0.14368494397924728,,1000
1:46510961,1,46510961,G,A,0.49,-0.003083902385079915,0.045489288339636426,-0.06779403454401378,,1000
1:46523538,1,46523538,G,A,0.34399998,-0.0071455997526336116,0.048205608458474665,-0.14823170956941625,,1000
1:46547340,1,46547340,G,A,0.21399999,0.013792117094181728,0.05741798538376498,0.24020552100529582,,1000
1:46571161,1,46571161,G,A,0.22899997,0.0710322050124981,0.05408384191827376,1.3133720256011963,,1000
1:46573029,1,46573029,G,A,0.2795,-0.02207351208322632,0.0510297818510289,-0.4325613648058591,,1000
1:46592495,1,46592495,G,A,0.32950002,-0.06214812814180812,0.04816257609628918,-1.2903821427150883,,1000
1:46597589,1,46597589,G,A,0.334,-0.0720087459179421,0.048418030708439225,-1.4872299609118764,,1000
1:46606103,1,46606103,G,A,0.25950003,-0.025247945732227044,0.05228207014686679,-0.48291786574828516,,1000
1:46619070,1,46619070,G,A,0.144,-0.08386132263551042,0.0637374683638524,-1.3157303668978313,,1000
1:46626915,1,46626915,G,A,0.114499986,-0.004584358631330384,0.07021034168967412,-0.06529463496407693,,1000
1:46673571,1,46673571,G,A,0.449,0.043115788536053405,0.04493428423730314,0.9595298838711651,,1000
1:46693000,1,46693000,G,A,0.3075,0.03948981659595655,0.05062321538739515,0.7800732587560856,,1000
1:46695566,1,46695566,G,A,0.343,-0.009675037676990786,0.047326014300007255,-0.20443381552604784,,1000
1:46705647,1,46705647,G,A,0.22549999,-0.060512603700498664,0.05558028646207518,-1.0887422061379446,,1000
1:46737862,1,46737862,G,A,0.3905,0.010724371085050331,0.047040632269631955,0.22798101487198055,,1000
1:46787764,1,46787764,G,A,0.40850002,-0.01786591287747798,0.046619247399596886,-0.38323040104745376,,1000
1:46792156,1,46792156,G,A,0.23949999,-0.038895469224332554,0.05255701509567603,-0.7400623713794691,,1000
1:46801034,1,46801034,G,A,0.052999973,0.07755608178811871,0.10354042890280686,0.7490415348860531,,1000
1:46918819,1,46918819,G,A,0.1735,-0.08066796798257063,0.06234508209531774,-1.2938946468823236,,1000
1:46977875,1,46977875,G,A,0.40850002,0.022761907584800078,0.04721427911083788,0.48209795878415007,,1000
1:46988352,1,46988352,G,A,0.314,-0.027657400798652056,0.04903102105735702,-0.5640796418719922,,1000
1:47010677,1,47010677,G,A,0.4565,-0.01755585075675419,0.046142471768757014,-0.3804705314603719,,1000
1:47044084,1,47044084,G,A,0.227,-0.0970949263806669,0.0551760739515668,-1.759728799586143,,1000
1:47050088,1,47050088,G,A,0.1875,-0.07926198801242702,0.05834225305362605,-1.3585691992315128,,1000
1:47108179,1,47108179,G,A,0.04000002,0.11409229747200614,0.11869955818003726,0.9611855277418718,,1000
1:47149072,1,47149072,G,A,0.143,-0.07417754784687496,0.06515243809950458,-1.1385229779672512,,1000
1:47189675,1,47189675,G,A,0.21100003,-0.0993475712725844,0.05406364359602859,-1.8376040655883998,,1000
1:47204954,1,47204954,G,A,0.08499998,0.03210872967719676,0.08233191458326286,0.3899912912231012,,1000
1:47226730,1,47226730,G,A,0.334,0.030382993510073064,0.048572228314419666,0.6255219199209201,,1000
1:47230659,1,47230659,G,A,0.49400002,0.0021610849642953373,0.04584460802480043,0.04713934871307573,,1000
1:47246349,1,47246349,G,A,0.061999977,-0.004959680763385131,0.09276227888795167,-0.05346656876957465,,1000
1:47278685,1,47278685,G,A,0.24849999,-0.0038183512406539475,0.05369600440353813,-0.07111052829849569,,1000
1:47336079,1,47336079,G,A,0.22899997,-0.06987795421497389,0.05408534855459754,-1.2919941552088583,,1000
1:47347700,1,47347700,G,A,0.081499994,0.20773118860276882,0.08067350657631987,2.5749616871586967,,1000
1:47364510,1,47364510,G,A,0.121500015,0.1294000815598051,0.0695311553322043,1.8610374146892923,,1000
1:47368964,1,47368964,G,A,0.23549998,-0.051673881309969784,0.05388379064676805,-0.9589874930795943,,1000
1:47378942,1,47378942,G,A,0.4925,0.05016214775634909,0.04559039040059164,1.100278969221069,,1000
1:47379180,1,47379180,G,A,0.31300002,0.06473632575794643,0.04755481979892467,1.3612989394486208,,1000
1:47380430,1,47380430,G,A,0.09500003,-0.06357992876203258,0.0763572253193358,-0.8326642108344442,,1000
1:47384058,1,47384058,G,A,0.397,0.11108911504399989,0.04638968697304786,2.3946942153013886,,1000
1:47406956,1,47406956,G,A,0.44849998,0.024261884451132955,0.04590638341792302,0.5285078597949517,,1000
1:47423959,1,47423959,G,A,0.3855,-0.08067285810424664,0.04669769151929004,-1.7275555917131797,,1000
1:47427054,1,47427054,G,A,0.4325,-0.0663382100946447,0.04700821855988327,-1.4112045111885523,,1000
1:47494033,1,47494033,G,A,0.41399997,-0.003231195880085548,0.046005052110904526,-0.07023567481884585,,1000
1:47517691,1,47517691,G,A,0.16250002,-0.06414882689308588,0.06274429889566652,-1.0223849500614368,,1000
1:47548565,1,47548565,G,A,0.32599998,-0.034319735637054226,0.04839813429429376,-0.7091127816697801,,1000
1:47550907,1,47550907,G,A,0.12599999,-0.07818249281212218,0.07051357341652967,-1.108758059250402,,1000
1:47602636,1,47602636,G,A,0.19999999,-0.06360751494704107,0.05801658603614164,-1.0963677681312813,,1000
1:47623906,1,47623906,G,A,0.218,-0.05417897341398803,0.05606502619893222,-0.9663595486738555,,1000
1:47637043,1,47637043,G,A,0.26749998,-0.026041663055834836,0.05193148981645505,-0.5014618904228558,,1000
1:47640982,1,47640982,G,A,0.24599999,-0.005142672048120743,0.0522674818388785,-0.0983914255516215,,1000
1:47645935,1,47645935,G,A,0.4055,0.022767941376345097,0.04614738626235294,0.4933744513049311,,1000
1:47657170,1,47657170,G,A,0.33200002,0.03223733244361423,0.04682820442847972,0.6884170093015205,,1000
1:47675855,1,47675855,G,A,0.34249997,-0.04636341930081021,0.048016277724265234,-0.9655771229717846,,1000
1:47685443,1,47685443,G,A,0.4045,0.034934654169998164,0.047462137439205104,0.7360531163339712,,1000
1:47704341,1,47704341,G,A,0.1415,-0.07140397168715835,0.06615199062898124,-1.0793926381994048,,1000
1:47715953,1,47715953,G,A,0.2805,-0.051226908780172796,0.05064374507557729,-1.0115150193518514,,1000
1:47718022,1,47718022,G,A,0.45749998,0.0051354982442739965,0.04622411791016218,0.11109997283788035,,1000
1:47718419,1,47718419,G,A,0.375,0.014120308786829223,0.04558272503881952,0.3097732479750602,,1000
1:47719805,1,47719805,G,A,0.41750002,0.07977746282338417,0.04587209667146792,1.7391283288126904,,1000
1:47720651,1,47720651,G,A,0.23549998,0.04319151922669117,0.0538912719239979,0.8014566679295223,,1000
1:47732821,1,47732821,G,A,0.40750003,-0.08785877279520368,0.0453510123417826,-1.937305657767159,,1000
1:47756480,1,47756480,G,A,0.18150002,-0.01950824763886173,0.05774609774688058,-0.3378279814572502,,1000
1:47766656,1,47766656,G,A,0.46249998,-0.038033146110662885,0.044263587927154,-0.8592422777217077,,1000
1:47784181,1,47784181,G,A,0.18949997,0.0020004807839985534,0.05830197734165067,0.03431240028576902,,1000
1:47799290,1,47799290,G,A,0.20499998,-0.022679254008745483,0.05660418394532602,-0.40066391612767305,,1000
1:47816342,1,47816342,G,A,0.356,0.04895148049277399,0.04783934988177852,1.0232471932361913,,1000
1:47870027,1,47870027,G,A,0.3775,0.00740143297812695,0.0461668206637723,0.1603193131281607,,1000
1:47876338,1,47876338,G,A,0.07550001,0.042220109384945,0.0885983148852048,0.47653399999366597,,1000
1:47911177,1,47911177,G,A,0.1225,0.007499878593975591,0.06948521485429493,0.1079348838411488,,1000
1:47936137,1,47936137,G,A,0.153,0.05543685066813702,0.06263504038469488,0.8850772718857102,,1000
1:47984650,1,47984650,G,A,0.5,0.05542777296125985,0.04534702609736481,1.2223022705447237,,1000
1:47994792,1,47994792,G,A,0.41399997,-0.016850423405888357,0.04647844332148494,-0.3625427661020469,,1000
1:48006404,1,48006404,G,A,0.36650002,-0.01226256656119451,0.04772322387572245,-0.25695176405365755,,1000
1:48014454,1,48014454,G,A,0.4965,-0.08032498775754986,0.04535704624351435,-1.7709483842113198,,1000
1:48018520,1,48018520,G,A,0.3645,-0.035673000510978214,0.04782456106292156,-0.745913809099976,,1000
1:48055662,1,48055662,G,A,0.36799997,0.031082949850673086,0.047475908202396444,0.6547099576939553,,1000
1:48076249,1,48076249,G,A,0.453,-0.08093168945137803,0.04627828105689164,-1.7488050031911437,,1000
1:48085528,1,48085528,G,A,0.19099998,0.02670426882456531,0.054917435146383455,0.4862621270163944,,1000
1:48120512,1,48120512,G,A,0.055999994,0.009606575129208594,0.09828143932117886,0.09774556819232963,,1000
1:48123407,1,48123407,G,A,0.4015,0.0779758335120289,0.04623411605027854,1.686543188740366,,1000
1:48155152,1,48155152,G,A,0.14099997,-0.05789778425764601,0.06540095092864565,-0.8852743490047138,,1000
1:48170988,1,48170988,G,A,0.199,0.10649206472273937,0.058763479509165155,1.8122150970677313,,1000
1:48190952,1,48190952,G,A,0.4185,0.09989741267250563,0.04789943843873128,2.0855654247447086,,1000
1:48193846,1,48193846,G,A,0.39450002,-0.049418279935907736,0.04560475545049566,-1.0836212023886782,,1000
1:48206786,1,48206786,G,A,0.2515,-0.02143364626254141,0.05158507601252687,-0.41550091459274935,,1000
1:48226616,1,48226616,G,A,0.101499975,0.15466656706587414,0.07712621803091303,2.005369523031482,,1000
1:48243575,1,48243575,G,A,0.195,-0.1279762090765141,0.05736048767111405,-2.2310864895411475,,1000
1:48257588,1,48257588,G,A,0.25599998,0.06907425212630701,0.051685100960172516,1.336444175266954,,1000
1:48280116,1,48280116,G,A,0.40100002,0.02976065789178239,0.04635722292175859,0.6419853480440842,,1000
1:48294318,1,48294318,G,A,0.49199998,-0.02946172091945372,0.045933535335827794,-0.6413989409709949,,1000
1:48302505,1,48302505,G,A,0.32599998,-0.024398451342804297,0.04965339537363767,-0.49137528580287365,,1000
1:48344514,1,48344514,G,A,0.07800001,0.07906658220690838,0.0838026968691987,0.9434849373680353,,1000
1:48356323,1,48356323,G,A,0.1365,-0.02792768490406878,0.06769328209049581,-0.4125621338131254,,1000
1:48383191,1,48383191,G,A,0.19099998,0.03342392457975565,0.05766145446066428,0.5796580209844847,,1000
1:48393095,1,48393095,G,A,0.334,-0.058645397034426505,0.049339089782263194,-1.1886193542125054,,1000
1:48410264,1,48410264,G,A,0.055000007,0.18308673540806294,0.09883153790496244,1.852513269439572,,1000
1:48427723,1,48427723,G,A,0.2565,0.08362296367111498,0.05193444684905891,1.6101637495852195,,1000
1:48436829,1,48436829,G,A,0.4755,0.04354471625077753,0.0448029585297301,0.971916089467225,,1000
1:48439032,1,48439032,G,A,0.40249997,-0.06625275679723072,0.04750853877858575,-1.3945441914347794,,1000
1:48448103,1,48448103,G,A,0.37550002,0.013670600135908442,0.046645685132533435,0.2930731984548291,,1000
1:48458274,1,48458274,G,A,0.38050002,0.009717871060663895,0.046603706937840744,0.2085214181272196,,1000
1:48465993,1,48465993,G,A,0.3645,-0.0278487617632232,0.047516403740312865,-0.5860873208213007,,1000
1:48487261,1,48487261,G,A,0.18699998,-0.0678766013567133,0.05896608931778754,-1.151112480783728,,1000
1:48491184,1,48491184,G,A,0.39850003,0.11122891125755376,0.04677212136193849,2.3781027676043776,,1000
1:48491821,1,48491821,G,A,0.3355,-0.027080429686305134,0.048192953964208814,-0.5619167836529962,,1000
1:48494717,1,48494717,G,A,0.15750003,-0.02287022846996582,0.06296455320143679,-0.3632238665586837,,1000
1:48495983,1,48495983,G,A,0.4925,0.03556853432870301,0.04654747806985539,0.7641345096145509,,1000
1:48515115,1,48515115,G,A,0.49199998,0.016161049903940627,0.045662389153269575,0.35392475522239386,,1000
1:48515839,1,48515839,G,A,0.232,0.08261561821335518,0.05328392668034614,1.550479166240353,,1000
1:48518373,1,48518373,G,A,0.40649998,-0.044820595104962696,0.04628586698428946,-0.9683429959338536,,1000
1:48532682,1,48532682,G,A,0.35799998,0.023678469097173013,0.04722229877954115,0.5014255914926278,,1000
1:48548948,1,48548948,G,A,0.32,0.015985694253884002,0.04887882220292802,0.32704745191111423,,1000
1:48566365,1,48566365,G,A,0.12849998,0.05716837064628954,0.0688280319840087,0.8305971999834583,,1000
1:48591743,1,48591743,G,A,0.268,-0.11939397398314468,0.05180515061576944,-2.304673812622818,,1000
1:48632669,1,48632669,G,A,0.39200002,-0.03210924404666952,0.04721731008970582,-0.6800312001184896,,1000
1:48665286,1,48665286,G,A,0.49150002,0.04079951668033907,0.044628139706079574,0.9142105619692917,,1000
1:48673238,1,48673238,G,A,0.319,-0.1162532062803415,0.04772806695843347,-2.4357409316741614,,1000
1:48710325,1,48710325,G,A,0.39749998,-0.12801684943055974,0.046571008525209276,-2.748852848253504,,1000
1:48715251,1,48715251,G,A,0.435,7.142041855841004e-05,0.04654529856063383,0.0015344281971974415,,1000
1:48715258,1,48715258,G,A,0.3215,0.06271457501349333,0.04833382003324961,1.2975298656375798,,1000
1:48719462,1,48719462,G,A,0.4105,0.008100746558914528,0.04542717239002889,0.17832381221888716,,1000
1:48726899,1,48726899,G,A,0.2335,-0.007177277102874375,0.0534791974361896,-0.13420689626911794,,1000
1:48730050,1,48730050,G,A,0.20099998,-0.07135631013842918,0.05533689798489138,-1.2894887992802122,,1000
1:48730510,1,48730510,G,A,0.28100002,0.01753913914089936,0.05105480205457312,0.34353554288882665,,1000
1:48743176,1,48743176,G,A,0.073000014,0.000695746176999821,0.08714250624797344,0.007984004671841774,,1000
1:48761067,1,48761067,G,A,0.46350002,0.03791864324780252,0.046024497382405626,0.8238795729314834,,1000
1:48763533,1,48763533,G,A,0.19450003,-0.08427477429894305,0.05709804057863979,-1.4759661355256732,,1000
1:48766346,1,48766346,G,A,0.27499998,0.004420392687382935,0.050468854741295296,0.08758654639662394,,1000
1:48774837,1,48774837,G,A,0.365,-0.0006659787307647055,0.04724063601246169,-0.014097581806244645,,1000
1:48786501,1,48786501,G,A,0.2895,0.00036345843969573445,0.05008586394570733,0.0072567070039905954,,1000
1:48830420,1,48830420,G,A,0.18650001,-0.013795797649582352,0.0594290570925344,-0.23213892874156686,,1000
1:48840102,1,48840102,G,A,0.4855,-0.007914862465719355,0.046493264463981825,-0.17023675487125609,,1000
1:48852190,1,48852190,G,A,0.4335,0.059649265082155074,0.046112856980006736,1.2935495432004431,,1000
1:48890528,1,48890528,G,A,0.10549998,0.008704742667808758,0.0750088498651053,0.11604954193356153,,1000
1:48900484,1,48900484,G,A,0.2245,0.08588251696599836,0.05367154324797142,1.6001499448079386,,1000
1:48939583,1,48939583,G,A,0.11949998,0.06307921104774741,0.07352161670029807,0.857968225928466,,1000
1:48968539,1,48968539,G,A,0.24299997,0.01550187416490866,0.05416137812213065,0.2862163907637813,,1000
1:48978080,1,48978080,G,A,0.1595,0.0025316575125709662,0.06327590722036631,0.040009817698135094,,1000
1:49007335,1,49007335,G,A,0.19749999,-0.05276913847012101,0.05614555285177085,-0.9398631911139272,,1000
1:49039848,1,49039848,G,A,0.30650002,0.012522735097331114,0.05023801342787861,0.24926811875849106,,1000
1:49092555,1,49092555,G,A,0.12199998,-0.049525135190759975,0.07054499010153237,-0.7020361774731356,,1000
1:49114108,1,49114108,G,A,0.44550002,-0.0203155117124857,0.047033448967877464,-0.43193752868008106,,1000
1:49133347,1,49133347,G,A,0.23650002,0.024691926712785552,0.05466510998197629,0.4516944486332647,,1000
1:49160572,1,49160572,G,A,0.46649998,-0.04988944465977868,0.04625771256316586,-1.0785108449029688,,1000
1:49172325,1,49172325,G,A,0.06300002,0.07923562950328054,0.09370533803207627,0.8455828789194207,,1000
1:49207389,1,49207389,G,A,0.40899998,-0.05148087575508502,0.045768386048401534,-1.1248130030331929,,1000
1:49223967,1,49223967,G,A,0.468,-0.021435907380981944,0.0465985634352841,-0.46001219352506534,,1000
1:49282340,1,49282340,G,A,0.4895,0.02880990452811781,0.0471578975955422,0.6109242777362743,,1000
1:49309064,1,49309064,G,A,0.12099999,-0.03914888555099676,0.06908015608440259,-0.5667168079812154,,1000
1:49349431,1,49349431,G,A,0.236,0.011915646158934187,0.05375271179367274,0.22167525621166492,,1000
1:49351999,1,49351999,G,A,0.37050003,0.019836217214404667,0.04824186994255318,0.4111825938344803,,1000
1:49352347,1,49352347,G,A,0.2805,-0.01222675206931064,0.052242725360419046,-0.2340374087484736,,1000
1:49358350,1,49358350,G,A,0.42549998,-0.011851088196339095,0.045707126662441595,-0.25928315914194966,,1000
1:49359782,1,49359782,G,A,0.4945,0.06513295170782352,0.047206860821698275,1.3797348642569693,,1000
1:49375566,1,49375566,G,A,0.3765,0.061887255843225894,0.04675445369446991,1.323665468270585,,1000
1:49375651,1,49375651,G,A,0.393,0.025502560578030273,0.04707686303012223,0.5417217489982799,,1000
1:49396073,1,49396073,G,A,0.28100002,-0.051634944131013744,0.04991465939231965,-1.034464519234179,,1000
1:49402808,1,49402808,G,A,0.22850001,0.18641490093874627,0.051644178779439436,3.6096014177102513,,1000
1:49426961,1,49426961,G,A,0.4325,0.015896844719263305,0.0461741572069675,0.344280127258382,,1000
1:49431583,1,49431583,G,A,0.16100001,-0.05782992057656501,0.06240271921344167,-0.9267211638448655,,1000
1:49437615,1,49437615,G,A,0.44700003,0.0013175168539219663,0.04464452705952642,0.029511273625214256,,1000
1:49437770,1,49437770,G,A,0.43449998,0.03450768556225474,0.047601236656453244,0.724932543482073,,1000
1:49439295,1,49439295,G,A,0.3645,-0.024474108244987355,0.047109880366722874,-0.5195111525325629,,1000
1:49464217,1,49464217,G,A,0.37199998,0.12558377879411886,0.04710552799546303,2.6660093653172607,,1000
1:49558084,1,49558084,G,A,0.055999994,0.07653783436430037,0.09734971436851711,0.786215294629079,,1000
1:49566095,1,49566095,G,A,0.49199998,0.07007902848301123,0.0451588790954069,1.5518327710250663,,1000
1:49573447,1,49573447,G,A,0.22049999,-0.020943380165432256,0.05395290275125625,-0.3881789319471714,,1000
1:49583877,1,49583877,G,A,0.21350002,-0.0494136421889638,0.05583559140397137,-0.884984665631198,,1000
1:49626985,1,49626985,G,A,0.48900002,0.06880961205432581,0.04571594472695879,1.5051556402322062,,1000
1:49691697,1,49691697,G,A,0.15799999,0.020912631361902422,0.06198212948716959,0.3373977553680432,,1000
1:49697914,1,49697914,G,A,0.48299998,-0.01155650929650927,0.04561341296366451,-0.25335769778321887,,1000
1:49701516,1,49701516,G,A,0.23799998,0.03976302750830679,0.05480222209944953,0.7255732702982166,,1000
1:49742524,1,49742524,G,A,0.10250002,-0.04688159087557217,0.07449222873747427,-0.6293487477840461,,1000
1:49756121,1,49756121,G,A,0.29900002,0.026885211390624258,0.05155574540871473,0.5214784730099105,,1000
1:49768170,1,49768170,G,A,0.37,0.07531900397981424,0.046518283404287444,1.619126899529408,,1000
1:49802236,1,49802236,G,A,0.34100002,-0.002124545819570952,0.04808673639555025,-0.04418153484351558,,1000
1:49818663,1,49818663,G,A,0.487,0.0333629071218645,0.04613879576653001,0.7230987841704055,,1000
1:49825496,1,49825496,G,A,0.20099998,0.05959137263692945,0.056886177540343405,1.047554524025938,,1000
1:49839732,1,49839732,G,A,0.26,-0.0027993209856662466,0.054026573758529074,-0.05181377960737929,,1000
1:49840604,1,49840604,G,A,0.15600002,-0.0035991100257310444,0.062156986677257636,-0.057903547422898285,,1000
1:49844909,1,49844909,G,A,0.3305,-0.13351414823277757,0.04905930113732479,-2.7214849200368803,,1000
1:49873779,1,49873779,G,A,0.4695,0.022979252818310977,0.045589200512751955,0.50405035753771,,1000
1:49875089,1,49875089,G,A,0.19849998,0.05682734429277485,0.05789293024698513,0.981593850066593,,1000
1:49885717,1,49885717,G,A,0.09549999,0.04188800385880704,0.07755449653192392,0.540110576845336,,1000
1:49895283,1,49895283,G,A,0.20450002,0.0031230749467691162,0.05576962752896015,0.05599956616434923,,1000
1:49896931,1,49896931,G,A,0.4785,-0.03230491956965897,0.04402847393579767,-0.7337278965599855,,1000
1:49902137,1,49902137,G,A,0.473,-0.0005821191240181126,0.046939634741108835,-0.012401441281525436,,1000
1:49905867,1,49905867,G,A,0.10100001,-0.11174913499219355,0.0760247761733549,-1.4699041630504568,,1000
1:49907858,1,49907858,G,A,0.39749998,0.03619723117397365,0.045322644213547855,0.7986566494978148,,1000
1:49908283,1,49908283,G,A,0.120000005,-0.03057617924756318,0.07090773270184522,-0.43121078734995993,,1000
1:49909832,1,49909832,G,A,0.4285,0.10121413647578709,0.04655951030115487,2.173866001191094,,1000
1:49913225,1,49913225,G,A,0.25550002,-0.03603843467029912,0.05132160555891822,-0.7022078572527566,,1000
1:49970089,1,49970089,G,A,0.43400002,-0.024783701165778264,0.04534825857714079,-0.5465193580392802,,1000
1:49975040,1,49975040,G,A,0.08099997,-0.10954184482690013,0.08374220474037664,-1.3080840797840148,,1000
1:50007247,1,50007247,G,A,0.088,-0.07980331040080603,0.07926745398907094,-1.0067601062575944,,1000
1:50011986,1,50011986,G,A,0.48549998,-0.019336607506884367,0.04629743750851465,-0.4176604267423685,,1000
1:50018038,1,50018038,G,A,0.394,-0.07552874326782967,0.04718233773616839,-1.600784253000925,,1000
1:50066488,1,50066488,G,A,0.097500026,-0.035394568580312334,0.07790722380609279,-0.4543169022221567,,1000
1:50086879,1,50086879,G,A,0.4605,-0.054804012337618474,0.0446970914243947,-1.226120326650777,,1000
1:50107907,1,50107907,G,A,0.43199998,0.009170935636661114,0.0470176555220363,0.19505301859134314,,1000
1:50120904,1,50120904,G,A,0.29299998,0.06320253729572509,0.0504849957446709,1.251907351153865,,1000
1:50122261,1,50122261,G,A,0.12800002,0.0014598780209936918,0.06892850856574462,0.021179596822427215,,1000
1:50154222,1,50154222,G,A,0.2335,-0.013596087470627032,0.054697364936680364,-0.2485693321125497,,1000
1:50166884,1,50166884,G,A,0.28649998,-0.04529941405874396,0.05075051327005571,-0.8925902644116102,,1000
1:50171170,1,50171170,G,A,0.14249998,-0.08077375441392479,0.06630058497860633,-1.218296255455191,,1000
1:50189144,1,50189144,G,A,0.4415,-0.05166323560601703,0.04547310738681782,-1.1361272315644226,,1000
1:50234073,1,50234073,G,A,0.4275,0.07216987819188979,0.04550594978662814,1.5859437838411363,,1000
1:50254112,1,50254112,G,A,0.060500026,0.0068966427273679225,0.09698039378374534,0.07111378350088585,,1000
1:50275548,1,50275548,G,A,0.05949998,-0.04782432077939727,0.09764375445921818,-0.4897837147318167,,1000
1:50277284,1,50277284,G,A,0.23400003,0.01127178955516122,0.053770819014104895,0.20962651791121983,,1000
1:50279505,1,50279505,G,A,0.4785,0.07574372005399922,0.04491053692948199,1.6865467489941424,,1000
1:50288176,1,50288176,G,A,0.38099998,0.07315318305783548,0.046868924372765554,1.5608035395910025,,1000
1:50296558,1,50296558,G,A,0.48650002,0.03163086267616253,0.046869916948959936,0.6748649183784063,,1000
1:50305762,1,50305762,G,A,0.17900002,-0.07017308403021039,0.05939267455553345,-1.1815107596240175,,1000
1:50316726,1,50316726,G,A,0.4965,-0.046199209038313024,0.04478502352013818,-1.0315771971748309,,1000
1:50352902,1,50352902,G,A,0.31,-0.009951071980633143,0.04903873161915146,-0.2029227031791107,,1000
1:50391427,1,50391427,G,A,0.3535,0.029947273707912617,0.04663062966745192,0.6422232322720649,,1000
1:50402944,1,50402944,G,A,0.14050001,-0.040837485335921256,0.06520395990581354,-0.6263037612272413,,1000
1:50422655,1,50422655,G,A,0.27350003,0.001555027399239511,0.05186957132559785,0.02997956912884874,,1000
1:50426677,1,50426677,G,A,0.41000003,0.04821887327245458,0.046691308074796704,1.032716264774823,,1000
1:50435844,1,50435844,G,A,0.20749998,-0.03050970732645852,0.05550770178735086,-0.5496481811360293,,1000
1:50441205,1,50441205,G,A,0.083000004,-0.005061964406518068,0.08361935427265395,-0.0605357988057734,,1000
1:50450230,1,50450230,G,A,0.4245,-0.05330597059873774,0.04525082837764768,-1.1780109339405822,,1000
1:50486341,1,50486341,G,A,0.06400001,0.09060907890065381,0.09389731367359233,0.9649805234645035,,1000
1:50495702,1,50495702,G,A,0.06800002,0.0807138927245121,0.08948914107527543,0.9019406349717686,,1000
1:50495723,1,50495723,G,A,0.334,-0.01343906038222976,0.050326894731233446,-0.2670353586089492,,1000
1:50516163,1,50516163,G,A,0.33249998,0.05649055797726877,0.048166534595680204,1.172817568285992,,1000
1:50526895,1,50526895,G,A,0.297,0.14434726234898954,0.04979183089078907,2.8990149541918564,,1000
1:50538136,1,50538136,G,A,0.084500015,0.0050894361606069645,0.08198031168476023,0.06208120042501702,,1000
1:50553201,1,50553201,G,A,0.40850002,-0.10248128167124454,0.04690615838454712,-2.1848150690806993,,1000
1:50571428,1,50571428,G,A,0.328,-0.04309508421831728,0.04760332448111719,-0.9052956844518665,,1000
1:50629739,1,50629739,G,A,0.37050003,0.03699299828816908,0.048123879541364586,0.768703575869688,,1000
1:50672856,1,50672856,G,A,0.061500013,-0.04669081979072207,0.09304157212552484,-0.5018275027396383,,1000
1:50676915,1,50676915,G,A,0.08950001,-0.06009691238593197,0.07930050928262412,-0.7578376599291281,,1000
1:50709814,1,50709814,G,A,0.3815,0.010819746233187565,0.04685159032937208,0.23093658416125262,,1000
1:50746643,1,50746643,G,A,0.37199998,0.14552347362044196,0.046844773122284585,3.1065039687686054,,1000
1:50760637,1,50760637,G,A,0.139,0.037095957147898956,0.0659294220371156,0.5626616463741397,,1000
1:50763062,1,50763062,G,A,0.27499998,0.005740177130247571,0.05059302872226084,0.11345786712551376,,1000
1:50794650,1,50794650,G,A,0.20099998,-0.12881506674625667,0.055731627091883236,-2.3113458814665995,,1000
1:50795720,1,50795720,G,A,0.33600003,0.020236700174555644,0.049217471024498964,0.4111690371998681,,1000
1:50796111,1,50796111,G,A,0.43800002,-0.06358401477386227,0.04558052383757764,-1.3949820980653616,,1000
1:50825597,1,50825597,G,A,0.13950002,-0.0054051596493757985,0.0673006153621935,-0.08031367351229565,,1000
1:50831525,1,50831525,G,A,0.33350003,-0.07366084265556905,0.04723342489750081,-1.5595067013543316,,1000
1:50837728,1,50837728,G,A,0.28100002,0.01312557701391637,0.05131455885060371,0.2557866092570325,,1000
1:50873984,1,50873984,G,A,0.15200001,-0.05984018689939239,0.062486833644625706,-0.957644729443561,,1000
1:50894270,1,50894270,G,A,0.245,0.022074957838533197,0.053999355773261724,0.40880039256808715,,1000
1:50973242,1,50973242,G,A,0.1135,-0.12202200836737517,0.07276738793697927,-1.676877675931603,,1000
1:51048405,1,51048405,G,A,0.366,-0.062001383762012106,0.0479771747025011,-1.2923100233907667,,1000
1:51058097,1,51058097,G,A,0.47100002,-0.002610303708160848,0.04778112327373837,-0.05463043832616494,,1000
1:51079501,1,51079501,G,A,0.385,-0.010989653987044915,0.04683822930479166,-0.2346300052363561,,1000
1:51100383,1,51100383,G,A,0.44199997,0.02527517220300814,0.045805771256513604,0.5517901240318925,,1000
1:51112290,1,51112290,G,A,0.13,0.040246593925538254,0.06653198882254348,0.6049209506255017,,1000
1:51117910,1,51117910,G,A,0.102999985,-0.10665397013503608,0.0768160802426215,-1.3884328619498991,,1000
1:51120092,1,51120092,G,A,0.045000017,0.06990513693735485,0.10742786114683314,0.6507170131760143,,1000
1:51139393,1,51139393,G,A,0.37949997,-0.032416213207316684,0.04929718300320214,-0.657567252985045,,1000
1:51152701,1,51152701,G,A,0.42400002,0.038416167960043913,0.04683383427451482,0.8202652752040104,,1000
1:51173180,1,51173180,G,A,0.15499997,-0.02686514038984989,0.06393212984504484,-0.4202134428332691,,1000
1:51195210,1,51195210,G,A,0.2975,0.14561596649264408,0.05004339234576184,2.90979407404175,,1000
1:51207680,1,51207680,G,A,0.3225,-0.05378514401271704,0.04916008281520589,-1.0940816396688526,,1000
1:51212061,1,51212061,G,A,0.47500002,-0.09658632421607896,0.04642531602055929,-2.0804667042719975,,1000
1:51217070,1,51217070,G,A,0.4475,0.13217979715276382,0.04631424143080587,2.8539773743297148,,1000
1:51255429,1,51255429,G,A,0.056500018,0.06245078730179921,0.0979094394346071,0.6378423537345403,,1000
1:51296837,1,51296837,G,A,0.089999974,0.12743739357755396,0.07859240282330643,1.6214976129952683,,1000
1:51308082,1,51308082,G,A,0.49949998,0.0537627599233114,0.045576033747649417,1.179627876813309,,1000
1:51309688,1,51309688,G,A,0.069000006,0.07083909818975359,0.09111269161778848,0.7774888100871695,,1000
1:51327756,1,51327756,G,A,0.334,-0.08664244725934647,0.04817568932060077,-1.7984682415804405,,1000
1:51359206,1,51359206,G,A,0.09100002,0.12448276072822266,0.0792453851212686,1.5708518614393465,,1000
1:51371107,1,51371107,G,A,0.33600003,-0.03099725554924301,0.04799447956087064,-0.6458504359846152,,1000
1:51379822,1,51379822,G,A,0.15149999,-0.021173771793816066,0.0627955216944591,-0.3371860161754876,,1000
1:51424150,1,51424150,G,A,0.07499999,-0.005886576262700564,0.08688334585342765,-0.06775264240664981,,1000
1:51465755,1,51465755,G,A,0.15350002,0.0926700268933932,0.0620768233338618,1.492828110662089,,1000
1:51484873,1,51484873,G,A,0.29650003,0.01646104133273263,0.04882523970039782,0.33714204853352736,,1000
1:51492717,1,51492717,G,A,0.28250003,0.09431002562845625,0.05138529346607629,1.8353505306088824,,1000
1:51493838,1,51493838,G,A,0.3995,-0.058978619082225084,0.046052801352295586,-1.2806738645723055,,1000
1:51509698,1,51509698,G,A,0.06800002,-0.02295804945466963,0.09093817525830739,-0.25245777573013667,,1000
1:51535569,1,51535569,G,A,0.0485,-0.11530793130903584,0.10879649128768648,-1.05984972441925,,1000
1:51562395,1,51562395,G,A,0.4095,0.1179345814522919,0.04512633322650036,2.6134315159254955,,1000
1:51569364,1,51569364,G,A,0.4845,0.015575227441104162,0.04519751510022228,0.3446036227117177,,1000
1:51588364,1,51588364,G,A,0.11400002,0.04068362055230285,0.07202563685350633,0.5648491610709349,,1000
1:51590273,1,51590273,G,A,0.101499975,-0.030430515890502892,0.07473783655136804,-0.407163456886897,,1000
1:51592035,1,51592035,G,A,0.19999999,-0.07375944663403075,0.057264395699288706,-1.2880507291365153,,1000
1:51599949,1,51599949,G,A,0.353,0.05931484709112856,0.046101305474663054,1.2866196842023827,,1000
1:51628165,1,51628165,G,A,0.3765,-0.015082071563284092,0.046307059214351416,-0.32569702803778733,,1000
1:51646181,1,51646181,G,A,0.477,0.07429263250858889,0.046351027385744384,1.6028260148433768,,1000
1:51665221,1,51665221,G,A,0.43400002,0.0062059043763942594,0.04676620930844288,0.13270060730096173,,1000
1:51689102,1,51689102,G,A,0.04949999,-0.20616855963684627,0.10767445840664765,-1.9147396948886604,,1000
1:51715899,1,51715899,G,A,0.13050002,-0.036763231392204415,0.06733193746556028,-0.5459999039981361,,1000
1:51721930,1,51721930,G,A,0.18300003,-0.020862786083369514,0.05940950212738339,-0.3511691789410454,,1000
1:51731418,1,51731418,G,A,0.49049997,0.026677064783319823,0.04777357489567887,0.558406291377051,,1000
1:51756594,1,51756594,G,A,0.3455,0.0009649972069500912,0.04773485202212586,0.02021577874595274,,1000
1:51757121,1,51757121,G,A,0.4685,0.045748317074221195,0.045132914076452195,1.0136353481790816,,1000
1:51791349,1,51791349,G,A,0.17650002,-0.018546495271878745,0.05858449350977432,-0.3165768646405456,,1000
1:51831783,1,51831783,G,A,0.46100003,-0.0013405037521194037,0.04719923002487678,-0.02840096652875225,,1000
1:51844409,1,51844409,G,A,0.36900002,0.049667839255623215,0.04720146464262979,1.0522520780163658,,1000
1:51877885,1,51877885,G,A,0.4245,-0.056436243297795334,0.045609426006350776,-1.237381134547429,,1000
1:51879724,1,51879724,G,A,0.46350002,-0.030127096725460496,0.04538575607935793,-0.6638007015413084,,1000
1:51880951,1,51880951,G,A,0.25849998,0.04620815151689579,0.05268095011273435,0.8771320831916068,,1000
1:51899795,1,51899795,G,A,0.444,-0.0027829765064178256,0.04614454660062957,-0.06030997618210114,,1000
1:51900772,1,51900772,G,A,0.4935,-0.052654997121633025,0.045403096635138925,-1.1597225965614342,,1000
1:51908239,1,51908239,G,A,0.34600002,0.04753463487898677,0.046326048012218055,1.026088710749727,,1000
1:51910808,1,51910808,G,A,0.1785,0.10434323204488617,0.06019970336708666,1.7332848205018625,,1000
1:51913069,1,51913069,G,A,0.15499997,0.14797381865245235,0.0627791919347981,2.357051979995802,,1000
1:51913179,1,51913179,G,A,0.37199998,0.013580004752964694,0.04747590713093158,0.28603992158618546,,1000
1:51914895,1,51914895,G,A,0.195,0.07516716315991925,0.05782434797884903,1.2999223646657265,,1000
1:51929748,1,51929748,G,A,0.22100002,-0.08884477922955523,0.05372392367848826,-1.653728416436006,,1000
1:51939267,1,51939267,G,A,0.287,0.10314295928644011,0.05105850352015956,2.02009366071052,,1000
1:51982473,1,51982473,G,A,0.44700003,0.015789819942539425,0.04655894436953178,0.33913612424753126,,1000
1:51989537,1,51989537,G,A,0.37949997,0.04257438728434745,0.04624555431172573,0.9206157849761691,,1000
1:52005528,1,52005528,G,A,0.17750001,-0.10679012517086878,0.06134567433995717,-1.7407930766083635,,1000
1:52010810,1,52010810,G,A,0.112999976,-0.05869067803322808,0.07149499598189732,-0.8209060959747264,,1000
1:52044152,1,52044152,G,A,0.194,-0.004177200106050736,0.0579146355652032,-0.07212684782152923,,1000
1:52058325,1,52058325,G,A,0.20499998,-0.027626300421146416,0.055915498342285604,-0.49407232771194437,,1000
1:52097173,1,52097173,G,A,0.36150002,0.05216070755257419,0.046951172947235546,1.1109564315079667,,1000
1:52139051,1,52139051,G,A,0.2515,0.036908783034818815,0.05118387461455163,0.7211017788857589,,1000
1:52141507,1,52141507,G,A,0.49699998,0.10456391786909655,0.04638544433614137,2.2542398669581187,,1000
1:52157314,1,52157314,G,A,0.07249999,-0.027652741190671053,0.08490285150087477,-0.3256986155569362,,1000
1:52158174,1,52158174,G,A,0.20249999,0.012775153700474802,0.055663596924818856,0.22950643519730424,,1000
1:52177349,1,52177349,G,A,0.08649999,-0.06270419102912854,0.0807536677668306,-0.7764872204960597,,1000
1:52182966,1,52182966,G,A,0.194,-0.0738466480831085,0.056775417590908345,-1.30067996355757,,1000
1:52187216,1,52187216,G,A,0.23299998,-0.10301797877222942,0.053533410253936986,-1.9243679467375834,,1000
1:52200319,1,52200319,G,A,0.4425,0.03721019857357755,0.045466204441024165,0.8184144471932824,,1000
1:52203052,1,52203052,G,A,0.24199998,0.1059960552771289,0.054064180066130244,1.9605597485706174,,1000
1:52208794,1,52208794,G,A,0.06650001,0.006620718476688673,0.09029314488620485,0.07332470792807881,,1000
1:52209620,1,52209620,G,A,0.486,0.04507876664484969,0.04443202292823436,1.014555801739208,,1000
1:52212946,1,52212946,G,A,0.12900001,0.03581541777589989,0.06814786290283727,0.5255545258545261,,1000
1:52215025,1,52215025,G,A,0.4225,-0.04032602102931005,0.045867847063979256,-0.8791784138693248,,1000
1:52237688,1,52237688,G,A,0.15149999,-0.022627776044750213,0.06327776352950343,-0.3575944341680147,,1000
1:52286003,1,52286003,G,A,0.491,-0.015815614037786665,0.04613151042260435,-0.34283755057881315,,1000
1:52295220,1,52295220,G,A,0.14999998,-0.05031562277031351,0.06467425198303503,-0.7779853840986365,,1000
1:52297379,1,52297379,G,A,0.4505,0.0781855903868385,0.04580837775947367,1.7067967522746181,,1000
1:52315766,1,52315766,G,A,0.2245,0.06011991700087895,0.054627491777332005,1.1005432437926075,,1000
1:52316858,1,52316858,G,A,0.22850001,0.04203308149701629,0.0545853554048968,0.7700431953814034,,1000
1:52374472,1,52374472,G,A,0.361,0.022358122957577307,0.046174273790462426,0.4842116859062657,,1000
1:52374648,1,52374648,G,A,0.27749997,-0.01721616705163157,0.0520570911265902,-0.3307170392937637,,1000
1:52404939,1,52404939,G,A,0.1875,0.01733495281917555,0.06062587207778565,0.28593325300020506,,1000
1:52411803,1,52411803,G,A,0.15450001,-0.0951241534554383,0.06221621357032204,-1.5289286826804547,,1000
1:52418907,1,52418907,G,A,0.15149999,0.01848563724700512,0.06186312265604915,0.2988151333676258,,1000
1:52441467,1,52441467,G,A,0.384,0.07488700052091521,0.045401453889710106,1.6494405818551943,,1000
1:52453339,1,52453339,G,A,0.09549999,-0.014033681655521487,0.07582632363471889,-0.18507664598281845,,1000
1:52488929,1,52488929,G,A,0.3,-0.05775961313814857,0.04967871320987536,-1.162663229503031,,1000
1:52492737,1,52492737,G,A,0.22299999,0.030456860401088397,0.05483519279650912,0.5554254275007732,,1000
1:52496016,1,52496016,G,A,0.20349997,0.047268915553054916,0.05561372301699173,0.849950569549404,,1000
1:52496900,1,52496900,G,A,0.365,0.009292854365794601,0.04754742231927968,0.19544391499066618,,1000
1:52499003,1,52499003,G,A,0.25950003,0.07151887541357997,0.051830400032132365,1.3798634656348725,,1000
1:52534224,1,52534224,G,A,0.08649999,0.052407122454853496,0.0823292732806057,0.6365551445624024,,1000
1:52558688,1,52558688,G,A,0.4505,0.03947927788125197,0.045042950989164346,0.8764807148348075,,1000
1:52559152,1,52559152,G,A,0.42949998,0.04565883893837447,0.04652192973057233,0.9814476571114661,,1000
1:52562568,1,52562568,G,A,0.24550003,0.029543100823949845,0.053544761264693194,0.5517458688051007,,1000
1:52565355,1,52565355,G,A,0.039499998,-0.06534989316886461,0.11781218220577741,-0.5546955496904454,,1000
1:52569706,1,52569706,G,A,0.06650001,-0.019017161154130748,0.0902913814161275,-0.21061989368050554,,1000
1:52576780,1,52576780,G,A,0.26099998,0.02865771794868545,0.05284892819387545,0.5422573158637214,,1000
1:52584290,1,52584290,G,A,0.078999996,0.0792439100229377,0.08398146736760502,0.9435880618288078,,1000
1:52631084,1,52631084,G,A,0.24599999,0.007421873890570243,0.05369973288914645,0.13821062957410574,,1000
1:52673684,1,52673684,G,A,0.13999999,0.027910629223573707,0.06782386603768438,0.4115163415790242,,1000
1:52715015,1,52715015,G,A,0.4135,0.027767950769410365,0.04605999306859935,0.6028648490687836,,1000
1:52740279,1,52740279,G,A,0.20749998,0.05502408373754871,0.056680541902984,0.9707755411324308,,1000
1:52762174,1,52762174,G,A,0.22600001,0.050897684699915534,0.054771406216477594,0.9292747478264183,,1000
1:52762641,1,52762641,G,A,0.07099998,0.03939816884431349,0.0887215204299613,0.44406552833385293,,1000
1:52764242,1,52764242,G,A,0.33749998,-0.02043546454325876,0.04893493428903735,-0.41760482240673646,,1000
1:52775940,1,52775940,G,A,0.3765,0.046004517509474166,0.04619118356558565,0.9959588379923965,,1000
1:52777489,1,52777489,G,A,0.18300003,0.02786873207043665,0.05920557330396389,0.47071129481944907,,1000
1:52827730,1,52827730,G,A,0.31800002,0.03413659885915578,0.04903329338751574,0.6961922502200765,,1000
1:52839392,1,52839392,G,A,0.30150002,-0.018360384561951586,0.04848930764840377,-0.3786481072298007,,1000
1:52840398,1,52840398,G,A,0.324,0.05386228507616476,0.04932599883676049,1.091965420800026,,1000
1:52866881,1,52866881,G,A,0.36150002,0.013774150628125625,0.048010258370451066,0.2869001562508403,,1000
1:52869792,1,52869792,G,A,0.4005,-0.07773347198986232,0.046368782595499994,-1.6764182201627655,,1000
1:52879149,1,52879149,G,A,0.426,0.04639193374307295,0.0465709980293455,0.9961550257918088,,1000
1:52919200,1,52919200,G,A,0.2935,0.06979723929621338,0.050117761353400306,1.3926647442220181,,1000
1:52925375,1,52925375,G,A,0.4975,0.010536851227258795,0.04412889931548883,0.23877439480029042,,1000
1:52934616,1,52934616,G,A,0.39200002,0.01810109150474036,0.04774059480714003,0.37915513155762315,,1000
1:52959637,1,52959637,G,A,0.463,0.055444191486482206,0.045233712793500136,1.2257271858181242,,1000
1:52991089,1,52991089,G,A,0.29149997,-0.08467089652900421,0.0499323491358124,-1.6957122585742053,,1000
1:53007837,1,53007837,G,A,0.34350002,-0.048841937502554035,0.048269312467961845,-1.0118631280479138,,1000
1:53009396,1,53009396,G,A,0.42949998,0.015444359767095222,0.04615800410956527,0.3345976513723371,,1000
1:53028792,1,53028792,G,A,0.297,-0.08286468973585948,0.04899436701903325,-1.6913105480813404,,1000
1:53050918,1,53050918,G,A,0.41799998,-0.035799395141253895,0.04586560521986376,-0.7805281314755151,,1000
1:53059072,1,53059072,G,A,0.374,-0.038680454708899185,0.04735761235438027,-0.8167737515871933,,1000
1:53102023,1,53102023,G,A,0.40399998,-0.03478341889395522,0.046627998703027626,-0.7459770923365123,,1000
1:53119756,1,53119756,G,A,0.48299998,-0.0717412986348024,0.0462130003576485,-1.552405125821458,,1000
1:53175589,1,53175589,G,A,0.19450003,-0.022705686801195266,0.05679927822824014,-0.39975308682542704,,1000
1:53215076,1,53215076,G,A,0.3175,-0.04320968900353536,0.04856254821933823,-0.889773922249177,,1000
1:53225749,1,53225749,G,A,0.16049999,0.07536527559146348,0.06242588066067374,1.2072761296091916,,1000
1:53228467,1,53228467,G,A,0.28250003,-0.03125488446557441,0.05133152589307564,-0.6088828243812353,,1000
1:53230682,1,53230682,G,A,0.23000002,-0.07229754153834204,0.054223121124132606,-1.3333341947032484,,1000
1:53237807,1,53237807,G,A,0.24900001,-0.01987806670785081,0.05429888406730222,-0.36608610009760795,,1000
1:53242839,1,53242839,G,A,0.14450002,-0.07133906167004479,0.06552264913120875,-1.088769495982812,,1000
1:53274944,1,53274944,G,A,0.3115,0.03863543173349323,0.04918031757740706,0.7855872763058763,,1000
1:53307680,1,53307680,G,A,0.40499997,0.018449254792809715,0.04650282175968431,0.39673409257079373,,1000
1:53363405,1,53363405,G,A,0.176,-0.030124493316949056,0.05960332695735876,-0.5054163056787188,,1000
1:53376964,1,53376964,G,A,0.11250001,0.06287742647615026,0.07304786941880459,0.8607701631331061,,1000
1:53377178,1,53377178,G,A,0.1555,-0.04389377673772462,0.06490463857036506,-0.6762810440757338,,1000
1:53386039,1,53386039,G,A,0.402,0.032640339352956835,0.04700319409641481,0.6944281123960147,,1000
1:53410691,1,53410691,G,A,0.08099997,-0.07127043467054826,0.08494206659310448,-0.8390475712340855,,1000
1:53412977,1,53412977,G,A,0.33999997,-0.040268095727861136,0.04913723438699753,-0.8195026893600811,,1000
1:53423844,1,53423844,G,A,0.4015,0.008468875561311014,0.0467848401261722,0.181017516325195,,1000
1:53440240,1,53440240,G,A,0.3915,-0.10566788767962423,0.04770221074112454,-2.2151570343998106,,1000
1:53505233,1,53505233,G,A,0.4875,-0.022446173692481905,0.04581507885427083,-0.4899298277730564,,1000
1:53509642,1,53509642,G,A,0.408,-0.013134538803307802,0.04649281043846432,-0.2825068796538349,,1000
1:53517363,1,53517363,G,A,0.10500002,0.01755909408667117,0.07278787423357296,0.24123652835807297,,1000
1:53520378,1,53520378,G,A,0.20899999,0.01982543943665218,0.056141200827053664,0.3531352935916999,,1000
1:53613590,1,53613590,G,A,0.13450003,0.07391657939728584,0.06733668782865086,1.097716293759185,,1000
1:53621440,1,53621440,G,A,0.22850001,-0.024737904714551586,0.053530046343555474,-0.46213120302164284,,1000
1:53625354,1,53625354,G,A,0.3345,-0.05546206424813132,0.046889104415063436,-1.1828347958446774,,1000
1:53628552,1,53628552,G,A,0.162,-0.09236196913641824,0.06204571398276017,-1.488611593092178,,1000
1:53640154,1,53640154,G,A,0.10949999,0.08435733249496559,0.07366186709885371,1.145196773002762,,1000
1:53660698,1,53660698,G,A,0.3645,0.0668665671197327,0.04768581359101783,1.402231860679164,,1000
1:53689328,1,53689328,G,A,0.10250002,-0.05188992557892427,0.0757142172547046,-0.6853392593938494,,1000
1:53698472,1,53698472,G,A,0.49199998,0.059348801494985864,0.04637936132321058,1.2796381796073748,,1000
1:53699694,1,53699694,G,A,0.30800003,0.019548567757635207,0.048869423276912634,0.40001633837308925,,1000
1:53773277,1,53773277,G,A,0.417,0.019935105888613858,0.046475864833028256,0.42893458702132414,,1000
1:53775258,1,53775258,G,A,0.43550003,-0.12630038785519287,0.0470071171329242,-2.6868354317080843,,1000
1:53777025,1,53777025,G,A,0.3115,-0.005097687828376292,0.050507783133381,-0.10092875814632991,,1000
1:53789199,1,53789199,G,A,0.352,-0.04177163992945468,0.04820269023219178,-0.8665831663801583,,1000
1:53811240,1,53811240,G,A,0.40899998,-0.009546004574953198,0.047251051422478714,-0.2020273472774382,,1000
1:53834275,1,53834275,G,A,0.25550002,0.07819133268352682,0.052915697391943,1.4776585500587642,,1000
1:53873132,1,53873132,G,A,0.046000004,0.012214520745645342,0.11015691806415957,0.11088292011338899,,1000
1:53889338,1,53889338,G,A,0.47250003,0.012749663354516022,0.0459304433675729,0.27758633315343395,,1000
1:53892569,1,53892569,G,A,0.16000003,-0.01366494835724719,0.06071018825149013,-0.22508492809543848,,1000
1:53899324,1,53899324,G,A,0.12800002,-0.09842081635877696,0.06854439486557748,-1.4358696513666827,,1000
1:53915846,1,53915846,G,A,0.46600002,-0.05849271646629699,0.04582956522725738,-1.2763096524317041,,1000
1:53926453,1,53926453,G,A,0.297,0.024932298892253988,0.04894476848777822,0.5093966048379557,,1000
1:53933928,1,53933928,G,A,0.16350001,0.019903162213263447,0.06065774734429425,0.3281223435531295,,1000
1:53953230,1,53953230,G,A,0.45850003,-0.049895976219719564,0.04499242942054941,-1.108986041925768,,1000
1:53972790,1,53972790,G,A,0.397,0.021783549144027716,0.047832656500142096,0.45541165258013644,,1000
1:54006164,1,54006164,G,A,0.23799998,-0.04789139700911355,0.05432555877221022,-0.8815628976762958,,1000
1:54045192,1,54045192,G,A,0.4905,0.08828712682349715,0.04544718475885695,1.9426313707207432,,1000
1:54079038,1,54079038,G,A,0.10500002,-0.1297787855085196,0.0738167483633929,-1.7581211362715525,,1000
1:54089634,1,54089634,G,A,0.4925,-0.07461397567657063,0.04537477880333152,-1.644393155060236,,1000
1:54091483,1,54091483,G,A,0.24299997,-0.04828343211021238,0.05324585835035792,-0.9068016481677738,,1000
1:54096104,1,54096104,G,A,0.24900001,0.04336188850266099,0.052383713781733336,0.8277742331010839,,1000
1:54101106,1,54101106,G,A,0.23150003,-0.023256973588338933,0.05455899816439605,-0.4262720059166317,,1000
1:54133826,1,54133826,G,A,0.23250002,-0.030286425594104983,0.05454427156605908,-0.5552631784150753,,1000
1:54134635,1,54134635,G,A,0.28399998,-0.04473830524614605,0.05096010052850138,-0.8779084966899632,,1000
1:54148095,1,54148095,G,A,0.492,0.02788629488591319,0.04574875982322724,0.6095530238123515,,1000
1:54148891,1,54148891,G,A,0.050000012,-0.028833933907931732,0.10291028735984882,-0.28018514618570095,,1000
1:54181890,1,54181890,G,A,0.277,-0.03527532987925761,0.04963575690548385,-0.7106838311427125,,1000
1:54187582,1,54187582,G,A,0.18900001,0.11142534518210202,0.058605298303887644,1.9012844982773598,,1000
1:54206559,1,54206559,G,A,0.123000026,-0.01898510598033137,0.06908103354841785,-0.2748237107226399,,1000
1:54216899,1,54216899,G,A,0.45599997,0.0396974321284483,0.04590191016918817,0.8648318116202351,,1000
1:54221526,1,54221526,G,A,0.24199998,-0.14422710522534726,0.05322296184721835,-2.709866197213246,,1000
1:54248292,1,54248292,G,A,0.29799998,-0.03153122397992014,0.04896244312533598,-0.643987962349127,,1000
1:54254876,1,54254876,G,A,0.487,0.04244462705857006,0.044859456676323836,0.9461689954210192,,1000
1:54256931,1,54256931,G,A,0.2605,0.04005055322375115,0.05255614582271063,0.7620527075721077,,1000
1:54278857,1,54278857,G,A,0.17449999,-0.02816173152540002,0.06255454862834753,-0.45019478427885434,,1000
1:54326177,1,54326177,G,A,0.08700001,0.06312322453903642,0.08161707479405547,0.7734070927966407,,1000
1:54331102,1,54331102,G,A,0.30699998,0.047077071452609406,0.05060238626625159,0.9303330322192072,,1000
1:54332386,1,54332386,G,A,0.4705,0.01401530146410947,0.04369775945255538,0.3207327249656018,,1000
1:54351769,1,54351769,G,A,0.07950002,0.031040944845926236,0.08325690033402451,0.3728332993588613,,1000
1:54388674,1,54388674,G,A,0.2515,0.06829322698010518,0.05350394916859529,1.2764146953883286,,1000
1:54407486,1,54407486,G,A,0.343,0.0017331579108764265,0.04742943431164735,0.036541821255726234,,1000
1:54432685,1,54432685,G,A,0.09200001,-0.1938530761576112,0.07832846319872874,-2.474873988856166,,1000
1:54434671,1,54434671,G,A,0.08649999,0.1025492626411172,0.07875347619936639,1.3021553789131948,,1000
1:54440646,1,54440646,G,A,0.157,-0.0250477322934343,0.06399541217798715,-0.3913988744032202,,1000
1:54441452,1,54441452,G,A,0.12599999,0.0872043577665006,0.07119020784764389,1.2249487731954516,,1000
1:54445289,1,54445289,G,A,0.18699998,-0.05000437397947065,0.055713427018926315,-0.8975282378964724,,1000
1:54456148,1,54456148,G,A,0.2335,0.03886930882288131,0.053913289713398906,0.7209596934171361,,1000
1:54474456,1,54474456,G,A,0.26450002,-0.01244425206841594,0.05124956427776166,-0.24281673890866196,,1000
1:54481925,1,54481925,G,A,0.2805,0.005373695159837187,0.050921957197514266,0.1055280561780823,,1000
1:54495609,1,54495609,G,A,0.08850002,0.14842922217231252,0.08205065976465338,1.8089948648560945,,1000
1:54496749,1,54496749,G,A,0.34399998,-0.018978216406670235,0.04897617935393987,-0.38749891594276714,,1000
1:54503423,1,54503423,G,A,0.384,-0.030044112810444064,0.04610078214581724,-0.6517050560099876,,1000
1:54536604,1,54536604,G,A,0.116999984,-0.11318272722953655,0.07137293892555381,-1.5857932843089566,,1000
1:54549382,1,54549382,G,A,0.1505,0.051803208424516134,0.06385399320756993,0.8112759409755259,,1000
1:54564055,1,54564055,G,A,0.157,0.03369774070451302,0.0607234954934283,0.5549374328781831,,1000
1:54610033,1,54610033,G,A,0.25800002,0.031214004959563425,0.049482377148635404,0.6308105381801413,,1000
1:54633049,1,54633049,G,A,0.254,-0.023175499447060374,0.0531081719583509,-0.4363829254984587,,1000
1:54659451,1,54659451,G,A,0.15499997,0.018899514430369795,0.06393498844017967,0.2956051903888744,,1000
1:54706506,1,54706506,G,A,0.088,-0.01899569366703239,0.07836135079027587,-0.24241151378148051,,1000
1:54710376,1,54710376,G,A,0.18849999,-0.10474419556526894,0.05903658095393203,-1.7742253001914847,,1000
1:54716659,1,54716659,G,A,0.39099997,-0.023595082051140418,0.046472600185913905,-0.5077202901655633,,1000
1:54717185,1,54717185,G,A,0.065999985,-0.23388240867615903,0.09097844454387331,-2.5707452996008513,,1000
1:54745733,1,54745733,G,A,0.20749998,0.02943976422732604,0.05567388812517716,0.5287894418498971,,1000
1:54769259,1,54769259,G,A,0.12400001,5.428874582931231e-05,0.06988975393863478,0.0007767768917455254,,1000
1:54777624,1,54777624,G,A,0.37,0.006768341476017508,0.04779312206718883,0.14161747932061008,,1000
1:54779044,1,54779044,G,A,0.18949997,0.04933950331175415,0.05828108875700782,0.8465782703110789,,1000
1:54832047,1,54832047,G,A,0.24900001,0.09091200664343187,0.050858901407668564,1.7875338264723912,,1000
1:54847137,1,54847137,G,A,0.4605,0.012020001874161445,0.044220552176508277,0.271819352824521,,1000
1:54856770,1,54856770,G,A,0.329,0.026741509402544963,0.04861530654061297,0.5500635767915039,,1000
1:54856857,1,54856857,G,A,0.431,0.07837401311974652,0.045912881421202235,1.7070157806204247,,1000
1:54869007,1,54869007,G,A,0.3725,0.009224536689967975,0.04739924548530359,0.19461357655636305,,1000
1:54898350,1,54898350,G,A,0.48650002,0.024599879772856055,0.044831631450252395,0.5487170325298871,,1000
1:54915907,1,54915907,G,A,0.3115,0.05068563578513935,0.04975343457318405,1.0187364193035577,,1000
1:54920707,1,54920707,G,A,0.16250002,0.08148651563653111,0.062020457478549486,1.3138651172431968,,1000
1:54935272,1,54935272,G,A,0.37449998,0.05380300807643105,0.046764078130463696,1.1505200193689258,,1000
1:54952705,1,54952705,G,A,0.4045,-0.0015565467270930253,0.04600030919724647,-0.033837744881640895,,1000
1:54954686,1,54954686,G,A,0.486,0.07394919138316813,0.04590804771182322,1.6108110684071446,,1000
1:54968852,1,54968852,G,A,0.3455,0.03425309922780908,0.0488065644370066,0.7018133651267072,,1000
1:54972743,1,54972743,G,A,0.39349997,0.0212435077522272,0.04690758890153965,0.45287997634706656,,1000
1:55030362,1,55030362,G,A,0.371,-0.021497363042227362,0.04604617350746748,-0.4668653528558905,,1000
1:55073946,1,55073946,G,A,0.38950002,0.06302077838293914,0.046744636648176456,1.3481927104763927,,1000
1:55087646,1,55087646,G,A,0.296,0.0013362544584760885,0.04870593211097107,0.027435148052019222,,1000
1:55098997,1,55098997,G,A,0.185,-0.0479631860651906,0.05774160404940782,-0.8306521243183665,,1000
1:55105832,1,55105832,G,A,0.08200002,0.05719856123972178,0.08341458518952743,0.6857141483082382,,1000
1:55109051,1,55109051,G,A,0.375,0.021519244573850665,0.047626530406093756,0.45183313565703925,,1000
1:55145322,1,55145322,G,A,0.40350002,-0.028759538099286105,0.04640812937075673,-0.6197090572111795,,1000
1:55160410,1,55160410,G,A,0.39499998,0.05162665947527971,0.0459066427164878,1.1246010690461037,,1000
1:55174260,1,55174260,G,A,0.06650001,0.002917689447784412,0.09249933707610761,0.031542814683998915,,1000
1:55182837,1,55182837,G,A,0.07349998,-0.034739538784391226,0.08955794654554843,-0.3879001263916093,,1000
1:55194543,1,55194543,G,A,0.108500004,0.04086254774384972,0.07240768227593276,0.5643399492905993,,1000
1:55213558,1,55213558,G,A,0.40850002,0.01983678471937671,0.04652110728571342,0.426403967505489,,1000
1:55223955,1,55223955,G,A,0.286,-0.07536511703218435,0.04996508979005702,-1.5083554807737363,,1000
1:55229239,1,55229239,G,A,0.31599998,-0.011350683567939578,0.04820911385041626,-0.23544684109230044,,1000
1:55229603,1,55229603,G,A,0.1325,0.10633754255866297,0.0669802584368254,1.5875952861388056,,1000
1:55257852,1,55257852,G,A,0.08099997,-0.020309006267805834,0.08163061221376473,-0.2487915466641727,,1000
1:55280249,1,55280249,G,A,0.40600002,-0.06555905526529869,0.04530394297951684,-1.447093805829213,,1000
1:55306694,1,55306694,G,A,0.4425,0.0428413401094856,0.046299998600412506,0.9252989504216509,,1000
1:55339990,1,55339990,G,A,0.19300002,-0.05042081443462733,0.05970136626434835,-0.8445504280651103,,1000
1:55395427,1,55395427,G,A,0.43550003,-0.013176269760800672,0.04667715378652546,-0.2822852014726814,,1000
1:55403797,1,55403797,G,A,0.19849998,0.08568156233730576,0.05804566220985874,1.4761062080320828,,1000
1:55415450,1,55415450,G,A,0.4235,0.08624996668741589,0.04540779733138565,1.8994527758738107,,1000
1:55419341,1,55419341,G,A,0.06849998,0.13150181359524316,0.08917828978476629,1.4745944771157375,,1000
1:55445377,1,55445377,G,A,0.22299999,-0.043739558847201265,0.05286934508295395,-0.8273141794847712,,1000
1:55454432,1,55454432,G,A,0.4155,0.000775522918194773,0.04677337136714849,0.01658043659301979,,1000
1:55456323,1,55456323,G,A,0.1685,0.0026180590049485835,0.059884715927640886,0.04371831717648961,,1000
1:55471392,1,55471392,G,A,0.05949998,-0.14040590500908315,0.09496620948595795,-1.4784827758113699,,1000
1:55472358,1,55472358,G,A,0.14050001,0.08965773479412759,0.06515499068687836,1.3760685689451548,,1000
1:55478035,1,55478035,G,A,0.495,0.13427947169253632,0.04474025209740355,3.0013123618570106,,1000
1:55482284,1,55482284,G,A,0.34649998,0.019068363553634737,0.048089689105246455,0.39651667349944314,,1000
1:55495164,1,55495164,G,A,0.12550002,0.0432668898905947,0.06930718597346107,0.6242771118591129,,1000
1:55498299,1,55498299,G,A,0.33200002,0.011453068852947172,0.05024602976485047,0.22793977766098342,,1000
1:55519129,1,55519129,G,A,0.3455,-0.05083659542194381,0.04824077861255569,-1.0538095960315306,,1000
1:55553465,1,55553465,G,A,0.245,0.03325791570752895,0.0523977769867445,0.6347199751612074,,1000
1:55608377,1,55608377,G,A,0.3495,-0.04800460893376595,0.048304498903427855,-0.9937916762109166,,1000
1:55616607,1,55616607,G,A,0.111,0.07806250160783489,0.07081702090057544,1.1023127013127514,,1000
1:55620932,1,55620932,G,A,0.20499998,0.09665187962234773,0.05600809072530101,1.7256771007672709,,1000
1:55638139,1,55638139,G,A,0.05400002,-0.15089150824281738,0.0996261251958658,-1.5145777068631687,,1000
1:55651377,1,55651377,G,A,0.481,0.014990094649553443,0.043980087975871454,0.3408382142795479,,1000
1:55659229,1,55659229,G,A,0.46350002,-0.035549453593518555,0.04574680762243846,-0.7770914614833543,,1000
1:55665617,1,55665617,G,A,0.14950001,0.08180160870783267,0.06549410087379913,1.2489920102186995,,1000
1:55666187,1,55666187,G,A,0.36299998,0.04785716835326491,0.048060341470798434,0.9957725411156936,,1000
1:55684474,1,55684474,G,A,0.403,-0.023049495896968718,0.04737458576260657,-0.4865371491049956,,1000
1:55685561,1,55685561,G,A,0.22500002,-0.01167332428135274,0.05465143603316063,-0.21359592956111462,,1000
1:55723672,1,55723672,G,A,0.43150002,-0.004827992486665572,0.045551341248049,-0.10599012793882022,,1000
1:55725104,1,55725104,G,A,0.28350002,-0.06542136079572156,0.050058064200955175,-1.3069095227712226,,1000
1:55726067,1,55726067,G,A,0.3995,-0.009896016540585383,0.04580914001164072,-0.21602711900006574,,1000
1:55742546,1,55742546,G,A,0.36900002,-0.13464491329839853,0.04734361767117077,-2.84399291650221,,1000
1:55756090,1,55756090,G,A,0.29799998,-0.03483072856228339,0.048735387788952346,-0.7146907030496441,,1000
1:55757487,1,55757487,G,A,0.27350003,-0.05933499247768571,0.05079162015740204,-1.1682043670551945,,1000
1:55771030,1,55771030,G,A,0.19199997,0.08880487997845385,0.0590953813448504,1.5027380813440228,,1000
1:55777728,1,55777728,G,A,0.21649998,-0.049180361709452905,0.055433683565373384,-0.8871927417822435,,1000
1:55831369,1,55831369,G,A,0.231,-0.1517396397050077,0.053739942318316164,-2.823591413742369,,1000
1:55842823,1,55842823,G,A,0.0855,0.03449134973007687,0.08269396726276353,0.417096323610635,,1000
1:55848858,1,55848858,G,A,0.28399998,-0.05100458605096155,0.04984222524969233,-1.0233208047081805,,1000
1:55849015,1,55849015,G,A,0.31599998,-0.023300123852893446,0.0484222071917027,-0.4811867365039485,,1000
1:55851597,1,55851597,G,A,0.495,0.017976641482568632,0.046406390183174495,0.3873742691817128,,1000
1:55860632,1,55860632,G,A,0.19199997,-0.00010285445928894257,0.05744446662614962,-0.0017905024683808556,,1000
1:55927605,1,55927605,G,A,0.20999998,0.04824070177855509,0.0569678108412904,0.846806311602027,,1000
1:55940774,1,55940774,G,A,0.30150002,-0.02309080378857422,0.04927520646611003,-0.46860897081081465,,1000
1:55961554,1,55961554,G,A,0.43300003,0.011558130839865966,0.04739519489476665,0.24386714445481072,,1000
1:55967938,1,55967938,G,A,0.16049999,-0.0359900258821323,0.06269732348055423,-0.5740281065314489,,1000
1:55978832,1,55978832,G,A,0.16600001,0.012200996132986953,0.06320934484267808,0.19302519529911358,,1000
1:56002355,1,56002355,G,A,0.27350003,-0.157131523174101,0.05045573570135486,-3.1142450107982795,,1000
1:56004003,1,56004003,G,A,0.12699997,0.03401429992480344,0.06666589342928024,0.5102204166945742,,1000
1:56024142,1,56024142,G,A,0.36150002,-0.0405858245840841,0.04580739776716746,-0.8860102638961532,,1000
1:56043693,1,56043693,G,A,0.43300003,-0.03678877009300122,0.04554523089898022,-0.8077414334466562,,1000
1:56062131,1,56062131,G,A,0.070500016,-0.03519629303925238,0.08515361035484807,-0.4133270790584693,,1000
1:56086289,1,56086289,G,A,0.1365,-0.05450916633452334,0.0638426930017152,-0.8538043082402381,,1000
1:56093352,1,56093352,G,A,0.3,0.059317393449405335,0.04909500282773559,1.2082165196636823,,1000
1:56193693,1,56193693,G,A,0.40499997,0.0761819184516951,0.04514202362049295,1.6876053030354423,,1000
1:56224958,1,56224958,G,A,0.28350002,0.03639215185627666,0.05108623967789762,0.7123670108767404,,1000
1:56240284,1,56240284,G,A,0.40499997,-0.06778979003837894,0.045792367988994595,-1.4803731061619492,,1000
1:56251008,1,56251008,G,A,0.25700003,0.03862019637836132,0.053696178638866075,0.7192354718219642,,1000
1:56251275,1,56251275,G,A,0.236,0.012121459746466298,0.053019701500078446,0.22862180290563053,,1000
1:56285724,1,56285724,G,A,0.111,-0.16878547290882095,0.07319410173271847,-2.3059982828284675,,1000
1:56294784,1,56294784,G,A,0.12550002,0.05999849125387334,0.07130515063236599,0.8414327818086053,,1000
1:56299982,1,56299982,G,A,0.36400002,0.011585531052286312,0.04689183664920303,0.24706925299082347,,1000
1:56318066,1,56318066,G,A,0.13800001,0.07393180670586053,0.06630168143940302,1.1150819270463168,,1000
1:56339158,1,56339158,G,A,0.251,0.00021544233708911944,0.05119688305103418,0.0042081143274750096,,1000
1:56342203,1,56342203,G,A,0.28100002,0.029556193414559704,0.05130771346292678,0.5760575051920022,,1000
1:56348503,1,56348503,G,A,0.17650002,-0.05671244049936775,0.059758744328382886,-0.9490232958665387,,1000
1:56366867,1,56366867,G,A,0.41750002,0.01124282890963876,0.04622303519341462,0.24323000128820016,,1000
1:56378563,1,56378563,G,A,0.23900002,-0.028663869927839862,0.05387404316236245,-0.5320534388231148,,1000
1:56379704,1,56379704,G,A,0.20099998,0.023332141027389897,0.05745323991389532,0.40610661926738295,,1000
1:56381499,1,56381499,G,A,0.15450001,-0.04021861511680824,0.06448407749378456,-0.6236983869496281,,1000
1:56418581,1,56418581,G,A,0.15600002,0.01584176188772319,0.06384083756952945,0.24814464362986824,,1000
1:56424722,1,56424722,G,A,0.16600001,-0.01579523199518919,0.06069070672416572,-0.2602578359645279,,1000
1:56426294,1,56426294,G,A,0.2155,-0.06455616970681982,0.05628210102919499,-1.147010657497183,,1000
1:56434194,1,56434194,G,A,0.338,0.07188958545967991,0.047291701730130004,1.520131076481825,,1000
1:56437580,1,56437580,G,A,0.4845,0.03730989483302387,0.045454161052380475,0.820824627915334,,1000
1:56444323,1,56444323,G,A,0.29549998,0.09044091892678705,0.05087741688130299,1.777624031852594,,1000
1:56483186,1,56483186,G,A,0.38349998,0.021424932893439906,0.045076704239344505,0.47529945356429776,,1000
1:56501561,1,56501561,G,A,0.14950001,0.030742233668258623,0.06396831250084223,0.4805853471256391,,1000
1:56503287,1,56503287,G,A,0.4735,0.029805727560262257,0.045635012005832545,0.6531328962168966,,1000
1:56546287,1,56546287,G,A,0.44599998,-0.08659834296243783,0.045740329742533295,-1.8932601371675561,,1000
1:56564402,1,56564402,G,A,0.35149997,0.03768486748031891,0.04796970424467319,0.7855972446297421,,1000
1:56635465,1,56635465,G,A,0.2065,0.1170565469571788,0.05697242205056047,2.054617703514454,,1000
1:56681098,1,56681098,G,A,0.084500015,-0.03887422406947348,0.08197123412717738,-0.4742422690520993,,1000
1:56684949,1,56684949,G,A,0.495,-0.03802837680094436,0.04610791995445801,-0.8247688648394024,,1000
1:56688831,1,56688831,G,A,0.376,0.008685377247071377,0.0462845595064946,0.187651720998936,,1000
1:56692405,1,56692405,G,A,0.10750002,-0.08497599543384181,0.07531017237848904,-1.1283468454536911,,1000
1:56728216,1,56728216,G,A,0.28899997,0.06044349479841039,0.04968048849920046,1.216644534390662,,1000
1:56755037,1,56755037,G,A,0.3345,0.05023382240836643,0.04824574547583331,1.041207300517907,,1000
1:56761260,1,56761260,G,A,0.254,-0.08030469047675973,0.05179751484984204,-1.550357979713087,,1000
1:56775994,1,56775994,G,A,0.2515,-0.05255402115324491,0.05443243250353927,-0.9654909533912117,,1000
1:56825158,1,56825158,G,A,0.2855,-0.0013558713492913,0.05013433495764913,-0.027044765836360837,,1000
1:56832434,1,56832434,G,A,0.4055,-0.057186304134647745,0.046023002393896346,-1.2425591804117477,,1000
1:56846597,1,56846597,G,A,0.398,-0.01590719634556913,0.04707204173146338,-0.3379330014261229,,1000
1:56852294,1,56852294,G,A,0.47250003,-0.02527733629944434,0.045556232260711475,-0.554860115621194,,1000
1:56861494,1,56861494,G,A,0.1415,0.023582024642239994,0.06536375230028126,0.36078137824621986,,1000
1:56877184,1,56877184,G,A,0.10250002,-0.027030803137184575,0.07572719806173141,-0.35694973310843436,,1000
1:56882283,1,56882283,G,A,0.3175,0.03240539048434077,0.048905889251651284,0.6626071211504782,,1000
1:56882319,1,56882319,G,A,0.3645,0.03723767222496027,0.04700102140840212,0.7922736806375764,,1000
1:56895263,1,56895263,G,A,0.21600002,0.06911733848588063,0.05477680304715806,1.2617994231312955,,1000
1:56912767,1,56912767,G,A,0.4785,0.08460279802799016,0.045892654084535446,1.8434932499687124,,1000
1:56933106,1,56933106,G,A,0.436,-0.009650012947417005,0.047112383027827595,-0.204829650449163,,1000
1:56972562,1,56972562,G,A,0.29299998,0.011788250187463168,0.04955754261683604,0.23786995006201903,,1000
1:56975082,1,56975082,G,A,0.35799998,-0.007087449582735725,0.04827656817343036,-0.14680930834342934,,1000
1:56986403,1,56986403,G,A,0.24900001,0.07196436385077716,0.053498756962983424,1.345159550166191,,1000
1:56987272,1,56987272,G,A,0.15249997,-0.075177744458441,0.061730806564993315,-1.217831883976602,,1000
1:56996737,1,56996737,G,A,0.110000014,0.0008879782525772781,0.07398943981398028,0.012001418780974403,,1000
1:57005841,1,57005841,G,A,0.19150001,-0.0009104733602550211,0.05821133745068026,-0.01564082531218979,,1000
1:57021207,1,57021207,G,A,0.4705,-0.021892765566740635,0.04576241861118754,-0.47840053544260247,,1000
1:57034341,1,57034341,G,A,0.23000002,0.017548385299712876,0.056216804894778705,0.3121555081715918,,1000
1:57041563,1,57041563,G,A,0.4555,0.04881416784064622,0.045216575755633884,1.0795635676716206,,1000
1:57055420,1,57055420,G,A,0.416,-0.02916407411298651,0.04565445493688069,-0.6388001817852637,,1000
1:57079390,1,57079390,G,A,0.31300002,0.003310717430812094,0.04982363255197129,0.06644873649785907,,1000
1:57084657,1,57084657,G,A,0.47149998,-0.05082556265067157,0.04545408088733616,-1.118173806586241,,1000
1:57121057,1,57121057,G,A,0.13349998,0.0426410192266907,0.06720636593762887,0.6344788716334383,,1000
1:57182456,1,57182456,G,A,0.08850002,-0.016309255145099507,0.08012422188521356,-0.20354962284019734,,1000
1:57190865,1,57190865,G,A,0.399,-0.021375015402914053,0.046438888869797544,-0.4602826622928896,,1000
1:57195031,1,57195031,G,A,0.48299998,-0.052193195599045165,0.046239257578040045,-1.1287637028115427,,1000
1:57218589,1,57218589,G,A,0.204,0.040821875925243806,0.05789288098551047,0.7051277329843159,,1000
1:57222358,1,57222358,G,A,0.04699999,0.1901372866638122,0.10653326913067128,1.784769098098305,,1000
1:57235485,1,57235485,G,A,0.42949998,-0.021546654510378092,0.04693293891639585,-0.45909450820372233,,1000
1:57244529,1,57244529,G,A,0.21700001,0.03063779630330014,0.053270617879069664,0.5751349904153807,,1000
1:57292183,1,57292183,G,A,0.31849998,-0.08338240300699329,0.04898966871973404,-1.7020405564286893,,1000
1:57293032,1,57293032,G,A,0.1315,-0.22255023100586221,0.06540814142405235,-3.4024851671450254,,1000
1:57312220,1,57312220,G,A,0.343,0.001628649564252551,0.04662787469242049,0.03492866820535771,,1000
1:57315946,1,57315946,G,A,0.273,0.006886225360526479,0.050946918228069744,0.13516470868168115,,1000
1:57338103,1,57338103,G,A,0.073000014,0.009311722067516565,0.08844579911405902,0.10528167714905533,,1000
1:57349052,1,57349052,G,A,0.059000015,-0.11192668400019747,0.0970405650928806,-1.153400991565423,,1000
1:57351080,1,57351080,G,A,0.24000001,-0.04387290817130778,0.05416141917031395,-0.8100398557383937,,1000
1:57376858,1,57376858,G,A,0.13800001,-0.0502111100060348,0.0674790187183511,-0.7440995876897621,,1000
1:57395059,1,57395059,G,A,0.4615,0.07722424538383027,0.04628909531553785,1.668303190144838,,1000
1:57396049,1,57396049,G,A,0.087499976,-0.06195882051585659,0.08418557363804685,-0.7359790738285699,,1000
1:57399770,1,57399770,G,A,0.3675,-0.010928764404943002,0.04725588591748269,-0.23126779220744262,,1000
1:57413554,1,57413554,G,A,0.20300001,-0.06675544306276997,0.057532103233934095,-1.160316402675779,,1000
1:57413771,1,57413771,G,A,0.458,0.02384838556805095,0.04786440121705551,0.4982489065287431,,1000
1:57416013,1,57416013,G,A,0.10250002,-0.005734092629556007,0.0753167831790293,-0.07613299967851746,,1000
1:57421127,1,57421127,G,A,0.44300002,0.07045001502053717,0.04528094017132802,1.5558425852903615,,1000
1:57428686,1,57428686,G,A,0.4645,-0.05139928440536438,0.04562639682895063,-1.1265251691483726,,1000
1:57434909,1,57434909,G,A,0.4965,-0.04907256442636243,0.046333322755059865,-1.0591203373387121,,1000
1:57464780,1,57464780,G,A,0.15899998,0.040183641616995946,0.061888781435792684,0.6492879757001676,,1000
1:57563861,1,57563861,G,A,0.18199998,-0.07068710372448704,0.058630872686686146,-1.2056293977104424,,1000
1:57568343,1,57568343,G,A,0.10900003,-0.04604196853912705,0.07380472011928504,-0.623835013054895,,1000
1:57597409,1,57597409,G,A,0.21350002,0.044454635561649976,0.05438681801987101,0.8173788645882506,,1000
1:57628640,1,57628640,G,A,0.36799997,0.0676280464379029,0.047645716369882705,1.4193940524032338,,1000
1:57631344,1,57631344,G,A,0.058499992,-0.004550333681072636,0.09744431497796187,-0.0466967588832837,,1000
1:57641757,1,57641757,G,A,0.33249998,0.055751680502359076,0.049993343921800076,1.1151820648277944,,1000
1:57647085,1,57647085,G,A,0.055999994,-0.017573224121304888,0.0992079437087151,-0.1771352521215611,,1000
1:57658083,1,57658083,G,A,0.36,0.023851230398459673,0.04710813068747034,0.5063081478799485,,1000
1:57661941,1,57661941,G,A,0.41750002,0.01888173017458998,0.046508704821544226,0.405982713280018,,1000
1:57675377,1,57675377,G,A,0.21499997,-0.03984655391866034,0.056145557774703876,-0.7097009184333551,,1000
1:57678211,1,57678211,G,A,0.22100002,-0.16291924637420885,0.053701060951677676,-3.033818019364831,,1000
1:57681018,1,57681018,G,A,0.403,0.12048725991238471,0.047855539257017875,2.5177286011820588,,1000
1:57696035,1,57696035,G,A,0.44099998,0.09499136549057335,0.04536828678916856,2.0937833939379003,,1000
1:57697273,1,57697273,G,A,0.449,-0.01889379715154519,0.045038823318234965,-0.4195002391169402,,1000
1:57701083,1,57701083,G,A,0.2995,-0.07697623621385284,0.0508690073828152,-1.5132246563131742,,1000
1:57705021,1,57705021,G,A,0.4515,-0.08084746254996944,0.04488232524980335,-1.8013207225782863,,1000
1:57805564,1,57805564,G,A,0.088,0.11386324942218858,0.08070955020334306,1.4107778959902104,,1000
1:57821849,1,57821849,G,A,0.10250002,-0.09801813227090432,0.07566844683675286,-1.2953633432224223,,1000
1:57827936,1,57827936,G,A,0.444,-0.043827855781709814,0.04650732623266687,-0.9423860568214092,,1000
1:57849485,1,57849485,G,A,0.232,-0.11441034936720089,0.05556970761224895,-2.058861820283935,,1000
1:57874184,1,57874184,G,A,0.17699999,-6.774400479561281e-05,0.06017099113279334,-0.0011258582170618784,,1000
1:57884624,1,57884624,G,A,0.22250003,0.018159353129428325,0.053035289663840045,0.3424013189053918,,1000
1:57888504,1,57888504,G,A,0.286,-0.008231652567470674,0.051272670786924525,-0.16054659219292897,,1000
1:57889422,1,57889422,G,A,0.18400002,-0.01988657908123838,0.05997010953331699,-0.33160818340994014,,1000
1:57975252,1,57975252,G,A,0.15750003,-0.11239261963872883,0.06215751463947084,-1.8081903739336134,,1000
1:58016014,1,58016014,G,A,0.07099998,-0.10901089393039433,0.09004168301792087,-1.210671438790166,,1000
1:58043728,1,58043728,G,A,0.42299998,-0.03214762237912382,0.04553781558131868,-0.7059544242238968,,1000
1:58075713,1,58075713,G,A,0.454,0.04060443629176667,0.04520432839534196,0.8982422200072043,,1000
1:58093499,1,58093499,G,A,0.051999986,-0.17956800028774783,0.10214018708968504,-1.7580543506355304,,1000
1:58104229,1,58104229,G,A,0.20599997,-0.028339146119611063,0.054902252027189374,-0.5161745661284823,,1000
1:58114586,1,58114586,G,A,0.4225,0.07030946883017329,0.046304747848986624,1.5184073361002441,,1000
1:58149763,1,58149763,G,A,0.05549997,-0.003033674081078391,0.10054208657502474,-0.03017317607402803,,1000
1:58224510,1,58224510,G,A,0.38099998,0.07579361613703657,0.04647097571752654,1.630988266692472,,1000
1:58231612,1,58231612,G,A,0.15499997,0.010300331424507628,0.06155833010470722,0.1673263619560074,,1000
1:58235051,1,58235051,G,A,0.425,0.04709245923699814,0.04835438021560317,0.9739026542584486,,1000
1:58237815,1,58237815,G,A,0.3355,0.06339926817883004,0.048267126949903795,1.3135082236121454,,1000
1:58245346,1,58245346,G,A,0.49,-0.0644419614438511,0.04832886843236904,-1.3334051372220843,,1000
1:58261870,1,58261870,G,A,0.194,0.02936427343799386,0.05717283856831739,0.5136053093271848,,1000
1:58272528,1,58272528,G,A,0.10500002,-0.11288190654473693,0.07091042028239268,-1.5918944789101175,,1000
1:58315588,1,58315588,G,A,0.2805,-0.056497240357670814,0.050638128278476004,-1.1157055420171456,,1000
1:58321650,1,58321650,G,A,0.474,0.019569366233820214,0.045408455143738986,0.4309630480022723,,1000
1:58327847,1,58327847,G,A,0.06999999,-0.028615080729736713,0.08853646936944168,-0.32320105978399444,,1000
1:58401946,1,58401946,G,A,0.1365,-0.03220926705653707,0.06739437772798819,-0.4779221671359226,,1000
1:58406093,1,58406093,G,A,0.42949998,-0.08150574997965318,0.04768608814647762,-1.7092144301979963,,1000
1:58426862,1,58426862,G,A,0.35799998,-0.09050263487456872,0.04724328544510919,-1.9156719102383661,,1000
1:58435659,1,58435659,G,A,0.22399998,0.03680887588887989,0.05388567589637005,0.6830920328376077,,1000
1:58436438,1,58436438,G,A,0.25199997,-0.053825829787264516,0.05265445728695985,-1.0222464072494535,,1000
1:58438966,1,58438966,G,A,0.16500002,-0.016216148695400386,0.06012519273373382,-0.26970639025165505,,1000
1:58454885,1,58454885,G,A,0.45700002,-0.05089756100043683,0.04488205079296782,-1.1340293079569244,,1000
1:58458982,1,58458982,G,A,0.19300002,0.031579713716608664,0.057393801564336766,0.550228645879272,,1000
1:58534436,1,58534436,G,A,0.23299998,0.0478334033924789,0.05191129824789999,0.9214449456465664,,1000
1:58544069,1,58544069,G,A,0.278,-0.02318343526815466,0.05152666769521261,-0.4499308087471889,,1000
1:58544711,1,58544711,G,A,0.13999999,-0.031821684160471084,0.06473825943694514,-0.49154370904063777,,1000
1:58558972,1,58558972,G,A,0.134,0.049471991273653,0.06627500954571386,0.7464652455391831,,1000
1:58581602,1,58581602,G,A,0.3275,0.0947471939674676,0.049040697668747135,1.9320115428914155,,1000
1:58630790,1,58630790,G,A,0.398,0.024374024321242454,0.0474757100274579,0.5133998903259281,,1000
1:58638330,1,58638330,G,A,0.375,0.026147639474349997,0.04731486445039105,0.552630548096897,,1000
1:58665297,1,58665297,G,A,0.297,0.030726605953315354,0.0502342562923457,0.6116663850758995,,1000
1:58674848,1,58674848,G,A,0.34350002,-0.01805042883609063,0.04786234815937288,-0.37713212013723185,,1000
1:58685856,1,58685856,G,A,0.28250003,0.014930475333201073,0.05044981079905271,0.2959471026099749,,1000
1:58701338,1,58701338,G,A,0.4645,-0.06655286450818193,0.04497751451715223,-1.479691913229263,,1000
1:58711615,1,58711615,G,A,0.21200001,0.0950256559559077,0.05482968805489424,1.7331059016927137,,1000
1:58720661,1,58720661,G,A,0.10549998,0.050686243536753856,0.07581905160070083,0.66851592662609,,1000
1:58743504,1,58743504,G,A,0.23250002,0.0980873054207601,0.05576238666527832,1.7590227263682798,,1000
1:58771483,1,58771483,G,A,0.43400002,0.13221625466830855,0.0472872279394539,2.7960246440666165,,1000
1:58834846,1,58834846,G,A,0.4745,0.005190023638408572,0.04342571364534228,0.11951498784327381,,1000
1:58835616,1,58835616,G,A,0.31050003,-0.11637841527738721,0.04997449468342659,-2.32875621883942,,1000
1:58842659,1,58842659,G,A,0.055999994,0.0005090287344736484,0.09828190844013854,0.005179271979478168,,1000
1:58865528,1,58865528,G,A,0.375,0.015929322845933784,0.04794419317943426,0.33224717717779206,,1000
1:59009477,1,59009477,G,A,0.35900003,-0.04783179914304092,0.04755657868062675,-1.0057872216641666,,1000
1:59010025,1,59010025,G,A,0.26200002,0.002682123578520899,0.054192647590431485,0.049492388686956636,,1000
1:59036719,1,59036719,G,A,0.11949998,0.04214590574749604,0.0716915751764198,0.587878082519218,,1000
1:59047561,1,59047561,G,A,0.30900002,0.02125414693451907,0.050552980278886356,0.4204331142746879,,1000
1:59057626,1,59057626,G,A,0.274,0.025318129150323585,0.05186979334967884,0.4881093120931114,,1000
1:59072622,1,59072622,G,A,0.06950003,-0.07903179096100783,0.09084331167244176,-0.8699791928103269,,1000
1:59081566,1,59081566,G,A,0.218,-0.14999115880881633,0.05304846544016048,-2.827436337022958,,1000
1:59145780,1,59145780,G,A,0.4875,-0.04751809784879344,0.04516022186559853,-1.052211346308532,,1000
1:59171414,1,59171414,G,A,0.22649997,-0.03165595824898488,0.05355302490823042,-0.5911142891224387,,1000
1:59220572,1,59220572,G,A,0.26349998,0.011374620041901033,0.04987334078512501,0.22807014454691543,,1000
1:59230627,1,59230627,G,A,0.297,-0.11649655346157047,0.04938866970871705,-2.3587708304078685,,1000
1:59245262,1,59245262,G,A,0.17199999,0.04977951467962614,0.060684373939780184,0.8203020225441326,,1000
1:59248435,1,59248435,G,A,0.08350003,-0.0491763816376655,0.08398307203795517,-0.5855511169612944,,1000
1:59276367,1,59276367,G,A,0.2805,-0.037731831953085895,0.05103596098268906,-0.7393185359218414,,1000
1:59292992,1,59292992,G,A,0.2995,-0.095241555953206,0.04879971712146207,-1.9516825418506136,,1000
1:59322533,1,59322533,G,A,0.36650002,0.05139795340218361,0.047488857265234975,1.082316070801947,,1000
1:59323548,1,59323548,G,A,0.2755,-0.06490739478800693,0.05158783632400666,-1.2581918415873152,,1000
1:59365445,1,59365445,G,A,0.17250001,0.030393613443480617,0.060880057596587864,0.49923759344774477,,1000
1:59376959,1,59376959,G,A,0.2425,0.011813053683103055,0.0520043108429326,0.22715527793035745,,1000
1:59387254,1,59387254,G,A,0.050000012,0.04934239361553766,0.10186802024835064,0.4843757000012629,,1000
1:59435596,1,59435596,G,A,0.11049998,-0.0458355198396608,0.06864733708987569,-0.6676955258971109,,1000
1:59468270,1,59468270,G,A,0.393,0.043265992329968,0.045532234551273615,0.9502277398937315,,1000
1:59488207,1,59488207,G,A,0.459,0.0905940487966745,0.04578187798902852,1.9788189732711505,,1000
1:59504449,1,59504449,G,A,0.19099998,-0.05377951481409272,0.056920430281598274,-0.9448191896658769,,1000
1:59509025,1,59509025,G,A,0.45599997,0.02537346922597621,0.04600566476801177,0.551529237843307,,1000
1:59544512,1,59544512,G,A,0.319,0.015357228686799146,0.047144155333058664,0.32575042607731847,,1000
1:59551514,1,59551514,G,A,0.18,-0.005128191763968019,0.05917635075785593,-0.08665947964503755,,1000
1:59565731,1,59565731,G,A,0.33499998,-0.055535858622231114,0.04825831564741106,-1.1508039159093708,,1000
1:59576883,1,59576883,G,A,0.39600003,0.02458075891774977,0.04756082617566639,0.5168278369883754,,1000
1:59635370,1,59635370,G,A,0.38950002,-0.04939659538722883,0.04666263109891248,-1.0585900156920227,,1000
1:59636640,1,59636640,G,A,0.468,-0.04673658364783592,0.0468754966884105,-0.9970365532018155,,1000
1:59644301,1,59644301,G,A,0.37699997,0.04005088001753422,0.04782504744003991,0.8374456934464631,,1000
1:59646036,1,59646036,G,A,0.333,0.023761107996735555,0.04853906717315666,0.4895254355006652,,1000
1:59680869,1,59680869,G,A,0.21749997,0.055656997088626044,0.055570794448030744,1.0015512220304124,,1000
1:59714427,1,59714427,G,A,0.12050003,-0.07843181111699557,0.06881208540400098,-1.1397970379260627,,1000
1:59772464,1,59772464,G,A,0.102,0.3152380084662925,0.0778757321181381,4.047962053031797,,1000
1:59799782,1,59799782,G,A,0.44450003,0.05347049527664245,0.04605576286800631,1.1609946713918609,,1000
1:59828067,1,59828067,G,A,0.38099998,0.12134885559919364,0.04748378231196083,2.555585290193421,,1000
1:59844251,1,59844251,G,A,0.4745,0.06134288570492957,0.04577831295859324,1.339998827838295,,1000
1:59855505,1,59855505,G,A,0.08399999,-0.06288304017863654,0.08435775678720629,-0.7454328158258161,,1000
1:59880551,1,59880551,G,A,0.31950003,-0.04585914769663268,0.04918512092145593,-0.9323784680709737,,1000
1:59910713,1,59910713,G,A,0.37050003,-0.08281381863939266,0.048614018888627916,-1.7034966565737886,,1000
1:59912159,1,59912159,G,A,0.22649997,0.03424909289160387,0.055258538635756985,0.6197972971627191,,1000
1:59946864,1,59946864,G,A,0.30299997,-0.0853372382993734,0.04889919002085869,-1.745166704458121,,1000
1:59963388,1,59963388,G,A,0.272,0.048040180122351075,0.051299697445032516,0.9364612758939952,,1000
1:59994989,1,59994989,G,A,0.241,0.016111606578205526,0.05327467414292972,0.30242524872099585,,1000
1:60031993,1,60031993,G,A,0.16799998,-0.11679090476062112,0.06022412992363573,-1.9392709352333048,,1000
1:60037448,1,60037448,G,A,0.489,0.02818397760704933,0.04566700195840107,0.6171628615498482,,1000
1:60043430,1,60043430,G,A,0.43699998,0.028960014139609885,0.04738363821086523,0.6111817334653137,,1000
1:60058563,1,60058563,G,A,0.41500002,-0.03070477178768322,0.046829434387327444,-0.6556724886686282,,1000
1:60072821,1,60072821,G,A,0.417,-0.019695299804002326,0.047067589767493215,-0.4184471714250535,,1000
1:60078383,1,60078383,G,A,0.46100003,-0.015972685233268346,0.04417117490739208,-0.36160879276487856,,1000
1:60084390,1,60084390,G,A,0.087499976,-0.14036204234435037,0.07982845215398796,-1.758295927792687,,1000
1:60089648,1,60089648,G,A,0.29900002,-0.011349563883147404,0.049221476763443406,-0.23058153938966497,,1000
1:60094330,1,60094330,G,A,0.254,0.050966782589352215,0.05183475178528847,0.9832550718187755,,1000
1:60111795,1,60111795,G,A,0.11900002,0.11807134235329145,0.06997825219842121,1.6872576642598007,,1000
1:60138669,1,60138669,G,A,0.17400002,-0.03776845048775087,0.06056070188042627,-0.6236461816826788,,1000
1:60141084,1,60141084,G,A,0.100000024,-0.06084905019196275,0.07508223163443269,-0.8104320938172195,,1000
1:60148246,1,60148246,G,A,0.2845,-0.010296267026591902,0.05086024308734176,-0.2024423479240992,,1000
1:60186001,1,60186001,G,A,0.18199998,0.05879850569320244,0.059037343870870236,0.9959544559086162,,1000
1:60200292,1,60200292,G,A,0.13749999,-0.011316328579743521,0.06503799820415647,-0.17399564704038376,,1000
1:60203881,1,60203881,G,A,0.30049998,0.04377776317135207,0.049469624356160966,0.8849423002723886,,1000
1:60221199,1,60221199,G,A,0.1415,0.0183960844092118,0.06563620958851955,0.2802734119556694,,1000
1:60251071,1,60251071,G,A,0.2985,-0.031897635379103215,0.0494325411888805,-0.6452760592910478,,1000
1:60267676,1,60267676,G,A,0.110000014,0.010699687882893105,0.07398866995250383,0.144612518237747,,1000
1:60303471,1,60303471,G,A,0.3815,0.00762670820869658,0.0466552860682623,0.16346932687408214,,1000
1:60303850,1,60303850,G,A,0.17500001,0.026583536380989706,0.05946225471613462,0.44706573115829845,,1000
1:60304655,1,60304655,G,A,0.408,0.006265521938887409,0.04601750182457379,0.13615519509886911,,1000
1:60332192,1,60332192,G,A,0.3995,-0.04719579210369529,0.0446266230876483,-1.0575703209942873,,1000
1:60336853,1,60336853,G,A,0.4985,0.07836899232481818,0.04581775067674775,1.7104504513485426,,1000
1:60344168,1,60344168,G,A,0.06349999,-0.21233756371716167,0.08880281533823445,-2.3911129721327518,,1000
1:60350106,1,60350106,G,A,0.4245,-0.0018419219798109434,0.04519304899207352,-0.040756753989623515,,1000
1:60350626,1,60350626,G,A,0.282,0.00023911822211770227,0.04925107735976701,0.004855086120675136,,1000
1:60350925,1,60350925,G,A,0.10399997,-0.015236001935229431,0.07226715770532582,-0.2108288525384553,,1000
1:60361506,1,60361506,G,A,0.3905,0.007252523469705725,0.04645083100330343,0.1561333417089987,,1000
1:60395759,1,60395759,G,A,0.06349999,-0.137720693821102,0.09495688711456272,-1.450349711390033,,1000
1:60404789,1,60404789,G,A,0.44700003,0.019278894271772106,0.04421776700317979,0.4359988207994701,,1000
1:60427083,1,60427083,G,A,0.3455,-0.05058937286572556,0.04760348583053067,-1.0627241258302953,,1000
1:60472383,1,60472383,G,A,0.123000026,0.005906189754395482,0.07072860763432348,0.08350496287062918,,1000
1:60523997,1,60523997,G,A,0.352,0.0523171916078394,0.0467467636487717,1.119161788416428,,1000
1:60627119,1,60627119,G,A,0.13950002,-0.024661357429111998,0.06402652750011395,-0.38517405819124123,,1000
1:60628584,1,60628584,G,A,0.30049998,0.04060939470351207,0.04912556816477499,0.8266447843880743,,1000
1:60637834,1,60637834,G,A,0.065999985,0.0593496366809831,0.09200165767332216,0.6450931231230717,,1000
1:60644658,1,60644658,G,A,0.45450002,-0.012787416962466006,0.04525723044805313,-0.2825497016911713,,1000
1:60676366,1,60676366,G,A,0.06400001,-0.1573008005702034,0.09224903136064769,-1.7051756343677555,,1000
1:60678948,1,60678948,G,A,0.3815,0.06701219493054049,0.04631656541617416,1.4468299695456095,,1000
1:60692681,1,60692681,G,A,0.3505,-0.04149316136813673,0.04792359352665517,-0.8658190739610997,,1000
1:60711340,1,60711340,G,A,0.36799997,-0.019645313553607116,0.04727702307514922,-0.41553617964438866,,1000
1:60712826,1,60712826,G,A,0.07550001,-0.05852105391738932,0.08727787528132662,-0.670514190781522,,1000
1:60727595,1,60727595,G,A,0.36799997,0.0034795327017711503,0.046779901639949224,0.07438093240451985,,1000
1:60736973,1,60736973,G,A,0.30900002,0.047553733529674874,0.049333653199723534,0.9639207811583952,,1000
1:60749711,1,60749711,G,A,0.334,-0.11074501310032892,0.049249395117773466,-2.2486573253437276,,1000
1:60769148,1,60769148,G,A,0.27749997,-0.07306961986812643,0.05032483052658571,-1.4519595814540311,,1000
1:60779109,1,60779109,G,A,0.22399998,-0.07367828464232494,0.054306546483018164,-1.356710920024428,,1000
1:60782619,1,60782619,G,A,0.14600003,-0.009041916954602753,0.06408420737691528,-0.1410943089523157,,1000
1:60787893,1,60787893,G,A,0.2435,0.05750950680893818,0.051700961206764345,1.1123488899740972,,1000
1:60795663,1,60795663,G,A,0.21749997,-0.03930557522279518,0.0573188873057722,-0.6857351402011075,,1000
1:60796172,1,60796172,G,A,0.35900003,0.03666267617795288,0.047775511461425266,0.7673947396158161,,1000
1:60910678,1,60910678,G,A,0.17949998,0.0777521355673747,0.05895436149229408,1.3188529838888625,,1000
1:60945798,1,60945798,G,A,0.3995,-0.040821148378428075,0.04560778390880419,-0.8950478378877756,,1000
1:60961538,1,60961538,G,A,0.4945,0.03932698618308642,0.04505720021604086,0.8728235663672148,,1000
1:60966111,1,60966111,G,A,0.353,0.11808175719133002,0.047904371611442585,2.464947419603029,,1000
1:60972985,1,60972985,G,A,0.2575,-0.07849875788377479,0.05221972584016039,-1.5032395636095834,,1000
1:60974360,1,60974360,G,A,0.12050003,0.04880286942285226,0.07115336936886323,0.6858827607987941,,1000
1:60974871,1,60974871,G,A,0.49800003,0.05831230108108683,0.04627305356176677,1.2601783671624283,,1000
1:60980033,1,60980033,G,A,0.1645,-0.05010693465046798,0.06331475329297795,-0.7913942966595305,,1000
1:60988372,1,60988372,G,A,0.3085,-0.06450066988165859,0.048399285133135926,-1.3326781522543412,,1000
1:60993016,1,60993016,G,A,0.2385,-0.03949037703786099,0.05228480830259487,-0.7552935225336019,,1000
1:60995761,1,60995761,G,A,0.11949998,-0.07500480534153685,0.06995116079564916,-1.0722453278602637,,1000
1:60998838,1,60998838,G,A,0.403,-0.0010172162521397412,0.0485492939000408,-0.020952235767508997,,1000
1:61020156,1,61020156,G,A,0.13050002,0.06485353830708543,0.06701824728300815,0.9676997077112227,,1000
1:61029246,1,61029246,G,A,0.2295,-0.0631815191195171,0.05502838435097427,-1.148162350479739,,1000
1:61051513,1,61051513,G,A,0.12949997,0.09844198357816525,0.06894427517428983,1.4278485534775116,,1000
1:61069573,1,61069573,G,A,0.33850002,-0.04917373240865683,0.04850742015366101,-1.0137362954551095,,1000
1:61071027,1,61071027,G,A,0.42650002,-0.10845557848137195,0.04474514676960686,-2.4238512176484894,,1000
1:61108535,1,61108535,G,A,0.445,0.03232666701615024,0.04537392050066697,0.7124503824983572,,1000
1:61119362,1,61119362,G,A,0.29900002,0.10977531870002846,0.04875800142613834,2.251431877623675,,1000
1:61119403,1,61119403,G,A,0.16549999,0.1345222605734578,0.0628651164649933,2.1398554259955453,,1000
1:61136439,1,61136439,G,A,0.232,-0.01215656740911953,0.05249006792976472,-0.23159747907710548,,1000
1:61144227,1,61144227,G,A,0.35650003,-0.019204861973503858,0.04656413188961343,-0.41243895664224084,,1000
1:61171236,1,61171236,G,A,0.16500002,0.03048420624444789,0.06186874456342002,0.49272385369318966,,1000
1:61183417,1,61183417,G,A,0.10100001,-0.05715394220113732,0.07524981789713137,-0.7595226646165228,,1000
1:61189403,1,61189403,G,A,0.17400002,0.03643483076908725,0.062351024764481254,0.5843501515285862,,1000
1:61218835,1,61218835,G,A,0.12449998,-0.007093856003519961,0.0673239683523308,-0.10536895220429125,,1000
1:61247833,1,61247833,G,A,0.16600001,-0.016833016579548655,0.05923656898207348,-0.284165961479686,,1000
1:61279201,1,61279201,G,A,0.07349998,0.19752069499815128,0.0886602285592528,2.227838775152103,,1000
1:61298112,1,61298112,G,A,0.08499998,0.027167562934997856,0.08343091535975064,0.32562944824292595,,1000
1:61303242,1,61303242,G,A,0.40750003,-0.009641135296584983,0.04675582811482218,-0.20620178671434167,,1000
1:61306901,1,61306901,G,A,0.13050002,-0.10350544781795605,0.06696958289133183,-1.5455590933858605,,1000
1:61313916,1,61313916,G,A,0.43199998,0.08504024329894819,0.04654524181282597,1.827044827501886,,1000
1:61316091,1,61316091,G,A,0.4895,0.04816220285871714,0.04597318982011255,1.0476149914149948,,1000
1:61356951,1,61356951,G,A,0.2155,0.07091252579860305,0.057155884042687316,1.2406863612789452,,1000
1:61373785,1,61373785,G,A,0.2625,-0.068824420951768,0.050933270371173144,-1.3512664796549323,,1000
1:61399189,1,61399189,G,A,0.181,0.015232095247768912,0.058338531086575864,0.2610983678208163,,1000
1:61413012,1,61413012,G,A,0.087499976,0.08921547498694071,0.07990211515891536,1.1165596155934325,,1000
1:61423139,1,61423139,G,A,0.3305,-0.01340920232193305,0.04912454702264505,-0.27296337848676305,,1000
1:61468642,1,61468642,G,A,0.42549998,0.011078901543207292,0.04589245899916203,0.2414100657236429,,1000
1:61482338,1,61482338,G,A,0.3625,-0.006017364913749123,0.047533713482601755,-0.12659151732278592,,1000
1:61483655,1,61483655,G,A,0.10650003,0.08034746294847847,0.07555235499542715,1.0634673525840663,,1000
1:61509504,1,61509504,G,A,0.32450002,-0.023806725294336938,0.04890948449004202,-0.48675068941247973,,1000
1:61553125,1,61553125,G,A,0.3225,-0.014469579005404323,0.048513493725698624,-0.29825885324229867,,1000
1:61555094,1,61555094,G,A,0.3445,-0.030540676549067364,0.04737469470865392,-0.6446622344879935,,1000
1:61569140,1,61569140,G,A,0.08350003,0.028760969344071057,0.08456946168824084,0.34008693883019236,,1000
1:61580594,1,61580594,G,A,0.352,-0.05145476731212727,0.04954509233040944,-1.0385441805009155,,1000
1:61585038,1,61585038,G,A,0.3355,-0.013132538838252576,0.04920018844244362,-0.26692049876222634,,1000
1:61647310,1,61647310,G,A,0.43699998,-0.012221390841346743,0.04601724147801032,-0.26558286522208907,,1000
1:61647594,1,61647594,G,A,0.1275,0.02130876308011652,0.06837789726377479,0.3116323246664894,,1000
1:61658870,1,61658870,G,A,0.07950002,0.02537377576161636,0.08270818641203437,0.3067867506513766,,1000
1:61681550,1,61681550,G,A,0.4095,-0.0005154551943985369,0.04649006604573049,-0.011087426588972866,,1000
1:61684648,1,61684648,G,A,0.084500015,-0.0012667483079105424,0.08362090356057392,-0.015148703900250565,,1000
1:61688719,1,61688719,G,A,0.2335,-0.010963988878872274,0.05392621308408919,-0.20331464517591308,,1000
1:61704883,1,61704883,G,A,0.40600002,-0.03469932815124299,0.0460748472008132,-0.7531078290940173,,1000
1:61720366,1,61720366,G,A,0.1735,0.09507208604738229,0.06074628679738519,1.565068270995531,,1000
1:61730144,1,61730144,G,A,0.23699999,-0.08631060896969316,0.05196446394151573,-1.6609544758670631,,1000
1:61767846,1,61767846,G,A,0.323,0.0026934581750039663,0.05039581334432994,0.05344607014477342,,1000
1:61777470,1,61777470,G,A,0.33999997,0.014932179802444467,0.049151491893608665,0.30379911630690803,,1000
1:61808529,1,61808529,G,A,0.329,-0.028052142608853015,0.047857258444431276,-0.5861627581827599,,1000
1:61819577,1,61819577,G,A,0.06800002,0.07438515665534824,0.09019428923293059,0.8247213575046355,,1000
1:61842138,1,61842138,G,A,0.37949997,-0.015230603876763086,0.04597906256169321,-0.33125085698141754,,1000
1:61864220,1,61864220,G,A,0.4015,-0.04796746197754661,0.04767552103090296,-1.0061234977684756,,1000
1:61868748,1,61868748,G,A,0.108500004,0.05300069387081526,0.07636295157496813,0.6940629294401051,,1000
1:61902172,1,61902172,G,A,0.37199998,-0.029944553219692905,0.0463730581747108,-0.6457316898720935,,1000
1:61910921,1,61910921,G,A,0.26700002,0.001992756006954162,0.05088629934841807,0.0391609535861466,,1000
1:61957161,1,61957161,G,A,0.05949998,-0.15253741322625272,0.09412920274273558,-1.6205110505732483,,1000
1:61963741,1,61963741,G,A,0.3675,0.014859331271377715,0.04705274950279914,0.3158015509910583,,1000
1:61983307,1,61983307,G,A,0.28149998,-0.031100952001554983,0.04833839461325442,-0.6434005980212484,,1000
1:62005984,1,62005984,G,A,0.09649998,-0.1285658591464673,0.07630730230799283,-1.684843458723617,,1000
1:62022455,1,62022455,G,A,0.13349998,0.08458395867481054,0.06574838354078416,1.2864796686954676,,1000
1:62039408,1,62039408,G,A,0.38200003,0.03217629580226804,0.04581255866513842,0.7023466215335611,,1000
1:62056264,1,62056264,G,A,0.454,-0.029320516983116798,0.04710826733853263,-0.6224070346805946,,1000
1:62076002,1,62076002,G,A,0.13,-0.0016245585441940502,0.06862510122913541,-0.023672949330446,,1000
1:62132761,1,62132761,G,A,0.22149998,0.004592056657222522,0.054554378595487785,0.08417393388845845,,1000
1:62134784,1,62134784,G,A,0.19849998,-0.12758137829245048,0.05531818177459919,-2.3063190835211587,,1000
1:62155345,1,62155345,G,A,0.34100002,0.023473881147616376,0.04808104213297914,0.4882148993920302,,1000
1:62182822,1,62182822,G,A,0.12449998,-0.029815687060354947,0.06947533138342257,-0.42915501756741864,,1000
1:62188839,1,62188839,G,A,0.3085,0.026031015958136634,0.04922077288432387,0.5288623975757835,,1000
1:62190752,1,62190752,G,A,0.4245,0.06940914024406519,0.04596286500294395,1.5101134413535686,,1000
1:62194932,1,62194932,G,A,0.34249997,-0.08859308365754825,0.04894953668760406,-1.809886051076424,,1000
1:62199284,1,62199284,G,A,0.11949998,-0.08081998015684856,0.06929276684170783,-1.1663552177310723,,1000
1:62201083,1,62201083,G,A,0.379,0.0812974721485691,0.04616887559336006,1.7608718233601768,,1000
1:62242811,1,62242811,G,A,0.26599997,0.01601019998202687,0.050252609658092404,0.3185943991955187,,1000
1:62250666,1,62250666,G,A,0.104499996,-0.03244875918351368,0.072520518290809,-0.44744246108933455,,1000
1:62344321,1,62344321,G,A,0.20450002,-0.03127997188580901,0.05494353695124307,-0.5693112169601837,,1000
1:62348361,1,62348361,G,A,0.15249997,-0.12995823840312612,0.06186844097856316,-2.100557834456431,,1000
1:62396415,1,62396415,G,A,0.42799997,0.04596548471838554,0.04512235230528313,1.0186854711695448,,1000
1:62419438,1,62419438,G,A,0.14850003,-0.06624309316033826,0.06429868689076296,-1.0302402173916654,,1000
1:62451661,1,62451661,G,A,0.2995,0.026665971301972572,0.04957553161073628,0.5378857358777708,,1000
1:62460304,1,62460304,G,A,0.3595,-0.019813818500081896,0.04649552161263315,-0.4261446653971583,,1000
1:62468786,1,62468786,G,A,0.07349998,0.08927108694387491,0.08687205845681042,1.0276156514497374,,1000
1:62468860,1,62468860,G,A,0.12800002,0.0029215130647461023,0.06830596571045253,0.04277097958222758,,1000
1:62516087,1,62516087,G,A,0.4245,-0.01357472819522442,0.045734276130157125,-0.2968173838936801,,1000
1:62527342,1,62527342,G,A,0.20499998,0.028735575019161096,0.057133211418590076,0.5029574621427823,,1000
1:62612096,1,62612096,G,A,0.3455,0.0315860320044161,0.04761991810007988,0.6632945470009768,,1000
1:62670768,1,62670768,G,A,0.389,0.05451198265998007,0.047228641219188454,1.154214503165348,,1000
1:62671673,1,62671673,G,A,0.32999998,0.01294092205002721,0.04922085363189033,0.26291543309689275,,1000
1:62697276,1,62697276,G,A,0.325,-0.005082505530973503,0.048486536698316575,-0.10482302670114124,,1000
1:62730419,1,62730419,G,A,0.28250003,-0.05676841309035355,0.05005264881583892,-1.1341740034423404,,1000
1:62744323,1,62744323,G,A,0.23949999,-0.14904423528258737,0.05180591257151006,-2.8769734550444377,,1000
1:62754885,1,62754885,G,A,0.11400002,-0.026195434596576132,0.07167487443907118,-0.3654758351735118,,1000
1:62784217,1,62784217,G,A,0.496,0.08294706233870154,0.04512846774152985,1.8380207990613608,,1000
1:62802751,1,62802751,G,A,0.339,-0.10048161851062452,0.04758697593509155,-2.1115361196240134,,1000
1:62803547,1,62803547,G,A,0.13499999,-0.039587371812407124,0.06700589480084918,-0.5908043155018867,,1000
1:62827875,1,62827875,G,A,0.421,0.042102813427547923,0.04795298682566002,0.8780018975797849,,1000
1:62856982,1,62856982,G,A,0.43550003,-0.03155152462448915,0.0458104432553075,-0.6887408717843756,,1000
1:62867960,1,62867960,G,A,0.36699998,0.050240408037547576,0.04651112685556369,1.0801804091645608,,1000
1:62900523,1,62900523,G,A,0.10100001,-0.05180459681615385,0.07739671414955404,-0.6693384517080606,,1000
1:62904495,1,62904495,G,A,0.056500018,-0.11461595531032084,0.10169783567955444,-1.1270245285403206,,1000
1:62926676,1,62926676,G,A,0.3765,-0.007669967049452184,0.046118693931078175,-0.16630928579448767,,1000
1:62929995,1,62929995,G,A,0.14349997,0.021118679073214467,0.06513438769393406,0.3242324035108914,,1000
1:62953196,1,62953196,G,A,0.417,-0.009584956535405446,0.04509257265219978,-0.21256175843712607,,1000
1:62953840,1,62953840,G,A,0.347,0.0016378048949488634,0.047380172392603094,0.03456730552556104,,1000
1:62959656,1,62959656,G,A,0.20099998,-0.007707401097041312,0.05571270056685514,-0.1383419044243322,,1000
1:62976037,1,62976037,G,A,0.28649998,0.04946389901106126,0.05062094203941986,0.9771429969150401,,1000
1:62989021,1,62989021,G,A,0.2885,-0.024176102522953085,0.05080287118476993,-0.47588063349854093,,1000
1:62994534,1,62994534,G,A,0.23650002,-0.08909382055277461,0.05323198367397758,-1.6736896580528533,,1000
1:63019116,1,63019116,G,A,0.13349998,-0.0767012487823544,0.06603449912121975,-1.161532983562935,,1000
1:63020642,1,63020642,G,A,0.487,0.012762399956291103,0.047025830234595965,0.2713912735325204,,1000
1:63065655,1,63065655,G,A,0.40499997,0.0074920612549991,0.04502879617916278,0.16638377862000397,,1000
1:63072617,1,63072617,G,A,0.121500015,-0.0693821680504801,0.0720153755875388,-0.9634354814430165,,1000
1:63105481,1,63105481,G,A,0.07550001,-0.09277307512936549,0.08420788599711573,-1.1017148100896765,,1000
1:63105981,1,63105981,G,A,0.21350002,0.09639518350336491,0.05716985126122729,1.6861191935396957,,1000
1:63107630,1,63107630,G,A,0.31449997,0.009804357379778571,0.04905246041109807,0.1998749358872189,,1000
1:63131846,1,63131846,G,A,0.46649998,0.0311745423697286,0.04534723400366854,0.6874629303124997,,1000
1:63135533,1,63135533,G,A,0.114499986,-0.07779501410403096,0.07154116597597537,-1.08741607776082,,1000
1:63203559,1,63203559,G,A,0.24449998,0.11113246466354616,0.05271365829521799,2.108229029394223,,1000
1:63213073,1,63213073,G,A,0.12900001,0.040391429421768224,0.06582824523100259,0.6135881228495121,,1000
1:63218225,1,63218225,G,A,0.0625,0.06573925321654017,0.09401447965348918,0.699246046554068,,1000
1:63229579,1,63229579,G,A,0.30900002,0.06987143596539687,0.048962792025696464,1.4270312838517707,,1000
1:63292405,1,63292405,G,A,0.09549999,0.03247992373198239,0.07894419268415373,0.4114289174117048,,1000
1:63293831,1,63293831,G,A,0.38099998,-0.027540408505443058,0.04711841455633569,-0.584493531133464,,1000
1:63327233,1,63327233,G,A,0.2935,-0.014352602969022672,0.05016437804114613,-0.2861114505845222,,1000
1:63349632,1,63349632,G,A,0.15850002,0.04059601575630384,0.060600135239832965,0.6698997551018623,,1000
1:63362117,1,63362117,G,A,0.4045,-0.0793897419368301,0.04537824743772176,-1.7495109754026215,,1000
1:63368712,1,63368712,G,A,0.38,0.03264242709280176,0.04778242824436031,0.6831470959547665,,1000
1:63388427,1,63388427,G,A,0.3495,-0.012627246909420452,0.04717310967288973,-0.26767891701397206,,1000
1:63391074,1,63391074,G,A,0.171,-0.021048917525108703,0.06210959727338512,-0.33889959763317407,,1000
1:63442984,1,63442984,G,A,0.38050002,-0.06267574772840011,0.045524422001803636,-1.37674999423204,,1000
1:63446856,1,63446856,G,A,0.28500003,0.00524623960137838,0.051125392411090584,0.10261514589842675,,1000
1:63467904,1,63467904,G,A,0.2655,-0.10446169442813266,0.052503843093568814,-1.9896009182026555,,1000
1:63475442,1,63475442,G,A,0.11750001,0.019554984516593637,0.07033884524245006,0.2780111679284727,,1000
1:63546820,1,63546820,G,A,0.11799997,-0.0021925338723722287,0.07162859838140158,-0.03060975534796339,,1000
1:63569690,1,63569690,G,A,0.073000014,0.043398449614351305,0.08650096628880051,0.5017105759195456,,1000
1:63588208,1,63588208,G,A,0.157,0.050263228816839055,0.06475219080205546,0.7762398182092631,,1000
1:63594453,1,63594453,G,A,0.25849998,0.008343613534826167,0.05270059464131987,0.15832105105478947,,1000
1:63607606,1,63607606,G,A,0.21149999,0.03276350696243957,0.05475558310756467,0.5983592010713732,,1000
1:63640056,1,63640056,G,A,0.3765,-0.007401581965413287,0.047814551841875906,-0.15479768564788665,,1000
1:63644058,1,63644058,G,A,0.22850001,0.05288111326466046,0.0558761341613743,0.9463989243052499,,1000
1:63655987,1,63655987,G,A,0.10900003,0.08859243501507157,0.07455391173474908,1.188300291073516,,1000
1:63687771,1,63687771,G,A,0.365,0.00714299982125285,0.04703825484016182,0.15185511974296445,,1000
1:63813566,1,63813566,G,A,0.13950002,0.06930562132897382,0.06450592410524483,1.0744070764089515,,1000
1:63842021,1,63842021,G,A,0.195,-0.006281531697999518,0.058829909181349234,-0.10677445852646232,,1000
1:63848249,1,63848249,G,A,0.283,0.02623023777367698,0.05134289296673176,0.510883517815663,,1000
1:63876264,1,63876264,G,A,0.3025,0.03907684228420642,0.04905969947977071,0.7965161364333139,,1000
1:63881481,1,63881481,G,A,0.21399999,0.048460299980584244,0.056334743484848314,0.8602204782137338,,1000
1:63923120,1,63923120,G,A,0.2335,-0.008341012419206956,0.05517767585091137,-0.15116643263018456,,1000
1:63967151,1,63967151,G,A,0.07950002,0.008141822554391415,0.08439735275011603,0.09647011771207742,,1000
1:63975460,1,63975460,G,A,0.12699997,-0.0466697254399208,0.06875230012120856,-0.6788096595698364,,1000
1:63981207,1,63981207,G,A,0.30400002,0.020838030055364932,0.05041304185162585,0.4133460170226346,,1000
1:64027109,1,64027109,G,A,0.060000002,-0.11524155441966014,0.09637089704297447,-1.1958128227059122,,1000
1:64119241,1,64119241,G,A,0.13050002,-0.08621507224467521,0.06728667113816526,-1.2813098164366417,,1000
1:64138258,1,64138258,G,A,0.353,0.007074927219547577,0.047015017437195064,0.15048228428285934,,1000
1:64164716,1,64164716,G,A,0.16100001,0.018005970118466278,0.06150985618520537,0.29273308759250777,,1000
1:64261659,1,64261659,G,A,0.41399997,0.029075736961970706,0.04609007210980022,0.6308459855021202,,1000
1:64274068,1,64274068,G,A,0.2335,0.06155559037314519,0.05498264297701922,1.119545861025146,,1000
1:64276432,1,64276432,G,A,0.37,0.10878831338597685,0.04820549854000658,2.2567615039950586,,1000
1:64283283,1,64283283,G,A,0.44,-0.017600734888073247,0.0458531618168619,-0.3838499721866684,,1000
1:64341006,1,64341006,G,A,0.23000002,0.03278847933632792,0.05520995950673997,0.5938870383037528,,1000
1:64356139,1,64356139,G,A,0.339,-0.11570763060046321,0.049090940081605985,-2.357005802050591,,1000
1:64365537,1,64365537,G,A,0.43400002,-0.004143628916015529,0.04628136851759589,-0.08953125304495148,,1000
1:64384100,1,64384100,G,A,0.17400002,-0.05090214782909602,0.061426439304916515,-0.8286683780647182,,1000
1:64387808,1,64387808,G,A,0.44450003,-0.07707415539712736,0.04574148859896805,-1.6849944712745135,,1000
1:64413146,1,64413146,G,A,0.42799997,0.00770866146692869,0.04541347177467058,0.16974393645077374,,1000
1:64416145,1,64416145,G,A,0.08850002,-0.04972073457791745,0.08112062086116968,-0.6129234965177327,,1000
1:64437249,1,64437249,G,A,0.24299997,0.008023944348659145,0.052003068638490836,0.1542975166415488,,1000
1:64445752,1,64445752,G,A,0.100000024,0.07467863589280797,0.07632568896810647,0.9784207244301883,,1000
1:64447436,1,64447436,G,A,0.43449998,-0.029489350714884115,0.04467449986318942,-0.660093583704169,,1000
1:64448824,1,64448824,G,A,0.15100002,-0.009461919588792547,0.06433153411412243,-0.14708058371509303,,1000
1:64451672,1,64451672,G,A,0.21899998,-0.08869791717855091,0.05437257154555737,-1.6312989188718658,,1000
1:64485847,1,64485847,G,A,0.499,-0.0949783388149452,0.045739460340446854,-2.0765076393119792,,1000
1:64504150,1,64504150,G,A,0.29000002,0.01943650682314117,0.04858757605492218,0.4000303863928225,,1000
1:64505779,1,64505779,G,A,0.485,-0.021154947154994132,0.0463473707803236,-0.45644330625061674,,1000
1:64525469,1,64525469,G,A,0.27249998,-0.0374693082836708,0.05170979772753088,-0.7246075198573387,,1000
1:64528008,1,64528008,G,A,0.49400002,-0.07392637766697008,0.04597193436687754,-1.6080762901339545,,1000
1:64587278,1,64587278,G,A,0.4795,0.0007796797356242158,0.04577689575677508,0.017032167051406526,,1000
1:64598447,1,64598447,G,A,0.046500027,-0.0919035714573458,0.10959791807623492,-0.8385521647721341,,1000
1:64623936,1,64623936,G,A,0.25300002,-0.020522353918960085,0.05339832095018909,-0.38432582811178095,,1000
1:64648546,1,64648546,G,A,0.45999998,-0.05343474265715622,0.04620178291031825,-1.156551528777099,,1000
1:64669428,1,64669428,G,A,0.4335,0.08905955760798151,0.04569038324514883,1.9491969925079888,,1000
1:64671524,1,64671524,G,A,0.144,0.06919774489981757,0.06613408809646616,1.0463249270010744,,1000
1:64674116,1,64674116,G,A,0.462,0.0011864218901043906,0.04501515985696976,0.026356051913935283,,1000
1:64711286,1,64711286,G,A,0.13950002,0.03314410315396464,0.06587042521786743,0.503171234197138,,1000
1:64770180,1,64770180,G,A,0.47649997,-0.009470324253378756,0.04498928221821072,-0.21050178590191793,,1000
1:64785346,1,64785346,G,A,0.10350001,-0.011953823703472583,0.07507517150347975,-0.15922472721781955,,1000
1:64812393,1,64812393,G,A,0.4885,0.001597096032918749,0.04535973754805109,0.03520955189008516,,1000
1:64825508,1,64825508,G,A,0.09100002,-0.0048053683887599044,0.07617492158297107,-0.06308333883252919,,1000
1:64841272,1,64841272,G,A,0.15149999,0.02878547125583155,0.06279248403043562,0.4584222411376365,,1000
1:64884071,1,64884071,G,A,0.3,-0.06973755626661254,0.04966330971568779,-1.4042067809383965,,1000
1:64899874,1,64899874,G,A,0.12199998,-0.0672607440830254,0.06921347968595562,-0.9717867731576216,,1000
1:64910616,1,64910616,G,A,0.21350002,0.01753394643447447,0.05552190547851544,0.3158023177223149,,1000
1:64916909,1,64916909,G,A,0.10399997,0.09348903428609369,0.07657770638308291,1.220838788490363,,1000
1:64991257,1,64991257,G,A,0.3075,0.06477487168606834,0.04848332780173221,1.336023631689615,,1000
1:64994171,1,64994171,G,A,0.31199998,-0.005579640023103203,0.049094966901328314,-0.11364993960210287,,1000
1:64999069,1,64999069,G,A,0.15149999,0.0003368308986516898,0.06075586529106434,0.005544006278867517,,1000
1:65026708,1,65026708,G,A,0.19300002,-0.09761327713272298,0.05750265175390347,-1.6975439245912112,,1000
1:65029126,1,65029126,G,A,0.361,-0.018362124300466853,0.047878880325155006,-0.3835119822302864,,1000
1:65030703,1,65030703,G,A,0.075999975,-0.08072231295672225,0.08402009392078354,-0.9607500919105074,,1000
1:65040041,1,65040041,G,A,0.2705,-0.11669545240563896,0.05040717016303145,-2.3150566085779447,,1000
1:65062908,1,65062908,G,A,0.18650001,0.10515525947413203,0.0585433236689407,1.7961955844662882,,1000
1:65065902,1,65065902,G,A,0.2245,-0.01776252584307186,0.053737405570001964,-0.33054304826706227,,1000
1:65111329,1,65111329,G,A,0.4235,0.09234286083726413,0.046332651941694024,1.993040695220086,,1000
1:65147040,1,65147040,G,A,0.49550003,-0.08415192867545318,0.04293431929505957,-1.9600154388644633,,1000
1:65147545,1,65147545,G,A,0.13950002,0.012316220794269389,0.06587762638504707,0.1869560497259344,,1000
1:65170481,1,65170481,G,A,0.07550001,-0.07417462405852927,0.08791429107999743,-0.8437152042895304,,1000
1:65174204,1,65174204,G,A,0.16149998,0.06640068628767999,0.06235257751437342,1.064922877845321,,1000
1:65174695,1,65174695,G,A,0.439,0.040629683373744035,0.045134049587130555,0.9002002644435679,,1000
1:65176853,1,65176853,G,A,0.4235,-0.07696283340376395,0.045979413699941254,-1.6738541710431223,,1000
1:65198969,1,65198969,G,A,0.15850002,0.027024810717342567,0.06216797795038801,0.43470628462307737,,1000
1:65215547,1,65215547,G,A,0.199,-0.025355842175711713,0.056805480480958785,-0.44636260376691994,,1000
1:65244262,1,65244262,G,A,0.3545,-0.05269697621207408,0.04694817223933007,-1.1224500060074338,,1000
1:65257896,1,65257896,G,A,0.2055,-0.11154599924189129,0.05579564851558478,-1.9991881483505722,,1000
1:65276241,1,65276241,G,A,0.485,-0.031462991881136895,0.04419677241922562,-0.7118843788568252,,1000
1:65285251,1,65285251,G,A,0.41250002,0.034934210267029885,0.045714814527434304,0.7641770097539217,,1000
1:65293687,1,65293687,G,A,0.22850001,-0.004310702068000517,0.05444523516250092,-0.07917501054287865,,1000
1:65304698,1,65304698,G,A,0.46350002,0.09272425308352436,0.046231756025146675,2.0056398686887253,,1000
1:65312199,1,65312199,G,A,0.38349998,-0.031466102495597656,0.04776686971811592,-0.6587432394311558,,1000
1:65347940,1,65347940,G,A,0.39600003,0.010161409647282259,0.04695588356251429,0.21640333173060108,,1000
1:65377053,1,65377053,G,A,0.47399998,-0.02453920108634152,0.04624068679997805,-0.5306841827953379,,1000
1:65402243,1,65402243,G,A,0.27100003,0.044492751417427145,0.051291700285106906,0.8674454379580412,,1000
1:65408694,1,65408694,G,A,0.073000014,0.03847592789651483,0.08843790419860037,0.4350615072255834,,1000
1:65432284,1,65432284,G,A,0.48549998,-0.016127132000652626,0.04492748724899792,-0.3589591358909646,,1000
1:65438363,1,65438363,G,A,0.47649997,0.005365608736989582,0.04617582826147318,0.11619951258061958,,1000
1:65452593,1,65452593,G,A,0.4935,-0.009573220031875544,0.04481307345019503,-0.21362560732450456,,1000
1:65454345,1,65454345,G,A,0.2525,-0.012220795721394662,0.05019270397564832,-0.24347753265741073,,1000
1:65489315,1,65489315,G,A,0.116,-0.0107303672633484,0.0712987048206226,-0.15049876839059667,,1000
1:65500779,1,65500779,G,A,0.13,-0.00046011811965094136,0.06801073663049065,-0.006765374740032748,,1000
1:65532834,1,65532834,G,A,0.26700002,0.09588959843443043,0.05118158545314618,1.873517547091461,,1000
1:65541802,1,65541802,G,A,0.37199998,0.07665240858131074,0.04804763921136347,1.5953418282241454,,1000
1:65554801,1,65554801,G,A,0.2705,0.12046946528762073,0.05155965304232624,2.3365065158356515,,1000
1:65557448,1,65557448,G,A,0.2515,-0.04929259179531123,0.05117342257300576,-0.9632459451972111,,1000
1:65564146,1,65564146,G,A,0.47399998,-0.07211045539859495,0.04572102151727643,-1.5771838206052953,,1000
1:65626103,1,65626103,G,A,0.3595,-0.06258270179456982,0.04819877215078462,-1.2984293790469732,,1000
1:65651054,1,65651054,G,A,0.24650002,0.0045096698661862885,0.05325689595940275,0.0846776700922256,,1000
1:65658414,1,65658414,G,A,0.34500003,0.09768145784888926,0.05010344702810341,1.949595559644808,,1000
1:65682868,1,65682868,G,A,0.426,0.030028257606273718,0.04563921944949144,0.6579485356778669,,1000
1:65702371,1,65702371,G,A,0.21600002,0.013367519860062295,0.0551390937889148,0.24243270865560923,,1000
1:65732490,1,65732490,G,A,0.25449997,0.033077824308455774,0.05354269240121922,0.6177841050761683,,1000
1:65749278,1,65749278,G,A,0.32599998,0.0006529391395730571,0.04863042109863738,0.013426557385729739,,1000
1:65755572,1,65755572,G,A,0.3265,0.037845730404605225,0.047980231006389464,0.78877757798968,,1000
1:65777504,1,65777504,G,A,0.121500015,0.03764731678033177,0.0713288734826022,0.5277991217611802,,1000
1:65812634,1,65812634,G,A,0.26450002,0.06609827777272123,0.051735588631155335,1.2776171977855229,,1000
1:65818321,1,65818321,G,A,0.167,0.04675876683292965,0.06060287386168584,0.7715602223691133,,1000
1:65825273,1,65825273,G,A,0.48000002,-0.0017330745499746934,0.04545312981197665,-0.038128827588854795,,1000
1:65829276,1,65829276,G,A,0.286,0.01593759184455592,0.05206830960871219,0.3060900567797424,,1000
1:65829578,1,65829578,G,A,0.40499997,-0.028921832499895373,0.04698981967053215,-0.615491455440349,,1000
1:65856751,1,65856751,G,A,0.06550002,0.028343502213348932,0.09081552659906235,0.3120997397117067,,1000
1:65954739,1,65954739,G,A,0.20499998,-0.031153767698454297,0.0562537530175414,-0.5538078088539218,,1000
1:65969099,1,65969099,G,A,0.13499999,-0.12252504506360172,0.06633175406404512,-1.847155209333081,,1000
1:65972087,1,65972087,G,A,0.2055,-0.008763255015337023,0.05573897213886085,-0.1572195302329111,,1000
1:66006682,1,66006682,G,A,0.42299998,-0.052360299235448174,0.045794823645004555,-1.1433671989074206,,1000
1:66009352,1,66009352,G,A,0.49550003,0.05043917217426388,0.04692070417899763,1.074987536031933,,1000
1:66088430,1,66088430,G,A,0.4555,0.026513095822557047,0.04624994034586524,0.5732568652907966,,1000
1:66109356,1,66109356,G,A,0.11049998,-0.023577135360192434,0.07349133228357829,-0.3208151849692452,,1000
1:66120561,1,66120561,G,A,0.17799997,0.0006202443800550328,0.06053313808588432,0.010246360913505444,,1000
1:66128720,1,66128720,G,A,0.353,0.0325665510229182,0.04761691443619641,0.6839282093037606,,1000
1:66134856,1,66134856,G,A,0.14600003,0.007799659035882879,0.0664960822315187,0.1172950160992476,,1000
1:66146941,1,66146941,G,A,0.08899999,0.05025807158823917,0.07851218713331992,0.6401308309358008,,1000
1:66183388,1,66183388,G,A,0.48299998,-0.007863251686622883,0.045891028043920354,-0.17134616550967868,,1000
1:66190033,1,66190033,G,A,0.19050002,-0.08327014612060217,0.05655266546171214,-1.472435391696587,,1000
1:66209792,1,66209792,G,A,0.23549998,-0.01689170276195866,0.05467691083501363,-0.3089366700494291,,1000
1:66268269,1,66268269,G,A,0.17549998,0.001991551425003932,0.05903737757927007,0.03373373795829356,,1000
1:66277349,1,66277349,G,A,0.19749999,0.07748624335434653,0.05735273170881531,1.3510471261900963,,1000
1:66290436,1,66290436,G,A,0.4925,-0.06005680503168732,0.04548714157147321,-1.3203029022459243,,1000
1:66293901,1,66293901,G,A,0.1365,-0.06178736504395172,0.06767079598730807,-0.9130580502635167,,1000
1:66298693,1,66298693,G,A,0.272,-0.011898508221776722,0.05225757645437571,-0.2276896295059703,,1000
1:66318091,1,66318091,G,A,0.37699997,0.08089243541902733,0.04705040405932682,1.7192718540106138,,1000
1:66329076,1,66329076,G,A,0.15100002,0.023851195106197598,0.06308227563281575,0.37809661853400345,,1000
1:66331073,1,66331073,G,A,0.357,0.049025721456223616,0.04685824439950033,1.0462560448966884,,1000
1:66346144,1,66346144,G,A,0.325,-0.05536370754818547,0.048676415500164785,-1.1373825903018278,,1000
1:66359477,1,66359477,G,A,0.481,0.06807131676985236,0.04486133676753695,1.5173715647972144,,1000
1:66360177,1,66360177,G,A,0.24550003,0.006488896225028442,0.05213146170434643,0.12447178753262224,,1000
1:66371731,1,66371731,G,A,0.19450003,-0.022618846342517315,0.058077379558007736,-0.3894605182715861,,1000
1:66374126,1,66374126,G,A,0.1925,0.08331341975615418,0.05682264069187767,1.466201125849175,,1000
1:66385641,1,66385641,G,A,0.22350001,0.02341380453252243,0.05420551541941303,0.43194505856754695,,1000
1:66401386,1,66401386,G,A,0.06349999,-0.09437316768734848,0.09584883911222637,-0.9846041805143818,,1000
1:66447110,1,66447110,G,A,0.14649999,0.04616264954529204,0.06401562200171966,0.7211153793686792,,1000
1:66469097,1,66469097,G,A,0.09350002,0.0039068613071155025,0.07678807149397976,0.05087849233746941,,1000
1:66475937,1,66475937,G,A,0.459,0.04967137575174815,0.044594908000161484,1.1138351435004257,,1000
1:66500569,1,66500569,G,A,0.088,-0.037574375772650805,0.08181699605418453,-0.45924902629970193,,1000
1:66575222,1,66575222,G,A,0.208,0.00282999836433907,0.054539410132733585,0.05188905339188029,,1000
1:66607762,1,66607762,G,A,0.14700001,-0.10674204780107048,0.06519283326968249,-1.6373279461488015,,1000
1:66626363,1,66626363,G,A,0.35500002,0.016063982331249428,0.04729896727125213,0.3396264920357567,,1000
1:66627398,1,66627398,G,A,0.18849999,-0.0479431609502649,0.0597170709661265,-0.802838454308314,,1000
1:66633033,1,66633033,G,A,0.051500022,-0.20792729279544836,0.10356077789931224,-2.00778032970752,,1000
1:66653417,1,66653417,G,A,0.4615,0.024834370632209446,0.04693370296655256,0.5291372523899879,,1000
1:66657979,1,66657979,G,A,0.32599998,-0.016640835572724572,0.047555976722515346,-0.34992101349999144,,1000
1:66689169,1,66689169,G,A,0.049000025,-0.17218361354916314,0.1058491431546808,-1.6266887800645264,,1000
1:66729566,1,66729566,G,A,0.36949998,0.004860158768592166,0.04655578230089284,0.10439430997380016,,1000
1:66772798,1,66772798,G,A,0.13800001,-0.08058577177205824,0.06686423632148594,-1.2052148682981827,,1000
1:66777437,1,66777437,G,A,0.4985,0.03304539526385996,0.04615480667240722,0.7159686638578323,,1000
1:66799469,1,66799469,G,A,0.2745,0.020326445309590224,0.05108951686405207,0.3978594153410843,,1000
1:66834973,1,66834973,G,A,0.1415,-0.06101505129610062,0.06480759488439097,-0.9414799516159209,,1000
1:66880549,1,66880549,G,A,0.056500018,0.0815400847255051,0.09528788211585629,0.8557235496782701,,1000
1:66907756,1,66907756,G,A,0.061500013,0.18171017753085092,0.0944708927238633,1.9234514705178711,,1000
1:66927750,1,66927750,G,A,0.05949998,0.0934458667078051,0.09502413294636182,0.9833908904020455,,1000
1:66974035,1,66974035,G,A,0.064499974,-0.20253623961974795,0.09187899088283868,-2.2043803232233588,,1000
1:66977551,1,66977551,G,A,0.30299997,-0.015691611384100797,0.049547080355094295,-0.3167010300433864,,1000
1:66984431,1,66984431,G,A,0.4195,0.024388387082700712,0.046251113329459304,0.5273037842132702,,1000
1:66994947,1,66994947,G,A,0.2295,-0.07554712105250329,0.0545359888368022,-1.38527094976817,,1000
1:67001667,1,67001667,G,A,0.20349997,0.042356005019935354,0.05699472025294302,0.7431566438427817,,1000
1:67007552,1,67007552,G,A,0.10399997,0.0024155329306769606,0.07663482878553474,0.03152004080855866,,1000
1:67009690,1,67009690,G,A,0.0485,-0.16413759939903258,0.10751032716212619,-1.5267147234284957,,1000
1:67042894,1,67042894,G,A,0.49800003,0.0502098099969161,0.04647524819610891,1.0803559302157715,,1000
1:67066689,1,67066689,G,A,0.24400002,0.08633844066856673,0.05348781581647489,1.6141702432719913,,1000
1:67073773,1,67073773,G,A,0.37849998,0.056050630036049785,0.0461819614250214,1.2136909803419813,,1000
1:67084286,1,67084286,G,A,0.43300003,-0.004315094127419204,0.046211411030569235,-0.09337724235610839,,1000
1:67105584,1,67105584,G,A,0.12800002,-0.06657851974002822,0.06621959997716391,-1.005420143930016,,1000
1:67113003,1,67113003,G,A,0.16049999,-0.03962858508640512,0.06269512483008755,-0.6320839968626598,,1000
1:67154340,1,67154340,G,A,0.269,-0.04638943250646678,0.052204492874105266,-0.8886099634822254,,1000
1:67157849,1,67157849,G,A,0.167,-0.003199846492136823,0.06172337653869747,-0.05184172790888521,,1000
1:67185083,1,67185083,G,A,0.074500024,0.009276884101483602,0.0871053764413995,0.10650185419639009,,1000
1:67201058,1,67201058,G,A,0.46749997,-0.043740961011997745,0.04532496597930549,-0.965052263513425,,1000
1:67209599,1,67209599,G,A,0.14850003,-0.019887883630448248,0.06484907113843431,-0.3066795450006258,,1000
1:67225604,1,67225604,G,A,0.07800001,-0.15285354943444193,0.08370033741163334,-1.8261999193947949,,1000
1:67227699,1,67227699,G,A,0.23400003,0.04625292336016585,0.05345485318404596,0.8652707959166261,,1000
1:67256610,1,67256610,G,A,0.427,0.05007144306272133,0.04703296651322534,1.0646031236120646,,1000
1:67284076,1,67284076,G,A,0.1275,0.010206969028555266,0.06807446533562653,0.14993829151991128,,1000
1:67342647,1,67342647,G,A,0.24699998,-0.002768386520935979,0.05212872497170056,-0.05310673764683234,,1000
1:67354165,1,67354165,G,A,0.1505,-0.02656585292703877,0.062414171413404475,-0.42563815757607437,,1000
1:67399863,1,67399863,G,A,0.426,-0.014138508193126153,0.04601800517488136,-0.30723861539403646,,1000
1:67404928,1,67404928,G,A,0.302,-0.012789874153252341,0.0497590608370317,-0.2570360842448589,,1000
1:67411051,1,67411051,G,A,0.30949998,0.018219550906402815,0.04948333136741943,0.3681957217294154,,1000
1:67480481,1,67480481,G,A,0.394,-0.005052211165850805,0.04497837815595289,-0.11232532992482178,,1000
1:67487904,1,67487904,G,A,0.48549998,0.04260813640386596,0.04526397768344067,0.9413254995363273,,1000
1:67499584,1,67499584,G,A,0.101499975,-0.03131963366655043,0.07280350694441441,-0.4301940247255262,,1000
1:67506575,1,67506575,G,A,0.44849998,0.0076867527457082805,0.04667681759214973,0.16468030903205932,,1000
1:67511984,1,67511984,G,A,0.25300002,-0.07034506466712122,0.05141133541280327,-1.3682792734771632,,1000
1:67530145,1,67530145,G,A,0.33749998,-0.11146959449446743,0.0472995236242244,-2.3566747813370874,,1000
1:67552810,1,67552810,G,A,0.4195,0.04577171930092772,0.0474240519097161,0.9651583417643431,,1000
1:67606427,1,67606427,G,A,0.18699998,-0.03634808356436132,0.060009417025550425,-0.6057063268734183,,1000
1:67607728,1,67607728,G,A,0.4525,-0.016094147187109838,0.04556040745903698,-0.3532485349605349,,1000
1:67615318,1,67615318,G,A,0.35799998,0.00904068225239185,0.04871579586072117,0.18558009969167352,,1000
1:67642499,1,67642499,G,A,0.17449999,-0.07462312470681932,0.06070906483821291,-1.2291924592428956,,1000
1:67658104,1,67658104,G,A,0.48000002,0.017912356604940657,0.046191219153685556,0.38778704985775303,,1000
1:67667846,1,67667846,G,A,0.087499976,-0.06249115838497847,0.08093119427093155,-0.7721516894434822,,1000
1:67744470,1,67744470,G,A,0.3125,-0.02950183608893337,0.04921513483250602,-0.5994464139809235,,1000
1:67758015,1,67758015,G,A,0.049000025,0.1427439514076293,0.10366860357733626,1.3769255732391825,,1000
1:67775191,1,67775191,G,A,0.08850002,-0.1021248376238669,0.08006065001571734,-1.275593410793167,,1000
1:67792894,1,67792894,G,A,0.11400002,-0.006949820404114987,0.07030085140005765,-0.09885826793997103,,1000
1:67800622,1,67800622,G,A,0.4655,-0.03573699032035724,0.04637977037893602,-0.770529694916033,,1000
1:67808898,1,67808898,G,A,0.30549997,0.019318367086118202,0.04996631670516285,0.3866277996857451,,1000
1:67812527,1,67812527,G,A,0.20300001,0.03490741558953855,0.05631480284924461,0.6198621645357812,,1000
1:67853613,1,67853613,G,A,0.222,-0.0246352816877826,0.055835855479446674,-0.44120899512054423,,1000
1:67873130,1,67873130,G,A,0.40850002,0.016608256262907146,0.04604466885463193,0.3606987882862451,,1000
1:67886432,1,67886432,G,A,0.291,0.013755073965580704,0.050857073630465065,0.27046530568249133,,1000
1:67908966,1,67908966,G,A,0.05949998,0.1465944041075374,0.09845600179972568,1.488933141991003,,1000
1:67917166,1,67917166,G,A,0.41000003,-0.00787509085501402,0.04594905438602297,-0.17138744116156407,,1000
1:67922033,1,67922033,G,A,0.27749997,-0.02141399582683768,0.05049704117026799,-0.4240643675464686,,1000
1:67925917,1,67925917,G,A,0.15149999,-0.06092345573006205,0.06374668107776281,-0.9557118064820224,,1000
1:67951051,1,67951051,G,A,0.3445,-0.06720832713964184,0.04693160079203294,-1.4320484706554277,,1000
1:67973510,1,67973510,G,A,0.28100002,-0.02230908358161385,0.05105293682160664,-0.4369794368454861,,1000
1:67980387,1,67980387,G,A,0.144,-0.009348906275384117,0.06379203798963816,-0.1465528703896037,,1000
1:68028979,1,68028979,G,A,0.333,-0.0012151646798802035,0.04865547228960005,-0.02497488201630181,,1000
1:68080113,1,68080113,G,A,0.32349998,0.006517529035183773,0.05004723243792385,0.13022756139947997,,1000
1:68082046,1,68082046,G,A,0.47000003,-0.01288375141483482,0.04648048831336912,-0.2771862319512053,,1000
1:68098986,1,68098986,G,A,0.1555,0.030994330885332804,0.06290053407216233,0.4927514740936017,,1000
1:68105395,1,68105395,G,A,0.277,0.024219560778241427,0.05099265963931387,0.474961709186254,,1000
1:68120795,1,68120795,G,A,0.19,0.03323015619395821,0.05789175690884057,0.5740049701079927,,1000
1:68126346,1,68126346,G,A,0.19950002,-0.0008502339954766012,0.056617551062649256,-0.01501714538192915,,1000
1:68168487,1,68168487,G,A,0.2765,0.0186153333854702,0.04940443854227794,0.37679475639704096,,1000
1:68181512,1,68181512,G,A,0.376,0.0007726642052835967,0.04667230017059101,0.016555091616642995,,1000
1:68208442,1,68208442,G,A,0.319,0.02017837612427492,0.048185722364885504,0.4187625531786062,,1000
1:68209365,1,68209365,G,A,0.10750002,0.008316651686951325,0.07535773450622157,0.11036228386436828,,1000
1:68227908,1,68227908,G,A,0.46899998,0.07601636806027458,0.04531008808801495,1.67769190632807,,1000
1:68233770,1,68233770,G,A,0.39450002,0.009905621902131763,0.0465744381482624,0.21268365858969193,,1000
1:68255981,1,68255981,G,A,0.2975,-0.007456435094537722,0.04873663416360453,-0.15299446140468248,,1000
1:68304750,1,68304750,G,A,0.12400001,0.03051039909057573,0.06652354667793088,0.45864059591244744,,1000
1:68315726,1,68315726,G,A,0.12599999,0.04356923013231988,0.06890967445271434,0.6322657954539748,,1000
1:68374763,1,68374763,G,A,0.17299998,-0.0018484280839548804,0.05979669133585707,-0.030911878946159533,,1000
1:68393247,1,68393247,G,A,0.4515,0.016291351294661402,0.045854066330424374,0.35528694832135355,,1000
1:68394025,1,68394025,G,A,0.12699997,0.03238110502282964,0.06907604056795016,0.46877476989979355,,1000
1:68446633,1,68446633,G,A,0.351,0.021260150920615357,0.045870388828913554,0.4634831197945811,,1000
1:68452892,1,68452892,G,A,0.34399998,0.024777255090532725,0.048417101269746854,0.5117459418417238,,1000
1:68488769,1,68488769,G,A,0.10699999,0.08273347002523074,0.07421715363096307,1.1147486258583044,,1000
1:68493687,1,68493687,G,A,0.3775,-0.05201615879375214,0.04859816718258873,-1.0703316978667454,,1000
1:68529723,1,68529723,G,A,0.25849998,-0.02419547142870667,0.0522776049695241,-0.46282670070313536,,1000
1:68532151,1,68532151,G,A,0.25599998,-0.05757079935665682,0.052379705191861775,-1.099105066471462,,1000
1:68546053,1,68546053,G,A,0.054499984,0.020274176513083875,0.09936633360543592,0.20403466423133437,,1000
1:68574554,1,68574554,G,A,0.4525,0.044219844232453696,0.0452706639894336,0.9767880639606883,,1000
1:68587633,1,68587633,G,A,0.353,-0.03328357170518357,0.0484718428327478,-0.686657856604062,,1000
1:68599552,1,68599552,G,A,0.3315,-0.030737142400635527,0.048591077802421015,-0.6325676192163836,,1000
1:68602416,1,68602416,G,A,0.21499997,-0.03917812757265044,0.057199035883190905,-0.6849438450791043,,1000
1:68660195,1,68660195,G,A,0.3875,0.016495638342123208,0.04518224742148113,0.3650911427278989,,1000
1:68667107,1,68667107,G,A,0.4185,0.011819164533236715,0.04457169272938905,0.2651719916718254,,1000
1:68802304,1,68802304,G,A,0.24849999,0.009540641812303845,0.05226308052504236,0.18255031499209762,,1000
1:68841330,1,68841330,G,A,0.306,-0.11201672717416769,0.049618035676175405,-2.2575808503429657,,1000
1:68860662,1,68860662,G,A,0.16600001,0.05153244424290445,0.06132776311935176,0.8402792083353122,,1000
1:68870234,1,68870234,G,A,0.20700002,-0.12581839397669758,0.05675941317177281,-2.216696525665785,,1000
1:68894683,1,68894683,G,A,0.26200002,0.08472845718753358,0.05103439693189616,1.6602225612776635,,1000
1:68903156,1,68903156,G,A,0.351,-0.05457177954607415,0.04538433482084908,-1.2024364742039682,,1000
1:68914333,1,68914333,G,A,0.4845,0.03567259934303924,0.0453651488674293,0.7863437073090045,,1000
1:68958260,1,68958260,G,A,0.101499975,0.10051399222779403,0.07812169947717604,1.286633456523307,,1000
1:68967862,1,68967862,G,A,0.2935,-0.11174406231152972,0.04944273196829545,-2.2600705475414316,,1000
1:68979793,1,68979793,G,A,0.32050002,0.008422146094203236,0.04812664172662973,0.17499966322277255,,1000
1:68985201,1,68985201,G,A,0.412,0.03830326776812768,0.04633999200124535,0.8265704441014645,,1000
1:68997671,1,68997671,G,A,0.449,-0.027455212926252453,0.046129818984337205,-0.5951727869466499,,1000
1:69019570,1,69019570,G,A,0.35399997,0.039798347667504945,0.04786477206805548,0.8314747140322435,,1000
1:69036581,1,69036581,G,A,0.13200003,0.019879348283212247,0.06863718772386897,0.28962941143783333,,1000
1:69055695,1,69055695,G,A,0.36549997,-0.019331302179737764,0.04798872685707077,-0.4028300695976777,,1000
1:69056103,1,69056103,G,A,0.3175,-0.01754382500674068,0.048142663411011186,-0.36441326182896766,,1000
1:69056628,1,69056628,G,A,0.49650002,0.07820338869915282,0.04554275786934467,1.7171421397778894,,1000
1:69058767,1,69058767,G,A,0.48549998,-0.09562232554777238,0.0460119389015509,-2.0782068269796232,,1000
1:69058878,1,69058878,G,A,0.29400003,0.006973548087500413,0.049696712139384515,0.14032212167158425,,1000
1:69062974,1,69062974,G,A,0.43550003,-0.012512547379186865,0.04677564272437056,-0.26750134579482127,,1000
1:69069691,1,69069691,G,A,0.060000002,-0.024787536545000495,0.09475346291514697,-0.2616003234330135,,1000
1:69070842,1,69070842,G,A,0.473,0.013445058328702074,0.04606580386222739,0.2918663564172952,,1000
1:69071030,1,69071030,G,A,0.4785,-0.06789000942316464,0.045011123089349486,-1.5082940563024687,,1000
1:69111189,1,69111189,G,A,0.49199998,0.03434457414720767,0.04556081691477117,0.7538182252406649,,1000
1:69144713,1,69144713,G,A,0.39600003,-0.010555100371746678,0.047462660456436614,-0.22238745721880948,,1000
1:69170639,1,69170639,G,A,0.13999999,0.045251777850463,0.06499340420084779,0.6962518490433638,,1000
1:69185063,1,69185063,G,A,0.4935,0.01899369404040284,0.046457554376883946,0.40883973113000543,,1000
1:69217407,1,69217407,G,A,0.2665,-0.07016557448264543,0.04925827119844943,-1.4244424900737103,,1000
1:69297235,1,69297235,G,A,0.25599998,-0.08294861574459002,0.052345585233669945,-1.5846344132806727,,1000
1:69334165,1,69334165,G,A,0.058000028,-0.007395469995861378,0.09778782159105782,-0.07562772005279698,,1000
1:69353567,1,69353567,G,A,0.204,-0.07406428658270814,0.05556907421441004,-1.3328328324660474,,1000
1:69397492,1,69397492,G,A,0.1735,-0.08194016035580647,0.05930129050096152,-1.3817601550252583,,1000
1:69426201,1,69426201,G,A,0.255,-0.0075022298282657,0.05159501328518206,-0.14540610323711883,,1000
1:69437341,1,69437341,G,A,0.15100002,0.05258831460227448,0.06166115971143936,0.8528596420887347,,1000
1:69441079,1,69441079,G,A,0.24800003,-0.030456105769753175,0.0514491872597922,-0.5919647596368306,,1000
1:69448632,1,69448632,G,A,0.118499994,-0.11714461867210324,0.06908814763776465,-1.6955819873229627,,1000
1:69472864,1,69472864,G,A,0.46100003,0.00044658210087996893,0.04584187234986194,0.009741794520775369,,1000
1:69475475,1,69475475,G,A,0.343,0.1356413412466517,0.048082515447604085,2.821011754147122,,1000
1:69518246,1,69518246,G,A,0.49800003,-0.0026145921931560894,0.046309780551417,-0.05645874720250834,,1000
1:69537253,1,69537253,G,A,0.049000025,0.15857455855179375,0.10474033281267897,1.5139779900775536,,1000
1:69551131,1,69551131,G,A,0.45850003,0.0381670685014793,0.04581690267177246,0.8330346722672247,,1000
1:69562617,1,69562617,G,A,0.088,-0.015691937025064086,0.08078846196257355,-0.19423487765287087,,1000
1:69577530,1,69577530,G,A,0.3905,-0.006797598733148081,0.047041363532579844,-0.14450258714206293,,1000
1:69583833,1,69583833,G,A,0.477,-0.03527253169429341,0.045922889695958063,-0.7680817110556949,,1000
1:69623584,1,69623584,G,A,0.12449998,0.08180106201798529,0.06943347610729338,1.1781213703254705,,1000
1:69678980,1,69678980,G,A,0.49049997,0.011316862047862183,0.044820990985820146,0.2524902238650292,,1000
1:69739573,1,69739573,G,A,0.2715,0.04236610491849486,0.05104053033000557,0.83004828994868,,1000
1:69748794,1,69748794,G,A,0.199,0.10380458713949166,0.0574373157357863,1.807267380268891,,1000
1:69778860,1,69778860,G,A,0.4135,0.01032950195517117,0.046352441488004846,0.22284698763589947,,1000
1:69790584,1,69790584,G,A,0.425,0.03547774258503985,0.04622385421270055,0.7675202163321967,,1000
1:69800141,1,69800141,G,A,0.411,-0.05675762595905501,0.04569559756568159,-1.2420808345371381,,1000
1:69825072,1,69825072,G,A,0.3265,-0.01873327483926246,0.04706060166979516,-0.3980670491785491,,1000
1:69863928,1,69863928,G,A,0.18699998,-0.003229939870962579,0.05940500842623359,-0.05437150766459986,,1000
1:69872507,1,69872507,G,A,0.17150003,0.02635656584882052,0.06009532585278947,0.4385792983864338,,1000
1:69913667,1,69913667,G,A,0.16149998,0.01609701457063127,0.061923194237514655,0.2599512956145161,,1000
1:69953045,1,69953045,G,A,0.12800002,-0.062114118909541424,0.06767154354135305,-0.9178764907524894,,1000
1:69963055,1,69963055,G,A,0.23000002,-0.025523560005171062,0.05537675945873388,-0.4609074321907717,,1000
1:69974934,1,69974934,G,A,0.44849998,0.05234966161314025,0.045333086950373976,1.1547782234738901,,1000
1:69996622,1,69996622,G,A,0.4815,-0.050823179163599214,0.046203257043764386,-1.0999912650196668,,1000
1:70001236,1,70001236,G,A,0.35650003,-0.0865499911708542,0.04688224270917867,-1.8461145663987042,,1000
1:70001343,1,70001343,G,A,0.11799997,-0.0404349072977763,0.07161719801592162,-0.5645977281711998,,1000
1:70009468,1,70009468,G,A,0.3495,0.020556022636609796,0.048215620969725086,0.42633532915643796,,1000
1:70009957,1,70009957,G,A,0.1735,-0.04134080942139884,0.060591049832768244,-0.6822923440920695,,1000
1:70016225,1,70016225,G,A,0.3855,-0.04741559982076827,0.045973964592766266,-1.031357644283496,,1000
1:70036965,1,70036965,G,A,0.14749998,0.07673996775161616,0.06465150133442593,1.1869788971281523,,1000
1:70047064,1,70047064,G,A,0.1365,0.018631521608809636,0.06681709535758563,0.27884363289213876,,1000
1:70065016,1,70065016,G,A,0.3505,0.049483510488032796,0.04649470105822982,1.0642827970021744,,1000
1:70098340,1,70098340,G,A,0.3485,0.07900774971749795,0.04888567720514456,1.6161737800204483,,1000
1:70180505,1,70180505,G,A,0.13099998,-0.015549468981521906,0.0684749994647747,-0.2270824257475307,,1000
1:70189956,1,70189956,G,A,0.2795,-0.05738292890140058,0.05152264209245523,-1.1137419699562245,,1000
1:70199795,1,70199795,G,A,0.4365,0.07181435378705651,0.044929302084872,1.5983856960742082,,1000
1:70231816,1,70231816,G,A,0.365,0.08738446993915386,0.04665890944424952,1.872835670185677,,1000
1:70253176,1,70253176,G,A,0.37300003,-0.07409999103368234,0.046761730785239757,-1.5846289217565028,,1000
1:70286690,1,70286690,G,A,0.39999998,0.05527499976474951,0.046565966848575974,1.1870257079487627,,1000
1:70314093,1,70314093,G,A,0.213,-0.019120582537545366,0.05553350494375543,-0.3443071449733053,,1000
1:70318881,1,70318881,G,A,0.148,0.022399622750656652,0.06412560319743439,0.34930856995904,,1000
1:70321748,1,70321748,G,A,0.35750002,-0.04993678155472438,0.04668090198543787,-1.0697475719364244,,1000
1:70337893,1,70337893,G,A,0.40899998,-0.024598759579003447,0.04551559789357589,-0.5404468076310899,,1000
1:70348119,1,70348119,G,A,0.48000002,-0.05423527456175038,0.046842762589164096,-1.1578154567317591,,1000
1:70366046,1,70366046,G,A,0.4005,-0.009100306208575411,0.04633697186073617,-0.19639406381422594,,1000
1:70373773,1,70373773,G,A,0.19999999,0.005334030057476144,0.05695239753449171,0.0936576911313651,,1000
1:70379074,1,70379074,G,A,0.274,-0.06270026956527883,0.05117781571154289,-1.2251454794139858,,1000
1:70393186,1,70393186,G,A,0.40399998,-0.06006031415031359,0.04565360339835725,-1.3155656876905961,,1000
1:70399935,1,70399935,G,A,0.28350002,-0.08449811002584415,0.05128858130003115,-1.6475033600859774,,1000
1:70503914,1,70503914,G,A,0.30650002,-0.07370169130477475,0.0499425467870254,-1.4757295341598748,,1000
1:70542237,1,70542237,G,A,0.47500002,0.002689566954287594,0.04504694200971573,0.05970587201474204,,1000
1:70560221,1,70560221,G,A,0.476,-0.04596870490716,0.04424261666821508,-1.0390141535228177,,1000
1:70605470,1,70605470,G,A,0.4095,-0.023337744478256248,0.04500845084653067,-0.5185191678299046,,1000
1:70612022,1,70612022,G,A,0.41750002,-0.027582786656689062,0.04593325719071053,-0.6004970764900897,,1000
1:70635602,1,70635602,G,A,0.17400002,-0.08250003555904162,0.05867471248023545,-1.406057772960229,,1000
1:70638666,1,70638666,G,A,0.30949998,0.05566544859052193,0.047896450956768415,1.1622040355508982,,1000
1:70665075,1,70665075,G,A,0.27600002,0.07224461770330264,0.05171818251489311,1.3968901107941796,,1000
1:70706571,1,70706571,G,A,0.06550002,-0.01865950560652642,0.09010480001810448,-0.20708669907460228,,1000
1:70721465,1,70721465,G,A,0.41649997,-0.06704048727626122,0.0459235959779371,-1.45982660653293,,1000
1:70721475,1,70721475,G,A,0.195,0.13614148966708595,0.05771260689766326,2.358955815468426,,1000
1:70734519,1,70734519,G,A,0.44950002,0.03940838189669567,0.045149201612935,0.8728478132247942,,1000
1:70760252,1,70760252,G,A,0.32,0.056799281044171236,0.04965615189415561,1.1438518467005163,,1000
1:70775209,1,70775209,G,A,0.394,0.004843454111740914,0.047550360917073965,0.10185946054516211,,1000
1:70781142,1,70781142,G,A,0.27350003,0.011287001745355015,0.04984231472772327,0.22645420476583453,,1000
1:70790127,1,70790127,G,A,0.14600003,0.0621165798683831,0.06380248429198372,0.9735761946841239,,1000
1:70797889,1,70797889,G,A,0.4245,0.041201420845599156,0.045263493618391645,0.9102571973997612,,1000
1:70805041,1,70805041,G,A,0.42400002,0.07844030543607594,0.04572910120426486,1.7153257634716055,,1000
1:70860063,1,70860063,G,A,0.37949997,-0.04058665417159982,0.04693027926042388,-0.8648287376765385,,1000
1:70873921,1,70873921,G,A,0.16149998,-0.091620223943856,0.062087652030930515,-1.4756593452465088,,1000
1:70897828,1,70897828,G,A,0.27499998,-0.06116812240985235,0.05055629074291974,-1.2099013102225813,,1000
1:70931592,1,70931592,G,A,0.18599999,0.10288170127022499,0.05725429108114805,1.7969255985443602,,1000
1:70941843,1,70941843,G,A,0.32200003,0.058016611655048574,0.04960372301296803,1.1696019599150076,,1000
1:70943107,1,70943107,G,A,0.30949998,-0.0066523171117734954,0.04868863518742254,-0.13662977173555999,,1000
1:70972909,1,70972909,G,A,0.1415,-0.012478344399916047,0.06509936608206776,-0.19168150399782966,,1000
1:70977317,1,70977317,G,A,0.33350003,-0.030572806130361185,0.049001181698453175,-0.6239197723536998,,1000
1:70995267,1,70995267,G,A,0.055999994,0.015880404953601143,0.10114506346015173,0.1570062285823526,,1000
1:71009244,1,71009244,G,A,0.07849997,0.07383963521205739,0.08418287033620961,0.8771337318050169,,1000
1:71015994,1,71015994,G,A,0.13450003,-0.06680348771538032,0.06564183119881879,-1.0176968938152113,,1000
1:71020011,1,71020011,G,A,0.306,-0.0590353125506493,0.04878635505723793,-1.2100783606684065,,1000
1:71021807,1,71021807,G,A,0.394,-0.037221380680721096,0.0454988292716533,-0.8180733719210392,,1000
1:71086131,1,71086131,G,A,0.416,0.01766577165117944,0.04584496175728277,0.38533725351778964,,1000
1:71087567,1,71087567,G,A,0.17949998,0.023243896027497716,0.060225877778719204,0.38594532590957004,,1000
1:71098149,1,71098149,G,A,0.21499997,0.004395797878194285,0.05565450367544854,0.07898368663618953,,1000
1:71140329,1,71140329,G,A,0.148,0.009783274416277927,0.06516998468120977,0.15011932969041658,,1000
1:71178893,1,71178893,G,A,0.06999999,0.02060774890132052,0.08990730434360591,0.2292110641262499,,1000
1:71209538,1,71209538,G,A,0.2435,0.1258146854853414,0.05528601074370158,2.2757056223246264,,1000
1:71214088,1,71214088,G,A,0.3085,-0.0159091862941439,0.049456598977413294,-0.3216797479626447,,1000
1:71226788,1,71226788,G,A,0.454,0.08156707223973882,0.045693992676654714,1.7850721169614892,,1000
1:71240344,1,71240344,G,A,0.365,-0.015739540157321385,0.0485062274753698,-0.3244849368117427,,1000
1:71244179,1,71244179,G,A,0.49199998,-0.021228427910998084,0.04485626230831822,-0.47325449822557886,,1000
1:71247151,1,71247151,G,A,0.18300003,0.051777703652252725,0.058990376978508924,0.8777313572875812,,1000
1:71275365,1,71275365,G,A,0.4105,0.02208956501169449,0.047141323600387426,0.4685817733703377,,1000
1:71297756,1,71297756,G,A,0.3075,-0.018080056917556,0.04978171523761129,-0.3631867008048787,,1000
1:71335021,1,71335021,G,A,0.17799997,0.08143379607034988,0.06113028007656424,1.3321351704647184,,1000
1:71370811,1,71370811,G,A,0.1555,-0.019333277224130706,0.06173913028087135,-0.3131446318757221,,1000
1:71389515,1,71389515,G,A,0.17049998,0.1282952197195466,0.06003010833121713,2.137181212662079,,1000
1:71415951,1,71415951,G,A,0.476,0.03274362665636845,0.046216543875050003,0.7084828053108726,,1000
1:71425913,1,71425913,G,A,0.061500013,0.11513086502103943,0.09376864508868081,1.227818370545458,,1000
1:71433525,1,71433525,G,A,0.454,-0.0012851050176479583,0.04522257790122457,-0.02841733216657601,,1000
1:71450612,1,71450612,G,A,0.407,-0.062490215223206774,0.04812518690584785,-1.2984929356318693,,1000
1:71531066,1,71531066,G,A,0.30650002,0.04085764184489625,0.049980277234201634,0.8174752943734626,,1000
1:71531240,1,71531240,G,A,0.43699998,-0.001516616593471886,0.04519639817251318,-0.03355613842685007,,1000
1:71537555,1,71537555,G,A,0.069000006,5.55599141035581e-05,0.09114028369475734,0.0006096087465520373,,1000
1:71572023,1,71572023,G,A,0.28750002,-0.05207343349908005,0.04908181503712452,-1.0609516673271502,,1000
1:71572283,1,71572283,G,A,0.18300003,0.057278375429185235,0.059588686928002135,0.9612290248716451,,1000
1:71582312,1,71582312,G,A,0.05250001,-0.18585420658746782,0.10275919841303027,-1.8086381507224834,,1000
1:71619444,1,71619444,G,A,0.32450002,-0.09605832841942746,0.04904822126917582,-1.9584467271965067,,1000
1:71619649,1,71619649,G,A,0.36,0.020181032532737186,0.04847710247054597,0.4163003047675737,,1000
1:71626427,1,71626427,G,A,0.315,0.002400210246941744,0.04964731440307431,0.04834521818149172,,1000
1:71648035,1,71648035,G,A,0.24900001,0.007573245482958022,0.053108367563653794,0.14259985441806322,,1000
1:71709885,1,71709885,G,A,0.4185,0.139325986008904,0.04666472747412735,2.9856809104082194,,1000
1:71719011,1,71719011,G,A,0.21700001,-0.009226570658627942,0.054957681794381964,-0.16788500455947408,,1000
1:71766558,1,71766558,G,A,0.337,-0.02869456340110743,0.048140036530501175,-0.5960644293015184,,1000
1:71766716,1,71766716,G,A,0.49400002,-0.03933821287272426,0.04492638026820459,-0.8756150092190889,,1000
1:71769894,1,71769894,G,A,0.43,0.05560300413455903,0.04560123882580679,1.2193309999089763,,1000
1:71772619,1,71772619,G,A,0.3625,0.04318426486423518,0.04584662451837177,0.9419289929824666,,1000
1:71797347,1,71797347,G,A,0.3495,-0.006078949497555379,0.04677495127539105,-0.1299616425416481,,1000
1:71819940,1,71819940,G,A,0.42049998,0.009798322200041312,0.04548294109393361,0.2154285093350787,,1000
1:71829507,1,71829507,G,A,0.12650001,-0.14424542639462376,0.06658872972048634,-2.166213817264725,,1000
1:71873677,1,71873677,G,A,0.075999975,0.07859152600743599,0.08641002502610193,0.9095186118010705,,1000
1:71894821,1,71894821,G,A,0.14999998,-0.001435958353062943,0.0622330944587904,-0.02307387035066701,,1000
1:71964785,1,71964785,G,A,0.379,-0.05456052201683164,0.047603412011303,-1.1461472972541704,,1000
1:72010924,1,72010924,G,A,0.393,-0.03051031458012772,0.045725865899152784,-0.6672441074690074,,1000
1:72017912,1,72017912,G,A,0.060500026,0.02616353149198774,0.0978680371680595,0.2673347933509649,,1000
1:72045465,1,72045465,G,A,0.07999998,0.06100087739025799,0.08360960629964845,0.7295917310223535,,1000
1:72073915,1,72073915,G,A,0.4885,0.08860973092563797,0.045005081969272796,1.9688827805299016,,1000
1:72079674,1,72079674,G,A,0.27499998,0.06434534850425137,0.05006013148224062,1.2853611566537453,,1000
1:72098769,1,72098769,G,A,0.314,-0.0971818079166482,0.04838274009000263,-2.0086048813247963,,1000
1:72112226,1,72112226,G,A,0.3025,-0.10656169072772295,0.050639394912746584,-2.104323934188637,,1000
1:72141526,1,72141526,G,A,0.49699998,0.015989000694419275,0.0444204255914084,0.3599470397130053,,1000
1:72164958,1,72164958,G,A,0.12050003,-0.07992198988052812,0.06977445047702702,-1.1454334549985763,,1000
1:72193786,1,72193786,G,A,0.33600003,-0.14363474293699838,0.04655300652363314,-3.085402075246862,,1000
1:72216607,1,72216607,G,A,0.08350003,0.0956010756699435,0.08020794894848998,1.1919152268977613,,1000
1:72225799,1,72225799,G,A,0.273,-0.029842039045002634,0.050436436951788205,-0.5916761938106058,,1000
1:72258399,1,72258399,G,A,0.265,-0.004014394936159019,0.053029266262093665,-0.07570149879725162,,1000
1:72294638,1,72294638,G,A,0.17949998,0.004919812046512644,0.05960840628135164,0.08253554076401799,,1000
1:72325957,1,72325957,G,A,0.2435,-0.0029738274313200644,0.053411946652174136,-0.055677196165233096,,1000
1:72347196,1,72347196,G,A,0.3535,-0.013426627232743519,0.04817757503653664,-0.27869039117392497,,1000
1:72350549,1,72350549,G,A,0.436,0.012518615574697703,0.04632577042678961,0.2702300568207786,,1000
1:72405855,1,72405855,G,A,0.41399997,0.008434486516671951,0.04465867373687381,0.18886558446333254,,1000
1:72410437,1,72410437,G,A,0.311,0.012743425075955328,0.049527314723409745,0.2573009489232813,,1000
1:72412985,1,72412985,G,A,0.462,0.04890991077048824,0.04534445313338573,1.0786305135628016,,1000
1:72429250,1,72429250,G,A,0.37449998,0.0512025840476065,0.045809360567974376,1.1177319092160076,,1000
1:72456282,1,72456282,G,A,0.43949997,0.04215408505495213,0.044218732102238,0.9533083164277029,,1000
1:72465295,1,72465295,G,A,0.22100002,-0.0487107426550094,0.055017636811972866,-0.8853659567655046,,1000
1:72487615,1,72487615,G,A,0.353,0.05212721568359099,0.04729005999623796,1.1022869433394213,,1000
1:72506527,1,72506527,G,A,0.06999999,-0.03078739342367142,0.08990438888960964,-0.34244594511925497,,1000
1:72507734,1,72507734,G,A,0.486,-0.004794563292408675,0.0451476808404314,-0.10619733291183737,,1000
1:72548972,1,72548972,G,A,0.342,0.021384713907515306,0.047489535360335434,0.45030370891723664,,1000
1:72554180,1,72554180,G,A,0.4185,0.0011576190980276371,0.047072357495372724,0.024592333157340433,,1000
1:72555306,1,72555306,G,A,0.29650003,0.05492486532186457,0.049252255069457976,1.115174629961751,,1000
1:72562039,1,72562039,G,A,0.055000007,-0.12629530595353655,0.09799797904151014,-1.2887541884923992,,1000
1:72571675,1,72571675,G,A,0.282,0.04311407858593077,0.04969929482941103,0.8674987992066385,,1000
1:72586912,1,72586912,G,A,0.351,0.03475016280059107,0.0482725875830704,0.7198736289160153,,1000
1:72613246,1,72613246,G,A,0.086000025,0.21256637935788317,0.0811823680131725,2.618381116000368,,1000
1:72641275,1,72641275,G,A,0.09100002,-0.027171606325688522,0.07886170290614579,-0.344547547470865,,1000
1:72648935,1,72648935,G,A,0.0765,0.10185579898317919,0.0849596690302132,1.1988723608016578,,1000
1:72668142,1,72668142,G,A,0.101499975,0.013648264501509452,0.07474279521091172,0.1826030785040394,,1000
1:72739626,1,72739626,G,A,0.31849998,0.11654218434400591,0.04938462963965363,2.3598877868353556,,1000
1:72759217,1,72759217,G,A,0.43150002,0.011506799063696385,0.04639252181229834,0.24803133380531195,,1000
1:72764243,1,72764243,G,A,0.26849997,-0.14577563892929285,0.05160733133463112,-2.8247079467073712,,1000
1:72789685,1,72789685,G,A,0.40850002,0.05297945766105864,0.04781101580004125,1.1081014861226381,,1000
1:72807713,1,72807713,G,A,0.204,-0.023574408919407513,0.056288700182935164,-0.4188124586780648,,1000
1:72846445,1,72846445,G,A,0.426,0.001738540865572498,0.04611433729992522,0.03770065813296025,,1000
1:72851398,1,72851398,G,A,0.120000005,0.011850338752309607,0.07057224079675353,0.16791784727990028,,1000
1:72888142,1,72888142,G,A,0.3215,-0.036767693873290694,0.04710227442916623,-0.7805927488402502,,1000
1:72892047,1,72892047,G,A,0.27499998,0.0309044059581991,0.051090569573597325,0.6048945278184946,,1000
1:72894132,1,72894132,G,A,0.08249998,-0.07302893266230535,0.08321501981314382,-0.8775931655882443,,1000
1:72931049,1,72931049,G,A,0.13700002,-0.02310361541065954,0.06509472650285988,-0.35492299686741136,,1000
1:72999163,1,72999163,G,A,0.272,-0.05044053257646583,0.04933147706887946,-1.0224817008020628,,1000
1:73007750,1,73007750,G,A,0.40499997,0.027605639718484565,0.04510918013105087,0.6119738740159953,,1000
1:73111161,1,73111161,G,A,0.44599998,0.000921232554089932,0.044922651548448315,0.020507083227186588,,1000
1:73135853,1,73135853,G,A,0.38099998,-0.06826250193194694,0.046193841557310635,-1.4777403140904986,,1000
1:73143587,1,73143587,G,A,0.15750003,-0.053422010589921576,0.06200498182515333,-0.8615761027164767,,1000
1:73150360,1,73150360,G,A,0.092999995,-0.11721792020769914,0.07865445363565068,-1.4902896757847326,,1000
1:73190815,1,73190815,G,A,0.2805,0.12416428716045869,0.05077033576879997,2.445606972659844,,1000
1:73195233,1,73195233,G,A,0.20499998,0.049227737102231085,0.05711920000035178,0.8618422019553479,,1000
1:73199976,1,73199976,G,A,0.31050003,-0.021786810158176753,0.04871092009959084,-0.44726747336393996,,1000
1:73204794,1,73204794,G,A,0.21350002,0.11592514010145936,0.05556931239255381,2.086135946447182,,1000
1:73205956,1,73205956,G,A,0.20749998,0.024434665768232618,0.05551071442527284,0.4401792702762989,,1000
1:73208493,1,73208493,G,A,0.46600002,-0.014634641641561096,0.04753178561041488,-0.3078916866601881,,1000
1:73214390,1,73214390,G,A,0.36650002,-0.04517589031014481,0.046300839059868204,-0.9757034910691617,,1000
1:73248218,1,73248218,G,A,0.348,0.020062557305078495,0.048478032998187155,0.4138484188462997,,1000
1:73263377,1,73263377,G,A,0.116,-0.04527661455455351,0.06927750831429441,-0.6535543159136878,,1000
1:73317579,1,73317579,G,A,0.20599997,0.04689030067635744,0.057635427023399036,0.8135673334617742,,1000
1:73378189,1,73378189,G,A,0.384,-0.0051441945498968385,0.04555381063687529,-0.1129256691806299,,1000
1:73380136,1,73380136,G,A,0.2975,-0.03773726376510108,0.04894724096943595,-0.7709783640035053,,1000
1:73390511,1,73390511,G,A,0.273,0.016367026715245845,0.05031939264279036,0.32526280337747426,,1000
1:73418979,1,73418979,G,A,0.454,0.017927051976564388,0.046232300119828575,0.38776033055027803,,1000
1:73422992,1,73422992,G,A,0.09200001,-0.08101146400421726,0.07586317894879165,-1.0678627646081211,,1000
1:73476577,1,73476577,G,A,0.121500015,0.06372895278385492,0.07028313017542605,0.90674608010184,,1000
1:73506851,1,73506851,G,A,0.30650002,0.032568974297540555,0.04916407762003125,0.6624547001420964,,1000
1:73537405,1,73537405,G,A,0.213,0.0020508062331198226,0.05441638782660585,0.03768729081493939,,1000
1:73545311,1,73545311,G,A,0.26950002,-0.02123160613484529,0.04991751558808937,-0.42533379084898376,,1000
1:73548875,1,73548875,G,A,0.324,-0.016668976037219303,0.04878344502186432,-0.34169329430810824,,1000
1:73574242,1,73574242,G,A,0.11549997,-0.002347339683319905,0.07210510173999808,-0.032554418850750895,,1000
1:73581517,1,73581517,G,A,0.16250002,-0.02291472602155208,0.06206983109337422,-0.3691765487017438,,1000
1:73603368,1,73603368,G,A,0.29149997,-0.004736338886073742,0.04941237302112642,-0.09585329739271385,,1000
1:73619290,1,73619290,G,A,0.14200002,0.055636625509513184,0.06373240500992731,0.8729723207659732,,1000
1:73657759,1,73657759,G,A,0.4195,0.0882288217220888,0.04665835195205967,1.890954524342004,,1000
1:73658411,1,73658411,G,A,0.38,-0.029135183621412927,0.04716573626764188,-0.6177192582362201,,1000
1:73663900,1,73663900,G,A,0.27899998,-0.06327154690605949,0.05023605140688293,-1.2594848745892984,,1000
1:73665033,1,73665033,G,A,0.26200002,0.05652328146582163,0.05172923244100201,1.0926758198140154,,1000
1:73678497,1,73678497,G,A,0.44349998,0.046660562954825464,0.044729140975482945,1.0431803950896614,,1000
1:73684581,1,73684581,G,A,0.393,0.08992525392550567,0.04782487100795409,1.8803031148907767,,1000
1:73701775,1,73701775,G,A,0.07200003,-0.06521227201168049,0.08958490468937563,-0.7279381748275094,,1000
1:73706384,1,73706384,G,A,0.16250002,-0.06427083322160773,0.06158466943760165,-1.0436174101206752,,1000
1:73741007,1,73741007,G,A,0.083000004,-0.03221693576310983,0.08361328885374392,-0.3853087972590527,,1000
1:73746505,1,73746505,G,A,0.4985,-0.01044296966139936,0.04454816903086025,-0.23441972787175852,,1000
1:73788020,1,73788020,G,A,0.22899997,-0.016422582378725608,0.053824996323320114,-0.30511070135661844,,1000
1:73790800,1,73790800,G,A,0.10900003,-0.042800654832908805,0.07499773370859611,-0.5706926425165174,,1000
1:73798007,1,73798007,G,A,0.20249999,0.07484657710641869,0.05717469377936423,1.309085753834552,,1000
1:73808609,1,73808609,G,A,0.495,-0.017879635773149157,0.045746577656278944,-0.39084094787350915,,1000
1:73823166,1,73823166,G,A,0.125,-0.07258068286673118,0.06663270725389997,-1.0892651050506894,,1000
1:73851336,1,73851336,G,A,0.2195,-0.016731190728104448,0.05539002278933218,-0.30206145232579296,,1000
1:73963365,1,73963365,G,A,0.1685,-0.0657121830350676,0.062264545938561136,-1.055370789982286,,1000
1:73976083,1,73976083,G,A,0.42299998,0.009070813808666678,0.04648700501184128,0.19512579496907012,,1000
1:73985778,1,73985778,G,A,0.07200003,-0.0026704612471752176,0.0857181790490616,-0.031153966134147046,,1000
1:73991664,1,73991664,G,A,0.478,-0.08003768974190222,0.04539772882023039,-1.7630329054310614,,1000
1:74002593,1,74002593,G,A,0.403,-0.032746072206280764,0.04747169592212076,-0.6898020298242983,,1000
1:74006538,1,74006538,G,A,0.22250003,-0.0011343148941014842,0.05485232237569524,-0.020679432428262926,,1000
1:74023415,1,74023415,G,A,0.44,0.05261899871872462,0.04582628664604749,1.148227416398422,,1000
1:74042570,1,74042570,G,A,0.254,0.007263034432929251,0.05107141699309885,0.14221329386475975,,1000
1:74042971,1,74042971,G,A,0.19199997,0.0424164493431936,0.056888456650831115,0.7456073136864386,,1000
1:74044639,1,74044639,G,A,0.24400002,-0.02328652481263979,0.05226804272343443,-0.44552127072857184,,1000
1:74052986,1,74052986,G,A,0.42799997,0.051756516978550084,0.04520503801532354,1.144928071092557,,1000
1:74062622,1,74062622,G,A,0.30900002,0.08499879362882519,0.0495168915954737,1.716561579091424,,1000
1:74080003,1,74080003,G,A,0.1415,0.010485683128765131,0.06563795345208157,0.15975030568891999,,1000
1:74085475,1,74085475,G,A,0.08950001,0.057850500984015694,0.08028202647962926,0.7205909407218896,,1000
1:74087005,1,74087005,G,A,0.34750003,-0.036471836162437966,0.04844698578263221,-0.7528195113329997,,1000
1:74090305,1,74090305,G,A,0.4015,0.12190968675648996,0.0474387751992221,2.569832088719041,,1000
1:74092761,1,74092761,G,A,0.425,-0.10750295260456308,0.04611210086270867,-2.331339292578227,,1000
1:74099472,1,74099472,G,A,0.42900002,0.026925502877679627,0.04556162103499042,0.5909689397794117,,1000
1:74144520,1,74144520,G,A,0.26,0.03311974840621667,0.050701462374515456,0.6532306338931942,,1000
1:74149771,1,74149771,G,A,0.24849999,0.007321268214806828,0.053399785960075066,0.13710295056764188,,1000
1:74154765,1,74154765,G,A,0.49650002,-0.037696226401795145,0.048283662837377124,-0.7807242488781095,,1000
1:74170048,1,74170048,G,A,0.46899998,0.07595353030422315,0.044350083557667216,1.7125904668355998,,1000
1:74193474,1,74193474,G,A,0.394,-0.018658472655008165,0.046641167197782704,-0.4000430044103866,,1000
1:74282742,1,74282742,G,A,0.2575,0.09277786299456917,0.05152019344935241,1.8008057963869184,,1000
1:74304907,1,74304907,G,A,0.49199998,0.030765982622100806,0.04574691154084298,0.672525894882168,,1000
1:74313641,1,74313641,G,A,0.23449999,-0.01783318764696162,0.05500400199187616,-0.3242161842986534,,1000
1:74380341,1,74380341,G,A,0.36949998,-0.02837043940510159,0.046450440746473434,-0.6107679270461067,,1000
1:74412558,1,74412558,G,A,0.16049999,0.024743280772865795,0.06223294526876759,0.397591350787049,,1000
1:74488798,1,74488798,G,A,0.4135,0.006098408568209673,0.046162461181219853,0.13210752659545527,,1000
1:74504215,1,74504215,G,A,0.4365,-0.03301553089331747,0.046447752980832833,-0.7108100774421032,,1000
1:74504738,1,74504738,G,A,0.28149998,-0.016726607661112926,0.05225852184114863,-0.32007425912193155,,1000
1:74531077,1,74531077,G,A,0.30049998,0.09234463499606674,0.04940262769431507,1.8692251668769666,,1000
1:74583312,1,74583312,G,A,0.4795,-0.027323725724396907,0.04478460307919769,-0.6101142769106889,,1000
1:74588686,1,74588686,G,A,0.134,0.06778433226425011,0.0662587799288975,1.0230241537346398,,1000
1:74607931,1,74607931,G,A,0.2905,-0.07021666364483299,0.05080001392370258,-1.3822174094340332,,1000
1:74614056,1,74614056,G,A,0.3125,-0.08449190296905393,0.048809626222795936,-1.7310499896758689,,1000
1:74645630,1,74645630,G,A,0.416,-0.005490454240510652,0.047004617955277196,-0.11680669856171526,,1000
1:74652024,1,74652024,G,A,0.40399998,-0.11653918389947594,0.04649488117712838,-2.5064949290977765,,1000
1:74705450,1,74705450,G,A,0.32349998,-0.08592131780928164,0.05009509081743664,-1.7151644284348704,,1000
1:74712741,1,74712741,G,A,0.118499994,0.20544911438854144,0.06986314516843765,2.9407366916163116,,1000
1:74741150,1,74741150,G,A,0.22649997,0.005734186687837827,0.05559708970984875,0.10313825269926034,,1000
1:74765360,1,74765360,G,A,0.09649998,-0.05437220445791849,0.07959676453032193,-0.6830956607187936,,1000
1:74813559,1,74813559,G,A,0.114499986,-0.07318297688364897,0.07119505700245883,-1.027922161521993,,1000
1:74815223,1,74815223,G,A,0.16399997,0.013061550412042088,0.06241647191247747,0.2092644779787849,,1000
1:74842173,1,74842173,G,A,0.194,0.07508095569623105,0.06004312307802204,1.2504505403336257,,1000
1:74926169,1,74926169,G,A,0.2515,0.09590748123134768,0.05163315797017574,1.857478508030549,,1000
1:74931501,1,74931501,G,A,0.3625,-0.04836673138395171,0.04937353575551928,-0.9796084206617707,,1000
1:74936359,1,74936359,G,A,0.053499997,0.03430686191094453,0.10314519596676733,0.33260746261026025,,1000
1:74948995,1,74948995,G,A,0.43699998,-0.03561238063222054,0.04638540327049947,-0.7677497255881262,,1000
1:74982356,1,74982356,G,A,0.49949998,0.036151529145727404,0.04523206633728117,0.7992455811361108,,1000
1:74993344,1,74993344,G,A,0.47100002,0.03062275980159305,0.04552284970542821,0.6726898689284284,,1000
1:75008149,1,75008149,G,A,0.22049999,0.018655882366281105,0.05410573430947441,0.34480416178390705,,1000
1:75012934,1,75012934,G,A,0.23000002,-0.020387316158421695,0.05505442101768913,-0.3703120618028332,,1000
1:75013293,1,75013293,G,A,0.30049998,0.002709259038956924,0.04914230886352183,0.0551308862284246,,1000
1:75057005,1,75057005,G,A,0.339,0.05510177722877508,0.04808518299068031,1.145920090175277,,1000
1:75071231,1,75071231,G,A,0.15649998,-0.006266762176327982,0.061656753370288926,-0.10163950960395202,,1000
1:75081233,1,75081233,G,A,0.36400002,-0.009341218908035222,0.04546957805684998,-0.20543887379724585,,1000
1:75092304,1,75092304,G,A,0.22049999,-0.11435214368242402,0.05525447701501411,-2.0695543575835766,,1000
1:75092306,1,75092306,G,A,0.35500002,-0.011422771777524137,0.04835420279241659,-0.2362312088271172,,1000
1:75094485,1,75094485,G,A,0.34649998,0.0923487748931029,0.04768563279328014,1.936616324112547,,1000
1:75111484,1,75111484,G,A,0.050000012,0.03970393991782433,0.10397324147822383,0.38186690492033887,,1000
1:75134272,1,75134272,G,A,0.403,-0.04234753970862949,0.04525505318634528,-0.935752733164546,,1000
1:75142816,1,75142816,G,A,0.12199998,-0.037171074756384544,0.0686050679808024,-0.5418123740768837,,1000
1:75147627,1,75147627,G,A,0.4795,0.03218979147382911,0.04732037661058365,0.6802522249290289,,1000
1:75149844,1,75149844,G,A,0.2795,-0.030863640283509845,0.05064524568496788,-0.6094084423144688,,1000
1:75169698,1,75169698,G,A,0.21499997,0.053327345121967316,0.053292394032964666,1.0006558363465718,,1000
1:75173085,1,75173085,G,A,0.09549999,0.14205146729797177,0.07788970035716368,1.823751621159074,,1000
1:75176852,1,75176852,G,A,0.33850002,0.025248547455068607,0.04766791239215605,0.5296759641444537,,1000
1:75191988,1,75191988,G,A,0.213,0.09323561214727151,0.05433633386535478,1.7158981019644974,,1000
1:75211738,1,75211738,G,A,0.48549998,-0.05490181327431182,0.04561313399055977,-1.2036404533324647,,1000
1:75230622,1,75230622,G,A,0.42650002,0.02363533480551048,0.04487042005115645,0.5267464574337393,,1000
1:75261978,1,75261978,G,A,0.110000014,0.0013864881725414067,0.07360225277725382,0.01883757793035772,,1000
1:75304675,1,75304675,G,A,0.25050002,-0.15399055517725335,0.053030038266786345,-2.9038363955641415,,1000
1:75306160,1,75306160,G,A,0.25700003,-0.023085097749431904,0.050694223670047056,-0.45537925385120065,,1000
1:75356617,1,75356617,G,A,0.34249997,-0.01346153767772196,0.047824603316730906,-0.2814772469427382,,1000
1:75386848,1,75386848,G,A,0.14450002,-0.08436201812467506,0.06343566919632795,-1.3298830010539,,1000
1:75412008,1,75412008,G,A,0.411,-0.007141271622440335,0.046009301918637835,-0.15521364864585108,,1000
1:75415326,1,75415326,G,A,0.468,-0.1061500884747708,0.04638474869772674,-2.2884696253614303,,1000
1:75421799,1,75421799,G,A,0.2745,-0.004441698356357348,0.05109337488955618,-0.08693296079890116,,1000
1:75441965,1,75441965,G,A,0.487,-0.004346486632906505,0.04568432526486584,-0.09514174955428815,,1000
1:75452393,1,75452393,G,A,0.194,-0.0631820783444872,0.056437820195205685,-1.11949891271411,,1000
1:75460975,1,75460975,G,A,0.2105,0.12123702817016446,0.05757271257901781,2.1058071217986853,,1000
1:75488206,1,75488206,G,A,0.411,0.016221916175476022,0.04509632720999181,0.35971701420247365,,1000
1:75495045,1,75495045,G,A,0.24949998,-0.08369220160580833,0.05289865970453964,-1.5821232914645293,,1000
1:75495234,1,75495234,G,A,0.17699999,0.03187565051531615,0.06016253377859696,0.5298255993110454,,1000
1:75524263,1,75524263,G,A,0.18550003,0.10659750059056541,0.06086129151726609,1.7514827229771186,,1000
1:75530793,1,75530793,G,A,0.403,-0.032386918492399275,0.046280332862625145,-0.699798737155457,,1000
1:75532174,1,75532174,G,A,0.32599998,0.05693892039928997,0.0483767616716283,1.1769890838452537,,1000
1:75533886,1,75533886,G,A,0.385,-0.012473233193842184,0.046937181052120934,-0.265743125476398,,1000
1:75542705,1,75542705,G,A,0.232,-0.051574942478234166,0.05347002787688786,-0.964557987457627,,1000
1:75543475,1,75543475,G,A,0.45349997,-0.012924088071898236,0.04717545713327208,-0.2739578767702727,,1000
1:75559980,1,75559980,G,A,0.458,0.023932022235770286,0.04588079254710674,0.5216130957458678,,1000
1:75566276,1,75566276,G,A,0.055999994,-0.1284563288877165,0.09641649074262787,-1.3323066199392704,,1000
1:75575550,1,75575550,G,A,0.21649998,-0.019022723419576566,0.056639551994734375,-0.3358558242364815,,1000
1:75589338,1,75589338,G,A,0.08350003,-0.09741566680653438,0.08070901426785507,-1.206998594769522,,1000
1:75594879,1,75594879,G,A,0.15600002,0.0033814584803610465,0.06238965871505098,0.05419902192132521,,1000
1:75623581,1,75623581,G,A,0.4755,0.02086084712000693,0.045530062779533725,0.45817742929588307,,1000
1:75628657,1,75628657,G,A,0.4735,-0.002409127647477982,0.046589452852069446,-0.05170972183612951,,1000
1:75643943,1,75643943,G,A,0.07700002,0.09358997613508131,0.08305321026144671,1.1268676531643445,,1000
1:75655175,1,75655175,G,A,0.060000002,0.21468126175453517,0.09798073929204518,2.1910557452995727,,1000
1:75656765,1,75656765,G,A,0.35799998,0.014164515648722491,0.047430427671988226,0.2986377383455023,,1000
1:75677303,1,75677303,G,A,0.134,0.05607462502301322,0.06863706741639232,0.8169729146910076,,1000
1:75759564,1,75759564,G,A,0.05250001,-0.12132008931182788,0.10182033554687595,-1.1915113877814187,,1000
1:75761696,1,75761696,G,A,0.4225,-0.060654478639048486,0.04593886447458178,-1.3203303854541057,,1000
1:75779043,1,75779043,G,A,0.22399998,0.043187216848510464,0.05314191031834904,0.8126771617692226,,1000
1:75785789,1,75785789,G,A,0.25849998,-0.0006688535983757484,0.050831388991419486,-0.013158279001359834,,1000
1:75814821,1,75814821,G,A,0.08899999,0.07952089781713213,0.082511437252623,0.9637560617646883,,1000
1:75899394,1,75899394,G,A,0.25449997,-0.04338125561143382,0.05238903734198389,-0.8280597967137802,,1000
1:75900554,1,75900554,G,A,0.357,-0.027923126890639253,0.04687560285309297,-0.5956857126328524,,1000
1:75900630,1,75900630,G,A,0.194,0.037756292233335736,0.05611664634919471,0.672818044014805,,1000
1:75902245,1,75902245,G,A,0.3995,0.007029382389396256,0.046090090578708276,0.15251396343845636,,1000
1:75912073,1,75912073,G,A,0.351,-0.04589356920666861,0.046911571012438626,-0.9782995584287703,,1000
1:75935098,1,75935098,G,A,0.25050002,0.03367264180083135,0.05197955527430987,0.6478055001265768,,1000
1:75968555,1,75968555,G,A,0.2795,0.02915045027422973,0.05181251233939818,0.5626141053203428,,1000
1:75996189,1,75996189,G,A,0.11900002,0.05125325581573275,0.07250284541864169,0.7069137151761313,,1000
1:75998647,1,75998647,G,A,0.43300003,0.008577598927794682,0.04739582929505323,0.1809779268634917,,1000
1:76039129,1,76039129,G,A,0.4515,-0.01271045039371041,0.04418573861040495,-0.28765956603738485,,1000
1:76070914,1,76070914,G,A,0.22750002,0.028660130946728906,0.05310267251053823,0.5397116489954682,,1000
1:76085631,1,76085631,G,A,0.343,-0.00202315867498669,0.04849203413834739,-0.04172146437937897,,1000
1:76106219,1,76106219,G,A,0.374,-0.05181034380998224,0.04862495268245829,-1.0655093928486865,,1000
1:76107469,1,76107469,G,A,0.44199997,-0.08232477558038465,0.04537187343393293,-1.814445147394227,,1000
1:76113336,1,76113336,G,A,0.3855,0.04685025314457538,0.04497601801592618,1.041671877843555,,1000
1:76116476,1,76116476,G,A,0.27350003,0.00602408791123888,0.05269527026581073,0.11431932848719774,,1000
1:76123518,1,76123518,G,A,0.37800002,0.032776932715089246,0.048205336753864785,0.679944066824954,,1000
1:76151697,1,76151697,G,A,0.4565,-0.008981948574439853,0.046239907817193844,-0.19424667994472095,,1000
1:76152969,1,76152969,G,A,0.273,-0.02203519937583795,0.05254406975270343,-0.4193660574741495,,1000
1:76165879,1,76165879,G,A,0.10049999,0.11242122039688522,0.0765819513707144,1.4679858424171217,,1000
1:76176891,1,76176891,G,A,0.4045,-0.053940402204894745,0.045597790821725236,-1.182960867902281,,1000
1:76204646,1,76204646,G,A,0.3765,0.07376900585424649,0.047548559707259394,1.5514456443774034,,1000
1:76210813,1,76210813,G,A,0.18049997,-0.07127638129225858,0.059713466422486726,-1.193639987133916,,1000
1:76241447,1,76241447,G,A,0.301,-0.0035693931151961856,0.04938431459381345,-0.07227787091011559,,1000
1:76246547,1,76246547,G,A,0.070500016,0.037677792013947435,0.08896456639513449,0.42351459171511285,,1000
1:76288118,1,76288118,G,A,0.2605,-0.11086578247562459,0.05034322168021059,-2.2021988020525276,,1000
1:76294530,1,76294530,G,A,0.22100002,0.03705732858900758,0.056532356100400596,0.6555065301576027,,1000
1:76294552,1,76294552,G,A,0.16299999,-0.08843768105200982,0.06197070210966133,-1.4270885763971721,,1000
1:76301165,1,76301165,G,A,0.12800002,0.05361490481217136,0.0673817528556789,0.7956887813085842,,1000
1:76321232,1,76321232,G,A,0.19199997,0.020103021777634393,0.059359312188887715,0.3386666899654163,,1000
1:76350219,1,76350219,G,A,0.44199997,0.03667909871305286,0.04607859626955089,0.7960116340890078,,1000
1:76351078,1,76351078,G,A,0.2705,0.0044984163960277304,0.04969327266275447,0.09052364947980839,,1000
1:76362382,1,76362382,G,A,0.14200002,-0.032255330537243214,0.06557193368844122,-0.4919075696394945,,1000
1:76386966,1,76386966,G,A,0.43449998,0.034063743097833665,0.04620878335304505,0.7371703088908301,,1000
1:76415032,1,76415032,G,A,0.1695,-0.06692556597106494,0.0597803152622726,-1.1195251426400843,,1000
1:76423688,1,76423688,G,A,0.402,-0.04569924785063607,0.04510844119165152,-1.0130974745164525,,1000
1:76531659,1,76531659,G,A,0.060000002,-0.05064574217757798,0.09474314886111719,-0.5345583589565821,,1000
1:76586436,1,76586436,G,A,0.42799997,-0.0907878299762173,0.0451433327883918,-2.011101626053683,,1000
1:76591882,1,76591882,G,A,0.291,0.009825577221525574,0.049754273584752894,0.1974820756811653,,1000
1:76599401,1,76599401,G,A,0.4105,0.03912479855675201,0.04444856100940963,0.8802264385672554,,1000
1:76630656,1,76630656,G,A,0.204,-0.01076002150707383,0.05528887427829016,-0.19461458833317,,1000
1:76655128,1,76655128,G,A,0.42150003,-0.069327354057983,0.044956064863211055,-1.5421134894463535,,1000
1:76658630,1,76658630,G,A,0.365,-0.028019658317048078,0.04817403297746978,-0.5816340585425435,,1000
1:76666405,1,76666405,G,A,0.088,-0.06549818572829674,0.08233252815594251,-0.7955323029099682,,1000
1:76705259,1,76705259,G,A,0.06550002,-0.21918582141833234,0.08779009061013145,-2.4967034422110177,,1000
1:76716231,1,76716231,G,A,0.195,-0.045559970324921636,0.05861731634129865,-0.7772442201149099,,1000
1:76737384,1,76737384,G,A,0.069000006,-0.01749202477513419,0.08769688436530086,-0.19946004811609114,,1000
1:76767937,1,76767937,G,A,0.06699997,-0.017397855552875013,0.0922195369569504,-0.18865693894122043,,1000
1:76776653,1,76776653,G,A,0.2195,0.14094533638707493,0.05348892927236814,2.6350375358866254,,1000
1:76794549,1,76794549,G,A,0.15850002,-0.06995865466164629,0.0651161463494017,-1.0743672435137752,,1000
1:76795292,1,76795292,G,A,0.17150003,0.046903465909841575,0.06050563363813328,0.7751917150452082,,1000
1:76795464,1,76795464,G,A,0.23150003,0.061701617157574384,0.05484493649485749,1.1250193928724816,,1000
1:76796918,1,76796918,G,A,0.08399999,-0.125231346327188,0.0815315892608743,-1.5359855911368148,,1000
1:76802239,1,76802239,G,A,0.33499998,0.008362195073842024,0.047756097682876676,0.17510214359160997,,1000
1:76818040,1,76818040,G,A,0.19550002,-0.08399073498629989,0.05687995743557934,-1.4766314669174192,,1000
1:76835155,1,76835155,G,A,0.41250002,0.01951771023671512,0.047581909845157276,0.41019182080396394,,1000
1:76885982,1,76885982,G,A,0.472,-0.015524225023253489,0.044809969420411586,-0.3464457848119392,,1000
1:76893498,1,76893498,G,A,0.22899997,-0.012640190307427837,0.05555913908262971,-0.22750875042589944,,1000
1:76914301,1,76914301,G,A,0.36949998,0.011997541290405755,0.047048347131639204,0.25500452240834653,,1000
1:76934009,1,76934009,G,A,0.17699999,0.027764992660925976,0.05954456128444886,0.46628931445628613,,1000
1:76961280,1,76961280,G,A,0.4015,-0.010010452792336196,0.0457355669221384,-0.21887676191656902,,1000
1:76989725,1,76989725,G,A,0.36949998,-0.0009696292707628077,0.04725185255720014,-0.020520449850914,,1000
1:77031057,1,77031057,G,A,0.157,-0.056413262670173,0.06474711449026266,-0.871286127795811,,1000
1:77055614,1,77055614,G,A,0.25,-0.060121017692956906,0.053962740897105864,-1.1141209044142775,,1000
1:77064526,1,77064526,G,A,0.403,-0.07380544325265936,0.046817743543720626,-1.5764417006500184,,1000
1:77066033,1,77066033,G,A,0.357,0.05518864757687148,0.04766700754129727,1.157795515673135,,1000
1:77076111,1,77076111,G,A,0.061999977,-0.051522902216902346,0.09514529855993585,-0.5415181096357168,,1000
1:77138705,1,77138705,G,A,0.05699998,0.06323637392732084,0.09756100655607898,0.6481726271548047,,1000
1:77139898,1,77139898,G,A,0.40899998,0.033356073429814025,0.04551001243877633,0.7329392290254206,,1000
1:77141180,1,77141180,G,A,0.21649998,0.013073345434244982,0.05480820513955633,0.23852898304107484,,1000
1:77170268,1,77170268,G,A,0.28649998,0.013456168516963116,0.05002894287297905,0.2689676763933958,,1000
1:77183766,1,77183766,G,A,0.496,0.021589899317871124,0.04709230521267665,0.458459173327098,,1000
1:77189211,1,77189211,G,A,0.11250001,0.13708426890168693,0.07257229295013065,1.888933962661023,,1000
1:77198716,1,77198716,G,A,0.05949998,0.009059172899746988,0.09765506454991832,0.09276705659352887,,1000
1:77202070,1,77202070,G,A,0.12449998,-0.03845374437935506,0.06883351634468121,-0.5586485540968066,,1000
1:77209214,1,77209214,G,A,0.4145,0.12033790696911095,0.04606794557583343,2.6121830584135806,,1000
1:77219672,1,77219672,G,A,0.1325,-0.04001569511290715,0.06794217560939401,-0.5889669377524965,,1000
1:77264089,1,77264089,G,A,0.291,-0.018992471041542582,0.05047934002708954,-0.37624245941706735,,1000
1:77273676,1,77273676,G,A,0.4045,0.03613289417086384,0.046080209593462075,0.784130421489889,,1000
1:77275699,1,77275699,G,A,0.4425,0.051200853836840525,0.045182891299228534,1.1331911784431277,,1000
1:77277158,1,77277158,G,A,0.15249997,-0.10035707618558133,0.06102367558021715,-1.6445596767382429,,1000
1:77309809,1,77309809,G,A,0.444,0.030580028375327403,0.04594626534014545,0.6655606968039722,,1000
1:77337556,1,77337556,G,A,0.4955,0.0492939307272336,0.045045609133997,1.0943115583274527,,1000
1:77344058,1,77344058,G,A,0.49550003,0.016081539568437376,0.045336781720456285,0.3547128613494254,,1000
1:77347389,1,77347389,G,A,0.4565,-0.003080509313042783,0.044530557806786414,-0.06917742477893049,,1000
1:77411195,1,77411195,G,A,0.08350003,-0.0675530726225944,0.0807395891207042,-0.8366784294827634,,1000
1:77456783,1,77456783,G,A,0.34249997,-0.013015482582132707,0.04793047758421901,-0.2715491945446006,,1000
1:77457398,1,77457398,G,A,0.24049997,0.04183731397931627,0.05326334830463482,0.7854803595904561,,1000
1:77462429,1,77462429,G,A,0.16399997,-0.13114247696101067,0.06275460553468397,-2.0897665732044044,,1000
1:77498464,1,77498464,G,A,0.18550003,-0.007854662135423717,0.05700923777555817,-0.13777876080973112,,1000
1:77510794,1,77510794,G,A,0.46749997,-0.07116315993706487,0.046604244553646056,-1.5269673528373386,,1000
1:77540510,1,77540510,G,A,0.49650002,0.05822428380221105,0.045390851947975756,1.282731680580576,,1000
1:77566144,1,77566144,G,A,0.110000014,-0.16668634637648944,0.07228389022646324,-2.305995787640457,,1000
1:77582732,1,77582732,G,A,0.1455,0.1575196015667212,0.06420015673205436,2.4535703584672652,,1000
1:77620694,1,77620694,G,A,0.47000003,0.014381017452733616,0.04657711354853552,0.3087571632739312,,1000
1:77620711,1,77620711,G,A,0.31699997,0.03493882457346134,0.05067236490376894,0.6895045186821869,,1000
1:77632266,1,77632266,G,A,0.38050002,-0.02041443285431609,0.046503014934702935,-0.4389915983507941,,1000
1:77633092,1,77633092,G,A,0.18,-0.03579005634705418,0.05857560509400128,-0.6110061738093668,,1000
1:77647697,1,77647697,G,A,0.16649997,0.042386099076013914,0.061297537117794974,0.6914812742730739,,1000
1:77652170,1,77652170,G,A,0.25300002,-0.02316934906987273,0.05198768558767042,-0.4456699467953937,,1000
1:77678180,1,77678180,G,A,0.22600001,-0.02933379789145106,0.0546293893931479,-0.5369600176261602,,1000
1:77688895,1,77688895,G,A,0.48549998,-0.11850800716941413,0.04643981008616253,-2.5518624419337463,,1000
1:77696864,1,77696864,G,A,0.11900002,-0.04028302084031551,0.07143174199923093,-0.5639372597234045,,1000
1:77707326,1,77707326,G,A,0.4795,0.08229863772857113,0.04588898218941866,1.7934291370608784,,1000
1:77729133,1,77729133,G,A,0.45099998,0.04705106057304269,0.04579540248774393,1.0274188677702922,,1000
1:77734508,1,77734508,G,A,0.325,-0.12531284116099425,0.04810537130831385,-2.6049656774884298,,1000
1:77745412,1,77745412,G,A,0.20899999,-0.023680089359308626,0.05498279264893979,-0.43068182277506123,,1000
1:77751355,1,77751355,G,A,0.3725,0.07702740971076542,0.046055591052073776,1.6724877034728025,,1000
1:77752209,1,77752209,G,A,0.25050002,-0.00037423483212331663,0.05132646153090628,-0.00729126499199581,,1000
1:77782639,1,77782639,G,A,0.21100003,0.007166325902217433,0.057138561680726736,0.12542013119372392,,1000
1:77809460,1,77809460,G,A,0.20050001,-0.04458279551154206,0.05538112919168902,-0.8050178131476695,,1000
1:77822270,1,77822270,G,A,0.096000016,0.0511342078217997,0.07610255930781859,0.6719118027946045,,1000
1:77827226,1,77827226,G,A,0.254,0.006111740807711909,0.05254471275942293,0.1163150483987731,,1000
1:77840867,1,77840867,G,A,0.171,-0.027623152416943707,0.06257402172670366,-0.441447611240168,,1000
1:77842161,1,77842161,G,A,0.06349999,0.059783674136360015,0.09264825456507852,0.645275773591249,,1000
1:77859105,1,77859105,G,A,0.16549999,-0.11347481588604595,0.06040775310381683,-1.8784809905282855,,1000
1:77870421,1,77870421,G,A,0.16000003,0.039268819881139554,0.0632197323634397,0.6211481512669124,,1000
1:77882248,1,77882248,G,A,0.194,-0.06355413619978084,0.058068007472822265,-1.0944776472574207,,1000
1:77897543,1,77897543,G,A,0.4895,-0.007766237717269259,0.045176421204130665,-0.17190909572445637,,1000
1:77906502,1,77906502,G,A,0.4415,0.027193315008158078,0.0446128147066402,0.6095404467746037,,1000
1:77921523,1,77921523,G,A,0.06349999,0.00023469117811485512,0.09344389177052874,0.0025115732410973314,,1000
1:77934718,1,77934718,G,A,0.14450002,0.05017917648801491,0.06448225048158472,0.7781858746128195,,1000
1:77937328,1,77937328,G,A,0.25300002,0.009139914430781918,0.05268263681622121,0.173490071551766,,1000
1:77960089,1,77960089,G,A,0.17400002,-0.032555370974801996,0.05972489548444704,-0.5450887893689114,,1000
1:77973012,1,77973012,G,A,0.21499997,-0.0555419586853811,0.05562690041185119,-0.9984730098955505,,1000
1:77982668,1,77982668,G,A,0.40600002,-0.011057560656100347,0.04842218332835207,-0.22835733327261895,,1000
1:77998329,1,77998329,G,A,0.29650003,-0.001852247840789933,0.04905385830687154,-0.03775947305108245,,1000
1:78014807,1,78014807,G,A,0.263,0.062020174240312476,0.051999189923998754,1.192714239028728,,1000
1:78021861,1,78021861,G,A,0.265,0.03197545747180584,0.05204160567045635,0.6144210398557722,,1000
1:78037949,1,78037949,G,A,0.19300002,-0.02540329850090223,0.05852261669012431,-0.4340766004263278,,1000
1:78039490,1,78039490,G,A,0.14200002,-0.02380210105915102,0.06530548571964652,-0.3644732260522854,,1000
1:78107942,1,78107942,G,A,0.13950002,-0.01261092602383171,0.0650664059242507,-0.19381623811392248,,1000
1:78110974,1,78110974,G,A,0.40899998,0.03944672387349119,0.0463461373035906,0.8511329350943582,,1000
1:78113714,1,78113714,G,A,0.13999999,0.03915979808689373,0.0660829346213472,0.5925856397158803,,1000
1:78119051,1,78119051,G,A,0.464,-0.05533440455995301,0.04567430911200748,-1.2114995417720713,,1000
1:78127619,1,78127619,G,A,0.24000001,-0.03404403288027828,0.05341811922769846,-0.6373124582534105,,1000
1:78140534,1,78140534,G,A,0.2995,-0.02676351383452456,0.048551012226974215,-0.551245228614516,,1000
1:78147797,1,78147797,G,A,0.30699998,0.013171770631171479,0.04988886609867555,0.2640222490749527,,1000
1:78164454,1,78164454,G,A,0.204,0.05104773816682288,0.05733132920629336,0.8903986506773557,,1000
1:78262146,1,78262146,G,A,0.46499997,-0.04999952784387846,0.045393947203151284,-1.1014580340439628,,1000
1:78308333,1,78308333,G,A,0.2855,0.016352977151923756,0.05152302765972822,0.31739161875197175,,1000
1:78326928,1,78326928,G,A,0.44700003,-0.023638663686466745,0.0463622904196582,-0.5098683320538377,,1000
1:78350879,1,78350879,G,A,0.28100002,0.015586225138002022,0.050059422541793464,0.3113544732760239,,1000
1:78369649,1,78369649,G,A,0.052999973,0.07080131181443551,0.1014682762117135,0.6977679572155993,,1000
1:78384477,1,78384477,G,A,0.058000028,0.037501855880999066,0.09869451457256576,0.37997913099238756,,1000
1:78414096,1,78414096,G,A,0.18800002,0.0016664180799520019,0.05818159750408529,0.02864166938412085,,1000
1:78427657,1,78427657,G,A,0.42000002,0.031911902540898894,0.046764388581999335,0.6823975146161219,,1000
1:78445366,1,78445366,G,A,0.16600001,0.10974168911422154,0.0614750583250803,1.785141683541106,,1000
1:78483722,1,78483722,G,A,0.24800003,0.04940759516061979,0.05130360993154391,0.9630432483512557,,1000
1:78500948,1,78500948,G,A,0.12849998,-0.04286883409343674,0.07013209262096155,-0.6112584480421424,,1000
1:78502807,1,78502807,G,A,0.37699997,-0.002475778181655441,0.045861870096349275,-0.05398336736932408,,1000
1:78507231,1,78507231,G,A,0.3825,-0.09474141989205091,0.046611279373770444,-2.0325856995327345,,1000
1:78510012,1,78510012,G,A,0.43199998,-0.04290072673116456,0.04584089360182037,-0.9358614843725678,,1000
1:78535843,1,78535843,G,A,0.2195,-0.04620223077868724,0.05472941794360751,-0.8441937172855268,,1000
1:78542652,1,78542652,G,A,0.4845,0.011883593378116987,0.04450323845419902,0.2670276094704234,,1000
1:78547324,1,78547324,G,A,0.45450002,-0.06322450316295516,0.046423736277513096,-1.3619003603029705,,1000
1:78550239,1,78550239,G,A,0.25199997,-0.040130811207949785,0.05157435771283526,-0.778115578896729,,1000
1:78566366,1,78566366,G,A,0.4105,-0.0765211564119721,0.04728774889121782,-1.6182025621055405,,1000
1:78645388,1,78645388,G,A,0.22000003,-0.10105571647927092,0.055290188718011814,-1.8277332529044186,,1000
1:78649102,1,78649102,G,A,0.38099998,-0.0730146228204051,0.04490607752688182,-1.6259407822181053,,1000
1:78665232,1,78665232,G,A,0.22299999,0.009668575666970934,0.054527688424550795,0.177314974214416,,1000
1:78703072,1,78703072,G,A,0.16149998,0.0922543867003873,0.061628620576384636,1.4969406395530795,,1000
1:78725275,1,78725275,G,A,0.38300002,0.008759074921974253,0.04828171646127506,0.1814159802914127,,1000
1:78733131,1,78733131,G,A,0.4835,0.09114456541468186,0.04556634715563292,2.0002605234818462,,1000
1:78742440,1,78742440,G,A,0.388,0.006581196818973301,0.046509701583596616,0.14150159203116464,,1000
1:78774892,1,78774892,G,A,0.497,-0.10988353641216454,0.04779582887308687,-2.2990193705802295,,1000
1:78795079,1,78795079,G,A,0.4745,-0.027224645371268997,0.044651887089268684,-0.6097087300440651,,1000
1:78797827,1,78797827,G,A,0.23900002,0.07039349766232349,0.05429388293747319,1.2965272302110202,,1000
1:78815703,1,78815703,G,A,0.2795,-0.056043491026510184,0.05139253045099298,-1.0904987657681553,,1000
1:78826935,1,78826935,G,A,0.12849998,0.037382080931366815,0.06822112200091521,0.5479546485744594,,1000
1:78839576,1,78839576,G,A,0.25700003,-0.019576387358115076,0.05227314361545782,-0.374501818794883,,1000
1:78846397,1,78846397,G,A,0.3865,0.021044512723461452,0.04623407622963597,0.4551732064232734,,1000
1:78877828,1,78877828,G,A,0.28500003,-0.07765326560490127,0.051066537115147914,-1.520629163277784,,1000
1:78881541,1,78881541,G,A,0.4985,-0.04180283121434785,0.04436027112886007,-0.9423484156108237,,1000
1:78888399,1,78888399,G,A,0.08899999,-0.08162223886456096,0.0819724356925896,-0.995727870898677,,1000
1:78911294,1,78911294,G,A,0.28899997,-0.003516216630919023,0.049365759113302786,-0.0712278448478572,,1000
1:78929434,1,78929434,G,A,0.3025,-0.11572901491895475,0.04987808229630163,-2.3202378598171536,,1000
1:78931276,1,78931276,G,A,0.11900002,0.019199999446565905,0.06847407604346423,0.2803980799153627,,1000
1:78981712,1,78981712,G,A,0.41649997,0.010500520184480569,0.04654357810557135,0.2256062084582972,,1000
1:78987339,1,78987339,G,A,0.412,0.0720466784836845,0.0470880325925049,1.5300422319014517,,1000
1:78998741,1,78998741,G,A,0.43699998,0.014023240626150568,0.045830076379511975,0.3059833570868663,,1000
1:79018914,1,79018914,G,A,0.46899998,0.048421558903942834,0.04534804080065735,1.0677762048595698,,1000
1:79061848,1,79061848,G,A,0.374,-0.04158353550039538,0.04636252368239317,-0.8969213105236401,,1000
1:79108266,1,79108266,G,A,0.47149998,-0.08006312094726388,0.04505301026754789,-1.7770870463884207,,1000
1:79110217,1,79110217,G,A,0.07499999,-0.21869658109742673,0.08724819264032477,-2.5066029963393026,,1000
1:79140166,1,79140166,G,A,0.23449999,0.0862086874561084,0.05542722172304429,1.555349244940893,,1000
1:79146439,1,79146439,G,A,0.17750001,-0.09853036273229202,0.061137009224966794,-1.6116320373103028,,1000
1:79157204,1,79157204,G,A,0.39749998,-0.07857798656602427,0.04526884215769703,-1.735807297484937,,1000
1:79165064,1,79165064,G,A,0.17900002,-0.008370998138511863,0.059842332357663904,-0.1398842225680698,,1000
1:79214743,1,79214743,G,A,0.3125,-0.07905002285129033,0.04998603075793715,-1.5814422880284045,,1000
1:79232917,1,79232917,G,A,0.2065,0.01072795591229585,0.05570928657352669,0.192570333819242,,1000
1:79243801,1,79243801,G,A,0.37849998,0.04504764582421949,0.04758657884712282,0.9466460274217245,,1000
1:79322731,1,79322731,G,A,0.30150002,-0.03793182606540707,0.04961570494992699,-0.7645124886099777,,1000
1:79348897,1,79348897,G,A,0.24049997,0.04299068521023961,0.05240879137859299,0.8202952993073541,,1000
1:79357217,1,79357217,G,A,0.11750001,-0.038642157243045226,0.06871174317076284,-0.5623806857440875,,1000
1:79367899,1,79367899,G,A,0.11400002,-0.06746249768367497,0.07164785607820008,-0.9415843177504573,,1000
1:79394365,1,79394365,G,A,0.394,-0.05727569873660887,0.04762003171188602,-1.2027648171916858,,1000
1:79452961,1,79452961,G,A,0.058000028,-0.1037987403549501,0.09773288640446788,-1.062065638022586,,1000
1:79491183,1,79491183,G,A,0.23900002,-0.004153099908917051,0.052434826181893754,-0.07920499048685999,,1000
1:79491893,1,79491893,G,A,0.3765,0.09792525396994563,0.04836062528585215,2.024896357131957,,1000
1:79521700,1,79521700,G,A,0.22149998,0.04742147718778167,0.054849611830406646,0.8645727035299257,,1000
1:79534579,1,79534579,G,A,0.3485,0.043491021087429284,0.04642365110923023,0.9368289664485725,,1000
1:79538532,1,79538532,G,A,0.3905,0.050614283194233535,0.04691453300748767,1.0788614945001238,,1000
1:79540081,1,79540081,G,A,0.445,0.021308324699033446,0.0461186988489373,0.4620322175356525,,1000
1:79549362,1,79549362,G,A,0.14499998,0.10587264767213443,0.06569152792961032,1.6116636499242174,,1000
1:79557592,1,79557592,G,A,0.33850002,0.020986502651837543,0.049202510805995116,0.4265331648335399,,1000
1:79569120,1,79569120,G,A,0.319,-0.08948077618684867,0.049813015527435486,-1.7963332522514202,,1000
1:79590439,1,79590439,G,A,0.263,-0.04974446403499126,0.052424690644366057,-0.9488747272243021,,1000
1:79594424,1,79594424,G,A,0.23549998,0.008954025266569462,0.054836982320932745,0.16328442754501227,,1000
1:79601872,1,79601872,G,A,0.4245,-0.003439713864288535,0.04592163433228474,-0.0749039949100914,,1000
1:79612818,1,79612818,G,A,0.13700002,-0.06872400358301103,0.06643431953557934,-1.0344653796928776,,1000
1:79638836,1,79638836,G,A,0.4195,-0.06853342530708473,0.046790296721493256,-1.4646931118007573,,1000
1:79655366,1,79655366,G,A,0.086000025,-0.03834535506692885,0.08251381489887147,-0.4647143646663862,,1000
1:79659373,1,79659373,G,A,0.287,-0.022134716242660158,0.05003472276689868,-0.44238710676545917,,1000
1:79673899,1,79673899,G,A,0.13950002,0.029624088765295292,0.06532794551832159,0.45346732596981865,,1000
1:79688896,1,79688896,G,A,0.25550002,0.009771877446800003,0.05199769184403709,0.1879290618535524,,1000
1:79690287,1,79690287,G,A,0.272,0.03503642015401852,0.05183938899214691,0.6758648362797283,,1000
1:79723878,1,79723878,G,A,0.38099998,0.0023632190455679797,0.04682679169951216,0.05046724235845095,,1000
1:79757502,1,79757502,G,A,0.13800001,0.1949468555760881,0.06390352490717453,3.0506432291374455,,1000
1:79790595,1,79790595,G,A,0.19849998,-0.06050298278236937,0.058267492205826735,-1.0383659994949823,,1000
1:79837565,1,79837565,G,A,0.302,0.05217115258238823,0.049972555392593376,1.0439960929058416,,1000
1:79852158,1,79852158,G,A,0.39249998,0.024578432402178375,0.046750349196395355,0.5257379425964475,,1000
1:79885560,1,79885560,G,A,0.31199998,0.009130159062810908,0.048867987062754546,0.1868331317000285,,1000
1:79890014,1,79890014,G,A,0.38450003,-0.07935498118858551,0.04616258491749538,-1.71903244435756,,1000
1:79908992,1,79908992,G,A,0.315,0.030691703365422672,0.04894510453046931,0.6270638025977955,,1000
1:79916796,1,79916796,G,A,0.47100002,0.03532101816863338,0.04489564360417586,0.786735979999362,,1000
1:79945267,1,79945267,G,A,0.348,0.008011724776520778,0.0504632096202155,0.15876367826812368,,1000
1:80021415,1,80021415,G,A,0.20599997,0.05675461353994636,0.05586348195912304,1.015951951965246,,1000
1:80074929,1,80074929,G,A,0.102999985,0.03756733102925418,0.07601969961185528,0.4941788933798358,,1000
1:80097618,1,80097618,G,A,0.36400002,-0.008580206131788351,0.04770806861775788,-0.1798481133355843,,1000
1:80123511,1,80123511,G,A,0.46649998,-0.03099614833514385,0.04580377989131115,-0.6767159480875886,,1000
1:80137649,1,80137649,G,A,0.26849997,0.01076237117795794,0.0529186814007229,0.20337564907297406,,1000
1:80155333,1,80155333,G,A,0.101499975,-0.04141052842135298,0.07639591209246026,-0.542051626679118,,1000
1:80170223,1,80170223,G,A,0.19199997,0.07901960901259257,0.056849297699174794,1.3899839085213466,,1000
1:80183227,1,80183227,G,A,0.21350002,-0.008129878443561287,0.05535988744658576,-0.14685503924489438,,1000
1:80197727,1,80197727,G,A,0.116999984,-0.09397569283448155,0.07140086332307792,-1.31617025986445,,1000
1:80213173,1,80213173,G,A,0.19300002,-0.08317746378184958,0.0568025217289942,-1.4643269567976345,,1000
1:80218638,1,80218638,G,A,0.4365,-0.038936364981860073,0.04615589292872542,-0.8435838310394331,,1000
1:80235128,1,80235128,G,A,0.19349998,0.011416492618365377,0.058122994998616534,0.19641955165313,,1000
1:80235675,1,80235675,G,A,0.47899997,0.051973967280653365,0.04552165095727383,1.1417417028533436,,1000
1:80244868,1,80244868,G,A,0.19700003,0.05751712446452581,0.05833048609923869,0.98605597708668,,1000
1:80246176,1,80246176,G,A,0.0995,0.11912061318026214,0.07554943031969716,1.5767241748374263,,1000
1:80256455,1,80256455,G,A,0.416,-0.07966132455979534,0.047037775748284466,-1.693560617876382,,1000
1:80286598,1,80286598,G,A,0.10750002,-0.010696398046964501,0.07376045288647817,-0.14501535210781458,,1000
1:80320157,1,80320157,G,A,0.054499984,-0.23709973032051315,0.10205617030327466,-2.323227783444519,,1000
1:80337040,1,80337040,G,A,0.2575,0.046402045615036164,0.05310455419675072,0.8737865577991302,,1000
1:80390653,1,80390653,G,A,0.43949997,-0.09585385764110206,0.047079155484807386,-2.036014806426051,,1000
1:80411178,1,80411178,G,A,0.2935,0.016474571779481136,0.04843295264959761,0.3401521253240795,,1000
1:80440555,1,80440555,G,A,0.4525,0.003225197230082163,0.04520293313531915,0.07134929099461837,,1000
1:80472703,1,80472703,G,A,0.4525,0.029694732580237138,0.045736960821235205,0.6492502354124539,,1000
1:80480037,1,80480037,G,A,0.08649999,-0.035512769523492554,0.08343589217672795,-0.4256294095623972,,1000
1:80497274,1,80497274,G,A,0.08200002,0.004053082845726676,0.08516527378971608,0.04759079217820932,,1000
1:80535970,1,80535970,G,A,0.18300003,-0.08935660859614368,0.05914454775213041,-1.5108173448316715,,1000
1:80539719,1,80539719,G,A,0.43449998,-0.06067072139163136,0.04552896889818751,-1.3325740261613226,,1000
1:80545600,1,80545600,G,A,0.28899997,0.015916594782218903,0.05226668202600646,0.3045265963946065,,1000
1:80558428,1,80558428,G,A,0.4835,0.06617709278723459,0.046556057076695564,1.4214496875930818,,1000
1:80566549,1,80566549,G,A,0.19199997,0.025049199892519847,0.05780780263026346,0.4333186655222582,,1000
1:80610415,1,80610415,G,A,0.25449997,0.050033556907876246,0.05170287773030271,0.9677131932358944,,1000
1:80705120,1,80705120,G,A,0.07249999,-0.028678321383217794,0.09076638133593014,-0.31595752701738916,,1000
1:80716716,1,80716716,G,A,0.4565,0.07812262111496512,0.04463334346714396,1.7503197171969358,,1000
1:80720177,1,80720177,G,A,0.110000014,0.052548770200641574,0.07436419819621075,0.7066407152268498,,1000
1:80733259,1,80733259,G,A,0.496,0.057272195798276346,0.045079610716850876,1.270467843167684,,1000
1:80768648,1,80768648,G,A,0.18449998,-0.04564043223186009,0.05685978815494611,-0.8026838247706332,,1000
1:80807021,1,80807021,G,A,0.49,-0.04800446395525405,0.046691530949925515,-1.0281192965537282,,1000
1:80813045,1,80813045,G,A,0.34350002,-0.12334677564019515,0.04997770062184512,-2.468036226266092,,1000
1:80831681,1,80831681,G,A,0.31449997,-0.04470620442347841,0.048695246529820005,-0.9180814886336229,,1000
1:80835434,1,80835434,G,A,0.10399997,0.054502786361178085,0.07224817075285166,0.7543829247611344,,1000
1:80836397,1,80836397,G,A,0.09399998,0.0032166180609417747,0.0784490407894378,0.04100264360880309,,1000
1:80846039,1,80846039,G,A,0.1645,0.05753443430731215,0.06431118949618968,0.8946255660645331,,1000
1:80846201,1,80846201,G,A,0.194,-0.009935455183460482,0.05700024959447438,-0.17430546803120714,,1000
1:80875918,1,80875918,G,A,0.33999997,-0.030946060847380417,0.04937449374584701,-0.6267620890793104,,1000
1:80884101,1,80884101,G,A,0.111500025,-0.038596971388229456,0.07252632581570391,-0.5321787772112974,,1000
1:80890202,1,80890202,G,A,0.38349998,-0.08259831032629913,0.04708649898287218,-1.75418245379306,,1000
1:80908855,1,80908855,G,A,0.07999998,0.039543651925977266,0.08306454569825547,0.47605932944755475,,1000
1:80925518,1,80925518,G,A,0.42049998,0.019618172956683805,0.046318374394426584,0.42355055014720955,,1000
1:80946129,1,80946129,G,A,0.44349998,-0.021875977032833664,0.043827320989630415,-0.4991401833119013,,1000
1:80947293,1,80947293,G,A,0.44550002,0.0371359729925525,0.04672511006182363,0.7947755060055844,,1000
1:80954885,1,80954885,G,A,0.25050002,-0.05901348674102655,0.05182195909635528,-1.138773750936349,,1000
1:80975217,1,80975217,G,A,0.11400002,0.018621740196478397,0.07132502904426155,0.2610828266879845,,1000
1:81022005,1,81022005,G,A,0.27249998,-0.021285324634134184,0.05158619536285759,-0.4126166794122553,,1000
1:81036162,1,81036162,G,A,0.4095,0.05370359139399802,0.04830719299411701,1.1117100387211112,,1000
1:81052419,1,81052419,G,A,0.17000002,-0.007071418141927635,0.05978435398559967,-0.11828208670835409,,1000
1:81061140,1,81061140,G,A,0.36400002,-0.03569147745330351,0.04738457232190284,-0.7532299164976454,,1000
1:81079561,1,81079561,G,A,0.058000028,-0.08826599353664437,0.10056949374448439,-0.8776617068482082,,1000
1:81121403,1,81121403,G,A,0.399,0.06829825081521511,0.04658792832316077,1.46600746745936,,1000
1:81132211,1,81132211,G,A,0.13499999,-0.10997814343416283,0.06692713058389398,-1.6432520335875431,,1000
1:81133958,1,81133958,G,A,0.491,0.020345012476080934,0.04417934347421873,0.46050961549379876,,1000
1:81143015,1,81143015,G,A,0.3075,0.01548291137085935,0.04852419052226617,0.3190761392249243,,1000
1:81173012,1,81173012,G,A,0.20200002,0.0734294856816134,0.05701380388711336,1.2879246897295764,,1000
1:81193129,1,81193129,G,A,0.371,0.03177619760879601,0.04837038759317955,0.6569349387077602,,1000
1:81200126,1,81200126,G,A,0.20249999,0.002988127396780375,0.05722368302242306,0.05221836902055884,,1000
1:81216091,1,81216091,G,A,0.356,-0.03354976932774292,0.04743547518239223,-0.7072717032714874,,1000
1:81242299,1,81242299,G,A,0.176,0.008384513623031581,0.05842235615471674,0.1435154994575592,,1000
1:81248173,1,81248173,G,A,0.43400002,0.020788337640109726,0.047060486522434594,0.44173656449980697,,1000
1:81250938,1,81250938,G,A,0.482,0.03825516466226223,0.047245243388476035,0.809714627728923,,1000
1:81251089,1,81251089,G,A,0.357,0.03125780326333236,0.04667612875070759,0.6696742874773757,,1000
1:81252250,1,81252250,G,A,0.29549998,0.00964585007402263,0.04903203409777241,0.19672547246945346,,1000
1:81266263,1,81266263,G,A,0.24699998,-0.0215097965971179,0.05132423281544804,-0.41909631020619337,,1000
1:81272709,1,81272709,G,A,0.485,-0.10185976002386105,0.04477338697340994,-2.275006804474131,,1000
1:81354906,1,81354906,G,A,0.25300002,0.08492157912111153,0.050871319775815965,1.669340986146047,,1000
1:81428040,1,81428040,G,A,0.4225,-0.014414175419704533,0.04635595772237912,-0.31094547773189135,,1000
1:81447633,1,81447633,G,A,0.049000025,-0.10674886215835198,0.10593549278392643,-1.0076779684792194,,1000
1:81467081,1,81467081,G,A,0.4515,-0.03353494807089267,0.044855395241453606,-0.7476235108480547,,1000
1:81483153,1,81483153,G,A,0.21649998,-0.0677648896678788,0.056254912594222856,-1.2046039455554673,,1000
1:81485806,1,81485806,G,A,0.16750002,-0.03011098998768773,0.060793381527852366,-0.49530046250005755,,1000
1:81500099,1,81500099,G,A,0.1225,0.03335941651550738,0.06915657033826733,0.4823752298926277,,1000
1:81501372,1,81501372,G,A,0.069000006,-0.014225976642725882,0.09113916843988996,-0.1560907004775724,,1000
1:81503617,1,81503617,G,A,0.46600002,0.023114497099736744,0.04469817353098386,0.5171239733926544,,1000
1:81510679,1,81510679,G,A,0.185,0.006508487894013332,0.05950841941647755,0.10937087487507975,,1000
1:81550309,1,81550309,G,A,0.45349997,-0.04825556990719137,0.04735623958433068,-1.018990746114019,,1000
1:81560165,1,81560165,G,A,0.26749998,-0.024203451920647403,0.05262081603120859,-0.45995964612735596,,1000
1:81576053,1,81576053,G,A,0.49400002,-0.012126854315152443,0.045029720171905076,-0.26930778758688856,,1000
1:81597127,1,81597127,G,A,0.35500002,-0.06035507202966525,0.04726310230289798,-1.2770019124615213,,1000
1:81602414,1,81602414,G,A,0.102999985,-0.004505027660683935,0.07438979698927921,-0.060559752049507316,,1000
1:81610373,1,81610373,G,A,0.185,-0.08467053765975746,0.058074704302536535,-1.4579589974091232,,1000
1:81638281,1,81638281,G,A,0.463,-0.0410222020991404,0.04507135877167585,-0.9101612025266907,,1000
1:81688738,1,81688738,G,A,0.24800003,-0.021057587850007314,0.05384232650954642,-0.3910972874894946,,1000
1:81718172,1,81718172,G,A,0.07950002,0.13039728045282042,0.08548091737244476,1.5254548554348424,,1000
1:81743036,1,81743036,G,A,0.20450002,0.0943482557574894,0.05619862538785401,1.6788356495616443,,1000
1:81752860,1,81752860,G,A,0.4365,-0.06254071390152537,0.04651431547698016,-1.344547657214834,,1000
1:81756930,1,81756930,G,A,0.4995,0.0030154298444389958,0.04569937081133915,0.0659840560362987,,1000
1:81806562,1,81806562,G,A,0.073000014,0.13746823075931208,0.0870337951268215,1.5794810574329194,,1000
1:81831757,1,81831757,G,A,0.26849997,0.00637885082294873,0.05349994616447272,0.11923097648245266,,1000
1:81861169,1,81861169,G,A,0.16799998,-0.022345742136686466,0.05991445528579126,-0.37296078267085186,,1000
1:81861232,1,81861232,G,A,0.4595,-0.053992749223992845,0.04497326891751225,-1.2005520284287914,,1000
1:81882259,1,81882259,G,A,0.23949999,0.04775449410328682,0.05355825215936321,0.891636529907525,,1000
1:81942766,1,81942766,G,A,0.4835,0.06944441206179364,0.04488743588531866,1.5470790588086771,,1000
1:81949125,1,81949125,G,A,0.325,-0.020598491242459847,0.04997656878105678,-0.4121629744670975,,1000
1:81955632,1,81955632,G,A,0.47149998,0.12753336917045086,0.04633818654247588,2.752230475259265,,1000
1:82008892,1,82008892,G,A,0.46850002,0.0006480506603254665,0.0460702591051145,0.014066572945614775,,1000
1:82009391,1,82009391,G,A,0.0905,-0.06792383734595898,0.07898808703195004,-0.8599250836203229,,1000
1:82030460,1,82030460,G,A,0.1325,0.04143417712404152,0.06705195837660133,0.6179413417177764,,1000
1:82039029,1,82039029,G,A,0.16250002,-0.03672462975304036,0.06206318286619354,-0.5917297189255927,,1000
1:82051236,1,82051236,G,A,0.27999997,0.033384352181663406,0.05103124321915078,0.6541943734017257,,1000
1:82054817,1,82054817,G,A,0.15399998,-0.08941181147815415,0.0632252181841527,-1.4141795638842898,,1000
1:82058637,1,82058637,G,A,0.45450002,0.018570852010381656,0.04490209421124485,0.41358543151715516,,1000
1:82061829,1,82061829,G,A,0.12199998,0.09300360396586689,0.06855196918690602,1.356687562282767,,1000
1:82096676,1,82096676,G,A,0.116,0.017600843829520846,0.0723686629783437,0.24321084714233138,,1000
1:82102992,1,82102992,G,A,0.12349999,-0.10437775309971199,0.06892412108831712,-1.5143864216413545,,1000
1:82117697,1,82117697,G,A,0.264,-0.05419155030665953,0.05174563885616463,-1.0472679728101089,,1000
1:82125255,1,82125255,G,A,0.07550001,-0.06443354134471198,0.08601901016381285,-0.7490616460478452,,1000
1:82129605,1,82129605,G,A,0.353,0.015156589208508767,0.048371484895454495,0.31333727383533444,,1000
1:82158289,1,82158289,G,A,0.16549999,0.04801715468707472,0.05905356888086703,0.8131118168987068,,1000
1:82162145,1,82162145,G,A,0.45700002,0.007625918947155518,0.0470630640811994,0.1620361762676199,,1000
1:82162635,1,82162635,G,A,0.120000005,-0.015080871165694752,0.068936966738563,-0.2187631959916012,,1000
1:82164889,1,82164889,G,A,0.081499994,0.06997017632594701,0.08533759953485238,0.8199220121884349,,1000
1:82181047,1,82181047,G,A,0.24800003,0.00852802949853594,0.05254101881880588,0.1623118411149561,,1000
1:82184133,1,82184133,G,A,0.12349999,0.00608062796423962,0.06900299969165266,0.08812121199674741,,1000
1:82226580,1,82226580,G,A,0.43199998,-0.037667292824610496,0.046413646368098596,-0.8115564229941711,,1000
1:82235367,1,82235367,G,A,0.30699998,-0.02223179587149421,0.0494138107293923,-0.44991057243578064,,1000
1:82245260,1,82245260,G,A,0.273,0.03182611950661308,0.05145491907284469,0.6185243331460082,,1000
1:82249314,1,82249314,G,A,0.41900003,0.03917077047987973,0.04441479151752772,0.8819307519302774,,1000
1:82323320,1,82323320,G,A,0.35650003,-0.007409545928507961,0.04799248238739951,-0.15438972022112668,,1000
1:82335424,1,82335424,G,A,0.051999986,0.01732988470180864,0.09840500431559211,0.17610775816065635,,1000
1:82358283,1,82358283,G,A,0.3455,-0.06847474641917557,0.04599625520745119,-1.4887026369938692,,1000
1:82384529,1,82384529,G,A,0.35000002,-0.01081756691567582,0.04890276133400936,-0.22120564607366575,,1000
1:82396203,1,82396203,G,A,0.123000026,0.02665465574467449,0.06972273860145459,0.38229501995090037,,1000
1:82405139,1,82405139,G,A,0.3735,0.006587256202624018,0.04684444968302785,0.14061977987139504,,1000
1:82418649,1,82418649,G,A,0.499,0.07029568660390488,0.047449852088983224,1.4814732503713313,,1000
1:82424161,1,82424161,G,A,0.19550002,0.07495076210133844,0.05761835926078691,1.3008138909701197,,1000
1:82430198,1,82430198,G,A,0.06300002,-0.10797234084314454,0.09530624327961822,-1.1328989279995578,,1000
1:82434204,1,82434204,G,A,0.42650002,-0.04186270367867082,0.04566223338837306,-0.9167905415973432,,1000
1:82438367,1,82438367,G,A,0.14999998,-0.023171123209500617,0.06367077337422047,-0.3639208695222528,,1000
1:82438758,1,82438758,G,A,0.3995,0.04524140581897502,0.04674355868972665,0.9678639600223298,,1000
1:82450686,1,82450686,G,A,0.25,0.015654090084405062,0.05339732709472061,0.29316242846082047,,1000
1:82537518,1,82537518,G,A,0.476,0.0028774294071781696,0.04512657705735021,0.06376352018725724,,1000
1:82559573,1,82559573,G,A,0.4795,0.0194257331707308,0.04419460070470432,0.43954991924303133,,1000
1:82562816,1,82562816,G,A,0.22100002,0.02321501439739539,0.054874384035048566,0.42305740293262944,,1000
1:82568905,1,82568905,G,A,0.48549998,-0.002521136202061002,0.046017155197504454,-0.05478687657332031,,1000
1:82572230,1,82572230,G,A,0.078999996,0.02850049017085096,0.08401406829247765,0.33923473473076415,,1000
1:82630637,1,82630637,G,A,0.3255,-0.021264377769726447,0.048608992057967725,-0.43745769804006673,,1000
1:82632530,1,82632530,G,A,0.34600002,0.02464922745922999,0.046248256516346196,0.5329763609687179,,1000
1:82649049,1,82649049,G,A,0.24150002,-0.03770197369104232,0.051727238169351764,-0.728861138257728,,1000
1:82649492,1,82649492,G,A,0.34500003,0.043130205827077835,0.0464864462393479,0.9278017425769747,,1000
1:82664493,1,82664493,G,A,0.18199998,-0.05501389428435441,0.058843367519815185,-0.9349209027819283,,1000
1:82707003,1,82707003,G,A,0.069000006,0.01021892519919437,0.08902733072715555,0.11478413556520732,,1000
1:82716911,1,82716911,G,A,0.44300002,-0.047783147291183464,0.04691924843883949,-1.018412461432968,,1000
1:82773487,1,82773487,G,A,0.19300002,-0.024352029363118925,0.05911134137640225,-0.4119688167462304,,1000
1:82795009,1,82795009,G,A,0.12349999,0.018184877447667402,0.06931961493963595,0.2623337920082639,,1000
1:82822507,1,82822507,G,A,0.13,0.0823447024853087,0.06985693256750918,1.1787620706897122,,1000
1:82832588,1,82832588,G,A,0.40899998,0.03779065472445577,0.04754488803395029,0.7948415967973397,,1000
1:82892080,1,82892080,G,A,0.078999996,0.07370157958766059,0.08342064253818385,0.8834933098714196,,1000
1:82896668,1,82896668,G,A,0.2975,-0.09266661005211435,0.05117901987208238,-1.8106366687702635,,1000
1:82913878,1,82913878,G,A,0.116999984,0.0641625951300852,0.0728838848927945,0.8803399437950169,,1000
1:82932419,1,82932419,G,A,0.343,-0.11090389747202775,0.047506864094125176,-2.3344815446520375,,1000
1:82959737,1,82959737,G,A,0.412,-0.1061891879070976,0.0467225260763699,-2.272762130487701,,1000
1:82972374,1,82972374,G,A,0.305,-6.702338627433039e-05,0.05007733385181564,-0.0013383976565657428,,1000
1:82974993,1,82974993,G,A,0.324,-0.07387053580932754,0.048179674902451924,-1.5332302668893303,,1000
1:83011542,1,83011542,G,A,0.301,-0.019783450738707607,0.05009182283049596,-0.39494371777310167,,1000
1:83022131,1,83022131,G,A,0.32450002,-0.05037593194157823,0.048665198291761635,-1.035153121940658,,1000
1:83027289,1,83027289,G,A,0.14649999,-0.08500775928476582,0.06582490373395872,-1.291422462664549,,1000
1:83031558,1,83031558,G,A,0.3265,0.011646272270684717,0.047367141752009005,0.245872388324777,,1000
1:83050482,1,83050482,G,A,0.3995,-0.09779230470504281,0.04646665710399071,-2.104569400940273,,1000
1:83055485,1,83055485,G,A,0.4135,0.005302210326436286,0.04515405015588002,0.11742491112385464,,1000
1:83110765,1,83110765,G,A,0.06999999,-0.03614073485319357,0.08921018019141438,-0.4051189536401336,,1000
1:83122311,1,83122311,G,A,0.23699999,0.041292322325688795,0.0532867445730095,0.7749079561261836,,1000
1:83139153,1,83139153,G,A,0.21399999,0.028391984663625164,0.05617677983822195,0.5054042746022196,,1000
1:83144762,1,83144762,G,A,0.48150003,-0.027556479104927957,0.046511348697587086,-0.5924678573416111,,1000
1:83149787,1,83149787,G,A,0.3365,-0.0022900908343858467,0.04947310452394128,-0.046289612435330675,,1000
1:83163964,1,83163964,G,A,0.273,-0.05085128922471395,0.050921947705059874,-0.9986124159909362,,1000
1:83173419,1,83173419,G,A,0.48299998,-0.022027392930733306,0.04524808446977041,-0.4868138218193411,,1000
1:83261654,1,83261654,G,A,0.14200002,0.00030653125527819357,0.06504308746282765,0.004712741464700261,,1000
1:83267947,1,83267947,G,A,0.21499997,0.013132151683550041,0.055000434854025775,0.23876450646987618,,1000
1:83269227,1,83269227,G,A,0.3485,0.08739929720759937,0.04695279856670162,1.8614289217167543,,1000
1:83273069,1,83273069,G,A,0.27600002,0.01287744237237939,0.05060444311517551,0.2544725636654154,,1000
1:83375338,1,83375338,G,A,0.34600002,-0.02933905770081898,0.04722967881572113,-0.6211996023791088,,1000
1:83428996,1,83428996,G,A,0.388,-0.060144839482951816,0.04696396397343197,-1.2806593480264232,,1000
1:83463151,1,83463151,G,A,0.37,-0.02098635619203805,0.047476508489768726,-0.44203663789978676,,1000
1:83494667,1,83494667,G,A,0.36949998,0.08439925263759819,0.046973968199891414,1.796723927568744,,1000
1:83548085,1,83548085,G,A,0.39249998,-0.031075907539449155,0.047554994074431485,-0.6534730609115456,,1000
1:83624213,1,83624213,G,A,0.3815,0.03967376472489752,0.046348103559018375,0.8559954276096337,,1000
1:83629046,1,83629046,G,A,0.1415,0.023218696186485442,0.06733326401021429,0.3448324766041822,,1000
1:83649972,1,83649972,G,A,0.3355,-0.05299020775450253,0.048063788127522045,-1.1024975312788452,,1000
1:83650854,1,83650854,G,A,0.3485,0.007917911422537319,0.04754295816910602,0.16654225415200338,,1000
1:83665692,1,83665692,G,A,0.36900002,-0.007262979499024996,0.045867308017343636,-0.15834762956392975,,1000
1:83667965,1,83667965,G,A,0.139,0.08295858313920375,0.06702193240297578,1.2377826207756488,,1000
1:83692387,1,83692387,G,A,0.18400002,0.047993992761545694,0.05954265615569482,0.8060438660319225,,1000
1:83700526,1,83700526,G,A,0.39099997,0.05916055763326949,0.0469326102995852,1.2605426643783408,,1000
1:83713818,1,83713818,G,A,0.20899999,-0.07193274719123494,0.056442956198690566,-1.2744326668152743,,1000
1:83719992,1,83719992,G,A,0.45749998,0.05364571449427293,0.045540723172196984,1.1779723894903829,,1000
1:83721516,1,83721516,G,A,0.11250001,-0.011418282199643456,0.07091771362259779,-0.16100747777075886,,1000
1:83750881,1,83750881,G,A,0.13050002,-0.05456364239247152,0.06761610502316469,-0.8069622225914742,,1000
1:83752813,1,83752813,G,A,0.11949998,0.048212084217237404,0.07133510152392149,0.6758535866255125,,1000
1:83802797,1,83802797,G,A,0.19550002,-0.05239327217273027,0.05958553033008557,-0.8792952228919942,,1000
1:83831438,1,83831438,G,A,0.48400003,0.0952169395903746,0.04597416371274599,2.0710967182634454,,1000
1:83836421,1,83836421,G,A,0.2335,0.024653481623788276,0.05392168067292068,0.45720907279081135,,1000
1:83845478,1,83845478,G,A,0.25550002,0.0126557790515496,0.050320776035803955,0.25150206432716443,,1000
1:83860396,1,83860396,G,A,0.22049999,-0.013095026420056052,0.05472842344416715,-0.239272860352269,,1000
1:83930897,1,83930897,G,A,0.42799997,0.028957503929646976,0.04549540181672766,0.6364929811214446,,1000
1:83952231,1,83952231,G,A,0.23250002,0.00143749198858048,0.05502805661141223,0.026122892159022013,,1000
1:83976174,1,83976174,G,A,0.41399997,-0.08592629875215177,0.045924688613747336,-1.8710262681330438,,1000
1:83981637,1,83981637,G,A,0.2795,0.02289757962576609,0.049558638843285444,0.46203003472659776,,1000
1:84077468,1,84077468,G,A,0.16100001,0.007846334760279843,0.063884985830412,0.12281969946911454,,1000
1:84078593,1,84078593,G,A,0.2385,-0.005070717571410035,0.05202601651868268,-0.09746503597078449,,1000
1:84111130,1,84111130,G,A,0.236,0.08624056807792269,0.05413988519591618,1.5929211479825578,,1000
1:84123280,1,84123280,G,A,0.16049999,0.12700261419328604,0.06187643818526611,2.052519794578733,,1000
1:84143435,1,84143435,G,A,0.094500005,-0.10924386544338137,0.07776925240614561,-1.4047179581058762,,1000
1:84143762,1,84143762,G,A,0.45,-0.0069311407802454235,0.04611838426439692,-0.15029019101166163,,1000
1:84159533,1,84159533,G,A,0.30299997,0.06918528219276578,0.05149192976565595,1.3436140868604798,,1000
1:84171703,1,84171703,G,A,0.15600002,-0.21665398595402804,0.06372704256717586,-3.3997181922517283,,1000
1:84178656,1,84178656,G,A,0.23750001,-0.03251462855290368,0.05148795382711682,-0.6314997224803176,,1000
1:84194704,1,84194704,G,A,0.337,0.09985968496767952,0.04710303101447246,2.1200267332477503,,1000
1:84212997,1,84212997,G,A,0.35900003,-0.07318381537569112,0.047945376660005465,-1.5263998423593315,,1000
1:84287148,1,84287148,G,A,0.29400003,-0.045166189660787816,0.04944170102312988,-0.9135241855788521,,1000
1:84302961,1,84302961,G,A,0.14499998,-0.03738470312155105,0.06604226860181855,-0.5660723641543958,,1000
1:84328142,1,84328142,G,A,0.110000014,-0.05000706288352901,0.07358524188065076,-0.6795800571619561,,1000
1:84365164,1,84365164,G,A,0.07999998,-0.1985798737552526,0.08070454017490286,-2.4605787149631277,,1000
1:84369523,1,84369523,G,A,0.09350002,-0.018807050781615434,0.07906458554894709,-0.23786946647525795,,1000
1:84370895,1,84370895,G,A,0.2065,0.02173463108931042,0.056910176690296944,0.3819111511037731,,1000
1:84380673,1,84380673,G,A,0.185,-0.09437700861768972,0.059638075022432395,-1.5824958901203727,,1000
1:84388501,1,84388501,G,A,0.49150002,-0.06536998483156409,0.045851227777429455,-1.4256975876171163,,1000
1:84399394,1,84399394,G,A,0.06800002,-0.08715028911685298,0.0908992269119182,-0.9587572092477975,,1000
1:84445005,1,84445005,G,A,0.33249998,-0.008545164397955626,0.048859605925308865,-0.1748922087300197,,1000
1:84461359,1,84461359,G,A,0.2905,0.015490442623271417,0.048933143405780616,0.31656340764410174,,1000
1:84464769,1,84464769,G,A,0.11799997,-0.02166437876351541,0.07058616582514009,-0.3069210306334473,,1000
1:84483978,1,84483978,G,A,0.46649998,0.006955017070407601,0.04544760827317814,0.15303373124944508,,1000
1:84489184,1,84489184,G,A,0.425,0.05875610223442888,0.04610505030332513,1.2743962287834516,,1000
1:84504548,1,84504548,G,A,0.15600002,0.04266912229199034,0.06237513218428797,0.6840726552037434,,1000
1:84538836,1,84538836,G,A,0.17949998,-0.02844231801492377,0.059398772809319274,-0.4788367952689649,,1000
1:84572349,1,84572349,G,A,0.14600003,-0.02689317550800398,0.06459246398140923,-0.4163515966157333,,1000
1:84574186,1,84574186,G,A,0.20599997,0.04723434146621776,0.05570483469789225,0.8479397115598118,,1000
1:84605488,1,84605488,G,A,0.17400002,-0.10906140431500867,0.059633940759785314,-1.8288478494876732,,1000
1:84607465,1,84607465,G,A,0.14950001,-0.014657010198785517,0.06298818423521162,-0.23269459783207982,,1000
1:84607828,1,84607828,G,A,0.26200002,-0.020727774021032784,0.05189013818335392,-0.3994549782810589,,1000
1:84629169,1,84629169,G,A,0.21600002,-0.034309911629177646,0.055787828527079704,-0.6150071177716379,,1000
1:84641192,1,84641192,G,A,0.2855,-0.0002448842776501296,0.05087904053633486,-0.00481306791694013,,1000
1:84648452,1,84648452,G,A,0.05250001,0.01626046861704666,0.09991224112843738,0.1627475115500992,,1000
1:84656125,1,84656125,G,A,0.37800002,0.05980426925743214,0.047543625215726394,1.2578819765231153,,1000
1:84669147,1,84669147,G,A,0.46249998,-0.0008655383158644639,0.04453303970973468,-0.019435868773073267,,1000
1:84673575,1,84673575,G,A,0.47000003,-0.03590936935070201,0.04499308658481883,-0.7981086001514339,,1000
1:84710224,1,84710224,G,A,0.15499997,0.026782196380254183,0.0620078837633262,0.43191598801335296,,1000
1:84711897,1,84711897,G,A,0.20450002,0.06912002523534366,0.05822657981949799,1.187087159328528,,1000
1:84729604,1,84729604,G,A,0.4875,0.04209208028637284,0.0458012117416867,0.9190167396392717,,1000
1:84740097,1,84740097,G,A,0.1555,0.11427436441463404,0.06353744157889438,1.798535817227385,,1000
1:84749484,1,84749484,G,A,0.26950002,0.07514306248963666,0.05259342228945377,1.4287540003781924,,1000
1:84758409,1,84758409,G,A,0.402,0.07824609249982861,0.04616710309587939,1.6948451874341757,,1000
1:84776776,1,84776776,G,A,0.07349998,-0.029552291351586785,0.08955981216725929,-0.32997268123336154,,1000
1:84792531,1,84792531,G,A,0.09100002,0.0856814052913409,0.07789064114169142,1.100021825927421,,1000
1:84806840,1,84806840,G,A,0.14899999,0.008902053256645656,0.06479837237727838,0.13738081575282238,,1000
1:84823922,1,84823922,G,A,0.24199998,0.06653340597703088,0.051299871222458465,1.2969507406463694,,1000
1:84890727,1,84890727,G,A,0.051,-0.04906926997361462,0.10418874123180874,-0.4709651867704282,,1000
1:84903514,1,84903514,G,A,0.22500002,-0.015054317061659337,0.05529080208869592,-0.2722752518133058,,1000
1:84912634,1,84912634,G,A,0.11500001,0.015402290025927221,0.07184108228022239,0.2143939030017567,,1000
1:84924299,1,84924299,G,A,0.44550002,-0.02025079480384887,0.047337226964468224,-0.42779850241437484,,1000
1:84928458,1,84928458,G,A,0.27899998,-0.00477608596144767,0.050398620607910005,-0.09476620399206062,,1000
1:84938506,1,84938506,G,A,0.0855,-0.009389869885472779,0.08163181074828292,-0.11502709298495244,,1000
1:85021708,1,85021708,G,A,0.268,-0.03606871152783432,0.051267895289719714,-0.7035340796419792,,1000
1:85023492,1,85023492,G,A,0.26450002,-0.03480027422126601,0.05272872035826584,-0.6599870807562783,,1000
1:85029728,1,85029728,G,A,0.17900002,-0.013915868955083207,0.0586396188133109,-0.2373117226322142,,1000
1:85050031,1,85050031,G,A,0.23549998,-0.041753041116604536,0.054506675331442316,-0.7660170220016921,,1000
1:85072968,1,85072968,G,A,0.4895,-0.0547828353490586,0.04653930594749207,-1.1771304757072933,,1000
1:85079012,1,85079012,G,A,0.16350001,0.01743357838772405,0.06109326439659714,0.2853600729951351,,1000
1:85103141,1,85103141,G,A,0.351,0.008904334344814916,0.047439324846592044,0.18769943235089248,,1000
1:85111892,1,85111892,G,A,0.3485,-0.037773742569548595,0.04784237007731073,-0.7895458044513312,,1000
1:85129375,1,85129375,G,A,0.227,0.008460771067659741,0.054310505882182857,0.15578516403463272,,1000
1:85130441,1,85130441,G,A,0.46899998,0.1401163582060157,0.045615622955897786,3.0716747711958985,,1000
1:85138638,1,85138638,G,A,0.421,0.03501697740485528,0.047435444633751614,0.7382027864442056,,1000
1:85157822,1,85157822,G,A,0.057500005,-0.017572400880330127,0.09813477110409866,-0.17906396155639687,,1000
1:85180396,1,85180396,G,A,0.25700003,-0.06970855933023593,0.05223022616180616,-1.3346401969289376,,1000
1:85183719,1,85183719,G,A,0.10699999,0.10338466679762671,0.0708725184195157,1.4587412597032585,,1000
1:85218478,1,85218478,G,A,0.171,-0.025279580297700884,0.06142671366854243,-0.4115404974146769,,1000
1:85235671,1,85235671,G,A,0.15750003,0.17467627320995985,0.06272547842762903,2.7847738684288657,,1000
1:85241612,1,85241612,G,A,0.39450002,0.06461006298888326,0.04692526020296591,1.3768717042681329,,1000
1:85244178,1,85244178,G,A,0.162,0.03969329888489155,0.060545767668995484,0.6555916360974287,,1000
1:85272770,1,85272770,G,A,0.4885,0.07611117479643592,0.045116716449193954,1.686983911653786,,1000
1:85290436,1,85290436,G,A,0.10549998,0.010125808070604064,0.07343330769162724,0.13789121570181692,,1000
1:85364162,1,85364162,G,A,0.24400002,0.06532720813635723,0.052792056525187314,1.2374438966057202,,1000
1:85382257,1,85382257,G,A,0.26599997,-0.0020642559253058437,0.051790079143302144,-0.03985813421126636,,1000
1:85388418,1,85388418,G,A,0.24900001,0.0621297442358349,0.05336369364626531,1.1642699369289833,,1000
1:85390465,1,85390465,G,A,0.097,0.07765100310292428,0.07711520438063939,1.0069480295953077,,1000
1:85407063,1,85407063,G,A,0.13749999,0.13286877627272428,0.06627289415812526,2.0048736057263943,,1000
1:85433014,1,85433014,G,A,0.28350002,0.008127718219355207,0.05109857860151826,0.1590595754675985,,1000
1:85440591,1,85440591,G,A,0.42299998,-0.02949340944838121,0.04687066962085875,-0.6292508659883925,,1000
1:85447810,1,85447810,G,A,0.36900002,-0.0165807830396921,0.04662729225564413,-0.3556025288533677,,1000
1:85456970,1,85456970,G,A,0.29250002,0.09781177646080708,0.05029506481791993,1.9447589304220787,,1000
1:85518074,1,85518074,G,A,0.5,0.004326757174231103,0.04538074935846484,0.09534344926862774,,1000
1:85561924,1,85561924,G,A,0.3725,0.06077763311806318,0.04665819715061237,1.3026142635102973,,1000
1:85567157,1,85567157,G,A,0.4385,-0.0863846747864712,0.046920574653515124,-1.8410830520380161,,1000
1:85588240,1,85588240,G,A,0.051500022,-0.2679392306677261,0.10342253050058481,-2.590723988001928,,1000
1:85604305,1,85604305,G,A,0.14050001,-0.08452547249452423,0.06543098505767554,-1.2918263788939972,,1000
1:85607691,1,85607691,G,A,0.36949998,0.00941306195805758,0.04675075265541378,0.20134567730788264,,1000
1:85641773,1,85641773,G,A,0.18049997,-0.013827810734274788,0.059961119075404266,-0.23061295298517673,,1000
1:85652972,1,85652972,G,A,0.20999998,0.03789359565856037,0.055435251548168155,0.6835649627319595,,1000
1:85655048,1,85655048,G,A,0.319,-0.043486719689429625,0.049171384819627455,-0.8843907864085879,,1000
1:85659136,1,85659136,G,A,0.287,0.0007927862377286242,0.05222733188924477,0.015179527826729428,,1000
1:85661848,1,85661848,G,A,0.1555,-0.0688562372639955,0.06462075636214144,-1.0655436602771715,,1000
1:85676089,1,85676089,G,A,0.42799997,-0.03309965179547978,0.047632167333131276,-0.6949012326898008,,1000
1:85711045,1,85711045,G,A,0.33600003,0.07972854804251443,0.047106388621916115,1.692520916481824,,1000
1:85749317,1,85749317,G,A,0.376,0.02274193555453347,0.04799484311836038,0.47384123120164057,,1000
1:85784032,1,85784032,G,A,0.417,-0.010623238583817304,0.046002621370379894,-0.23092680954606165,,1000
1:85808216,1,85808216,G,A,0.102999985,0.061532798734714074,0.07320199767083328,0.8405890644051549,,1000
1:85871669,1,85871669,G,A,0.26749998,0.09360505483712911,0.0525429138490547,1.7814972177987263,,1000
1:85936030,1,85936030,G,A,0.092999995,-0.03226212710556823,0.07736090216712196,-0.41703400815922087,,1000
1:85964889,1,85964889,G,A,0.07950002,0.10044884980324786,0.08376413184397462,1.1991869024602495,,1000
1:86012534,1,86012534,G,A,0.393,-0.024445630722165785,0.04591500980793202,-0.532410443217257,,1000
1:86015966,1,86015966,G,A,0.42799997,-0.00976600048511664,0.04692965232251481,-0.2080987180131172,,1000
1:86017099,1,86017099,G,A,0.08499998,0.01300188815414387,0.08026670248423402,0.16198358412316363,,1000
1:86097819,1,86097819,G,A,0.4505,-0.009238931805409795,0.04596755390224802,-0.20098811054981913,,1000
1:86117866,1,86117866,G,A,0.18,-0.08387890758367798,0.05852636359887427,-1.4331816027143598,,1000
1:86131990,1,86131990,G,A,0.362,-0.07067956182164974,0.048307907392141344,-1.4631054342285126,,1000
1:86191494,1,86191494,G,A,0.371,0.03754619052860516,0.04814943507165781,0.7797846531891288,,1000
1:86205130,1,86205130,G,A,0.3445,0.022539171408769997,0.04677582454359525,0.4818551383902041,,1000
1:86247297,1,86247297,G,A,0.32,-0.08983441777737027,0.048244607441488715,-1.8620613275032212,,1000
1:86279000,1,86279000,G,A,0.104499996,0.08791476539026483,0.07560896247519416,1.1627558759202383,,1000
1:86314162,1,86314162,G,A,0.0905,0.0013554161940106588,0.07854625578571772,0.0172562801428546,,1000
1:86320219,1,86320219,G,A,0.110000014,-0.16389975711235283,0.07303706453489708,-2.244062766707191,,1000
1:86343265,1,86343265,G,A,0.4735,0.03801859911489825,0.045446688115866954,0.8365537884294079,,1000
1:86357459,1,86357459,G,A,0.13300002,-0.027406835692708093,0.06728276751524202,-0.40733811501584616,,1000
1:86401500,1,86401500,G,A,0.10350001,-0.0725645499370842,0.07463638780313223,-0.9722409145588221,,1000
1:86404719,1,86404719,G,A,0.478,-0.01735166162814483,0.046302769165166235,-0.3747434967928129,,1000
1:86405051,1,86405051,G,A,0.046500027,-0.04038604512883142,0.10962906309597208,-0.36838812618034006,,1000
1:86437412,1,86437412,G,A,0.39749998,0.048340455321631184,0.047530179869350424,1.0170475991150891,,1000
1:86448550,1,86448550,G,A,0.436,0.005078042265811022,0.04402093184770356,0.11535517429252076,,1000
1:86461589,1,86461589,G,A,0.35149997,-0.0005987112111952493,0.04978404718106228,-0.012026165912501333,,1000
1:86468895,1,86468895,G,A,0.4875,0.035000250933170426,0.045622887264051316,0.7671643123022811,,1000
1:86487704,1,86487704,G,A,0.208,0.010551952936676856,0.05617204386466139,0.1878506141257793,,1000
1:86490965,1,86490965,G,A,0.10049999,-0.18120001442735423,0.07559353404522443,-2.3970306021008345,,1000
1:86534283,1,86534283,G,A,0.1685,-0.1839074120498637,0.061336322731166425,-2.9983442740106754,,1000
1:86544586,1,86544586,G,A,0.097,0.05881023340422959,0.07803266583120193,0.7536617233024723,,1000
1:86578875,1,86578875,G,A,0.27499998,-0.07368385054255598,0.05117585048937041,-1.4398168244973408,,1000
1:86601595,1,86601595,G,A,0.48299998,-0.05610576402897207,0.04558029286533865,-1.2309215343290931,,1000
1:86621345,1,86621345,G,A,0.26450002,-0.04066855990972504,0.05010568935348458,-0.8116555312275484,,1000
1:86629055,1,86629055,G,A,0.19150001,-0.1206764139812425,0.05626970162042593,-2.1446073198553606,,1000
1:86641504,1,86641504,G,A,0.44050002,0.11439019729426689,0.045019270049222966,2.5409163047111925,,1000
1:86654443,1,86654443,G,A,0.32450002,0.015265998640903599,0.04814214828822719,0.3171025636310623,,1000
1:86656823,1,86656823,G,A,0.46350002,0.09605445867669685,0.044587921273877444,2.1542708413494016,,1000
1:86674444,1,86674444,G,A,0.486,0.047032382321166445,0.04512338106854474,1.042306254704669,,1000
1:86676454,1,86676454,G,A,0.4875,-0.06579783479738457,0.04595991887804589,-1.4316351378247287,,1000
1:86687823,1,86687823,G,A,0.3645,0.022201863433845198,0.047212113100849114,0.4702577786853157,,1000
1:86708217,1,86708217,G,A,0.288,0.09806078851506188,0.049134721052517545,1.9957534390039542,,1000
1:86717650,1,86717650,G,A,0.14700001,0.0327680981497845,0.06665509978295639,0.49160676762145145,,1000
1:86743362,1,86743362,G,A,0.47500002,0.029507090540006782,0.04539387483818389,0.6500236132119382,,1000
1:86755841,1,86755841,G,A,0.27600002,-0.04304552964290791,0.05202029853275095,-0.8274756365692001,,1000
1:86756655,1,86756655,G,A,0.49449998,0.046980325655730217,0.04531703860944879,1.036703348173652,,1000
1:86783787,1,86783787,G,A,0.458,0.03432556498589512,0.04436867402025639,0.7736441474501555,,1000
1:86786818,1,86786818,G,A,0.2155,-0.11591885662904208,0.05552202222209889,-2.087799615175112,,1000
1:86787695,1,86787695,G,A,0.445,-0.05733500865249888,0.04534915520832128,-1.264301581564595,,1000
1:86808070,1,86808070,G,A,0.2845,-0.04991343139535612,0.05046048665734681,-0.989158739872933,,1000
1:86824768,1,86824768,G,A,0.407,0.009937375021613412,0.047428422909260776,0.20952362343199613,,1000
1:86835362,1,86835362,G,A,0.25550002,-0.011977355875647336,0.052408434278351124,-0.2285387083314363,,1000
1:86850025,1,86850025,G,A,0.4895,0.015916685982506493,0.045533884806441854,0.34955695193076736,,1000
1:86881846,1,86881846,G,A,0.231,0.03384824553705849,0.05140954757874343,0.6584038788750963,,1000
1:86916567,1,86916567,G,A,0.10399997,0.07232441803533993,0.07492219443613511,0.9653270113035788,,1000
1:86963180,1,86963180,G,A,0.4555,-0.07330717492892455,0.04718467845524668,-1.5536224327236714,,1000
1:86966282,1,86966282,G,A,0.39499998,-0.038948552612427925,0.047082940035483654,-0.8272328062579499,,1000
1:87030561,1,87030561,G,A,0.1135,-0.14041444186048715,0.07128449659951938,-1.969775316635032,,1000
1:87087159,1,87087159,G,A,0.28500003,0.11191782860962883,0.05152692443203038,2.1720261755048202,,1000
1:87093474,1,87093474,G,A,0.3595,-0.0333277658817309,0.04866654348540919,-0.6848188405187017,,1000
1:87094904,1,87094904,G,A,0.23449999,-0.016466687479295614,0.053031241995777634,-0.310509180241464,,1000
1:87132498,1,87132498,G,A,0.45349997,0.011762118795458663,0.045544611937583857,0.2582548910852054,,1000
1:87144026,1,87144026,G,A,0.4835,0.005587970862080011,0.04760969003720043,0.11737045247960613,,1000
1:87144165,1,87144165,G,A,0.4595,0.030470621446324297,0.046665134730441565,0.6529633230962703,,1000
1:87173139,1,87173139,G,A,0.311,-0.1171274424504355,0.04782374378564385,-2.449148334672951,,1000
1:87182131,1,87182131,G,A,0.25700003,-0.13110544597132276,0.052816122884169724,-2.482299699636193,,1000
1:87210745,1,87210745,G,A,0.306,0.03871847570779453,0.05108806203994562,0.7578771666367116,,1000
1:87217187,1,87217187,G,A,0.29149997,0.008965781557806184,0.049764230059176975,0.18016518184134575,,1000
1:87220898,1,87220898,G,A,0.09200001,-0.11097134130341942,0.07896184390085681,-1.4053793050065193,,1000
1:87255619,1,87255619,G,A,0.4095,0.023128960210740058,0.04619654271929496,0.5006643105584557,,1000
1:87318288,1,87318288,G,A,0.43300003,0.03752382892347781,0.044919716415095984,0.8353532016258974,,1000
1:87322333,1,87322333,G,A,0.3025,0.05727467674486099,0.05071922223722329,1.1292499020780842,,1000
1:87324861,1,87324861,G,A,0.06300002,0.0015665817704376024,0.09536749094635653,0.01642679024992691,,1000
1:87338582,1,87338582,G,A,0.18449998,0.12330651821866008,0.05765383690930614,2.1387391512663867,,1000
1:87349432,1,87349432,G,A,0.100000024,-0.045010911916196765,0.07428996634183263,-0.6058814417694944,,1000
1:87350523,1,87350523,G,A,0.48900002,0.03218885270170714,0.04613054112337768,0.6977774792542965,,1000
1:87384489,1,87384489,G,A,0.110000014,0.03474153686702556,0.07398127196160904,0.4695990748179339,,1000
1:87384553,1,87384553,G,A,0.087499976,-0.027717989751051615,0.07994718837964596,-0.3467037467212348,,1000
1:87385782,1,87385782,G,A,0.28149998,-0.1242823723176989,0.05117338281642784,-2.428652660378774,,1000
1:87554947,1,87554947,G,A,0.07499999,-0.06095465960646631,0.08443919000607528,-0.7218764130977655,,1000
1:87558295,1,87558295,G,A,0.33350003,0.06707801055391548,0.04818881528335389,1.3919829769520518,,1000
1:87580057,1,87580057,G,A,0.45749998,-0.05481565684651826,0.04648016571633868,-1.1793343677182608,,1000
1:87588499,1,87588499,G,A,0.17199999,-0.004311705815193152,0.05827275765489033,-0.07399179288422275,,1000
1:87649203,1,87649203,G,A,0.45850003,0.04481097612949902,0.04676804858742727,0.9581536429883376,,1000
1:87655031,1,87655031,G,A,0.32999998,0.024539602625251632,0.048322099540752256,0.5078339488241038,,1000
1:87655396,1,87655396,G,A,0.11799997,-0.0229464027782674,0.0689499490325381,-0.33279796577425735,,1000
1:87692769,1,87692769,G,A,0.347,-0.005091921825274962,0.04687571872727123,-0.10862600005986889,,1000
1:87697747,1,87697747,G,A,0.0625,-0.0006947703313433749,0.0956820006569375,-0.007261243771798161,,1000
1:87729220,1,87729220,G,A,0.195,-0.016669524995177352,0.05787087536013025,-0.2880468783553551,,1000
1:87746643,1,87746643,G,A,0.056500018,0.02109005294051965,0.09978856196405875,0.2113473981929486,,1000
1:87753581,1,87753581,G,A,0.24000001,0.01903410216127419,0.05201402401885307,0.36594173437484984,,1000
1:87763890,1,87763890,G,A,0.417,-0.009212080867970733,0.046970648774076765,-0.19612419901372335,,1000
1:87764531,1,87764531,G,A,0.362,-0.09257072149036163,0.047734062459261935,-1.9393011346847968,,1000
1:87767266,1,87767266,G,A,0.14349997,0.11760614111199318,0.06424563864300538,1.8305700370650346,,1000
1:87796278,1,87796278,G,A,0.1225,-0.034837553989859216,0.06980240952096291,-0.49908812932019025,,1000
1:87818522,1,87818522,G,A,0.36299998,-0.03835220384027276,0.04733596895435081,-0.81021271323839,,1000
1:87859394,1,87859394,G,A,0.33499998,0.07778999948233724,0.04697429982753872,1.6560118994415067,,1000
1:87901551,1,87901551,G,A,0.118499994,-0.01807577317362503,0.06983238825242996,-0.2588451236736279,,1000
1:87908342,1,87908342,G,A,0.357,-0.052097520979564924,0.046755889994544296,-1.114245092664131,,1000
1:87927857,1,87927857,G,A,0.39499998,-0.00993453639038786,0.046122563291348034,-0.21539428170184644,,1000
1:87929145,1,87929145,G,A,0.3875,0.06872192105355202,0.04732967269154626,1.4519838643597194,,1000
1:87952702,1,87952702,G,A,0.23400003,0.0966082624971244,0.056258783609931695,1.7172120742416757,,1000
1:87979967,1,87979967,G,A,0.425,0.06462557418641499,0.043492761443184744,1.4858926414878566,,1000
1:87994961,1,87994961,G,A,0.20999998,-0.12418905301283227,0.05434629571325642,-2.2851429224924975,,1000
1:88028616,1,88028616,G,A,0.3345,-0.01119601511248324,0.04742634290349056,-0.2360716518932607,,1000
1:88055043,1,88055043,G,A,0.388,0.006277661778471054,0.04622164782437308,0.13581648586662431,,1000
1:88111970,1,88111970,G,A,0.36400002,-0.029564355068220142,0.04718490631426755,-0.6265638183386752,,1000
1:88121123,1,88121123,G,A,0.204,0.09140691139061612,0.05639212657394502,1.6209161977737696,,1000
1:88132130,1,88132130,G,A,0.33350003,-0.027673675279559027,0.047181243248511764,-0.5865397639862306,,1000
1:88132319,1,88132319,G,A,0.337,-0.023219416250959784,0.048689941588163706,-0.47688322256283655,,1000
1:88136248,1,88136248,G,A,0.1595,-0.016559254917207413,0.062319450769785026,-0.2657156748441051,,1000
1:88142227,1,88142227,G,A,0.064499974,-0.048406207497730266,0.0913459333266953,-0.5299218666320621,,1000
1:88146619,1,88146619,G,A,0.102,-0.01159049197919055,0.07759532816943261,-0.1493710027732885,,1000
1:88196599,1,88196599,G,A,0.06099999,-0.16863482981337238,0.09319500039092447,-1.8094836536938779,,1000
1:88200461,1,88200461,G,A,0.17199999,0.09878502778508307,0.06196195125239057,1.5942852958697264,,1000
1:88213939,1,88213939,G,A,0.19999999,-0.03242654787965342,0.0580424387074752,-0.5586696321131188,,1000
1:88225316,1,88225316,G,A,0.42799997,-0.10566214472751678,0.046911490671999775,-2.252372355129267,,1000
1:88238973,1,88238973,G,A,0.10799998,-0.045406501056311374,0.07363745325343238,-0.6166223714994502,,1000
1:88240466,1,88240466,G,A,0.1315,-0.04196668256740352,0.06748361858815806,-0.6218795530737555,,1000
1:88334829,1,88334829,G,A,0.30949998,-0.0024831109174728028,0.04948662973299071,-0.050177410158473865,,1000
1:88353032,1,88353032,G,A,0.26599997,-0.030142915587002307,0.05218762525915726,-0.5775874153559648,,1000
1:88358552,1,88358552,G,A,0.4875,-0.09304310938822916,0.04563323882653902,-2.0389328432703286,,1000
1:88362402,1,88362402,G,A,0.3955,-0.003306959327039518,0.0471282272785393,-0.07016939778987619,,1000
1:88362657,1,88362657,G,A,0.15750003,0.06823926647869737,0.061311519516002944,1.1129925830803493,,1000
1:88409750,1,88409750,G,A,0.3625,0.021889571765704316,0.048379209715624885,0.4524582334926961,,1000
1:88415356,1,88415356,G,A,0.15600002,0.03520380173713413,0.06261513423407004,0.5622251260459503,,1000
1:88494555,1,88494555,G,A,0.3345,-0.03203641220624976,0.048045953533086855,-0.666786895678694,,1000
1:88511759,1,88511759,G,A,0.070500016,0.2086542286277514,0.09084109693170567,2.2969144547496785,,1000
1:88589936,1,88589936,G,A,0.13950002,0.11765137281139437,0.06577342979434264,1.7887370809042695,,1000
1:88592878,1,88592878,G,A,0.09200001,-0.024213924139895857,0.07719928004636835,-0.3136547921865619,,1000
1:88635847,1,88635847,G,A,0.227,0.02984670707967987,0.05477205944474801,0.5449257775269178,,1000
1:88670889,1,88670889,G,A,0.297,0.00329371164006278,0.04988093069746566,0.06603147924483548,,1000
1:88695126,1,88695126,G,A,0.1785,-0.031904767664682136,0.05808509229353023,-0.5492763531037004,,1000
1:88720438,1,88720438,G,A,0.4595,-0.02226770676662494,0.04676806481476282,-0.4761306001183079,,1000
1:88726432,1,88726432,G,A,0.23949999,0.013582767803863575,0.0548042761682189,0.2478413867226705,,1000
1:88762790,1,88762790,G,A,0.31550002,0.0016646268289194227,0.04908301029063084,0.03391452193055839,,1000
1:88780368,1,88780368,G,A,0.23949999,0.009055184847954555,0.051884405795218747,0.1745261357274522,,1000
1:88782880,1,88782880,G,A,0.44550002,-0.0016258453532946254,0.04723964715505103,-0.03441696649338297,,1000
1:88785937,1,88785937,G,A,0.20999998,0.004012737257021147,0.05611696449339241,0.0715066699214216,,1000
1:88797489,1,88797489,G,A,0.45349997,-0.011911756568625304,0.04737936808098472,-0.25141231407444586,,1000
1:88798297,1,88798297,G,A,0.394,0.020574111519556015,0.04734030733562143,0.43460029470647166,,1000
1:88825084,1,88825084,G,A,0.08200002,0.16585977369772678,0.08216955794825974,2.018506340294113,,1000
1:88826440,1,88826440,G,A,0.44700003,0.013263202314811824,0.044557083221713194,0.2976676513768861,,1000
1:88833877,1,88833877,G,A,0.116999984,0.05495253671648802,0.0736502006816923,0.7461288117053009,,1000
1:88849482,1,88849482,G,A,0.06699997,-0.009822022430250986,0.09222066012959683,-0.10650566170799677,,1000
1:88866218,1,88866218,G,A,0.1595,-0.24189067586559806,0.06356163755429177,-3.8056079920688775,,1000
1:88866330,1,88866330,G,A,0.07999998,0.15431706048054147,0.07979647159427665,1.9338832582117549,,1000
1:88883976,1,88883976,G,A,0.342,-0.016307341675020494,0.048893126955478566,-0.3335303485471433,,1000
1:88917676,1,88917676,G,A,0.2605,-0.03529011552004383,0.05228175254670442,-0.6749987098944017,,1000
1:88934080,1,88934080,G,A,0.277,0.018889186432395906,0.04917967225135826,0.3840852443231607,,1000
1:88997223,1,88997223,G,A,0.3035,0.010574592663946536,0.04979719640707541,0.21235317300803003,,1000
1:89020625,1,89020625,G,A,0.27749997,-0.008591956127171892,0.051392575185892506,-0.16718282935022924,,1000
1:89054635,1,89054635,G,A,0.477,0.05587924171723619,0.0440570769032888,1.268337475949633,,1000
1:89067458,1,89067458,G,A,0.31550002,-0.03203177540350999,0.04818560090017773,-0.6647582432326135,,1000
1:89074838,1,89074838,G,A,0.28350002,-0.026206171245728258,0.05122154450692372,-0.5116239952933461,,1000
1:89078940,1,89078940,G,A,0.22049999,0.1043400154495132,0.05385579183909463,1.9373963669729466,,1000
1:89079815,1,89079815,G,A,0.22649997,0.06703845297486251,0.05223462600053354,1.2834102224485682,,1000
1:89088494,1,89088494,G,A,0.49699998,-0.04373064288858932,0.04554272652357499,-0.9602113493567924,,1000
1:89089997,1,89089997,G,A,0.045000017,0.19342706804982046,0.1084935588232266,1.7828437941185045,,1000
1:89097674,1,89097674,G,A,0.11400002,0.05391493023389974,0.07274843404326176,0.7411146499983466,,1000
1:89124712,1,89124712,G,A,0.1825,0.0011308212223039612,0.057514808909894334,0.019661392322028994,,1000
1:89132961,1,89132961,G,A,0.41799998,0.021892490507128194,0.0447105033466269,0.48964983322604066,,1000
1:89148777,1,89148777,G,A,0.473,0.012238886269038098,0.0455111594944027,0.26892055498044004,,1000
1:89152743,1,89152743,G,A,0.07550001,-0.15051250735568253,0.08653248797841405,-1.7393757058415864,,1000
1:89164253,1,89164253,G,A,0.14050001,-0.008607274866333775,0.06631219030785268,-0.12979928466206164,,1000
1:89165629,1,89165629,G,A,0.4385,0.04368869984906605,0.04688008385199318,0.931924524431254,,1000
1:89178976,1,89178976,G,A,0.17000002,0.04834752488577352,0.05997218902941387,0.8061657522966365,,1000
1:89191512,1,89191512,G,A,0.23750001,-0.009269490790625343,0.05359241970960617,-0.17296272198293436,,1000
1:89198480,1,89198480,G,A,0.050000012,0.08277760818869556,0.10394781691662583,0.7963381112187242,,1000
1:89252067,1,89252067,G,A,0.268,-0.027160138682918594,0.050387320781422114,-0.5390272445867489,,1000
1:89268368,1,89268368,G,A,0.4375,-0.015620221157522108,0.04487462927064983,-0.34808579839875103,,1000
1:89268939,1,89268939,G,A,0.20099998,-0.032992250722838845,0.056731012468620834,-0.5815558243577547,,1000
1:89323230,1,89323230,G,A,0.4285,0.07786898549862434,0.04556165323713413,1.7090904294745553,,1000
1:89338054,1,89338054,G,A,0.19349998,-0.004665228164028867,0.056667091077643665,-0.08232693923950855,,1000
1:89362501,1,89362501,G,A,0.3355,0.03933453259684264,0.04703942408179729,0.8362035327737742,,1000
1:89380420,1,89380420,G,A,0.199,0.050463804494416294,0.05575711940199098,0.9050647708427765,,1000
1:89381752,1,89381752,G,A,0.27850002,-0.03298095258999847,0.050629382350352685,-0.6514192166472029,,1000
1:89386387,1,89386387,G,A,0.449,-0.02004051033713292,0.045126636728078776,-0.4440949246426618,,1000
1:89393764,1,89393764,G,A,0.41000003,-0.05916409769171021,0.044655272503897274,-1.3249073261516136,,1000
1:89398015,1,89398015,G,A,0.08200002,-0.028090620938760247,0.0839947903822964,-0.33443289531300396,,1000
1:89408648,1,89408648,G,A,0.449,-0.03672565370790747,0.043442184171877535,-0.845391510762987,,1000
1:89418469,1,89418469,G,A,0.30049998,0.009203632652574055,0.05095196669333864,0.18063351132189606,,1000
1:89431484,1,89431484,G,A,0.13999999,-0.06980312681882749,0.06295100552071076,-1.1088484805197019,,1000
1:89473855,1,89473855,G,A,0.4005,0.02185479360614816,0.045223409565493526,0.48326284586078305,,1000
1:89482492,1,89482492,G,A,0.3315,-0.06818445912782127,0.04934683991046899,-1.3817391194964008,,1000
1:89523106,1,89523106,G,A,0.26099998,0.01938382476612287,0.051095222545290316,0.37936667658001166,,1000
1:89567716,1,89567716,G,A,0.39850003,0.023194271450483035,0.045657198909665325,0.508009076430069,,1000
1:89583550,1,89583550,G,A,0.16100001,0.10286030632785985,0.06330523096723342,1.6248310725080524,,1000
1:89588015,1,89588015,G,A,0.29000002,0.041135633568337035,0.052412989351790965,0.7848366230790349,,1000
1:89589818,1,89589818,G,A,0.488,-0.006317834303266069,0.044445682559385566,-0.14214731194249453,,1000
1:89595716,1,89595716,G,A,0.31300002,0.0265180038284941,0.049346695503650014,0.5373815522567799,,1000
1:89595921,1,89595921,G,A,0.334,-0.014663750502411248,0.04814357293560352,-0.3045837607862086,,1000
1:89597894,1,89597894,G,A,0.058499992,0.012166547780909155,0.09570824397099975,0.12712121000355728,,1000
1:89605801,1,89605801,G,A,0.12900001,0.037735423603056116,0.06940095533819678,0.5437306074414707,,1000
1:89630669,1,89630669,G,A,0.334,-0.06269394801597383,0.04898956787725816,-1.2797407842635309,,1000
1:89638694,1,89638694,G,A,0.3345,-0.05961260303865775,0.047287580987971554,-1.2606397238594482,,1000
1:89681331,1,89681331,G,A,0.45999998,-0.0420486520783056,0.04689506527819852,-0.8966540899102657,,1000
1:89729574,1,89729574,G,A,0.4525,0.0016393393526554537,0.046406238218150035,0.03532584013703331,,1000
1:89763926,1,89763926,G,A,0.20950001,-0.007282018147785545,0.05450035857065584,-0.13361413280143702,,1000
1:89775199,1,89775199,G,A,0.33099997,0.014332557660209926,0.04836127077911672,0.2963643723439746,,1000
1:89796265,1,89796265,G,A,0.288,-0.050060902256788165,0.04943884304056415,-1.0125823983322915,,1000
1:89803135,1,89803135,G,A,0.2655,-0.04733656992536594,0.05217051672793616,-0.9073433213671477,,1000
1:89809442,1,89809442,G,A,0.48549998,0.013702070229326875,0.04629945194682388,0.2959445447661898,,1000
1:89813694,1,89813694,G,A,0.374,0.025172805062945454,0.04736673604865022,0.5314447893789969,,1000
1:89817242,1,89817242,G,A,0.4965,-0.08381902019431706,0.04647686707961035,-1.8034567616346264,,1000
1:89838874,1,89838874,G,A,0.41250002,-0.014043896884359178,0.04491875812985419,-0.31265104978548447,,1000
1:89843596,1,89843596,G,A,0.379,0.05950865805239884,0.045548900792081654,1.306478466385823,,1000
1:89854714,1,89854714,G,A,0.259,0.03287556413773437,0.05057167510308747,0.6500786076537787,,1000
1:89856307,1,89856307,G,A,0.08950001,0.018968843760383484,0.08080427492586155,0.23475049776497,,1000
1:89858639,1,89858639,G,A,0.31849998,-0.04295856885047798,0.049621023934168465,-0.8657332204081586,,1000
1:89859625,1,89859625,G,A,0.2805,0.10391935223124664,0.05056280744802858,2.055252812812284,,1000
1:89884304,1,89884304,G,A,0.3025,-0.0672597943660855,0.04846892037160792,-1.3876891387389947,,1000
1:89920288,1,89920288,G,A,0.17049998,0.09047394292468165,0.06185353075202028,1.4627126669196093,,1000
1:89948214,1,89948214,G,A,0.13349998,-0.037305707254356064,0.06720954558776986,-0.5550656075428755,,1000
1:89957926,1,89957926,G,A,0.17299998,0.04096411282261652,0.05978265568542454,0.6852173486264826,,1000
1:89966607,1,89966607,G,A,0.35250002,-0.03746555150507324,0.04812050343874835,-0.7785777127781385,,1000
1:89967768,1,89967768,G,A,0.492,0.0693750037081914,0.04685535566573684,1.4806205762924587,,1000
1:89973676,1,89973676,G,A,0.49150002,0.021325077236253563,0.04552475518557473,0.4684281584673028,,1000
1:90012400,1,90012400,G,A,0.4135,0.0872246149156944,0.046271289453414854,1.885069898549308,,1000
1:90013845,1,90013845,G,A,0.462,0.043237796929254654,0.045900194888197195,0.941995933450227,,1000
1:90029324,1,90029324,G,A,0.17650002,0.04163389679190432,0.058767373191590304,0.7084525737805513,,1000
1:90033641,1,90033641,G,A,0.05400002,-0.05261006375952698,0.10069670891518052,-0.5224606079612971,,1000
1:90040054,1,90040054,G,A,0.1365,-0.06042471151491751,0.06622453120704838,-0.9124218837578787,,1000
1:90050095,1,90050095,G,A,0.3315,0.060402944593380865,0.049356997670521895,1.2237969780211344,,1000
1:90053375,1,90053375,G,A,0.44099998,-0.0063803744573074596,0.046209646861930166,-0.13807451237122378,,1000
1:90067503,1,90067503,G,A,0.48049998,-0.043100036289367386,0.04529397094296883,-0.9515623247879083,,1000
1:90075654,1,90075654,G,A,0.41399997,-0.020366815366285082,0.04500212276023403,-0.45257454797848223,,1000
1:90109835,1,90109835,G,A,0.37550002,0.07314614280860383,0.04729105202435348,1.5467226817228714,,1000
1:90126860,1,90126860,G,A,0.19050002,-0.0354616931906274,0.05749799108340982,-0.6167466466643099,,1000
1:90133875,1,90133875,G,A,0.094500005,-0.10059879666352288,0.07823983482772458,-1.2857746553917229,,1000
1:90150079,1,90150079,G,A,0.29500002,0.037040287513714354,0.048671581853284365,0.7610249370026355,,1000
1:90185022,1,90185022,G,A,0.19349998,0.03323559459928327,0.05719099046698836,0.5811333975491723,,1000
1:90190761,1,90190761,G,A,0.10549998,-0.030911834192597708,0.0734274877656447,-0.42098449958219536,,1000
1:90197407,1,90197407,G,A,0.26849997,0.07005807750287958,0.05136795366373263,1.3638479344825987,,1000
1:90228138,1,90228138,G,A,0.278,0.03001834846972417,0.05062416391115346,0.5929648245135869,,1000
1:90239466,1,90239466,G,A,0.40100002,-0.05256639266221184,0.04827815488730634,-1.0888235638854746,,1000
1:90275389,1,90275389,G,A,0.40350002,-0.03202410439247197,0.046796349804671754,-0.6843291095596297,,1000
1:90293135,1,90293135,G,A,0.283,-0.045393122345241024,0.05081532845875598,-0.8932958562313366,,1000
1:90354784,1,90354784,G,A,0.47000003,-0.006527883093820136,0.04638535936057621,-0.1407315408095837,,1000
1:90369566,1,90369566,G,A,0.39600003,-0.028470322738504736,0.04725053987113895,-0.6025396284603017,,1000
1:90372541,1,90372541,G,A,0.2335,0.07506437373919272,0.05372434744056665,1.3972133178952764,,1000
1:90401431,1,90401431,G,A,0.20850003,0.05509813895029783,0.05529705770849341,0.9964027243683703,,1000
1:90427681,1,90427681,G,A,0.21749997,-0.02013101288127309,0.0528344576553539,-0.38102052665308556,,1000
1:90438982,1,90438982,G,A,0.269,0.04158631250980352,0.053342646944939925,0.7796072165809236,,1000
1:90493044,1,90493044,G,A,0.204,0.011194801708272906,0.05809420880639937,0.1927008205857473,,1000
1:90503569,1,90503569,G,A,0.2565,0.011579975332633455,0.053856716612535,0.2150145062860785,,1000
1:90508656,1,90508656,G,A,0.33850002,0.006261574627557841,0.04736406378537237,0.13220095842983026,,1000
1:90516921,1,90516921,G,A,0.12949997,0.15443251830047472,0.06730636937199896,2.2944710841099427,,1000
1:90551850,1,90551850,G,A,0.421,0.03429040920448854,0.0468301132022709,0.7322299020798805,,1000
1:90567215,1,90567215,G,A,0.09249997,0.08801498474336111,0.08184402987777126,1.0753989615956812,,1000
1:90576002,1,90576002,G,A,0.23449999,-0.03076926336410069,0.052046481872951376,-0.5911881506075729,,1000
1:90581387,1,90581387,G,A,0.12199998,-0.006288855018215133,0.06924593284243404,-0.0908191248217442,,1000
1:90586460,1,90586460,G,A,0.20349997,0.09888259198494596,0.055712632490193245,1.7748684196955091,,1000
1:90607389,1,90607389,G,A,0.27100003,-0.00925538408006411,0.05197362038431214,-0.17807849465991366,,1000
1:90607716,1,90607716,G,A,0.4105,-0.07343730369899883,0.046109615452103306,-1.5926678845387976,,1000
1:90615007,1,90615007,G,A,0.35399997,-0.006453861334600384,0.0474633936499664,-0.1359755558609314,,1000
1:90642431,1,90642431,G,A,0.222,0.02554733993307687,0.0568701718657888,0.4492221334123539,,1000
1:90645372,1,90645372,G,A,0.31800002,0.002621608193326586,0.04904513010081821,0.05345297663473525,,1000
1:90652967,1,90652967,G,A,0.2055,0.01979578883601027,0.05676507792223502,0.34873181823390415,,1000
1:90721816,1,90721816,G,A,0.41799998,-0.05357273808883208,0.04529960363966107,-1.1826314975066947,,1000
1:90727381,1,90727381,G,A,0.25700003,-0.06092529110693769,0.05237951243953728,-1.163151168641842,,1000
1:90740534,1,90740534,G,A,0.3645,0.06374969318465114,0.04779530925096208,1.3338064798350042,,1000
1:90745779,1,90745779,G,A,0.18,0.06524574979069742,0.05934130763679722,1.099499697412109,,1000
1:90784127,1,90784127,G,A,0.34149998,0.1029817332214276,0.04757141027716495,2.164782011326255,,1000
1:90809062,1,90809062,G,A,0.4735,0.08232897697749537,0.0458481279650345,1.7956889546348007,,1000
1:90827528,1,90827528,G,A,0.10350001,0.03687408787561508,0.07273403732525077,0.5069715532319785,,1000
1:90838395,1,90838395,G,A,0.3265,0.03663842867214141,0.04885693475223194,0.7499125530069741,,1000
1:90856280,1,90856280,G,A,0.28899997,0.02859912182042245,0.05043518055582451,0.5670470791468135,,1000
1:90864818,1,90864818,G,A,0.27600002,0.13036546259364765,0.051874260268990724,2.5131049949945448,,1000
1:90876183,1,90876183,G,A,0.15399998,-0.10293397216017942,0.06345058168605708,-1.6222699528505442,,1000
1:90922359,1,90922359,G,A,0.058000028,-0.005251714612143802,0.09870151355693922,-0.05320804537727962,,1000
1:90936007,1,90936007,G,A,0.074,-0.14779172367571536,0.08989464561467332,-1.644054800652016,,1000
1:90962123,1,90962123,G,A,0.18199998,-0.04951198931384949,0.056797662360214655,-0.8717258291343236,,1000
1:90980257,1,90980257,G,A,0.4245,0.008277035617865733,0.04610876248517882,0.17951112048444803,,1000
1:91008394,1,91008394,G,A,0.4105,-0.050155320378537156,0.04652506965574416,-1.0780278406814763,,1000
1:91042487,1,91042487,G,A,0.4905,-0.026748523861104916,0.04656000992901187,-0.574495664882531,,1000
1:91054443,1,91054443,G,A,0.37550002,0.029400341588773783,0.04785840199641614,0.6143193329141123,,1000
1:91063626,1,91063626,G,A,0.2065,0.09339951322542028,0.054188413859542386,1.7236067006410996,,1000
1:91090293,1,91090293,G,A,0.4415,-0.017363059453987785,0.046053802287832166,-0.37701684967226395,,1000
1:91097260,1,91097260,G,A,0.37300003,0.0354855748587307,0.04690627371179588,0.7565208670542267,,1000
1:91111674,1,91111674,G,A,0.36549997,-0.04113338477924382,0.04745097355795093,-0.8668607131739549,,1000
1:91144827,1,91144827,G,A,0.2895,-0.02137544377845185,0.048577975917552946,-0.4400233516260636,,1000
1:91153888,1,91153888,G,A,0.34249997,-0.0032663875393549825,0.04825363788080635,-0.06769204733171506,,1000
1:91174619,1,91174619,G,A,0.49400002,-0.028917021023478456,0.04555948538404869,-0.6347091232422677,,1000
1:91177997,1,91177997,G,A,0.44050002,-0.10460336176677067,0.04443266261677526,-2.3541997171980946,,1000
1:91199915,1,91199915,G,A,0.1555,0.06769202701128119,0.061479314683324834,1.1010537017199613,,1000
1:91209575,1,91209575,G,A,0.089999974,0.11563240366116943,0.07814480056530422,1.4797197359859853,,1000
1:91223775,1,91223775,G,A,0.054499984,0.021118058970915725,0.1033779036629986,0.20428020130644592,,1000
1:91233770,1,91233770,G,A,0.37849998,0.004414308590562703,0.04640721167531068,0.09512117688620324,,1000
1:91245282,1,91245282,G,A,0.17650002,-0.050713690705867946,0.06126012866118993,-0.8278417269795344,,1000
1:91249361,1,91249361,G,A,0.375,-0.00029655020765338345,0.04604818870621724,-0.006439997228671546,,1000
1:91253745,1,91253745,G,A,0.13,-0.10116879574115033,0.0695049972421959,-1.4555614668772565,,1000
1:91272214,1,91272214,G,A,0.23949999,0.044486353040213276,0.05431801488743164,0.8189981377708032,,1000
1:91275925,1,91275925,G,A,0.054499984,-0.026230523191236234,0.09843288463605382,-0.26648130132750947,,1000
1:91299104,1,91299104,G,A,0.096000016,-0.0011667971111095205,0.07833769909384788,-0.014894452155298915,,1000
1:91312344,1,91312344,G,A,0.108500004,-0.04171618016314528,0.07315043680134797,-0.5702793036825251,,1000
1:91323774,1,91323774,G,A,0.40249997,-0.016157273039311092,0.046070064271439226,-0.35071088557885227,,1000
1:91326530,1,91326530,G,A,0.4525,0.009724961959026916,0.04565362321519185,0.21301621370088336,,1000
1:91335275,1,91335275,G,A,0.12949997,-0.11161910048749153,0.06956724598418709,-1.6044777812947058,,1000
1:91351454,1,91351454,G,A,0.3115,-0.016610302268459373,0.047148018029701505,-0.3523011774958493,,1000
1:91355425,1,91355425,G,A,0.112999976,0.029742959814644993,0.07081823855808965,0.419990110178297,,1000
1:91365897,1,91365897,G,A,0.3995,0.009304014377091649,0.046568723238885,0.19979105566980143,,1000
1:91403831,1,91403831,G,A,0.439,0.04519117907617529,0.04576393532006193,0.9874845500090647,,1000
1:91443926,1,91443926,G,A,0.41250002,-0.00375567873618079,0.04748229596413848,-0.07909640129907171,,1000
1:91444239,1,91444239,G,A,0.1595,0.0059941847493183995,0.06208946042960067,0.09654109905037472,,1000
1:91448241,1,91448241,G,A,0.21100003,0.017058988449910592,0.05541966878464299,0.30781469510762766,,1000
1:91449574,1,91449574,G,A,0.14099997,0.05058605641048753,0.06595361367261944,0.7669944616164113,,1000
1:91465832,1,91465832,G,A,0.04400003,-0.08207099757624747,0.11369380836959903,-0.7218598686522029,,1000
1:91485681,1,91485681,G,A,0.08050001,0.02639626205783188,0.08180686447032541,0.32266561282772116,,1000
1:91499350,1,91499350,G,A,0.48650002,-0.05846245771061498,0.04497505325107619,-1.2998863477547091,,1000
1:91544507,1,91544507,G,A,0.44450003,0.042458947487148686,0.04412195459029234,0.9623088523936438,,1000
1:91636053,1,91636053,G,A,0.10949999,-0.018208349540600684,0.07257702000798436,-0.25088312441868715,,1000
1:91636656,1,91636656,G,A,0.2385,0.05107075935264151,0.05213741203116824,0.9795415108465859,,1000
1:91639031,1,91639031,G,A,0.4975,-0.004281850983350614,0.04597877083941012,-0.09312669532436652,,1000
1:91693394,1,91693394,G,A,0.07499999,0.10976702719169246,0.08618847123441645,1.2735697201676401,,1000
1:91703290,1,91703290,G,A,0.35799998,-0.09603621600148772,0.04662983805317834,-2.059544274890352,,1000
1:91757998,1,91757998,G,A,0.0855,0.04311233937843263,0.07864671698736887,0.5481772288772935,,1000
1:91766136,1,91766136,G,A,0.20050001,0.12479740438931326,0.055757396056194,2.2382215314276626,,1000
1:91800601,1,91800601,G,A,0.07999998,-0.11873945248450107,0.08354739683544846,-1.4212226470486622,,1000
1:91838098,1,91838098,G,A,0.32599998,0.02423378283278699,0.049073789482336226,0.4938233441603236,,1000
1:91870719,1,91870719,G,A,0.37949997,0.008484992009118742,0.04636011293740954,0.1830235405287789,,1000
1:91883569,1,91883569,G,A,0.07499999,-0.02625468220684156,0.0844571387588514,-0.31086397896814827,,1000
1:91893488,1,91893488,G,A,0.282,0.016451712532047774,0.049953827094136524,0.3293383808420725,,1000
1:91905294,1,91905294,G,A,0.18800002,0.0014496825950621863,0.05915420745149835,0.024506838270985345,,1000
1:91952594,1,91952594,G,A,0.3675,0.09169300198041432,0.04716793377097604,1.9439690198351658,,1000
1:91959542,1,91959542,G,A,0.30449998,0.014922280282072476,0.04900800415984504,0.3044865943408306,,1000
1:91961123,1,91961123,G,A,0.061500013,0.006081750818716869,0.09383923939652877,0.06481031664182309,,1000
1:91992690,1,91992690,G,A,0.16350001,-0.0929555591588013,0.06102485920385217,-1.5232408623555418,,1000
1:91996210,1,91996210,G,A,0.2705,0.00403929700800135,0.0526582806731624,0.07670772680696356,,1000
1:92057629,1,92057629,G,A,0.088,-0.19270379960358255,0.0805593764863556,-2.3920716372006794,,1000
1:92078003,1,92078003,G,A,0.448,-0.0243184103891621,0.04673035480653303,-0.5203985822457808,,1000
1:92086333,1,92086333,G,A,0.42049998,0.03785096906488284,0.04679357117733439,0.8088925062256604,,1000
1:92098492,1,92098492,G,A,0.094500005,0.11850040162931187,0.07516096850415502,1.5766215362533678,,1000
1:92108543,1,92108543,G,A,0.41750002,-0.009381497761853123,0.044686013812947886,-0.20994259638202076,,1000
1:92122862,1,92122862,G,A,0.3115,-0.0407953681649559,0.049526472169722606,-0.823708339757251,,1000
1:92127434,1,92127434,G,A,0.407,0.08569191859897064,0.046162440662719156,1.8563125642569316,,1000
1:92157411,1,92157411,G,A,0.31800002,0.003769521067083656,0.04763104388586576,0.07914000533173786,,1000
1:92164580,1,92164580,G,A,0.4475,0.013746917889757512,0.04593015513966551,0.2993004889261871,,1000
1:92165224,1,92165224,G,A,0.2575,0.00047138565683981794,0.05227881394608065,0.009016762647408106,,1000
1:92168437,1,92168437,G,A,0.49550003,-0.01956976822325812,0.04524586771628941,-0.43252056399865696,,1000
1:92184933,1,92184933,G,A,0.448,0.08282920604066082,0.045894352344960976,1.80477993061286,,1000
1:92210535,1,92210535,G,A,0.329,0.053059442785118476,0.048483220448802745,1.0943877550615295,,1000
1:92294505,1,92294505,G,A,0.2245,-0.0926775594563803,0.055719300078333096,-1.6632936760887045,,1000
1:92336442,1,92336442,G,A,0.324,0.025655593856926267,0.04923333372176528,0.5211021053726519,,1000
1:92351587,1,92351587,G,A,0.38,-0.03788685178661903,0.04736317458464235,-0.7999221361083334,,1000
1:92379917,1,92379917,G,A,0.19700003,0.06739290941174911,0.056668125107689434,1.1892560285641849,,1000
1:92400749,1,92400749,G,A,0.2975,-0.044572665903853836,0.04940036628089925,-0.9022739963182813,,1000
1:92406062,1,92406062,G,A,0.48250002,-0.05038925967030886,0.04390380604179724,-1.1477196219010568,,1000
1:92412167,1,92412167,G,A,0.44599998,-0.07008053341517534,0.04549276378858887,-1.5404764973359106,,1000
1:92441161,1,92441161,G,A,0.33249998,0.03790578314763265,0.04714053045014081,0.8041017524765554,,1000
1:92479304,1,92479304,G,A,0.12599999,-0.024166781387489882,0.0698855697234333,-0.3458050278924253,,1000
1:92525564,1,92525564,G,A,0.38200003,0.05686245512494445,0.04635550696304325,1.2266601931519772,,1000
1:92526140,1,92526140,G,A,0.1685,-0.13166205094375757,0.06215972000022791,-2.1181249037684666,,1000
1:92538314,1,92538314,G,A,0.07999998,-0.04550228197741056,0.08477008912470838,-0.536772845790813,,1000
1:92540487,1,92540487,G,A,0.20200002,0.024134885228753303,0.05723590929359576,0.42167383250524865,,1000
1:92543849,1,92543849,G,A,0.17049998,-0.05716041344229158,0.060779991093105584,-0.9404478746094357,,1000
1:92548038,1,92548038,G,A,0.28250003,-0.02886459624053992,0.04948199533067087,-0.583335333339893,,1000
1:92556385,1,92556385,G,A,0.06099999,-0.11269338335302716,0.098373106992114,-1.1455710488239548,,1000
1:92572364,1,92572364,G,A,0.37800002,-0.006654490475800285,0.04768495873039002,-0.13955114260294668,,1000
1:92573560,1,92573560,G,A,0.23900002,0.1139988297044977,0.05217200009817711,2.185057684006269,,1000
1:92601714,1,92601714,G,A,0.17299998,-0.004239295104996824,0.06129287649509612,-0.0691645644226862,,1000
1:92603510,1,92603510,G,A,0.19099998,-0.034405873910712946,0.0588029028543555,-0.5851050244225234,,1000
1:92613229,1,92613229,G,A,0.069000006,0.01459495018787869,0.09041836480022285,0.1614157723392352,,1000
1:92637144,1,92637144,G,A,0.1505,0.026902057710722464,0.06570313895576328,0.40944859162414027,,1000
1:92642343,1,92642343,G,A,0.10799998,0.12559664371421794,0.07432734462393667,1.689777084728119,,1000
1:92649394,1,92649394,G,A,0.25550002,-0.009683248886681923,0.051333369455176775,-0.18863458583479764,,1000
1:92663038,1,92663038,G,A,0.29149997,0.10009182399554659,0.048965146051240006,2.0441442958386076,,1000
1:92733986,1,92733986,G,A,0.4155,0.04738363152415375,0.0455174253536435,1.040999818333549,,1000
1:92763661,1,92763661,G,A,0.3125,0.00974299643544613,0.04800570028274334,0.2029549903045255,,1000
1:92768681,1,92768681,G,A,0.31300002,-0.05343816109008963,0.04864385088419408,-1.0985594297891692,,1000
1:92786100,1,92786100,G,A,0.10500002,-0.05190458814598776,0.07470406055803457,-0.6948027691970664,,1000
1:92792002,1,92792002,G,A,0.2195,0.031000026423097883,0.05474016062180983,0.5663123029044732,,1000
1:92796687,1,92796687,G,A,0.40399998,0.04406566612442355,0.04662013405860891,0.9452067655795673,,1000
1:92800519,1,92800519,G,A,0.33850002,-0.0020071629839016215,0.04646912764620367,-0.043193472431488564,,1000
1:92800582,1,92800582,G,A,0.218,-0.07030750723740184,0.054575585143042546,-1.288259338917319,,1000
1:92815366,1,92815366,G,A,0.22750002,0.053354180140876055,0.053228559500274664,1.0023600232991603,,1000
1:92821908,1,92821908,G,A,0.10250002,-0.058478040710829106,0.07656072520270331,-0.7638125234054638,,1000
1:92886870,1,92886870,G,A,0.064499974,0.21221826488520218,0.09185709437130156,2.3103089242882087,,1000
1:92903550,1,92903550,G,A,0.0995,0.07819397062001206,0.0760236677727958,1.028547726133162,,1000
1:92910408,1,92910408,G,A,0.17750001,-0.07300910488306935,0.06009605666225538,-1.2148734698748427,,1000
1:92924888,1,92924888,G,A,0.20450002,-0.04080252882278288,0.05542341109729834,-0.7361966363122646,,1000
1:92935016,1,92935016,G,A,0.3535,-0.06090190383915236,0.04803338973746423,-1.2679076819692192,,1000
1:92942923,1,92942923,G,A,0.12050003,-0.03574870939657287,0.07116114327018566,-0.502362774876194,,1000
1:92956358,1,92956358,G,A,0.3915,-0.052879348569861664,0.04571894017322923,-1.1566179874140043,,1000
1:92962841,1,92962841,G,A,0.36400002,-0.053740167779579975,0.047062503497141826,-1.1418892703581673,,1000
1:92963021,1,92963021,G,A,0.112999976,-0.029010971187348973,0.0711633433357139,-0.4076673442742758,,1000
1:92981362,1,92981362,G,A,0.35900003,-0.050353372192465426,0.047245480330584684,-1.0657817814557984,,1000
1:92983351,1,92983351,G,A,0.18949997,-0.04713866572945356,0.0577182441943651,-0.8167030440273788,,1000
1:92992905,1,92992905,G,A,0.11199999,-0.1073024313319069,0.07348081570636095,-1.46027817329494,,1000
1:93028004,1,93028004,G,A,0.33350003,-0.048943687029574114,0.04831922999353373,-1.0129235717565026,,1000
1:93050124,1,93050124,G,A,0.41250002,0.038621781196959644,0.04473060116508949,0.8634308547389354,,1000
1:93053572,1,93053572,G,A,0.46899998,0.0684713804109787,0.045779461970417004,1.4956790111518865,,1000
1:93118770,1,93118770,G,A,0.30949998,0.0004078052316373617,0.05020247550025578,0.00812320961414112,,1000
1:93138348,1,93138348,G,A,0.28399998,-0.0035323173400126874,0.05060096650365984,-0.06980730970340662,,1000
1:93144812,1,93144812,G,A,0.265,0.014849505497283016,0.05232322105073533,0.28380335153457315,,1000
1:93154543,1,93154543,G,A,0.1685,0.10851903577639362,0.06197249467622325,1.7510838694384319,,1000
1:93198564,1,93198564,G,A,0.09249997,0.04013835459779393,0.0793574274725872,0.505792033287106,,1000
1:93262160,1,93262160,G,A,0.1925,-0.07613921728146163,0.05774147586207858,-1.3186226390078413,,1000
1:93313025,1,93313025,G,A,0.17400002,0.03972300608303075,0.05951621280032118,0.6674316831331778,,1000
1:93329835,1,93329835,G,A,0.37800002,0.03482130611416326,0.04756853017898971,0.7320240079552278,,1000
1:93365357,1,93365357,G,A,0.108500004,-0.007492710982802977,0.0731619701637323,-0.102412646434134,,1000
1:93372042,1,93372042,G,A,0.1275,0.010148105257234924,0.06869062864398812,0.14773638642660897,,1000
1:93389282,1,93389282,G,A,0.487,0.07790988568874811,0.04472478904201188,1.7419844197714174,,1000
1:93410763,1,93410763,G,A,0.092999995,0.001421380423863237,0.08069362864236361,0.01761453100792919,,1000
1:93421776,1,93421776,G,A,0.46499997,0.05090069654166952,0.0459448753567717,1.107864503851949,,1000
1:93424423,1,93424423,G,A,0.10100001,0.007774269134012278,0.07367957361129883,0.10551457823339096,,1000
1:93437617,1,93437617,G,A,0.2975,0.004851356309420539,0.05013315117228168,0.09676942693566058,,1000
1:93446148,1,93446148,G,A,0.2435,-0.009719186011975647,0.05431438853311565,-0.17894311755069894,,1000
1:93480812,1,93480812,G,A,0.21450001,0.03256313504949365,0.055164793854410255,0.5902883483156591,,1000
1:93481783,1,93481783,G,A,0.36049998,0.01933606688935053,0.04624968964427585,0.4180799274129547,,1000
1:93484898,1,93484898,G,A,0.35650003,-0.056738095352022934,0.04682832620200073,-1.2116191193184012,,1000
1:93526767,1,93526767,G,A,0.47000003,0.06318240740488534,0.045499968178375885,1.3886253097406152,,1000
1:93560814,1,93560814,G,A,0.37449998,-0.053689492065826946,0.047471431840545086,-1.1309853102002088,,1000
1:93569991,1,93569991,G,A,0.3305,0.01311272045438008,0.048235515150117834,0.2718478368805821,,1000
1:93580483,1,93580483,G,A,0.12949997,0.03496810793764951,0.06807474550817079,0.5136722535885558,,1000
1:93613219,1,93613219,G,A,0.291,-0.04445603156999065,0.05122415821206147,-0.8678723696336474,,1000
1:93616746,1,93616746,G,A,0.255,-0.056183035401509186,0.05251748405589823,-1.0697967812340257,,1000
1:93635925,1,93635925,G,A,0.35000002,0.024137851300702867,0.048563367518361884,0.4970382519617551,,1000
1:93644762,1,93644762,G,A,0.21200001,0.0022284229316200284,0.054284901211902235,0.041050510950021504,,1000
1:93691766,1,93691766,G,A,0.12400001,-0.0626579484179942,0.06678666176842875,-0.9381805701750725,,1000
1:93693515,1,93693515,G,A,0.44099998,0.005488121606833786,0.04493367892806947,0.12213826550056708,,1000
1:93719754,1,93719754,G,A,0.064499974,-0.027048792864434987,0.09286053658472823,-0.29128404658479445,,1000
1:93730770,1,93730770,G,A,0.13,0.04296074462398139,0.06739884691477123,0.6374106767480328,,1000
1:93746867,1,93746867,G,A,0.26700002,-0.06103626985630729,0.05123509577807968,-1.1912980532071324,,1000
1:93774760,1,93774760,G,A,0.4565,0.04376487691419347,0.04700179856183063,0.9311319620380271,,1000
1:93826588,1,93826588,G,A,0.110000014,0.004059530700570413,0.07322098909450342,0.05544217239855826,,1000
1:93831306,1,93831306,G,A,0.36699998,0.0538533455275122,0.046410205609474085,1.1603772235070358,,1000
1:93837988,1,93837988,G,A,0.2015,-0.00027655439063291754,0.05569699623006181,-0.004965337618757446,,1000
1:93842127,1,93842127,G,A,0.089999974,0.020937734172292756,0.08115145886189966,0.25800810565739507,,1000
1:93878235,1,93878235,G,A,0.467,-0.04891622067419576,0.047914188310633245,-1.0209130614311197,,1000
1:93900040,1,93900040,G,A,0.48400003,-0.050451137402838485,0.04613974204742113,-1.0934421209157656,,1000
1:93957367,1,93957367,G,A,0.11549997,-0.07397963844622518,0.07280088037510357,-1.0161915359408857,,1000
1:93966817,1,93966817,G,A,0.4525,0.04091765067158077,0.04600763386744228,0.8893665514178185,,1000
1:93982381,1,93982381,G,A,0.31699997,0.05095964229415283,0.04876253183884631,1.045057349822763,,1000
1:93986641,1,93986641,G,A,0.13999999,-0.06281485296065631,0.06551496708881752,-0.9587863010829157,,1000
1:94015782,1,94015782,G,A,0.348,0.038727080927743567,0.04593412415730066,0.8431004539266561,,1000
1:94027063,1,94027063,G,A,0.39749998,0.04430209709985047,0.04633698730220888,0.9560849696790407,,1000
1:94117049,1,94117049,G,A,0.27350003,-0.037507012052433286,0.05081246677616202,-0.7381458612835776,,1000
1:94153951,1,94153951,G,A,0.472,0.08677452926523059,0.04628208956065235,1.8749051758242934,,1000
1:94159766,1,94159766,G,A,0.28750002,0.04079102438907886,0.04979205705260798,0.8192275395648136,,1000
1:94185021,1,94185021,G,A,0.134,0.018471450871218296,0.06865752551974015,0.26903752693370014,,1000
1:94191849,1,94191849,G,A,0.4135,0.03806241406680568,0.04614714188168768,0.8248054487185865,,1000
1:94197656,1,94197656,G,A,0.37849998,-0.011077070052217027,0.0459319950329318,-0.24116239767672001,,1000
1:94206449,1,94206449,G,A,0.351,-0.03382573306332871,0.04784506743174431,-0.7069847505510247,,1000
1:94243230,1,94243230,G,A,0.45099998,-0.0295672451278692,0.046185405205680104,-0.6401858984715127,,1000
1:94249013,1,94249013,G,A,0.25550002,0.01956353901583225,0.05446304492394347,0.3592075882491023,,1000
1:94257536,1,94257536,G,A,0.36900002,-0.108865038447118,0.04751409730345965,-2.2912155470791444,,1000
1:94260646,1,94260646,G,A,0.46899998,0.06466778338907578,0.04664407489878742,1.3864093891753206,,1000
1:94269830,1,94269830,G,A,0.09899998,0.08007241972045115,0.07837559302539915,1.0216499375577561,,1000
1:94272886,1,94272886,G,A,0.23000002,0.0025075130384484686,0.053517320227375605,0.04685423387783542,,1000
1:94273360,1,94273360,G,A,0.14899999,0.025958220154204466,0.06559485869477077,0.39573559072662284,,1000
1:94308590,1,94308590,G,A,0.2065,-0.10582537262126882,0.05611699908438831,-1.8857988550337383,,1000
1:94329099,1,94329099,G,A,0.29799998,-0.04198543910507384,0.05012736728835175,-0.8375751884905019,,1000
1:94409908,1,94409908,G,A,0.4135,0.02083725851550892,0.04673759899325311,0.445835022858511,,1000
1:94436041,1,94436041,G,A,0.2055,0.06469843633554247,0.0542574902623018,1.1924332663152144,,1000
1:94455027,1,94455027,G,A,0.3035,-0.05166559331320728,0.049652839880319016,-1.0405365219338858,,1000
1:94484062,1,94484062,G,A,0.39349997,-0.08943042832684898,0.04754037146116671,-1.8811470246903754,,1000
1:94488386,1,94488386,G,A,0.4975,0.0753254977782492,0.04649026834981714,1.620242266864555,,1000
1:94499887,1,94499887,G,A,0.22000003,-0.06539384349420271,0.054386677105036654,-1.2023871833152813,,1000
1:94537778,1,94537778,G,A,0.1135,0.010596174653276443,0.07142214415931378,0.14835979482274692,,1000
1:94542874,1,94542874,G,A,0.32050002,0.10503033133369069,0.04812042577899322,2.1826559020086904,,1000
1:94553865,1,94553865,G,A,0.4465,-0.03642137809924661,0.04575166496461904,-0.796066725165351,,1000
1:94555919,1,94555919,G,A,0.16600001,0.030198026936251583,0.06156570815689612,0.4905007647974083,,1000
1:94562312,1,94562312,G,A,0.291,0.02159809794275281,0.050232171863226274,0.42996544130245423,,1000
1:94569233,1,94569233,G,A,0.2565,0.07066571842006196,0.05208986734819057,1.356611602554151,,1000
1:94597310,1,94597310,G,A,0.467,0.04816929943113519,0.045461836207647446,1.0595546385570829,,1000
1:94604918,1,94604918,G,A,0.28149998,0.03330307319535718,0.04958138093892044,0.6716850673518635,,1000
1:94640289,1,94640289,G,A,0.26599997,-0.02448900466340656,0.0498862618629379,-0.49089676694337014,,1000
1:94754941,1,94754941,G,A,0.120000005,-0.05339433776751743,0.0698851125013536,-0.7640302184028571,,1000
1:94766207,1,94766207,G,A,0.2425,0.06694214443097138,0.052235851285738454,1.2815363927886836,,1000
1:94770078,1,94770078,G,A,0.20200002,-0.06474528793269185,0.05547751981446065,-1.1670544780881766,,1000
1:94779348,1,94779348,G,A,0.16549999,-0.004271064776500338,0.059474236217339584,-0.07181369695766043,,1000
1:94783768,1,94783768,G,A,0.31199998,-0.05459222823091117,0.04941071992430312,-1.1048660759152282,,1000
1:94790656,1,94790656,G,A,0.39749998,0.053800176968746956,0.046715947286225155,1.151644782864345,,1000
1:94804868,1,94804868,G,A,0.13050002,0.034819289173825665,0.06854181247933842,0.5080007066390572,,1000
1:94818477,1,94818477,G,A,0.12699997,-0.004514426265042862,0.06845682850852679,-0.06594559466745611,,1000
1:94892392,1,94892392,G,A,0.097500026,-0.002582680476896864,0.07791523678617542,-0.03314730960754921,,1000
1:94910155,1,94910155,G,A,0.3865,0.022007749143762346,0.04794332468223413,0.4590367749760486,,1000
1:94919178,1,94919178,G,A,0.411,0.03684990004835042,0.04686386477348401,0.7863179920491836,,1000
1:94923792,1,94923792,G,A,0.41799998,-0.07306413907258509,0.04610332775417593,-1.5847910038547515,,1000
1:94962819,1,94962819,G,A,0.4875,0.03707869376742362,0.04627627648183862,0.8012462666907818,,1000
1:94975402,1,94975402,G,A,0.23750001,0.060656865944534885,0.05370783255268148,1.1293858467484639,,1000
1:95000617,1,95000617,G,A,0.2155,-0.04082842859823574,0.05497568029433137,-0.7426634537243848,,1000
1:95009779,1,95009779,G,A,0.4865,-0.10830278342638897,0.04436270998285376,-2.441302243894661,,1000
1:95015783,1,95015783,G,A,0.12599999,-0.009959940529338358,0.06799546061483065,-0.14647949200252894,,1000
1:95019915,1,95019915,G,A,0.065,0.07303355208652103,0.09179567376490815,0.7956099573228521,,1000
1:95042580,1,95042580,G,A,0.21149999,0.09102193340067934,0.05634634722915307,1.6154007824234868,,1000
1:95043394,1,95043394,G,A,0.07999998,0.1680724142641762,0.08290344167095356,2.02732734463861,,1000
1:95048426,1,95048426,G,A,0.21249998,0.08716902313176247,0.05632613898329487,1.5475767504251436,,1000
1:95057281,1,95057281,G,A,0.23949999,0.013851794394243288,0.054334498641410135,0.2549355334197631,,1000
1:95096925,1,95096925,G,A,0.3585,0.04402343851270282,0.046828147970407394,0.9401063339195694,,1000
1:95112670,1,95112670,G,A,0.384,-0.04996417335124687,0.048868462468750706,-1.0224216361052247,,1000
1:95150969,1,95150969,G,A,0.33749998,-0.1255685090038359,0.047471792650941834,-2.6451183322091087,,1000
1:95184673,1,95184673,G,A,0.3625,-0.0013075469498239592,0.04633899849351566,-0.028216987684939455,,1000
1:95192947,1,95192947,G,A,0.227,-0.04518657474687512,0.0533889775095187,-0.8463652396942575,,1000
1:95197394,1,95197394,G,A,0.24699998,0.030093153945915333,0.05324763019515802,0.565154802863918,,1000
1:95211226,1,95211226,G,A,0.35799998,0.05405144800316523,0.04630890363399576,1.16719342851135,,1000
1:95222451,1,95222451,G,A,0.123000026,-0.06161543679884461,0.07104545772369496,-0.8672677856264235,,1000
1:95257137,1,95257137,G,A,0.37550002,0.15620248206735748,0.046682751329068184,3.3460427592684345,,1000
1:95260107,1,95260107,G,A,0.45450002,0.03863715026513464,0.0461633583740817,0.8369657586876819,,1000
1:95268889,1,95268889,G,A,0.125,0.14590883485803666,0.06861038275778303,2.1266290755605066,,1000
1:95277508,1,95277508,G,A,0.24299997,-0.014278004207419497,0.05592859506213803,-0.25528987795163255,,1000
1:95282727,1,95282727,G,A,0.302,-0.03823504808134456,0.051896336804707836,-0.7367581304481595,,1000
1:95289627,1,95289627,G,A,0.34649998,-0.02154584031200225,0.048523189749332646,-0.4440318211417372,,1000
1:95330966,1,95330966,G,A,0.17299998,-0.03737395277193126,0.06062658549826775,-0.6164614494576661,,1000
1:95415948,1,95415948,G,A,0.301,-0.08283195830062313,0.04954883647903711,-1.6717235799405157,,1000
1:95450772,1,95450772,G,A,0.463,0.06157544774294701,0.045958787515059475,1.3397970458374335,,1000
1:95481109,1,95481109,G,A,0.21249998,-0.02712322502887525,0.054734633783403056,-0.49554044951150666,,1000
1:95482485,1,95482485,G,A,0.3085,0.02243042676800046,0.04957105534818468,0.45249040211974983,,1000
1:95488904,1,95488904,G,A,0.3225,0.04621249702820937,0.04882721195808686,0.9464496368926009,,1000
1:95499876,1,95499876,G,A,0.44700003,0.14317356842095202,0.0455777964486469,3.14130079944228,,1000
1:95500519,1,95500519,G,A,0.17199999,-0.07194714908763815,0.061770039245414674,-1.1647580277841405,,1000
1:95534049,1,95534049,G,A,0.44,0.009296610637685752,0.044953872202588945,0.20680333377711452,,1000
1:95540568,1,95540568,G,A,0.3215,-0.005630814553265549,0.047837979969007384,-0.1177059432048252,,1000
1:95575706,1,95575706,G,A,0.38700002,0.05318101586861628,0.04521856017899494,1.1760882181587038,,1000
1:95632208,1,95632208,G,A,0.086000025,-0.02265071103575229,0.08251962723544194,-0.2744887706669605,,1000
1:95640774,1,95640774,G,A,0.2015,-0.04086424779123052,0.05653364875494071,-0.7228305388241762,,1000
1:95660433,1,95660433,G,A,0.11400002,-0.0766415649942423,0.07093892530878959,-1.0803880191394177,,1000
1:95672412,1,95672412,G,A,0.2885,-0.1477404176132793,0.04996998110526189,-2.956583419594731,,1000
1:95672805,1,95672805,G,A,0.43,-0.05416492922938671,0.046942451010030826,-1.1538581404241666,,1000
1:95723192,1,95723192,G,A,0.23250002,0.07186447470276787,0.05419481493760457,1.3260396734541244,,1000
1:95724776,1,95724776,G,A,0.16149998,0.03934784749882256,0.062375559746404116,0.6308215534865949,,1000
1:95743481,1,95743481,G,A,0.19150001,0.04540993008312647,0.058004422224952265,0.7828701388838606,,1000
1:95754819,1,95754819,G,A,0.296,0.0033186591262309166,0.050099259115105446,0.06624168071240612,,1000
1:95779594,1,95779594,G,A,0.39,-0.02984033475305471,0.04700425813426956,-0.6348432235184861,,1000
1:95782136,1,95782136,G,A,0.36,-0.0005873094088788297,0.04691394711865812,-0.012518865816030457,,1000
1:95785738,1,95785738,G,A,0.47899997,-0.00024236891499054253,0.045460581482207614,-0.00533140815819527,,1000
1:95790833,1,95790833,G,A,0.43800002,-0.07626853810401263,0.04484514718128062,-1.7007088369162238,,1000
1:95809239,1,95809239,G,A,0.0995,0.09568750537246297,0.07775986883716468,1.2305512702553574,,1000
1:95837426,1,95837426,G,A,0.36900002,0.061470187591835534,0.04668771002281768,1.3166246012450218,,1000
1:95855582,1,95855582,G,A,0.23449999,-0.06197823554734576,0.052854278324740316,-1.1726247621157029,,1000
1:95856758,1,95856758,G,A,0.20499998,-0.036054811308214404,0.05557665158274744,-0.6487402583894931,,1000
1:95875022,1,95875022,G,A,0.269,-0.007643545346513694,0.0515516359636872,-0.14826969510526847,,1000
1:95891673,1,95891673,G,A,0.39450002,-0.0027649686138113377,0.044742731223341756,-0.061797045871193626,,1000
1:95927381,1,95927381,G,A,0.251,0.11044075287476353,0.05299372200643819,2.08403464963918,,1000
1:95939749,1,95939749,G,A,0.4375,0.02113957381935313,0.0449597050862555,0.4701893346230077,,1000
1:95958133,1,95958133,G,A,0.268,0.05945643706061667,0.05177413296464776,1.148381125014967,,1000
1:95973789,1,95973789,G,A,0.09649998,0.09642499923933781,0.07767911188992949,1.241324686821485,,1000
1:95974198,1,95974198,G,A,0.34399998,0.020804352518412027,0.049203453684172165,0.4228230126273514,,1000
1:96007692,1,96007692,G,A,0.3965,0.02404895407789845,0.04545805411069573,0.529036153182809,,1000
1:96047516,1,96047516,G,A,0.19450003,-0.018345926655566003,0.05715737450203311,-0.3209721722769724,,1000
1:96060650,1,96060650,G,A,0.120000005,0.01980073963915649,0.06893576781678362,0.28723462820901013,,1000
1:96081192,1,96081192,G,A,0.325,0.07820013411796801,0.04798959359703729,1.6295227414219198,,1000
1:96095360,1,96095360,G,A,0.20850003,-0.014572850111806819,0.05375991026777842,-0.2710728131654121,,1000
1:96106031,1,96106031,G,A,0.497,0.11107992707065568,0.046177134235674364,2.4055179887027367,,1000
1:96117012,1,96117012,G,A,0.40100002,0.03247610156520299,0.047346922587258464,0.68591789688867,,1000
1:96123722,1,96123722,G,A,0.26700002,0.03305166779778986,0.05062351698809561,0.6528915761732267,,1000
1:96127355,1,96127355,G,A,0.491,-0.07829658790370704,0.04569325089773717,-1.7135263165874781,,1000
1:96159869,1,96159869,G,A,0.20850003,-0.048593415212517706,0.0551406776187212,-0.8812625689608757,,1000
1:96231291,1,96231291,G,A,0.23449999,0.021198554826314553,0.055326365130737215,0.3831546637163309,,1000
1:96231368,1,96231368,G,A,0.34649998,-0.013851014040694692,0.04725633465508209,-0.29310385881155326,,1000
1:96251454,1,96251454,G,A,0.301,0.015534065004557167,0.049381995740061406,0.31456940473458983,,1000
1:96287284,1,96287284,G,A,0.18849999,-0.03621997560008289,0.05795826869477385,-0.6249319797806326,,1000
1:96292969,1,96292969,G,A,0.25599998,0.00129571822042491,0.05120591652532686,0.025304072426553234,,1000
1:96302108,1,96302108,G,A,0.4525,0.005335519441905889,0.04459240825097716,0.11965084755854088,,1000
1:96318452,1,96318452,G,A,0.13950002,-0.06095799622018241,0.06503901298575708,-0.9372527875466318,,1000
1:96319576,1,96319576,G,A,0.19450003,0.009702313039828898,0.05734028728236581,0.1692058672822992,,1000
1:96337131,1,96337131,G,A,0.12800002,-0.01650633399258608,0.06830402988772627,-0.24165973837441393,,1000
1:96337875,1,96337875,G,A,0.26700002,0.07512924987856354,0.05256778015716308,1.4291881767491021,,1000
1:96355771,1,96355771,G,A,0.111500025,0.03480054077524087,0.07180376075511902,0.48466181171102346,,1000
1:96362499,1,96362499,G,A,0.13200003,0.015125064415429771,0.06655609740359916,0.22725287397352495,,1000
1:96363346,1,96363346,G,A,0.42400002,0.02883683955962604,0.04533148043916835,0.6361327554330163,,1000
1:96383191,1,96383191,G,A,0.34649998,-0.06453173035195864,0.047316310246846814,-1.3638369098372176,,1000
1:96396875,1,96396875,G,A,0.13499999,0.030649795068334065,0.06643796185730054,0.4613295503279517,,1000
1:96414083,1,96414083,G,A,0.21749997,-0.00319494579824403,0.055108432104904126,-0.057975625076070895,,1000
1:96428274,1,96428274,G,A,0.462,0.04762651273334194,0.04617845458785002,1.03135787367542,,1000
1:96430693,1,96430693,G,A,0.4565,0.0008638020163520902,0.04522726565547176,0.019099143046415502,,1000
1:96432868,1,96432868,G,A,0.325,-0.022730960502601625,0.04837200117847807,-0.4699197872490586,,1000
1:96435124,1,96435124,G,A,0.18150002,-0.00234371892463102,0.0594954313201456,-0.03939325882048727,,1000
1:96471345,1,96471345,G,A,0.231,-0.05369757078865901,0.05377662700130988,-0.9985299150010106,,1000
1:96504947,1,96504947,G,A,0.32200003,0.043512871974673364,0.05009692059390395,0.8685737857501811,,1000
1:96528175,1,96528175,G,A,0.29400003,-0.01418726639152601,0.04900045734684773,-0.2895333464155656,,1000
1:96555358,1,96555358,G,A,0.288,0.055951623349476155,0.049549604117400746,1.1292042458483973,,1000
1:96647041,1,96647041,G,A,0.25599998,-0.017474878399245837,0.05268813034849642,-0.3316663218766981,,1000
1:96662503,1,96662503,G,A,0.09100002,-0.03748003030054717,0.07933442194247164,-0.4724308740501738,,1000
1:96680502,1,96680502,G,A,0.12099999,-0.00936926882233808,0.06973505377865058,-0.13435522473500244,,1000
1:96693598,1,96693598,G,A,0.44599998,0.012239983305377074,0.046101410756784755,0.26550127435255794,,1000
1:96719188,1,96719188,G,A,0.445,-0.0277432499694685,0.04640156922652766,-0.5978946495112875,,1000
1:96762844,1,96762844,G,A,0.46600002,-0.024110401401050776,0.04652563665020196,-0.5182175492260807,,1000
1:96807358,1,96807358,G,A,0.277,0.07450407701427993,0.05120165161909809,1.4551108149505492,,1000
1:96853576,1,96853576,G,A,0.44849998,-0.004019770129856342,0.04527351440375199,-0.08878855955399848,,1000
1:96861129,1,96861129,G,A,0.4425,-0.033182607955839966,0.04476090061820451,-0.7413302122510111,,1000
1:96872544,1,96872544,G,A,0.2195,-0.12163273543467093,0.05477259208504379,-2.220686127941788,,1000
1:96913748,1,96913748,G,A,0.1315,0.04396852625113099,0.06808290137587396,0.6458086444992751,,1000
1:96913965,1,96913965,G,A,0.37199998,0.04700657248016022,0.04745453084906904,0.9905602613513645,,1000
1:96946088,1,96946088,G,A,0.38450003,0.024153831984144645,0.04803988253406826,0.5027870741985175,,1000
1:96949040,1,96949040,G,A,0.45599997,-0.06234467921532503,0.045236704065826215,-1.3781879229000444,,1000
1:96953083,1,96953083,G,A,0.06099999,0.23901588664545712,0.09465380656430751,2.5251587370981268,,1000
1:96965755,1,96965755,G,A,0.21149999,-0.06572849117313406,0.05638158874542568,-1.1657793374697465,,1000
1:96971360,1,96971360,G,A,0.06999999,0.05964084379806087,0.08852097329864377,0.6737481703556306,,1000
1:97042182,1,97042182,G,A,0.15200001,-0.05856072479419913,0.062488048233146645,-0.937150806434305,,1000
1:97081235,1,97081235,G,A,0.255,0.04285467667286205,0.05055022371006971,0.8477643327288641,,1000
1:97084643,1,97084643,G,A,0.08850002,-0.05996929855210761,0.08010339526910967,-0.7486486477962515,,1000
1:97101536,1,97101536,G,A,0.435,-0.034577537404707995,0.04682673100794519,-0.7384145051432515,,1000
1:97109466,1,97109466,G,A,0.16900003,0.04807739016736291,0.06178280718743711,0.7781677841459258,,1000
1:97117136,1,97117136,G,A,0.2625,0.030934388281448327,0.05300063233143415,0.5836607398946342,,1000
1:97119436,1,97119436,G,A,0.43300003,0.014602151189230438,0.0459266712442266,0.3179449063830434,,1000
1:97136682,1,97136682,G,A,0.100000024,-0.1384885957410051,0.07581022841680943,-1.8267798242156197,,1000
1:97147243,1,97147243,G,A,0.29299998,-0.08173244251762384,0.050835785687339013,-1.6077737643382157,,1000
1:97148567,1,97148567,G,A,0.449,0.020102577237961047,0.045126609066464464,0.4454705916049017,,1000
1:97163885,1,97163885,G,A,0.236,-0.029834990565425084,0.05530793422082806,-0.5394341876213072,,1000
1:97169329,1,97169329,G,A,0.1735,-0.08670695905306394,0.060118134707363886,-1.4422762694672093,,1000
1:97218461,1,97218461,G,A,0.4935,-0.050763740107214385,0.04522550144655945,-1.1224583140819162,,1000
1:97219179,1,97219179,G,A,0.07849997,-0.07727914577897987,0.08596178070859503,-0.8989942407190384,,1000
1:97223098,1,97223098,G,A,0.2155,7.217297876396194e-05,0.05467321989502305,0.001320079170433712,,1000
1:97224671,1,97224671,G,A,0.4285,-0.004864975806305485,0.04599857537481454,-0.10576361912654343,,1000
1:97270618,1,97270618,G,A,0.11799997,-0.03777841618418501,0.07126713903923769,-0.530095871582347,,1000
1:97271235,1,97271235,G,A,0.097,-0.05845319577217504,0.07757863244756062,-0.7534703039743135,,1000
1:97278999,1,97278999,G,A,0.25349998,-0.03503660358261916,0.051317604934543896,-0.6827404285002913,,1000
1:97333683,1,97333683,G,A,0.19700003,-0.06623846724868665,0.05632108786279042,-1.1760864316054578,,1000
1:97357396,1,97357396,G,A,0.42799997,-0.04077891955189978,0.04804867484564399,-0.8487001916889853,,1000
1:97359076,1,97359076,G,A,0.17299998,0.08153229140720078,0.060369307349328494,1.3505586694147764,,1000
1:97386989,1,97386989,G,A,0.3355,-0.05533241033742825,0.047848085798863495,-1.1564184734583995,,1000
1:97447073,1,97447073,G,A,0.2855,-0.029950647569324695,0.04976503645876879,-0.6018411660190249,,1000
1:97453339,1,97453339,G,A,0.33200002,0.010600035871574433,0.048180811796919125,0.22000533980733472,,1000
1:97463613,1,97463613,G,A,0.2605,-0.08105031487427823,0.050524575615810315,-1.6041760645470065,,1000
1:97471422,1,97471422,G,A,0.10350001,0.15913311203919753,0.07450162717418295,2.1359682744532313,,1000
1:97480309,1,97480309,G,A,0.06400001,-0.06727332386725261,0.0939169697337154,-0.7163063720858325,,1000
1:97483913,1,97483913,G,A,0.2845,0.06584439582303668,0.05227421070418229,1.2595961744051485,,1000
1:97530332,1,97530332,G,A,0.34399998,-0.08583978508282257,0.04802176103137745,-1.7875184757746554,,1000
1:97532312,1,97532312,G,A,0.39349997,0.04515761029998205,0.04649755764568406,0.9711824144417963,,1000
1:97542622,1,97542622,G,A,0.3725,0.0007038752631724531,0.04689530596681583,0.015009503588067664,,1000
1:97545292,1,97545292,G,A,0.399,-0.0006222946506642752,0.044885145033992,-0.013864155951662958,,1000
1:97552342,1,97552342,G,A,0.065,-0.11188765314842117,0.09328680953875985,-1.199394144806001,,1000
1:97576440,1,97576440,G,A,0.14999998,0.024051934690772856,0.0639206613316169,0.37627793877151444,,1000
1:97604557,1,97604557,G,A,0.37449998,0.04358635946826302,0.045817254024182304,0.9513088550714579,,1000
1:97611640,1,97611640,G,A,0.10699999,-0.07902006332093445,0.07422120824530085,-1.0646561163457944,,1000
1:97618115,1,97618115,G,A,0.14950001,0.07526963821210754,0.064965639752684,1.158606895870641,,1000
1:97636745,1,97636745,G,A,0.339,0.031010486939026013,0.048876312730675796,0.6344686251171149,,1000
1:97645785,1,97645785,G,A,0.408,0.08623167864173059,0.047210418423504825,1.8265391733702174,,1000
1:97663675,1,97663675,G,A,0.125,-0.04929190459669915,0.06874796079435941,-0.7169944246658067,,1000
1:97679571,1,97679571,G,A,0.296,-0.04171850697076309,0.05069912739461129,-0.8228643985536774,,1000
1:97684849,1,97684849,G,A,0.16000003,0.13503883558410523,0.06167133180658361,2.1896533061361487,,1000
1:97695395,1,97695395,G,A,0.15499997,-0.06231977432400104,0.06365688156761694,-0.9789950872444858,,1000
1:97709344,1,97709344,G,A,0.24199998,0.03222663019575151,0.054467522879784604,0.5916668960121242,,1000
1:97713192,1,97713192,G,A,0.338,-0.014414904528400881,0.0479699695343274,-0.30049851330602884,,1000
1:97814585,1,97814585,G,A,0.319,-0.0521862690302009,0.04962838062457046,-1.0515408396050718,,1000
1:97835284,1,97835284,G,A,0.097,-0.10420739284351029,0.0770838216899847,-1.3518711262476193,,1000
1:97840528,1,97840528,G,A,0.1925,-0.027015673237425514,0.05873838801369573,-0.45993215256650233,,1000
1:97868750,1,97868750,G,A,0.45999998,0.055378900975088206,0.04518575445580233,1.2255831874901222,,1000
1:97916578,1,97916578,G,A,0.314,-0.01746565802879631,0.04825919129382906,-0.36191360776138115,,1000
1:97935969,1,97935969,G,A,0.3345,-0.014029362274261353,0.047425587879517124,-0.2958184157864823,,1000
1:97966397,1,97966397,G,A,0.139,0.23323295770811417,0.06696020191877679,3.4831579210443158,,1000
1:98000185,1,98000185,G,A,0.4975,-0.07162117138910382,0.04528040494555081,-1.5817255052208012,,1000
1:98023087,1,98023087,G,A,0.14249998,-0.027397076263516822,0.06524631451795798,-0.419902280549137,,1000
1:98082552,1,98082552,G,A,0.16500002,0.14700104726447552,0.06102555942125548,2.4088439116098357,,1000
1:98090212,1,98090212,G,A,0.287,-0.028890076959473827,0.050646096936831836,-0.5704304715821809,,1000
1:98102805,1,98102805,G,A,0.2935,-0.01075880687233051,0.05041034079761719,-0.21342460102628505,,1000
1:98116601,1,98116601,G,A,0.061500013,0.020685290310136474,0.09464357133073047,0.21855990871109515,,1000
1:98129092,1,98129092,G,A,0.376,0.053512829165009684,0.047549473491851596,1.125413705667635,,1000
1:98138204,1,98138204,G,A,0.10250002,-0.14006034018118346,0.0751863987844726,-1.862841450654883,,1000
1:98138588,1,98138588,G,A,0.084500015,0.023539898692303184,0.08251314909208309,0.2852866355401502,,1000
1:98149956,1,98149956,G,A,0.28100002,0.0765332916587533,0.05037024673372363,1.5194146668238002,,1000
1:98158748,1,98158748,G,A,0.07550001,-0.08494353655122691,0.08662183243398572,-0.9806250244816994,,1000
1:98159689,1,98159689,G,A,0.16049999,0.006303215886041235,0.062237553964614355,0.10127672899267502,,1000
1:98164034,1,98164034,G,A,0.22750002,0.031165729826781532,0.0554086782772504,0.5624701905148585,,1000
1:98175526,1,98175526,G,A,0.33099997,-0.03467390718841583,0.0482422935040872,-0.7187449988354756,,1000
1:98208176,1,98208176,G,A,0.398,-0.1143072057769114,0.04558438854112625,-2.507595460533235,,1000
1:98309742,1,98309742,G,A,0.1735,0.07041049714145194,0.061894326009724915,1.1375921135386295,,1000
1:98328227,1,98328227,G,A,0.2905,-0.018097278768203044,0.05022361098390179,-0.36033408219101926,,1000
1:98356099,1,98356099,G,A,0.47649997,0.022140976177312855,0.04561191933951408,0.48542083950700793,,1000
1:98388389,1,98388389,G,A,0.2335,0.07826781021710368,0.054485763272249695,1.436481853544419,,1000
1:98437176,1,98437176,G,A,0.36799997,0.09350531389419116,0.04668630103860501,2.002842628651848,,1000
1:98447023,1,98447023,G,A,0.1825,-0.04456109291684849,0.059022939398432346,-0.7549792228414846,,1000
1:98475025,1,98475025,G,A,0.33999997,-0.06515887499417523,0.047791241795287175,-1.3634061921488034,,1000
1:98494732,1,98494732,G,A,0.403,-0.026938838788979895,0.045537561424646766,-0.5915740313314078,,1000
1:98495676,1,98495676,G,A,0.4475,-0.03624487469022902,0.0460115629371624,-0.7877340471943616,,1000
1:98513417,1,98513417,G,A,0.48799998,0.013539883459534571,0.04623912699228361,0.29282307734300667,,1000
1:98552585,1,98552585,G,A,0.19150001,-0.021061548067320992,0.059382477372543464,-0.3546761435227552,,1000
1:98564006,1,98564006,G,A,0.1415,-0.0829937854095846,0.06504753222586436,-1.275894450867183,,1000
1:98609787,1,98609787,G,A,0.39850003,-0.035732960383468834,0.045926881213425266,-0.7780402117316739,,1000
1:98621292,1,98621292,G,A,0.32050002,-0.03288444687295724,0.05079493720425575,-0.6473961517212405,,1000
1:98683380,1,98683380,G,A,0.245,-0.046571120110793465,0.053386615869463874,-0.8723369959366775,,1000
1:98689998,1,98689998,G,A,0.058499992,-0.004648183768288578,0.09656491634439432,-0.04813532641307372,,1000
1:98699317,1,98699317,G,A,0.18150002,-0.04813017408891858,0.05887626455154228,-0.8174800907551427,,1000
1:98699386,1,98699386,G,A,0.108500004,0.03533687384177871,0.07392036792409933,0.4780397451222408,,1000
1:98716168,1,98716168,G,A,0.2515,0.008987731515478334,0.05031469244361094,0.17863035783337305,,1000
1:98727226,1,98727226,G,A,0.4325,-0.01747678893954667,0.046951777984105214,-0.3722284797279277,,1000
1:98750924,1,98750924,G,A,0.20300001,0.07517724864226386,0.054314716795165585,1.3841045867140596,,1000
1:98752513,1,98752513,G,A,0.21600002,-0.013603677355234971,0.05497821485351728,-0.24743759671863305,,1000
1:98798221,1,98798221,G,A,0.41149998,0.01907043745371051,0.04575666251564883,0.41677946784664194,,1000
1:98806998,1,98806998,G,A,0.2525,0.014754689101069814,0.053399419437516506,0.2763080433549377,,1000
1:98808333,1,98808333,G,A,0.3535,-0.04083492045084756,0.04837913655130834,-0.8440605467925251,,1000
1:98814053,1,98814053,G,A,0.1325,-0.09127263880176356,0.0675919445501655,-1.350347876647086,,1000
1:98816022,1,98816022,G,A,0.14499998,0.008935061891563756,0.06319481180136044,0.1413891684597343,,1000
1:98820871,1,98820871,G,A,0.34249997,-0.13520410408665076,0.04930503108057435,-2.7421969142601292,,1000
1:98871650,1,98871650,G,A,0.097,-0.056901612582592104,0.0771333371824761,-0.7377045342661456,,1000
1:98881317,1,98881317,G,A,0.12099999,-0.0739125465825177,0.06937179113318286,-1.0654553583691866,,1000
1:98915452,1,98915452,G,A,0.21100003,-0.040839445052240554,0.05607532654147905,-0.7282961610938016,,1000
1:98928586,1,98928586,G,A,0.134,-0.04510898212004564,0.0668468857897177,-0.6748105253840299,,1000
1:98949216,1,98949216,G,A,0.48049998,0.034553704326402354,0.04622555279635169,0.7475022414254281,,1000
1:98953877,1,98953877,G,A,0.17500001,0.1699179540828617,0.060701545105661864,2.799236062065458,,1000
1:99017427,1,99017427,G,A,0.49299997,0.033205445645948455,0.045109645864642285,0.7361052167331567,,1000
1:99041729,1,99041729,G,A,0.4005,-0.0563667800179469,0.04639973081958304,-1.2148083409604018,,1000
1:99052377,1,99052377,G,A,0.18650001,0.046373581072683474,0.05901202194650535,0.7858327768318347,,1000
1:99065242,1,99065242,G,A,0.29799998,0.06813741485061257,0.048925097906889155,1.392688369889151,,1000
1:99088365,1,99088365,G,A,0.20249999,0.023815467471267462,0.05650999741271019,0.421438127086357,,1000
1:99136587,1,99136587,G,A,0.37849998,-0.0433294772168935,0.04638714923820471,-0.9340836401562506,,1000
1:99148149,1,99148149,G,A,0.2105,-0.12375628383187957,0.05631088091813972,-2.197733045799561,,1000
1:99157605,1,99157605,G,A,0.24900001,0.10917864879436955,0.05242709064623148,2.0824853610719565,,1000
1:99166686,1,99166686,G,A,0.38099998,0.055154140748101675,0.04564969165542017,1.2082040151426303,,1000
1:99204498,1,99204498,G,A,0.26849997,0.058068084540438325,0.05164702278969314,1.124325883737612,,1000
1:99223554,1,99223554,G,A,0.38349998,0.003172755710865093,0.046370769949649934,0.06842145848149854,,1000
1:99231167,1,99231167,G,A,0.21249998,0.021519949991381855,0.055878207319630696,0.38512241218271215,,1000
1:99239567,1,99239567,G,A,0.21700001,-0.12326433125178182,0.055807678546811956,-2.208734254165162,,1000
1:99258630,1,99258630,G,A,0.2015,0.004251959428548361,0.055864047708864946,0.07611262704606396,,1000
1:99276817,1,99276817,G,A,0.4845,0.05114732444575761,0.04490646001052826,1.1389747585039254,,1000
1:99294097,1,99294097,G,A,0.27249998,0.048349175712700004,0.05066565092710713,0.9542791778647067,,1000
1:99325369,1,99325369,G,A,0.13999999,0.03937185227506834,0.06396344643914115,0.6155367552392476,,1000
1:99329606,1,99329606,G,A,0.2935,-0.03538411868608006,0.0492080295640721,-0.7190720498167398,,1000
1:99380749,1,99380749,G,A,0.264,0.06043634964013779,0.05187302790688036,1.165082357417613,,1000
1:99388759,1,99388759,G,A,0.397,0.0422388796269332,0.04813864757737354,0.87744217489788,,1000
1:99393569,1,99393569,G,A,0.4845,-0.02950523443418404,0.047082820454391765,-0.6266666726723646,,1000
1:99399695,1,99399695,G,A,0.097500026,0.04721725921564934,0.07613933398414516,0.6201427927578353,,1000
1:99402014,1,99402014,G,A,0.49299997,-0.0377456303764337,0.04555538570423662,-0.8285657072797736,,1000
1:99412719,1,99412719,G,A,0.13800001,-0.0689753932711603,0.06547837730440466,-1.0534071873910107,,1000
1:99420083,1,99420083,G,A,0.176,-0.1291893394789091,0.06073699150585068,-2.1270289534585283,,1000
1:99463912,1,99463912,G,A,0.40399998,0.012299025280557744,0.04615814584225775,0.2664540582411782,,1000
1:99471733,1,99471733,G,A,0.12900001,0.09451703471311866,0.06871058407500233,1.3755818842981573,,1000
1:99480844,1,99480844,G,A,0.42299998,-0.04716936933774821,0.04685618280341524,-1.0066839959124911,,1000
1:99483855,1,99483855,G,A,0.351,-0.02765206702323106,0.046727908919872815,-0.5917676964883607,,1000
1:99488881,1,99488881,G,A,0.40249997,-0.08685306164003367,0.047269041227766165,-1.8374195749292157,,1000
1:99508799,1,99508799,G,A,0.302,0.020998437110752718,0.0495205158052226,0.4240351048309992,,1000
1:99530870,1,99530870,G,A,0.49049997,-0.04832363683872207,0.04587575624587995,-1.0533589153216838,,1000
1:99543167,1,99543167,G,A,0.3125,0.0761079161002011,0.0497504991406739,1.529792010427861,,1000
1:99544110,1,99544110,G,A,0.2195,0.057134716810610754,0.05349575054488647,1.0680234640818984,,1000
1:99548438,1,99548438,G,A,0.44099998,0.014991825220476465,0.04678887082976531,0.3204143411586508,,1000
1:99562054,1,99562054,G,A,0.087499976,0.19283123801741978,0.07922933565260436,2.433836361608835,,1000
1:99564558,1,99564558,G,A,0.28250003,-0.0753353466551475,0.04908586050087211,-1.534766751288979,,1000
1:99572256,1,99572256,G,A,0.3595,0.024237997700132616,0.047390651871178927,0.5114510297519917,,1000
1:99588290,1,99588290,G,A,0.18400002,-0.0444186557801357,0.059956928997462425,-0.7408427436637998,,1000
1:99664568,1,99664568,G,A,0.083000004,0.180457549209989,0.0839945555907981,2.148443407321971,,1000
1:99669345,1,99669345,G,A,0.24599999,0.0692184377107125,0.051813545696545095,1.3359139348637157,,1000
1:99759772,1,99759772,G,A,0.407,-0.0683073000145578,0.04638341241789437,-1.4726665515494795,,1000
1:99806724,1,99806724,G,A,0.30650002,-0.05686683229441254,0.049256971796073905,-1.1544930640446962,,1000
1:99831175,1,99831175,G,A,0.40499997,-0.08795977811380405,0.04623010430863854,-1.9026515174305572,,1000
1:99835004,1,99835004,G,A,0.3865,0.054183411043019304,0.0463026618040325,1.170200781811219,,1000
1:99846479,1,99846479,G,A,0.17949998,-0.059587947759660975,0.059375642805030146,-1.003575623683401,,1000
1:99898907,1,99898907,G,A,0.16549999,0.07986423493222115,0.0613348920707495,1.302101173343521,,1000
1:99907920,1,99907920,G,A,0.4365,-0.047050893047123496,0.04586627061974086,-1.025827746868802,,1000
1:99952218,1,99952218,G,A,0.13599998,0.018662210934609853,0.06688257661175942,0.2790294854060486,,1000
1:99952810,1,99952810,G,A,0.306,-0.02353062892002112,0.05161958253922933,-0.45584694339863263,,1000
1:99967872,1,99967872,G,A,0.46649998,-0.06661612646487426,0.04567327087839899,-1.4585363645672271,,1000
1:99981545,1,99981545,G,A,0.26099998,0.02464302258935154,0.050711582068736244,0.48594466163468397,,1000
1:99983153,1,99983153,G,A,0.427,-0.022592972136099357,0.04705423092093972,-0.4801475168951322,,1000
1:99989205,1,99989205,G,A,0.1595,-0.005436384859705132,0.06075043382695664,-0.0894871775762177,,1000
1:99993265,1,99993265,G,A,0.08499998,0.028768491139214352,0.07976890344852997,0.3606479454462717,,1000
1:100018553,1,100018553,G,A,0.21499997,0.09401254401171831,0.05444603017842914,1.7267107207563674,,1000
1:100043116,1,100043116,G,A,0.3265,0.041367461144707025,0.04776561299860263,0.8660510888014191,,1000
1:100051345,1,100051345,G,A,0.3255,0.059143375686015257,0.04996387468429275,1.1837227608892447,,1000
1:100072440,1,100072440,G,A,0.3035,0.06091294186605325,0.04988047401384893,1.2211780876248537,,1000
1:100095392,1,100095392,G,A,0.25950003,-0.08727325198549933,0.051941459215733336,-1.6802233380278968,,1000
1:100116318,1,100116318,G,A,0.48000002,-0.04942721117450011,0.044377336490222324,-1.1137940012553575,,1000
1:100141651,1,100141651,G,A,0.3585,-0.06082870875171703,0.04671045679933399,-1.3022503507733698,,1000
1:100143657,1,100143657,G,A,0.48799998,-0.05384279669237269,0.04555651346761374,-1.1818901973402705,,1000
1:100145810,1,100145810,G,A,0.14950001,0.07839855580976979,0.06342853349999918,1.2360140063741314,,1000
1:100150073,1,100150073,G,A,0.49400002,0.07095457635893632,0.045976626340682204,1.5432749639603829,,1000
1:100168601,1,100168601,G,A,0.379,-0.02918230267360472,0.046813781072628194,-0.6233699138364938,,1000
1:100184104,1,100184104,G,A,0.45,-0.025762506420771568,0.04620650488960677,-0.5575515067049862,,1000
1:100200010,1,100200010,G,A,0.32099998,-0.11275449253685262,0.049125507307734254,-2.2952331429481383,,1000
1:100258282,1,100258282,G,A,0.13450003,0.036787233959088485,0.06460018226999382,0.5694602192504309,,1000
1:100270069,1,100270069,G,A,0.199,-0.036391575451423575,0.05845969974477727,-0.6225070537532954,,1000
1:100296498,1,100296498,G,A,0.08050001,-0.01746851951592482,0.0802710880503292,-0.21761906983211968,,1000
1:100312733,1,100312733,G,A,0.12349999,-0.04553698344757588,0.06930701692984834,-0.6570328007865037,,1000
1:100324397,1,100324397,G,A,0.47000003,-0.0019425751818129534,0.04509549268732967,-0.043076925565085404,,1000
1:100346633,1,100346633,G,A,0.42949998,-0.09300820096296802,0.04578434322656483,-2.0314411960157406,,1000
1:100350986,1,100350986,G,A,0.445,0.05796951155812136,0.04627750389063322,1.2526499202532542,,1000
1:100355595,1,100355595,G,A,0.050499976,-0.20192023950445467,0.10335335452528166,-1.9536883000257355,,1000
1:100357450,1,100357450,G,A,0.25300002,-0.02641072924985101,0.05281825915625725,-0.5000302863393822,,1000
1:100358807,1,100358807,G,A,0.42299998,0.02936274253679276,0.04517974970596273,0.6499093670923441,,1000
1:100360187,1,100360187,G,A,0.16399997,0.09140098676403406,0.06055487383187809,1.5093910858074906,,1000
1:100374805,1,100374805,G,A,0.21100003,0.19148778546988393,0.05542278592289555,3.455037170745669,,1000
1:100430579,1,100430579,G,A,0.143,0.052938129967533026,0.06490776620795823,0.8155900758920644,,1000
1:100435301,1,100435301,G,A,0.35399997,-0.0362200084681141,0.04714382924117407,-0.768287367638787,,1000
1:100436581,1,100436581,G,A,0.3685,0.08083596413563893,0.046536766580232695,1.7370343940048343,,1000
1:100463185,1,100463185,G,A,0.185,-0.05718381960282711,0.059481239771150364,-0.9613757181732862,,1000
1:100480683,1,100480683,G,A,0.27850002,0.03971817610845527,0.05075015586307055,0.7826217561896606,,1000
1:100490584,1,100490584,G,A,0.25,-0.10809783036161502,0.05134327140476902,-2.105394288365785,,1000
1:100527079,1,100527079,G,A,0.43449998,-0.009529146979564826,0.0479279094107153,-0.1988225043972893,,1000
1:100531502,1,100531502,G,A,0.353,-0.01759812966016877,0.049499624803544105,-0.3555204656603532,,1000
1:100532609,1,100532609,G,A,0.09100002,0.16363507097510438,0.08015643676459525,2.041446421273323,,1000
1:100533814,1,100533814,G,A,0.11949998,0.03697561527708301,0.06933010096592172,0.5333270074892561,,1000
1:100536662,1,100536662,G,A,0.453,0.03623803141893304,0.04558582722221174,0.7949407442424566,,1000
1:100544913,1,100544913,G,A,0.499,-0.01635258477317728,0.04484735425265048,-0.36462763624926303,,1000
1:100588766,1,100588766,G,A,0.3255,-0.03609301606665904,0.048163313048460554,-0.7493881500706414,,1000
1:100627380,1,100627380,G,A,0.19150001,-0.027238120222438704,0.05764301774292841,-0.4725311284692455,,1000
1:100644439,1,100644439,G,A,0.12400001,-0.10386670004298029,0.07048034131073028,-1.473697461041766,,1000
1:100664214,1,100664214,G,A,0.3735,-0.0880779517554758,0.04922480888208844,-1.7893000248402173,,1000
1:100706882,1,100706882,G,A,0.334,0.05563535444220007,0.04854981816665419,1.1459436212762686,,1000
1:100712412,1,100712412,G,A,0.4795,0.008874293776853408,0.04743300313490819,0.1870911220108346,,1000
1:100727620,1,100727620,G,A,0.467,-0.012577256677038339,0.04486388025672034,-0.28034259642876835,,1000
1:100733760,1,100733760,G,A,0.208,0.012690170510343905,0.05362370187940866,0.23665226505402628,,1000
1:100766652,1,100766652,G,A,0.4155,0.04136153999322222,0.0478791661535945,0.8638734404967708,,1000
1:100781330,1,100781330,G,A,0.17650002,-0.03320757733188361,0.0610515868955429,-0.543926522150859,,1000
1:100797742,1,100797742,G,A,0.40850002,0.033553521240994005,0.04594161277261776,0.7303514007456147,,1000
1:100816296,1,100816296,G,A,0.12599999,-0.005050955174056106,0.06769513012299141,-0.07461327225280923,,1000
1:100846359,1,100846359,G,A,0.218,-0.03396168716560495,0.05492715879260251,-0.6183040942248564,,1000
1:100851068,1,100851068,G,A,0.0855,0.02609664007289488,0.08215739874033348,0.3176419954017272,,1000
1:100923413,1,100923413,G,A,0.19349998,0.04552176054205623,0.05887834321784194,0.7731494816970621,,1000
1:100927534,1,100927534,G,A,0.194,-0.05161500286321873,0.05662400618863653,-0.9115392275719443,,1000
1:100936443,1,100936443,G,A,0.353,-0.024553156007293075,0.0486981895068345,-0.5041903252655252,,1000
1:100945151,1,100945151,G,A,0.35549998,-0.02333710593968065,0.048592550401169145,-0.4802609813029932,,1000
1:100945437,1,100945437,G,A,0.29400003,-0.017080714601340845,0.05029633312388043,-0.33960158803765783,,1000
1:100952087,1,100952087,G,A,0.38950002,-0.030548025407320687,0.04779649912591963,-0.6391268391193689,,1000
1:100952431,1,100952431,G,A,0.24000001,-0.004708956529544468,0.05342878027844823,-0.08813520550166738,,1000
1:100981705,1,100981705,G,A,0.338,0.016128211235228247,0.04765346556327285,0.33844781370231486,,1000
1:100990656,1,100990656,G,A,0.22250003,0.03274545595815421,0.056680263846824064,0.577722362878327,,1000
1:101051373,1,101051373,G,A,0.27499998,0.004385478779528889,0.05243592204917631,0.08363500837109393,,1000
1:101065987,1,101065987,G,A,0.11199999,0.1031058667596861,0.07236159231876269,1.424870065123646,,1000
1:101098774,1,101098774,G,A,0.31950003,-0.054689175642068856,0.048173800766802326,-1.135247266596337,,1000
1:101121595,1,101121595,G,A,0.1505,0.009963616804697489,0.06084079128744076,0.16376540465466066,,1000
1:101164454,1,101164454,G,A,0.27999997,-0.028296484826530913,0.051687328233576295,-0.5474549719161032,,1000
1:101181646,1,101181646,G,A,0.33249998,0.0239541053194215,0.049195183887452934,0.4869197231627975,,1000
1:101192011,1,101192011,G,A,0.23000002,-0.0909598678304345,0.05514459710846394,-1.6494792345934721,,1000
1:101213519,1,101213519,G,A,0.144,0.04474464140588613,0.06533316802454925,0.6848686931739346,,1000
1:101233748,1,101233748,G,A,0.3815,0.03276701386478821,0.04724291915054875,0.6935857151496027,,1000
1:101255929,1,101255929,G,A,0.4595,0.04441556425300077,0.04645912358163063,0.9560138209443568,,1000
1:101338807,1,101338807,G,A,0.26450002,-0.045223406854520025,0.05244027198236506,-0.8623793345261068,,1000
1:101339593,1,101339593,G,A,0.32599998,0.0457127327317526,0.049287951890884585,0.9274626146558711,,1000
1:101352853,1,101352853,G,A,0.20349997,-0.04040000536781411,0.05828874802635032,-0.6931012714417999,,1000
1:101368772,1,101368772,G,A,0.29799998,0.0863888901224934,0.05056418784120948,1.708499509450976,,1000
1:101370986,1,101370986,G,A,0.28250003,-0.058381250557867415,0.04933946033173534,-1.183256771868588,,1000
1:101414815,1,101414815,G,A,0.36049998,-0.04882774534725554,0.04926976875957175,-0.9910285064565005,,1000
1:101437249,1,101437249,G,A,0.15799999,0.017472745269874378,0.06152930440184625,0.28397436700665984,,1000
1:101475758,1,101475758,G,A,0.28250003,-0.0454565347409133,0.05030818115703826,-0.9035614823565095,,1000
1:101501300,1,101501300,G,A,0.21499997,0.07978082369547612,0.055267788642225,1.4435320401895542,,1000
1:101513647,1,101513647,G,A,0.08850002,-0.0215077469799757,0.08012299262606883,-0.2684341444952212,,1000
1:101526960,1,101526960,G,A,0.232,-0.01582502550762476,0.05706612895905344,-0.27731030291155134,,1000
1:101528553,1,101528553,G,A,0.481,-0.03289544221297905,0.04636663439040129,-0.7094636616495283,,1000
1:101573978,1,101573978,G,A,0.25599998,-0.05047306783193824,0.053533751830024755,-0.9428270223278109,,1000
1:101605065,1,101605065,G,A,0.3025,-0.043580057978135744,0.05073286350362926,-0.8590104119594624,,1000
1:101616419,1,101616419,G,A,0.40850002,-0.003324379689145487,0.04681906692053329,-0.07100482576442642,,1000
1:101617777,1,101617777,G,A,0.491,0.011693924985169937,0.045851522958766114,0.25503896556906486,,1000
1:101629946,1,101629946,G,A,0.24049997,-0.08778608624557677,0.05365049951011074,-1.636258507323552,,1000
1:101630641,1,101630641,G,A,0.30449998,0.015290505174411217,0.048894858637813336,0.3127221470804325,,1000
1:101631913,1,101631913,G,A,0.4935,-0.032818528843164003,0.04542180175312166,-0.7225281159373762,,1000
1:101642133,1,101642133,G,A,0.2435,-0.08764382332816714,0.05290429641468253,-1.6566485005524685,,1000
1:101648554,1,101648554,G,A,0.399,-0.08061670641255861,0.045255315059912836,-1.7813754319427753,,1000
1:101670590,1,101670590,G,A,0.24949998,0.0333682229321779,0.05309818371769162,0.6284249402877418,,1000
1:101709458,1,101709458,G,A,0.15750003,-0.06557631842952517,0.06317655092504468,-1.0379850984161463,,1000
1:101750177,1,101750177,G,A,0.47500002,-0.04078590334414638,0.044940670531486836,-0.9075499511198994,,1000
1:101757613,1,101757613,G,A,0.3815,0.007041456745998501,0.046557838064008615,0.15124105926735193,,1000
1:101878799,1,101878799,G,A,0.4365,-0.01573981150241253,0.04735162286784374,-0.33240278894646635,,1000
1:101918861,1,101918861,G,A,0.111,-0.08327698360606535,0.07411566986099942,-1.123608324153955,,1000
1:101926049,1,101926049,G,A,0.39349997,-0.006145337898034067,0.04604161768822959,-0.13347354429740432,,1000
1:101927431,1,101927431,G,A,0.32,0.038580710193630664,0.04746544600712315,0.8128167633322322,,1000
1:101934597,1,101934597,G,A,0.24900001,0.09838612606226517,0.051628150690295645,1.9056682206662585,,1000
1:101958226,1,101958226,G,A,0.13200003,-0.005481794487829436,0.06863985529635545,-0.07986314167128643,,1000
1:102050277,1,102050277,G,A,0.24650002,0.03578820266516818,0.05476318252374555,0.6535084525018294,,1000
1:102077763,1,102077763,G,A,0.31199998,0.013165750637640215,0.04831436495854259,0.27250178386774687,,1000
1:102081472,1,102081472,G,A,0.3345,0.03158657462047089,0.047833769376936904,0.6603404881510422,,1000
1:102118205,1,102118205,G,A,0.11900002,0.09958957377536078,0.07137353966196947,1.3953290567768477,,1000
1:102137917,1,102137917,G,A,0.227,-0.1290200446307531,0.05527424550140793,-2.334180113367024,,1000
1:102153333,1,102153333,G,A,0.25550002,0.08614006736864999,0.05535822275089818,1.5560482813233445,,1000
1:102182900,1,102182900,G,A,0.40350002,0.019648024802982035,0.04641289068485742,0.4233312020229837,,1000
1:102197323,1,102197323,G,A,0.06950003,-0.09276372318873692,0.08941699245884649,-1.037428352686216,,1000
1:102202897,1,102202897,G,A,0.38599998,0.06628207625161366,0.046165290111175844,1.4357556530456608,,1000
1:102225815,1,102225815,G,A,0.40850002,0.0713728246700317,0.045256722559724474,1.5770656961701608,,1000
1:102285869,1,102285869,G,A,0.36299998,-0.045118923937341446,0.04722798785864283,-0.9553429223448184,,1000
1:102294404,1,102294404,G,A,0.459,-0.03606856294196309,0.04691618611248065,-0.7687871911729868,,1000
1:102310008,1,102310008,G,A,0.24049997,-0.06337814126096981,0.053835052036580254,-1.1772653478240376,,1000
1:102318050,1,102318050,G,A,0.089999974,0.016734428361638635,0.0811524325123605,0.2062098182835096,,1000
1:102318313,1,102318313,G,A,0.19950002,-0.04829269645555547,0.05642280731223076,-0.8559073671807016,,1000
1:102325206,1,102325206,G,A,0.31199998,0.038850627884903906,0.049778790556497934,0.7804654844076458,,1000
1:102368512,1,102368512,G,A,0.19749999,0.02171568532887567,0.0574010378682823,0.3783152036154203,,1000
1:102370314,1,102370314,G,A,0.34600002,-0.10030130331069442,0.048736776260633656,-2.0580208829222704,,1000
1:102374969,1,102374969,G,A,0.07099998,-0.022770521242818257,0.08940817085144971,-0.25468054011138563,,1000
1:102393382,1,102393382,G,A,0.07349998,-0.11777266475515144,0.08559857625593432,-1.375871771546978,,1000
1:102393525,1,102393525,G,A,0.040499985,-0.004693091695125388,0.11359394912726291,-0.04131462750597365,,1000
1:102400392,1,102400392,G,A,0.486,0.0941501775345451,0.04478522445270458,2.102259811915699,,1000
1:102423759,1,102423759,G,A,0.1645,-0.013117327418265433,0.06284932297637875,-0.20871071949646045,,1000
1:102447303,1,102447303,G,A,0.41149998,0.04253270829728839,0.04564875076190627,0.9317387132701515,,1000
1:102486041,1,102486041,G,A,0.45850003,0.014121062979387753,0.04416371133689405,0.3197435757078486,,1000
1:102512693,1,102512693,G,A,0.1275,-0.044384014961933324,0.06836678959072874,-0.649204317295488,,1000
1:102522879,1,102522879,G,A,0.13200003,0.008873093271572506,0.06742615498201077,0.13159720102591996,,1000
1:102542787,1,102542787,G,A,0.21249998,-0.060013990624696006,0.0561895817150097,-1.0680625979578116,,1000
1:102562351,1,102562351,G,A,0.26450002,-0.023988015960906016,0.05111623143620497,-0.4692837340883391,,1000
1:102572099,1,102572099,G,A,0.28250003,-0.0002674164628010227,0.04960763111015141,-0.005390631578581872,,1000
1:102598387,1,102598387,G,A,0.22399998,0.03106976382230868,0.05373905481675997,0.5781598490753272,,1000
1:102610090,1,102610090,G,A,0.32099998,-0.04762675701967183,0.04934750228996314,-0.9651300432556787,,1000
1:102623881,1,102623881,G,A,0.35900003,-0.007343584010012751,0.04647802182270796,-0.15800121696282834,,1000
1:102645540,1,102645540,G,A,0.36949998,0.02650577699579937,0.048079301287255,0.55129289083129,,1000
1:102653265,1,102653265,G,A,0.058000028,-0.26970352224968425,0.09652263371371828,-2.7941997837482613,,1000
1:102676445,1,102676445,G,A,0.3365,0.005470987512338256,0.04935660240046004,0.11084611270339918,,1000
1:102739772,1,102739772,G,A,0.36699998,0.03618672456901895,0.047321317676468584,0.7647023867007297,,1000
1:102755398,1,102755398,G,A,0.15100002,0.05639131619160175,0.06211525334695987,0.907849733407901,,1000
1:102845203,1,102845203,G,A,0.3135,-0.07365622114657433,0.04841033218947255,-1.521497949204154,,1000
1:102846223,1,102846223,G,A,0.102999985,-0.021449386797630053,0.0743868350843939,-0.28834923240510413,,1000
1:102855911,1,102855911,G,A,0.365,0.005400454297006887,0.04861883332612306,0.11107741439992977,,1000
1:102867961,1,102867961,G,A,0.3345,-0.04819306143229531,0.04857642407570363,-0.99210805137054,,1000
1:102892477,1,102892477,G,A,0.16399997,-0.002654622199190609,0.0633765821516103,-0.04188648407767063,,1000
1:102912285,1,102912285,G,A,0.43699998,0.08858609131029857,0.046027710440722326,1.9246251977791917,,1000
1:102932339,1,102932339,G,A,0.431,-0.014190470343587891,0.046453233438039226,-0.3054786350344284,,1000
1:102961202,1,102961202,G,A,0.39450002,-0.05100066706277418,0.0476573035920924,-1.0701542726650723,,1000
1:102982421,1,102982421,G,A,0.236,-0.022683920168081517,0.05482848033562669,-0.4137251302466222,,1000
1:102983781,1,102983781,G,A,0.143,0.0914951818389324,0.0651303701429334,1.4048005813284876,,1000
1:102985763,1,102985763,G,A,0.4245,0.035659549123624616,0.045630439634155306,0.7814859863180613,,1000
1:102989430,1,102989430,G,A,0.121500015,-0.13208891668197434,0.06888280828025986,-1.9175890179237627,,1000
1:103009001,1,103009001,G,A,0.2515,0.09048690023189965,0.05347094164819665,1.6922630767799727,,1000
1:103042204,1,103042204,G,A,0.21149999,-0.04655459276700888,0.05458794974453088,-0.852836440732474,,1000
1:103044229,1,103044229,G,A,0.14450002,-0.047266668072221206,0.0666585127124414,-0.709086748996714,,1000
1:103078099,1,103078099,G,A,0.34649998,0.04739801983879938,0.04764682085469994,0.9947782242038921,,1000
1:103083861,1,103083861,G,A,0.487,0.019534839727375665,0.04522781315384848,0.4319209434452487,,1000
1:103090837,1,103090837,G,A,0.25449997,0.020130267378539606,0.05282422632494377,0.38108021222516286,,1000
1:103119367,1,103119367,G,A,0.27249998,-0.02358876971192222,0.05043413239143047,-0.4677143948634737,,1000
1:103136496,1,103136496,G,A,0.22750002,0.0789139203594414,0.05569234528029284,1.4169617020485883,,1000
1:103177696,1,103177696,G,A,0.17199999,0.04950256994735564,0.06112043211196792,0.8099185204821646,,1000
1:103221528,1,103221528,G,A,0.18900001,0.10896729653427016,0.05605232719086545,1.9440280537010064,,1000
1:103230884,1,103230884,G,A,0.45099998,-0.03410459075768449,0.04508279141064428,-0.7564880010875329,,1000
1:103231400,1,103231400,G,A,0.4985,-0.025756703484564235,0.044974119772740545,-0.5727005578923134,,1000
1:103233763,1,103233763,G,A,0.43550003,-0.037620587681973156,0.04706092463412009,-0.7994017961707768,,1000
1:103276572,1,103276572,G,A,0.057500005,0.1399496073816648,0.09713729249577138,1.4407402531603104,,1000
1:103312087,1,103312087,G,A,0.3125,-0.027419982214287045,0.04968258726789215,-0.5519032667609779,,1000
1:103316390,1,103316390,G,A,0.291,0.05621433659339916,0.05134279161237185,1.0948827445497418,,1000
1:103319268,1,103319268,G,A,0.39099997,-0.02594563483059999,0.04726522431723706,-0.5489370928710039,,1000
1:103326058,1,103326058,G,A,0.38349998,0.04483861667561726,0.04673842947446053,0.9593522328369765,,1000
1:103326343,1,103326343,G,A,0.25,-0.09932902641336472,0.05216866925141976,-1.9039977028101305,,1000
1:103328046,1,103328046,G,A,0.17699999,-0.052817408896396016,0.060787724238864985,-0.8688828140505859,,1000
1:103339814,1,103339814,G,A,0.083000004,-0.036407794220356844,0.08197104860611543,-0.44415430617829926,,1000
1:103357584,1,103357584,G,A,0.34600002,0.004643596014557193,0.04918011068617027,0.09442020259346424,,1000
1:103358243,1,103358243,G,A,0.17699999,0.030223691430871124,0.05974790513780294,0.5058535753038205,,1000
1:103366291,1,103366291,G,A,0.454,0.05960296658793274,0.045183223626322246,1.3191393133182738,,1000
1:103375090,1,103375090,G,A,0.064499974,-0.17796792191347222,0.09192995473693794,-1.9359078596605006,,1000
1:103386705,1,103386705,G,A,0.4475,0.08548935259513267,0.04623115229214868,1.8491720053806904,,1000
1:103399879,1,103399879,G,A,0.2985,0.008940526674132667,0.05141764235840338,0.17388052551716196,,1000
1:103401243,1,103401243,G,A,0.3135,0.010651891181197021,0.04983768405362103,0.21373166477271513,,1000
1:103453655,1,103453655,G,A,0.29400003,0.012235560959836758,0.04934467271752736,0.2479611331070933,,1000
1:103496849,1,103496849,G,A,0.376,-0.0006612878582451614,0.046001408367546875,-0.01437538287874872,,1000
1:103509527,1,103509527,G,A,0.097,-0.0170963280195699,0.07585827259938378,-0.2253719658218104,,1000
1:103527090,1,103527090,G,A,0.4525,0.007915596808420161,0.046025180079160996,0.17198404861872854,,1000
1:103545074,1,103545074,G,A,0.393,0.02224491755694508,0.046009725015529405,0.4834829495163659,,1000
1:103566930,1,103566930,G,A,0.45499998,0.08400231914178252,0.04633364140732054,1.8129876390097515,,1000
1:103568238,1,103568238,G,A,0.27999997,0.028622246094586818,0.05003891233974124,0.5719997649080562,,1000
1:103571353,1,103571353,G,A,0.3365,0.055111242574041236,0.04788478852958054,1.1509133540392813,,1000
1:103615017,1,103615017,G,A,0.24900001,0.03880068178580314,0.0535331461295736,0.7247973375577169,,1000
1:103643969,1,103643969,G,A,0.10699999,-0.02193548309760722,0.07236236150807741,-0.3031338756842351,,1000
1:103662907,1,103662907,G,A,0.20249999,-0.1030787580945093,0.05695068810815781,-1.8099651034724538,,1000
1:103762852,1,103762852,G,A,0.18599999,-0.006546547591706798,0.05789945195883115,-0.11306752257968966,,1000
1:103769255,1,103769255,G,A,0.13050002,-0.03641853004728201,0.06792848959110508,-0.5361304257830996,,1000
1:103791045,1,103791045,G,A,0.17000002,-0.06288505997208074,0.05934386131129933,-1.0596725353310832,,1000
1:103802041,1,103802041,G,A,0.2745,0.04732352445006069,0.05069023201109563,0.9335827154963898,,1000
1:103841199,1,103841199,G,A,0.26349998,0.05298348978710461,0.051216355362867116,1.0345033224585658,,1000
1:103859637,1,103859637,G,A,0.21249998,0.03908107573044521,0.05655374143648251,0.6910431518370636,,1000
1:103898489,1,103898489,G,A,0.48150003,-0.038196319163226716,0.045746518841682536,-0.8349557546753403,,1000
1:103902833,1,103902833,G,A,0.3965,0.05333194762137993,0.046757110786161224,1.140616832919554,,1000
1:103960588,1,103960588,G,A,0.04949999,-0.09542047482627887,0.10224589109380967,-0.9332450801248477,,1000
1:103966686,1,103966686,G,A,0.2985,-0.03703344178062725,0.04908317006709416,-0.7545038702676385,,1000
1:103982441,1,103982441,G,A,0.33850002,-0.0731750679397879,0.04804195781751915,-1.523149165105499,,1000
1:104001739,1,104001739,G,A,0.070500016,-0.19224283382938856,0.08679109384033483,-2.2150064634863105,,1000
1:104003513,1,104003513,G,A,0.08899999,-0.1283417173997813,0.07889452591935447,-1.6267506003011092,,1000
1:104007547,1,104007547,G,A,0.1925,0.03866699789391482,0.0591265067949936,0.6539706130108951,,1000
1:104036160,1,104036160,G,A,0.3265,-0.03761980303921602,0.047559806418665834,-0.7909999193026855,,1000
1:104079168,1,104079168,G,A,0.46600002,-0.040942160291919404,0.045033840175208756,-0.9091421058614976,,1000
1:104100469,1,104100469,G,A,0.259,-0.06545726160597119,0.05029217214228549,-1.3015397589267166,,1000
1:104133289,1,104133289,G,A,0.4935,0.04595990852248109,0.04505303123911907,1.020129106930647,,1000
1:104149966,1,104149966,G,A,0.4945,-0.09430288889969649,0.04569986018472581,-2.0635268580365413,,1000
1:104157976,1,104157976,G,A,0.33600003,0.006579369124785407,0.048436135929298504,0.13583596210872834,,1000
1:104175961,1,104175961,G,A,0.2985,-0.025806995265508947,0.048976727631530236,-0.5269236331929804,,1000
1:104257355,1,104257355,G,A,0.37199998,-0.03991100517681078,0.04598556350478287,-0.8679029272449759,,1000
1:104263162,1,104263162,G,A,0.398,0.10278401025702465,0.04656426616763148,2.2073581034650465,,1000
1:104278949,1,104278949,G,A,0.45099998,0.02950046978851219,0.04473665378623348,0.65942504170015,,1000
1:104325637,1,104325637,G,A,0.39850003,-0.005749544737299363,0.04584731663063193,-0.12540635221076218,,1000
1:104374881,1,104374881,G,A,0.22850001,-0.22704516589853996,0.05493490654288506,-4.132985385554385,,1000
1:104379226,1,104379226,G,A,0.26849997,0.007951180484063378,0.05167911275030556,0.15385675296866172,,1000
1:104386243,1,104386243,G,A,0.074500024,0.05714675127310795,0.08708708596576453,0.6562023592748681,,1000
1:104396446,1,104396446,G,A,0.061999977,-0.1623330243050198,0.09502043754537927,-1.7084011450430736,,1000
1:104436060,1,104436060,G,A,0.16649997,-0.00732232054405555,0.06176078156321985,-0.11855938928752452,,1000
1:104436259,1,104436259,G,A,0.421,-0.03195586388643919,0.044535991020679136,-0.7175289727268291,,1000
1:104463612,1,104463612,G,A,0.18900001,0.032199365760066594,0.05775107699978975,0.5575543770410346,,1000
1:104476567,1,104476567,G,A,0.10399997,0.11627893757721179,0.07611595754045535,1.527655189983125,,1000
1:104503144,1,104503144,G,A,0.208,0.012964842983921457,0.05485325926369244,0.23635501623698288,,1000
1:104541660,1,104541660,G,A,0.185,0.03842652736263185,0.05949634333093921,0.6458636818886538,,1000
1:104544290,1,104544290,G,A,0.485,0.00039361739287928094,0.045603179017597244,0.008631358632418868,,1000
1:104554448,1,104554448,G,A,0.496,0.015064508694418234,0.04485041419203876,0.33588337958074604,,1000
1:104559255,1,104559255,G,A,0.38950002,0.07665215596393714,0.046527852571333336,1.6474466739340543,,1000
1:104561903,1,104561903,G,A,0.40350002,-0.01749116587659477,0.046033058251253374,-0.37996966834413015,,1000
1:104600567,1,104600567,G,A,0.15750003,0.0781583205177294,0.06244407269298517,1.2516531537269435,,1000
1:104611698,1,104611698,G,A,0.31,-0.0358171370685923,0.04891337706548367,-0.7322564749647414,,1000
1:104662991,1,104662991,G,A,0.4785,-0.04060424698856059,0.04567439961108714,-0.8889935573166067,,1000
1:104680433,1,104680433,G,A,0.20050001,0.05357288100315052,0.056557206737807404,0.9472335020275688,,1000
1:104703776,1,104703776,G,A,0.4935,0.08282068583294691,0.04609976271559202,1.7965534083960701,,1000
1:104755394,1,104755394,G,A,0.148,-0.009745214883721938,0.06387618344768431,-0.1525641382707756,,1000
1:104763909,1,104763909,G,A,0.352,-0.018403417435642794,0.04647940350911032,-0.3959477972223887,,1000
1:104772842,1,104772842,G,A,0.413,-0.0548092027679917,0.04727885178781395,-1.159275250887516,,1000
1:104779108,1,104779108,G,A,0.314,-0.025631273931520537,0.049610352524882065,-0.5166517193899233,,1000
1:104800567,1,104800567,G,A,0.19800001,0.028505348660806173,0.05701826051786534,0.49993367742031847,,1000
1:104812184,1,104812184,G,A,0.413,-0.019871092263465055,0.04814449762584868,-0.412738594094215,,1000
1:104821846,1,104821846,G,A,0.13950002,0.055360120261858874,0.06613276646728693,0.8371057679742337,,1000
1:104843600,1,104843600,G,A,0.22299999,-0.015364751542397387,0.05516217043505624,-0.27853783528127635,,1000
1:104860868,1,104860868,G,A,0.17699999,0.05326879999097632,0.0591242007608503,0.9009643987652651,,1000
1:104883756,1,104883756,G,A,0.28149998,0.048691177136106385,0.05004568361477896,0.9729345993333065,,1000
1:104884335,1,104884335,G,A,0.2245,0.05846798838990962,0.05370847033746631,1.0886176430372683,,1000
1:104892512,1,104892512,G,A,0.12849998,0.012802381612874328,0.06509398415981305,0.1966753422473426,,1000
1:104904658,1,104904658,G,A,0.38300002,0.009201139116394797,0.049520609686507976,0.18580423735981733,,1000
1:104953994,1,104953994,G,A,0.11049998,0.049874034813789034,0.07093820962009657,0.7030630612315295,,1000
1:104981219,1,104981219,G,A,0.291,0.04217903051187504,0.05058971542930963,0.83374713919498,,1000
1:104982750,1,104982750,G,A,0.4275,-0.0008480119451579976,0.046120077973852085,-0.018387044914338187,,1000
1:104998815,1,104998815,G,A,0.2845,0.008561775826783732,0.05217763400020898,0.16408900079197614,,1000
1:104999165,1,104999165,G,A,0.4605,0.007496560527528815,0.04543631181749239,0.16499051590368602,,1000
