SNP,CHR,BP,A1,A2,MAF,Estimated_Effect
1:19676,1,19676,A,G,0.050000012,-0.007194679051287233
1:29726,1,29726,A,G,0.14700001,-0.0053306933154522295
1:49977,1,49977,A,G,0.46249998,0.000579884212382423
1:61088,1,61088,A,G,0.22899997,-0.007247969472180126
1:67662,1,67662,A,G,0.10900003,0.012445050915191321
1:70641,1,70641,A,G,0.2525,0.005684503341966896
1:77176,1,77176,A,G,0.42900002,0.0016943470459440271
1:112936,1,112936,A,G,0.277,-0.0032715950163620744
1:125356,1,125356,A,G,0.43,-0.005512894475174806
1:181361,1,181361,A,G,0.43699998,0.009509254085191848
1:197776,1,197776,A,G,0.26450002,-0.018255145281940503
1:224696,1,224696,A,G,0.08249998,0.005768787615250482
1:225392,1,225392,A,G,0.36549997,0.00782242352526006
1:271837,1,271837,A,G,0.208,-0.0004092729705492566
1:278496,1,278496,A,G,0.425,-0.00783448728765899
1:285712,1,285712,A,G,0.1875,-0.00646637834810517
1:308618,1,308618,A,G,0.181,-0.0011203289563576151
1:344127,1,344127,A,G,0.2945,-0.009641299123665127
1:424529,1,424529,A,G,0.045000017,0.0013923285052731599
1:442940,1,442940,A,G,0.12849998,-0.00016859403461892474
1:448346,1,448346,A,G,0.40600002,-0.008710390536628074
1:449396,1,449396,A,G,0.49,-0.00348066002546438
1:460797,1,460797,A,G,0.13050002,-0.003113375294153684
1:484274,1,484274,A,G,0.37550002,0.010049086892134474
1:529526,1,529526,A,G,0.102999985,0.004481571318623072
1:537978,1,537978,A,G,0.24599999,0.009530151719481317
1:549149,1,549149,A,G,0.27499998,-0.012244187060645846
1:566089,1,566089,A,G,0.29149997,0.005925995009210937
1:571651,1,571651,A,G,0.20749998,-0.009257279021710595
1:578527,1,578527,A,G,0.407,0.00941407143392265
1:605410,1,605410,A,G,0.18199998,-0.0017797399438834872
1:611214,1,611214,A,G,0.2515,0.002514467729039063
1:647297,1,647297,A,G,0.1415,-0.008305199531806374
1:658004,1,658004,A,G,0.31199998,-0.010082346044723191
1:692925,1,692925,A,G,0.13849998,-0.0033503012694641628
1:734276,1,734276,A,G,0.16649997,-0.0031066018235354352
1:737955,1,737955,A,G,0.23949999,-0.0023738450193387956
1:749972,1,749972,A,G,0.17699999,-0.011087918073977247
1:769599,1,769599,A,G,0.074,-0.005705840328963342
1:797969,1,797969,A,G,0.43,-0.010462496780196697
1:803329,1,803329,A,G,0.39,-0.009370568566731505
1:805114,1,805114,A,G,0.46649998,-0.01469290939079597
1:809179,1,809179,A,G,0.45700002,-0.00757607196424167
1:814423,1,814423,A,G,0.100000024,0.0030424334324178266
1:879460,1,879460,A,G,0.1685,-0.003808846286233343
1:909246,1,909246,A,G,0.36299998,-0.007301406230687702
1:917473,1,917473,A,G,0.44349998,-0.00024269145240514997
1:947273,1,947273,A,G,0.09850001,0.0004295778903972414
1:953693,1,953693,A,G,0.23900002,-0.007203459406418802
1:953960,1,953960,A,G,0.49699998,-0.006545523901505653
1:955206,1,955206,A,G,0.19950002,0.004389920072286595
1:973738,1,973738,A,G,0.268,0.0058082169813915285
1:981884,1,981884,A,G,0.36,0.008253509382398775
1:996162,1,996162,A,G,0.2295,0.005947369873565162
1:1003172,1,1003172,A,G,0.36900002,-0.0009984342691985249
1:1020155,1,1020155,A,G,0.12099999,0.007654619852338878
1:1043234,1,1043234,A,G,0.16100001,0.010923597072016154
1:1074962,1,1074962,A,G,0.22299999,-0.005560926012548077
1:1079601,1,1079601,A,G,0.5,-0.000713259197915619
1:1116272,1,1116272,A,G,0.21350002,0.009476818322590026
1:1132659,1,1132659,A,G,0.45099998,0.015473020069741519
1:1135965,1,1135965,A,G,0.444,-0.003651403791757549
1:1164796,1,1164796,A,G,0.3635,0.00711416492752275
1:1193983,1,1193983,A,G,0.22649997,-0.003921664622018478
1:1222870,1,1222870,A,G,0.20200002,0.009891516357299278
1:1228808,1,1228808,A,G,0.34350002,0.0013371519459549855
1:1270897,1,1270897,A,G,0.14749998,0.006098329659945263
1:1286644,1,1286644,A,G,0.21899998,-0.005264120870484783
1:1308508,1,1308508,A,G,0.41750002,0.00011907799097739
1:1369278,1,1369278,A,G,0.16100001,0.005262236687108148
1:1383876,1,1383876,A,G,0.43199998,-0.021190593049298156
1:1406151,1,1406151,A,G,0.306,0.006637156154024003
1:1406369,1,1406369,A,G,0.265,0.0018126547561172657
1:1416954,1,1416954,A,G,0.305,0.00021166497840965492
1:1428128,1,1428128,A,G,0.3535,0.0011734482050540433
1:1429291,1,1429291,A,G,0.31199998,-0.001458142680859906
1:1443718,1,1443718,A,G,0.3675,0.013635519115695051
1:1472543,1,1472543,A,G,0.19700003,-0.0010924799239071673
1:1500949,1,1500949,A,G,0.45099998,-0.0026931869799928796
1:1514543,1,1514543,A,G,0.1415,0.003208666295980667
1:1524103,1,1524103,A,G,0.36049998,0.008610820419446408
1:1531065,1,1531065,A,G,0.195,-0.006238445305350025
1:1534228,1,1534228,A,G,0.353,-0.0186406300106484
1:1543813,1,1543813,A,G,0.06650001,0.00027355182798538655
1:1559758,1,1559758,A,G,0.20850003,0.0011352086344326236
1:1578316,1,1578316,A,G,0.49449998,0.001306943488592802
1:1635157,1,1635157,A,G,0.32200003,0.002944839330312192
1:1636676,1,1636676,A,G,0.26099998,0.0029164508799597103
1:1649730,1,1649730,A,G,0.18,0.007918320769740849
1:1656672,1,1656672,A,G,0.26200002,0.009887234913682805
1:1668322,1,1668322,A,G,0.44050002,0.005248160297122344
1:1722321,1,1722321,A,G,0.1925,-0.004082818688567633
1:1722908,1,1722908,A,G,0.31,-0.0037219563657824445
1:1726200,1,1726200,A,G,0.3365,0.004924998877858233
1:1748015,1,1748015,A,G,0.23000002,-0.004059237074556555
1:1749737,1,1749737,A,G,0.17049998,0.004356263805788994
1:1760512,1,1760512,A,G,0.125,0.005199912328843423
1:1805519,1,1805519,A,G,0.08099997,0.0015162571568479264
1:1805809,1,1805809,A,G,0.1505,0.00899705287974565
1:1821368,1,1821368,A,G,0.057500005,-0.007333803098611866
1:1894555,1,1894555,A,G,0.3765,-0.016571532101135274
1:1901741,1,1901741,A,G,0.08899999,0.011360480514735382
1:1912585,1,1912585,A,G,0.45999998,0.017305298330247677
1:1940370,1,1940370,A,G,0.272,0.008827773321778845
1:1983510,1,1983510,A,G,0.2335,-0.004751175060141913
1:1989174,1,1989174,A,G,0.077499986,0.0054373534455409815
1:1992826,1,1992826,A,G,0.12849998,-0.0017538007658007002
1:1998174,1,1998174,A,G,0.40750003,-0.01133931199694494
1:2009607,1,2009607,A,G,0.347,-0.008309878100328705
1:2014018,1,2014018,A,G,0.081499994,0.00044422472119924877
1:2059386,1,2059386,A,G,0.342,0.013266300329298113
1:2086214,1,2086214,A,G,0.12349999,-0.012704772004537176
1:2090213,1,2090213,A,G,0.36299998,0.01259464810182575
1:2120712,1,2120712,A,G,0.45349997,-0.005654237477492472
1:2141913,1,2141913,A,G,0.37050003,0.003653739183642963
1:2155749,1,2155749,A,G,0.412,-0.0047864868981289145
1:2173514,1,2173514,A,G,0.32099998,-0.0169874381284147
1:2195691,1,2195691,A,G,0.040499985,0.0005894278705374182
1:2235001,1,2235001,A,G,0.40750003,0.011285917829343408
1:2250398,1,2250398,A,G,0.24150002,0.004341148563666109
1:2253723,1,2253723,A,G,0.4555,-0.00745600112731603
1:2276361,1,2276361,A,G,0.33249998,-0.0026500422293431625
1:2276788,1,2276788,A,G,0.13450003,-0.0043144116016297935
1:2298757,1,2298757,A,G,0.0715,-0.0035989745001053113
1:2320689,1,2320689,A,G,0.282,-0.0010513712311648578
1:2322524,1,2322524,A,G,0.36049998,-0.003023692728310363
1:2338378,1,2338378,A,G,0.436,0.008026038709022697
1:2363163,1,2363163,A,G,0.053499997,-0.007447409224830759
1:2373140,1,2373140,A,G,0.417,0.004798485801366235
1:2382358,1,2382358,A,G,0.21700001,-0.003493007237404099
1:2464723,1,2464723,A,G,0.29500002,0.0025390020062957645
1:2480018,1,2480018,A,G,0.3025,0.006332406522693926
1:2484414,1,2484414,A,G,0.23699999,-0.009099475265171766
1:2503772,1,2503772,A,G,0.13050002,0.003940241371586616
1:2592317,1,2592317,A,G,0.091499984,-0.002264187719237245
1:2592537,1,2592537,A,G,0.13700002,0.0009651906001752994
1:2597481,1,2597481,A,G,0.36799997,0.007504138595625054
1:2607412,1,2607412,A,G,0.3495,-0.0017207973147940591
1:2609090,1,2609090,A,G,0.352,-0.010492518339608733
1:2615805,1,2615805,A,G,0.4655,-0.010818297250371285
1:2640329,1,2640329,A,G,0.2625,0.003038810136873946
1:2667868,1,2667868,A,G,0.40750003,-0.0023428214628630805
1:2681207,1,2681207,A,G,0.34600002,0.010522367936575672
1:2721865,1,2721865,A,G,0.4965,0.007447740754123193
1:2726017,1,2726017,A,G,0.3175,0.002029324722166035
1:2744805,1,2744805,A,G,0.13099998,-0.004014514252618677
1:2750026,1,2750026,A,G,0.3775,0.0022128817643348965
1:2773940,1,2773940,A,G,0.23699999,-0.01050156711400873
1:2825897,1,2825897,A,G,0.14600003,0.00814416618144993
1:2843237,1,2843237,A,G,0.1695,-0.011562977586711182
1:2844665,1,2844665,A,G,0.43,-0.012413416825068732
1:2846275,1,2846275,A,G,0.23400003,-0.00602249979338365
1:2887297,1,2887297,A,G,0.25599998,-0.00534419880851184
1:2887699,1,2887699,A,G,0.074,0.0030435481959264505
1:2966423,1,2966423,A,G,0.17549998,-0.0009097378273899935
1:2975606,1,2975606,A,G,0.44,-0.002230632157616696
1:2976243,1,2976243,A,G,0.2715,0.0024535907975721167
1:3028632,1,3028632,A,G,0.2655,-0.0027160146707192476
1:3033350,1,3033350,A,G,0.07099998,0.0038940882614944836
1:3040268,1,3040268,A,G,0.18,-0.0024564452379342103
1:3049317,1,3049317,A,G,0.11049998,-0.009653246774341916
1:3094236,1,3094236,A,G,0.13999999,-0.010928456631433756
1:3100582,1,3100582,A,G,0.19999999,-0.007154861469932357
1:3110692,1,3110692,A,G,0.084500015,0.002663410473899344
1:3119613,1,3119613,A,G,0.36949998,0.0052854566941573046
1:3125355,1,3125355,A,G,0.315,-0.007839893298572797
1:3133212,1,3133212,A,G,0.39099997,0.012350468436989772
1:3138146,1,3138146,A,G,0.19199997,0.002451361708902837
1:3151883,1,3151883,A,G,0.12849998,-0.0009415895254302815
1:3184791,1,3184791,A,G,0.305,-0.00019463008498375823
1:3266403,1,3266403,A,G,0.05250001,-0.000698817135289207
1:3287094,1,3287094,A,G,0.10399997,-0.00013911123706528188
1:3314345,1,3314345,A,G,0.4155,-0.009848758997608696
1:3325316,1,3325316,A,G,0.463,-0.003046032526563106
1:3330923,1,3330923,A,G,0.13349998,0.00048773358130431156
1:3331069,1,3331069,A,G,0.40399998,-0.0141709530474095
1:3341862,1,3341862,A,G,0.2295,0.0012449690803606629
1:3344770,1,3344770,A,G,0.2425,-0.011147641924931785
1:3366613,1,3366613,A,G,0.422,0.01510543629926953
1:3369721,1,3369721,A,G,0.302,0.006116184991714634
1:3379570,1,3379570,A,G,0.399,-0.0054056277308355705
1:3385358,1,3385358,A,G,0.3875,0.003334016206664127
1:3388446,1,3388446,A,G,0.32349998,0.0072631416903575574
1:3433383,1,3433383,A,G,0.39099997,-0.007449790150235041
1:3452815,1,3452815,A,G,0.36299998,0.002721331721419194
1:3456654,1,3456654,A,G,0.24299997,0.011109694832213392
1:3541816,1,3541816,A,G,0.123000026,-0.006044137347506519
1:3584703,1,3584703,A,G,0.16649997,0.0034410888747665857
1:3609737,1,3609737,A,G,0.22149998,-0.0011260431901920086
1:3641772,1,3641772,A,G,0.31699997,0.008705337338564715
1:3646805,1,3646805,A,G,0.19599998,0.0020836282057870243
1:3668281,1,3668281,A,G,0.11949998,-0.001313805273989313
1:3678622,1,3678622,A,G,0.057500005,0.0036216439954116497
1:3683910,1,3683910,A,G,0.14050001,0.0039502014333392685
1:3693306,1,3693306,A,G,0.328,0.0038879987193001734
1:3695962,1,3695962,A,G,0.108500004,-0.012104439334538575
1:3699392,1,3699392,A,G,0.056500018,0.0023761561115035294
1:3708655,1,3708655,A,G,0.08249998,-0.002423638472068561
1:3741197,1,3741197,A,G,0.482,0.003968728220646298
1:3757975,1,3757975,A,G,0.0625,-0.0025301467809498235
1:3792825,1,3792825,A,G,0.24049997,-0.0025775885157797752
1:3800987,1,3800987,A,G,0.351,0.01896289695401996
1:3815145,1,3815145,A,G,0.17049998,0.018951074906473856
1:3828434,1,3828434,A,G,0.47899997,0.007812164025772564
1:3830122,1,3830122,A,G,0.061500013,-0.010915507373100269
1:3835599,1,3835599,A,G,0.4555,0.006901213558401841
1:3845475,1,3845475,A,G,0.222,0.014364011851231668
1:3875755,1,3875755,A,G,0.21899998,0.0027794134687457563
1:3881858,1,3881858,A,G,0.26450002,0.009547931452178773
1:3887009,1,3887009,A,G,0.499,0.0009174431956145446
1:3901404,1,3901404,A,G,0.33099997,0.008955014654151284
1:3924483,1,3924483,A,G,0.478,0.007095548087583501
1:3956779,1,3956779,A,G,0.058499992,-0.009962808398420543
1:4024734,1,4024734,A,G,0.46249998,-0.014605383247318167
1:4032655,1,4032655,A,G,0.1455,-0.020015356794636546
1:4035852,1,4035852,A,G,0.19999999,-0.011258908862101607
1:4036406,1,4036406,A,G,0.08350003,0.0045053173737456985
1:4058849,1,4058849,A,G,0.43,-0.011695697209523424
1:4079442,1,4079442,A,G,0.288,0.004021170805650202
1:4109071,1,4109071,A,G,0.0765,-0.002721294014417546
1:4109405,1,4109405,A,G,0.22750002,0.0003925223359412538
1:4151786,1,4151786,A,G,0.24150002,0.00861596047564034
1:4183840,1,4183840,A,G,0.074500024,0.010575278557721418
1:4264424,1,4264424,A,G,0.19999999,-0.009312326371945354
1:4268174,1,4268174,A,G,0.15600002,-0.00016621564580671165
1:4273446,1,4273446,A,G,0.453,-0.003103989202289978
1:4294540,1,4294540,A,G,0.4145,-0.00911269208947594
1:4300916,1,4300916,A,G,0.12400001,0.009981867413143029
1:4327309,1,4327309,A,G,0.49049997,-0.01403405880847796
1:4338844,1,4338844,A,G,0.37199998,0.004694389730814635
1:4345761,1,4345761,A,G,0.265,0.003590388880435419
1:4394644,1,4394644,A,G,0.25950003,-0.011692100206438218
1:4409353,1,4409353,A,G,0.46100003,0.011095911603221662
1:4421591,1,4421591,A,G,0.18049997,0.010133433076271063
1:4429900,1,4429900,A,G,0.23750001,0.005875902438567927
1:4437678,1,4437678,A,G,0.35750002,-0.0056541059490170876
1:4460277,1,4460277,A,G,0.4045,0.0023813965526208
1:4464345,1,4464345,A,G,0.2245,0.0008068215164393161
1:4466272,1,4466272,A,G,0.48150003,0.028095216845021462
1:4469354,1,4469354,A,G,0.16750002,-0.0016989669220077654
1:4473015,1,4473015,A,G,0.20950001,-0.011396097435985783
1:4521374,1,4521374,A,G,0.134,-0.002596586864421362
1:4523536,1,4523536,A,G,0.291,0.017908865104355413
1:4532689,1,4532689,A,G,0.4985,0.0027741015667076675
1:4545584,1,4545584,A,G,0.36799997,0.0016163888453396618
1:4578239,1,4578239,A,G,0.2515,-0.011717876427696441
1:4600109,1,4600109,A,G,0.49199998,-0.001245990711182686
1:4622581,1,4622581,A,G,0.06300002,0.002763317075653804
1:4672413,1,4672413,A,G,0.19150001,-0.00013665979776179927
1:4684347,1,4684347,A,G,0.42400002,-0.003971162920739943
1:4739401,1,4739401,A,G,0.31,0.0130946440388415
1:4746772,1,4746772,A,G,0.0485,0.0005092886127902641
1:4755470,1,4755470,A,G,0.25199997,0.003798077911309045
1:4790692,1,4790692,A,G,0.057500005,0.004458032324187266
1:4810834,1,4810834,A,G,0.32349998,0.0018629701238297726
1:4816130,1,4816130,A,G,0.34899998,-0.001721979534628741
1:4833178,1,4833178,A,G,0.13849998,0.007979334545342274
1:4848288,1,4848288,A,G,0.499,0.002724406005466551
1:4854043,1,4854043,A,G,0.3875,0.012248552467640348
1:4860320,1,4860320,A,G,0.24849999,0.008569013752483323
1:4876873,1,4876873,A,G,0.20599997,0.008698880707754732
1:4889085,1,4889085,A,G,0.077499986,0.014598017481934844
1:4900165,1,4900165,A,G,0.3495,-0.0060023484499654054
1:4952076,1,4952076,A,G,0.17900002,-0.012328219650923322
1:4975468,1,4975468,A,G,0.22600001,-0.014229330935470496
1:4981506,1,4981506,A,G,0.255,0.0054273695519828176
1:4982043,1,4982043,A,G,0.435,-6.0796813823066024e-05
1:4990962,1,4990962,A,G,0.43449998,-0.0030932745643453105
1:5001046,1,5001046,A,G,0.38950002,-0.011749186618688342
1:5016240,1,5016240,A,G,0.36799997,0.02297581897362891
1:5028036,1,5028036,A,G,0.27100003,0.021244431893898626
1:5051647,1,5051647,A,G,0.42299998,0.008603387991898597
1:5059668,1,5059668,A,G,0.4505,-0.005914930050358514
1:5071916,1,5071916,A,G,0.2745,0.008948687651557796
1:5130398,1,5130398,A,G,0.43699998,-0.006679205944247839
1:5184503,1,5184503,A,G,0.449,0.002998184463662337
1:5241219,1,5241219,A,G,0.13200003,0.0021090499141507334
1:5250296,1,5250296,A,G,0.485,0.008976659983064654
1:5272865,1,5272865,A,G,0.18300003,0.0004230076175987506
1:5277421,1,5277421,A,G,0.45700002,-0.00505347300598482
1:5287914,1,5287914,A,G,0.42549998,0.0021981923871675912
1:5290718,1,5290718,A,G,0.4565,0.004463314552553135
1:5301359,1,5301359,A,G,0.24299997,-0.015009639962662162
1:5303944,1,5303944,A,G,0.12650001,-0.013928256463837534
1:5311500,1,5311500,A,G,0.12400001,0.00675010685153382
1:5318332,1,5318332,A,G,0.19700003,-0.0038718301896980075
1:5337356,1,5337356,A,G,0.1595,0.0013440339716731548
1:5345855,1,5345855,A,G,0.5,-0.012840159308009575
1:5351827,1,5351827,A,G,0.1275,-0.00030097983729422976
1:5384936,1,5384936,A,G,0.3365,-0.00090218219932317
1:5386160,1,5386160,A,G,0.28350002,-0.0011392048447764907
1:5403253,1,5403253,A,G,0.0765,0.0018233057130320278
1:5409862,1,5409862,A,G,0.14450002,-0.0005087906458148328
1:5418953,1,5418953,A,G,0.47000003,-0.01008844763426717
1:5432020,1,5432020,A,G,0.4155,-0.006979719684288202
1:5438685,1,5438685,A,G,0.30049998,0.00878093107975085
1:5481141,1,5481141,A,G,0.08249998,-0.002536707344629878
1:5525634,1,5525634,A,G,0.11250001,0.01084878371479395
1:5553536,1,5553536,A,G,0.36299998,0.00048498150011064387
1:5562068,1,5562068,A,G,0.3865,0.00449502582373097
1:5579080,1,5579080,A,G,0.496,-0.014893341701192041
1:5596527,1,5596527,A,G,0.14249998,-0.00298484731952043
1:5627746,1,5627746,A,G,0.3305,0.0004884752218339378
1:5654238,1,5654238,A,G,0.26950002,-0.007520460682191895
1:5666913,1,5666913,A,G,0.09549999,0.0037811660751990396
1:5674720,1,5674720,A,G,0.21450001,0.01293957741290579
1:5698619,1,5698619,A,G,0.17900002,-0.014783599224855297
1:5703395,1,5703395,A,G,0.26599997,-0.002739377895348138
1:5720627,1,5720627,A,G,0.17150003,-0.00724619959778337
1:5723602,1,5723602,A,G,0.26849997,0.0045192324897071635
1:5730386,1,5730386,A,G,0.3135,0.008855053672511244
1:5752811,1,5752811,A,G,0.21850002,0.00017761288877212836
1:5786266,1,5786266,A,G,0.22049999,0.011209585982094665
1:5809042,1,5809042,A,G,0.32599998,-0.010796838699840184
1:5813776,1,5813776,A,G,0.07550001,-0.001947193877005532
1:5845448,1,5845448,A,G,0.4695,0.010796141833852557
1:5846867,1,5846867,A,G,0.481,0.00794255208732704
1:5853585,1,5853585,A,G,0.084500015,-0.002043901116229159
1:5872355,1,5872355,A,G,0.38450003,0.005095561755246075
1:5875294,1,5875294,A,G,0.16350001,0.016097334050459072
1:5905951,1,5905951,A,G,0.2475,0.010604100520901098
1:5934262,1,5934262,A,G,0.17699999,-0.00875476759639601
1:5939335,1,5939335,A,G,0.148,0.0066827571304840004
1:5949853,1,5949853,A,G,0.22649997,2.8675249485804312e-05
1:5994377,1,5994377,A,G,0.21899998,0.0021527231672255295
1:6124153,1,6124153,A,G,0.227,-0.011536278613953928
1:6152942,1,6152942,A,G,0.42150003,0.017744521854981838
1:6155580,1,6155580,A,G,0.481,-0.002395287429954464
1:6193957,1,6193957,A,G,0.12650001,0.00583352539625041
1:6194225,1,6194225,A,G,0.3625,-0.0012340883569497687
1:6195201,1,6195201,A,G,0.28399998,-0.0080868518402049
1:6200647,1,6200647,A,G,0.208,0.01429311115528191
1:6202259,1,6202259,A,G,0.34149998,0.005927223681749727
1:6210716,1,6210716,A,G,0.4425,-0.000979710120571329
1:6238796,1,6238796,A,G,0.33600003,-0.010746706346970638
1:6285089,1,6285089,A,G,0.393,0.01045678784398551
1:6292519,1,6292519,A,G,0.123000026,0.00533882280781872
1:6299493,1,6299493,A,G,0.3635,-0.005498517217693804
1:6314769,1,6314769,A,G,0.49800003,-0.007885282409830859
1:6319708,1,6319708,A,G,0.4795,0.005160909030360007
1:6327091,1,6327091,A,G,0.2605,-0.003906897487160868
1:6330035,1,6330035,A,G,0.44450003,-0.0008269539664666234
1:6336357,1,6336357,A,G,0.30900002,-0.0003284786660587714
1:6356382,1,6356382,A,G,0.0995,-0.001500368044325425
1:6404004,1,6404004,A,G,0.47399998,0.0009135310326435584
1:6423960,1,6423960,A,G,0.31849998,0.0019186052758762135
1:6469724,1,6469724,A,G,0.096000016,0.00652000262303831
1:6472974,1,6472974,A,G,0.319,0.005267691871254206
1:6491879,1,6491879,A,G,0.3815,0.00033487783090246887
1:6508857,1,6508857,A,G,0.14649999,-0.0036311644546846438
1:6512441,1,6512441,A,G,0.357,-0.0017140501909781018
1:6612209,1,6612209,A,G,0.48900002,0.018470185550153898
1:6659909,1,6659909,A,G,0.17650002,0.005054613390934117
1:6671204,1,6671204,A,G,0.2605,-0.0004934681027346051
1:6687667,1,6687667,A,G,0.19749999,-0.002819460647322929
1:6698542,1,6698542,A,G,0.2475,-0.010081578690050351
1:6703561,1,6703561,A,G,0.4375,-0.006213365659147586
1:6722056,1,6722056,A,G,0.44050002,0.0057110655546564245
1:6733216,1,6733216,A,G,0.058000028,0.002661580323734289
1:6736550,1,6736550,A,G,0.10500002,-0.0005229284000294843
1:6737321,1,6737321,A,G,0.20899999,0.004247485657040776
1:6739014,1,6739014,A,G,0.1695,0.007918387006694323
1:6760404,1,6760404,A,G,0.08899999,0.0038113942089772583
1:6767568,1,6767568,A,G,0.3635,-0.0027014574884515583
1:6822604,1,6822604,A,G,0.365,-0.00871626768162882
1:6837389,1,6837389,A,G,0.17299998,-0.01468982147034909
1:6839790,1,6839790,A,G,0.21600002,0.003620272430576854
1:6851804,1,6851804,A,G,0.2705,0.002129264618759773
1:6852903,1,6852903,A,G,0.06550002,-0.011541675295453739
1:6857659,1,6857659,A,G,0.125,-0.0019524815966096127
1:6913463,1,6913463,A,G,0.3405,-0.015502274996414775
1:6941246,1,6941246,A,G,0.274,0.004772633036207071
1:6964706,1,6964706,A,G,0.3135,-0.003980845207733619
1:6982253,1,6982253,A,G,0.49,-0.007975284392387299
1:7021863,1,7021863,A,G,0.37449998,0.0028326027817204965
1:7022337,1,7022337,A,G,0.472,-0.0046905500319479165
1:7081531,1,7081531,A,G,0.3025,-0.0073430362751253885
1:7083611,1,7083611,A,G,0.046500027,0.003923443539595913
1:7085905,1,7085905,A,G,0.09249997,0.0009154690082373441
1:7089976,1,7089976,A,G,0.388,-0.0023296977580620683
1:7102174,1,7102174,A,G,0.18599999,0.0014075055698451182
1:7130145,1,7130145,A,G,0.24049997,0.0004526098748211538
1:7136030,1,7136030,A,G,0.38200003,-0.005660898496766074
1:7152748,1,7152748,A,G,0.1875,-0.003823123745559234
1:7281506,1,7281506,A,G,0.43049997,-0.0005190917662968662
1:7322154,1,7322154,A,G,0.21350002,0.004807921992573213
1:7334902,1,7334902,A,G,0.06349999,-0.000672775444739961
1:7339839,1,7339839,A,G,0.49,-0.006609548451736697
1:7347001,1,7347001,A,G,0.25449997,0.004630319167558181
1:7393980,1,7393980,A,G,0.19,0.005496086327712824
1:7446154,1,7446154,A,G,0.45700002,0.011726419128350325
1:7449608,1,7449608,A,G,0.43449998,-0.01433317354885105
1:7456986,1,7456986,A,G,0.06800002,0.0029731575668499287
1:7466512,1,7466512,A,G,0.398,-0.0033522725262084465
1:7468811,1,7468811,A,G,0.28250003,0.005078022085309889
1:7503277,1,7503277,A,G,0.3395,-0.001987405960756947
1:7583355,1,7583355,A,G,0.118499994,0.003490246989146114
1:7585154,1,7585154,A,G,0.36699998,0.0007303805429204584
1:7587677,1,7587677,A,G,0.14850003,0.005533682463746988
1:7611433,1,7611433,A,G,0.112999976,0.002583738856296291
1:7640168,1,7640168,A,G,0.10750002,-0.004745417578132647
1:7654910,1,7654910,A,G,0.19950002,-0.00010474081239227716
1:7667858,1,7667858,A,G,0.498,0.0020621818882650207
1:7726891,1,7726891,A,G,0.06950003,-0.008462451231809056
1:7734103,1,7734103,A,G,0.18900001,-0.006707207293501785
1:7778749,1,7778749,A,G,0.31,-0.00303330027441514
1:7797699,1,7797699,A,G,0.14950001,0.01421399360303733
1:7887740,1,7887740,A,G,0.49949998,-0.01115759211820185
1:7946156,1,7946156,A,G,0.22850001,-0.0008523558465953988
1:7964444,1,7964444,A,G,0.361,0.0017300036085397077
1:7971380,1,7971380,A,G,0.23150003,0.006865995678746959
1:7997044,1,7997044,A,G,0.13849998,-0.003088307410238846
1:8027523,1,8027523,A,G,0.19150001,7.548999526596831e-05
1:8074038,1,8074038,A,G,0.20300001,-0.0006580799950967156
1:8112075,1,8112075,A,G,0.45099998,-0.008045664689039477
1:8167708,1,8167708,A,G,0.05699998,-0.000131805409106898
1:8181884,1,8181884,A,G,0.449,-0.00352772956596788
1:8182536,1,8182536,A,G,0.2295,0.008219810934011258
1:8221253,1,8221253,A,G,0.3265,-0.010213636295580173
1:8234680,1,8234680,A,G,0.4195,-0.007475111433565336
1:8274438,1,8274438,A,G,0.26999998,0.010822404444428654
1:8329443,1,8329443,A,G,0.09249997,-0.0024592009183149396
1:8336901,1,8336901,A,G,0.3075,-0.006400945259322544
1:8351246,1,8351246,A,G,0.10399997,-0.004041626111642551
1:8357957,1,8357957,A,G,0.43049997,0.00805517791604223
1:8368353,1,8368353,A,G,0.34750003,0.003428070667500347
1:8388513,1,8388513,A,G,0.329,0.001993762089153366
1:8411884,1,8411884,A,G,0.052999973,0.008245367969453361
1:8437713,1,8437713,A,G,0.47149998,0.009285028776254409
1:8439470,1,8439470,A,G,0.102,-0.0007948879585660362
1:8454562,1,8454562,A,G,0.13099998,0.003796215961220903
1:8497553,1,8497553,A,G,0.48549998,0.0005564213661881358
1:8527836,1,8527836,A,G,0.07349998,-0.003743207550245663
1:8552443,1,8552443,A,G,0.3775,0.008333923644876564
1:8556136,1,8556136,A,G,0.08499998,0.0022228424859529676
1:8556256,1,8556256,A,G,0.362,-0.0030255628245917775
1:8570557,1,8570557,A,G,0.4285,0.001263735483682151
1:8585378,1,8585378,A,G,0.20700002,-0.0021520955604211493
1:8589748,1,8589748,A,G,0.19800001,0.005139386918928424
1:8593060,1,8593060,A,G,0.478,-0.010910429585360327
1:8595961,1,8595961,A,G,0.08950001,-0.0019362942757157455
1:8640146,1,8640146,A,G,0.2155,1.6517031527963825e-05
1:8658145,1,8658145,A,G,0.34399998,0.003081369446700927
1:8659523,1,8659523,A,G,0.37199998,0.007118336325253845
1:8669442,1,8669442,A,G,0.25199997,0.0073863939571780024
1:8674164,1,8674164,A,G,0.41399997,0.004642585104458976
1:8704814,1,8704814,A,G,0.44700003,2.488210798943088e-05
1:8805587,1,8805587,A,G,0.422,0.008590577159166064
1:8815996,1,8815996,A,G,0.10549998,-0.006308857339569775
1:8825151,1,8825151,A,G,0.36299998,0.010809554018518745
1:8831925,1,8831925,A,G,0.42000002,0.015519326119792707
1:8849852,1,8849852,A,G,0.096000016,-0.009356123394225374
1:8860936,1,8860936,A,G,0.14700001,-0.005472395835708046
1:8910853,1,8910853,A,G,0.499,-0.005948339066938867
1:8978990,1,8978990,A,G,0.27499998,0.002546469810475723
1:8989139,1,8989139,A,G,0.2985,0.00884244929203761
1:9004645,1,9004645,A,G,0.17199999,-0.004844501008413307
1:9017498,1,9017498,A,G,0.24299997,0.006781164165024522
1:9031371,1,9031371,A,G,0.4605,0.006335250106442015
1:9035950,1,9035950,A,G,0.1505,-0.018902943508454048
1:9091045,1,9091045,A,G,0.18199998,0.0006516035102702523
1:9137345,1,9137345,A,G,0.2625,-0.0009787625382990325
1:9144221,1,9144221,A,G,0.20899999,0.004631876347122215
1:9161409,1,9161409,A,G,0.45999998,0.0032033603184461394
1:9163767,1,9163767,A,G,0.31849998,0.00017343138044481979
1:9176749,1,9176749,A,G,0.26450002,0.0007631476523575839
1:9184537,1,9184537,A,G,0.30299997,0.014714485795576408
1:9240659,1,9240659,A,G,0.06950003,0.0011042277661762793
1:9249678,1,9249678,A,G,0.39499998,0.0018869769722367998
1:9322005,1,9322005,A,G,0.18,-0.0009705501524199543
1:9326244,1,9326244,A,G,0.311,-0.0006701948690500238
1:9331796,1,9331796,A,G,0.421,-0.008925116045541134
1:9384452,1,9384452,A,G,0.21450001,-0.0007511319680639801
1:9392610,1,9392610,A,G,0.06349999,-0.005332862877226731
1:9405635,1,9405635,A,G,0.05699998,0.004812236685345453
1:9426808,1,9426808,A,G,0.42900002,0.0038286104726700672
1:9427505,1,9427505,A,G,0.27899998,-0.008651040924418393
1:9447934,1,9447934,A,G,0.343,0.005453761559687497
1:9451245,1,9451245,A,G,0.32849997,0.015127616865741695
1:9451338,1,9451338,A,G,0.1275,0.003862771394701668
1:9456808,1,9456808,A,G,0.058000028,-0.0011412377128901378
1:9462744,1,9462744,A,G,0.17199999,-0.011434132540947104
1:9496564,1,9496564,A,G,0.49150002,-0.004999241658324219
1:9615755,1,9615755,A,G,0.23549998,-0.01570877052676553
1:9618396,1,9618396,A,G,0.48250002,-0.002796467024293106
1:9622824,1,9622824,A,G,0.16750002,-0.001621711721559476
1:9625106,1,9625106,A,G,0.37050003,-0.00896110766435111
1:9702702,1,9702702,A,G,0.07349998,-0.005477886282769446
1:9714178,1,9714178,A,G,0.043500006,-0.004573618932139667
1:9714892,1,9714892,A,G,0.265,-0.007646011859758097
1:9734817,1,9734817,A,G,0.36299998,-0.0014308406874051708
1:9742258,1,9742258,A,G,0.4745,-0.00352671785729483
1:9787558,1,9787558,A,G,0.041999996,0.0031101241425759117
1:9803006,1,9803006,A,G,0.47750002,0.00969028191916783
1:9810405,1,9810405,A,G,0.263,-0.0060431703233415025
1:9818160,1,9818160,A,G,0.37550002,-0.00033610807817503497
1:9828367,1,9828367,A,G,0.339,-0.003911377622274896
1:9837696,1,9837696,A,G,0.185,-0.011497197513119678
1:9909552,1,9909552,A,G,0.19450003,0.0009023610722521018
1:9913842,1,9913842,A,G,0.319,0.00225116234430768
1:9935870,1,9935870,A,G,0.10650003,-0.002513180000863632
1:9937094,1,9937094,A,G,0.417,0.01942638940202134
1:9944146,1,9944146,A,G,0.43550003,0.0045203982798710015
1:9944791,1,9944791,A,G,0.41750002,-0.0002444540055703856
1:9953822,1,9953822,A,G,0.4155,-0.0012849638901239876
1:9955952,1,9955952,A,G,0.357,-0.01089483905140389
1:9963442,1,9963442,A,G,0.38300002,-0.010857459556225661
1:9986299,1,9986299,A,G,0.31199998,-0.006234418819740004
1:10016390,1,10016390,A,G,0.14899999,-0.0070532781335578745
1:10047454,1,10047454,A,G,0.073000014,-0.0008687070631678161
1:10047596,1,10047596,A,G,0.1415,-0.0006621109821421138
1:10055080,1,10055080,A,G,0.1135,0.0019042457691042067
1:10091986,1,10091986,A,G,0.371,-0.018320815725900646
1:10095126,1,10095126,A,G,0.4695,-0.002913082064450571
1:10104108,1,10104108,A,G,0.40899998,0.005881881541962686
1:10108632,1,10108632,A,G,0.4795,0.001477527288946192
1:10115079,1,10115079,A,G,0.074,7.45244266105184e-06
1:10117274,1,10117274,A,G,0.065999985,-0.0018588281115277936
1:10151608,1,10151608,A,G,0.35500002,0.0031482293469075984
1:10192258,1,10192258,A,G,0.060500026,0.008571802419753027
1:10196895,1,10196895,A,G,0.4655,0.0007649865842140476
1:10198500,1,10198500,A,G,0.245,-0.00479889359421133
1:10249580,1,10249580,A,G,0.4795,0.01733534825156352
1:10274622,1,10274622,A,G,0.18599999,0.0043677921839162925
1:10292659,1,10292659,A,G,0.36949998,0.0013244554543149609
1:10320856,1,10320856,A,G,0.3315,-0.0032747212964813806
1:10321337,1,10321337,A,G,0.18199998,-0.00428940280756594
1:10384779,1,10384779,A,G,0.20349997,0.00274005808211732
1:10390285,1,10390285,A,G,0.29549998,0.006617698189934684
1:10392035,1,10392035,A,G,0.22899997,-0.0017239983001070026
1:10421318,1,10421318,A,G,0.27249998,-0.0037694196035343774
1:10421959,1,10421959,A,G,0.2605,-0.013227068429369302
1:10427149,1,10427149,A,G,0.352,-0.001495963334482978
1:10431930,1,10431930,A,G,0.08950001,0.0023556656944738416
1:10444454,1,10444454,A,G,0.45,0.0038440809253075512
1:10466616,1,10466616,A,G,0.08050001,0.0038616557654641004
1:10478543,1,10478543,A,G,0.19050002,0.003581696304192089
1:10488952,1,10488952,A,G,0.060500026,0.00035432052986567557
1:10495301,1,10495301,A,G,0.4095,-0.009701460787442813
1:10528295,1,10528295,A,G,0.09649998,0.0018606410074909195
1:10539670,1,10539670,A,G,0.18400002,-0.004528535475226288
1:10556087,1,10556087,A,G,0.24000001,0.0014727276875694687
1:10563215,1,10563215,A,G,0.39749998,0.006528962012156231
1:10569321,1,10569321,A,G,0.408,-0.006544477205842644
1:10608791,1,10608791,A,G,0.12699997,-0.006943667626297157
1:10617245,1,10617245,A,G,0.241,0.009096458961119817
1:10669436,1,10669436,A,G,0.19450003,-0.004119791005666577
1:10670217,1,10670217,A,G,0.49550003,-0.004569358362706476
1:10679044,1,10679044,A,G,0.4655,-0.01139750789740527
1:10679745,1,10679745,A,G,0.108500004,-0.005055666171932403
1:10686963,1,10686963,A,G,0.245,-0.012126250604127165
1:10688728,1,10688728,A,G,0.28399998,0.0036071944156417413
1:10717208,1,10717208,A,G,0.47000003,0.01988056685907367
1:10736302,1,10736302,A,G,0.37300003,0.011823013741109131
1:10758431,1,10758431,A,G,0.42150003,-0.011560152326266171
1:10760889,1,10760889,A,G,0.204,-0.010597268140773173
1:10774987,1,10774987,A,G,0.3495,0.010536048438993965
1:10779707,1,10779707,A,G,0.20050001,0.003502224418240682
1:10822815,1,10822815,A,G,0.4335,-0.0036160730637325453
1:10831891,1,10831891,A,G,0.49049997,0.003435162528449648
1:10833584,1,10833584,A,G,0.30900002,-0.00886259838523886
1:10848681,1,10848681,A,G,0.29400003,-6.90315935265817e-05
1:10854521,1,10854521,A,G,0.46100003,0.010643972835785132
1:10856761,1,10856761,A,G,0.426,0.018575551290962933
1:10880727,1,10880727,A,G,0.10350001,0.009570219647012771
1:10897035,1,10897035,A,G,0.36400002,0.01098635882627192
1:10916877,1,10916877,A,G,0.34249997,-0.009402779878336046
1:10959015,1,10959015,A,G,0.143,0.007010862591636216
1:10970724,1,10970724,A,G,0.110000014,-0.004514086316167049
1:10971178,1,10971178,A,G,0.19700003,0.0044493459700949535
1:10986869,1,10986869,A,G,0.121500015,0.0044634817702800525
1:11021187,1,11021187,A,G,0.17150003,-0.011612780363103635
1:11044591,1,11044591,A,G,0.44,0.0047850316818536095
1:11045634,1,11045634,A,G,0.46100003,0.004947208395036279
1:11059861,1,11059861,A,G,0.16149998,-0.0045858978952329045
1:11074356,1,11074356,A,G,0.16299999,-0.0023003380317351196
1:11082323,1,11082323,A,G,0.2425,0.002529020872477498
1:11091990,1,11091990,A,G,0.37050003,0.00041220955173461635
1:11098253,1,11098253,A,G,0.12449998,0.005952077213975406
1:11103832,1,11103832,A,G,0.41149998,-0.006943499752078919
1:11135475,1,11135475,A,G,0.08350003,0.002727180323048727
1:11145553,1,11145553,A,G,0.12699997,-0.0035930319892760586
1:11149698,1,11149698,A,G,0.32050002,0.0016285340346591716
1:11152154,1,11152154,A,G,0.12900001,-0.020606420347077714
1:11186362,1,11186362,A,G,0.16350001,0.0015078306019331
1:11199748,1,11199748,A,G,0.449,-0.00884337660730544
1:11245870,1,11245870,A,G,0.20099998,0.008160259189941088
1:11292149,1,11292149,A,G,0.4785,-0.003787744178143323
1:11301120,1,11301120,A,G,0.0905,-0.0021393313618783454
1:11309412,1,11309412,A,G,0.477,-0.004305695669602587
1:11310553,1,11310553,A,G,0.4895,-0.008398054871917622
1:11319248,1,11319248,A,G,0.2885,-0.005649657469891066
1:11326238,1,11326238,A,G,0.388,-0.00419440014973282
1:11331384,1,11331384,A,G,0.23299998,0.0036435360564059075
1:11353541,1,11353541,A,G,0.385,0.010110102223483994
1:11360590,1,11360590,A,G,0.13849998,-0.0025208002701397614
1:11368857,1,11368857,A,G,0.4415,0.010938801985575
1:11368955,1,11368955,A,G,0.38599998,0.00849780999728372
1:11377788,1,11377788,A,G,0.37150002,-0.01385093294698112
1:11392367,1,11392367,A,G,0.425,0.00761667394911506
1:11415377,1,11415377,A,G,0.21399999,-0.013085944371594611
1:11416758,1,11416758,A,G,0.144,0.002555966573660534
1:11471762,1,11471762,A,G,0.19300002,-0.010451576147928155
1:11476430,1,11476430,A,G,0.07849997,-0.0018557052861729465
1:11484509,1,11484509,A,G,0.16100001,-0.003509078984911319
1:11506306,1,11506306,A,G,0.3345,0.0029289104066982418
1:11546082,1,11546082,A,G,0.38950002,-0.012143030742344527
1:11551410,1,11551410,A,G,0.4845,-0.0004030148420624614
1:11552292,1,11552292,A,G,0.389,-0.01273253290714722
1:11579150,1,11579150,A,G,0.4475,-0.005460176181194625
1:11592112,1,11592112,A,G,0.18849999,0.0036446842864971095
1:11606244,1,11606244,A,G,0.357,-0.019291108067970665
1:11609077,1,11609077,A,G,0.49299997,-0.006489495039238052
1:11616153,1,11616153,A,G,0.31,-0.00837097216611413
1:11618628,1,11618628,A,G,0.22549999,0.00638884904658476
1:11630983,1,11630983,A,G,0.15149999,-0.010755491414962941
1:11643209,1,11643209,A,G,0.18800002,0.003959372468857793
1:11654305,1,11654305,A,G,0.12650001,0.0004325297982542091
1:11667878,1,11667878,A,G,0.3585,-0.003079180668084473
1:11671440,1,11671440,A,G,0.4005,0.0007509244424365492
1:11683983,1,11683983,A,G,0.39349997,0.004267500328251951
1:11707869,1,11707869,A,G,0.23299998,-0.006731242170654356
1:11720478,1,11720478,A,G,0.10699999,0.00306072301427487
1:11726299,1,11726299,A,G,0.24650002,-0.006666859945162952
1:11748769,1,11748769,A,G,0.38,-0.0006710792013798636
1:11756879,1,11756879,A,G,0.44450003,0.009288801293921598
1:11872753,1,11872753,A,G,0.075999975,0.0013249738038492932
1:11914971,1,11914971,A,G,0.167,0.014585482527772177
1:11918530,1,11918530,A,G,0.4885,0.012571669453039983
1:11950572,1,11950572,A,G,0.2705,0.013381346098486756
1:11950832,1,11950832,A,G,0.058000028,-0.0018325794714003354
1:11951553,1,11951553,A,G,0.14600003,-0.007681736883672223
1:11952315,1,11952315,A,G,0.422,0.0019488221997823495
1:11953071,1,11953071,A,G,0.36949998,0.00412212165775727
1:11959208,1,11959208,A,G,0.14649999,0.006557913961328843
1:11963777,1,11963777,A,G,0.10699999,4.5653828903007334e-05
1:11984399,1,11984399,A,G,0.09350002,-0.0025911522503550624
1:12006206,1,12006206,A,G,0.26,0.01867547699270412
1:12084336,1,12084336,A,G,0.34600002,0.0023139597892304995
1:12126468,1,12126468,A,G,0.17799997,-0.0017227554105803259
1:12132694,1,12132694,A,G,0.088,0.0006251393074692291
1:12138392,1,12138392,A,G,0.263,-0.002659577743075765
1:12155093,1,12155093,A,G,0.12650001,0.00026471243611191135
1:12155864,1,12155864,A,G,0.13849998,0.010686829300886578
1:12195227,1,12195227,A,G,0.3875,0.006976749648874539
1:12225856,1,12225856,A,G,0.337,-0.007008294048108466
1:12243027,1,12243027,A,G,0.194,-0.00024177667370998656
1:12267884,1,12267884,A,G,0.264,0.0039951561944530905
1:12299756,1,12299756,A,G,0.12800002,0.009408905601904943
1:12310060,1,12310060,A,G,0.2845,-7.572069349428511e-05
1:12312830,1,12312830,A,G,0.3825,-0.0018058913144118679
1:12374889,1,12374889,A,G,0.24949998,0.007757479625553324
1:12417421,1,12417421,A,G,0.21899998,0.02134130480175689
1:12431396,1,12431396,A,G,0.16799998,0.011539368226635004
1:12433197,1,12433197,A,G,0.17799997,0.004929383662271032
1:12457081,1,12457081,A,G,0.2295,-0.003890206337074346
1:12485001,1,12485001,A,G,0.185,0.0020814947361570777
1:12503248,1,12503248,A,G,0.084500015,-0.0053730629026544525
1:12545746,1,12545746,A,G,0.12599999,-0.003036026634339725
1:12569022,1,12569022,A,G,0.4895,0.002459001663569568
1:12613998,1,12613998,A,G,0.22850001,0.0019563111904287813
1:12617620,1,12617620,A,G,0.3775,0.020788636115129856
1:12633011,1,12633011,A,G,0.38349998,0.0018636248524320825
1:12663724,1,12663724,A,G,0.27499998,0.011747454842909033
1:12670381,1,12670381,A,G,0.26849997,0.002280450012556178
1:12707036,1,12707036,A,G,0.38050002,-0.0033723688233602083
1:12719243,1,12719243,A,G,0.296,-0.014082391719367784
1:12722095,1,12722095,A,G,0.36299998,-0.003986606420831736
1:12756936,1,12756936,A,G,0.497,-0.007267371283249666
1:12762751,1,12762751,A,G,0.17250001,0.010434215623210737
1:12774616,1,12774616,A,G,0.19749999,0.00605278759511983
1:12790903,1,12790903,A,G,0.37050003,0.0038253008893265926
1:12796933,1,12796933,A,G,0.427,0.009264735368246343
1:12818332,1,12818332,A,G,0.15750003,-0.0025997310396043754
1:12831596,1,12831596,A,G,0.4475,-0.014153223168040957
1:12834264,1,12834264,A,G,0.46100003,-0.004554299991453113
1:12842660,1,12842660,A,G,0.23449999,0.0007046522417911185
1:12851425,1,12851425,A,G,0.1695,0.0007448295744358136
1:12856499,1,12856499,A,G,0.23250002,0.014085550860729866
1:12866620,1,12866620,A,G,0.15200001,0.002809077150238821
1:12920740,1,12920740,A,G,0.0855,0.01182818749033843
1:12984809,1,12984809,A,G,0.4235,0.005171448421455885
1:12988366,1,12988366,A,G,0.31950003,-0.004692197621760075
1:12998379,1,12998379,A,G,0.264,0.007998432808413185
1:13021574,1,13021574,A,G,0.13200003,0.013051838906052661
1:13022705,1,13022705,A,G,0.30049998,-0.001658205418132745
1:13045698,1,13045698,A,G,0.22049999,0.004263528668121919
1:13059041,1,13059041,A,G,0.26599997,0.0004093835111649776
1:13081783,1,13081783,A,G,0.097,0.0046350042521618035
1:13099508,1,13099508,A,G,0.47149998,-0.005233396652768164
1:13116916,1,13116916,A,G,0.4195,-0.004239712246258777
1:13135872,1,13135872,A,G,0.3685,-0.030984232324820643
1:13143609,1,13143609,A,G,0.32200003,-0.0034490773182511924
1:13187278,1,13187278,A,G,0.16900003,-0.009118108925561603
1:13217649,1,13217649,A,G,0.091499984,0.005022372470980096
1:13245463,1,13245463,A,G,0.21399999,0.004016728378601788
1:13245697,1,13245697,A,G,0.22549999,0.010091646933646385
1:13283693,1,13283693,A,G,0.388,1.1699642330803472e-05
1:13296139,1,13296139,A,G,0.12550002,0.00025679860594424945
1:13298373,1,13298373,A,G,0.41649997,0.00587817706513519
1:13315093,1,13315093,A,G,0.2385,0.0017492543713308391
1:13321009,1,13321009,A,G,0.435,-0.0032492737042611563
1:13322451,1,13322451,A,G,0.2755,0.011395310972052012
1:13331234,1,13331234,A,G,0.07249999,0.0026732116621963377
1:13426717,1,13426717,A,G,0.30150002,-0.005691797765348302
1:13431836,1,13431836,A,G,0.231,-0.0021519779698731265
1:13453859,1,13453859,A,G,0.23400003,0.003663753337567536
1:13470138,1,13470138,A,G,0.412,-0.006745339953269452
1:13476006,1,13476006,A,G,0.17000002,-0.009792622594198606
1:13479855,1,13479855,A,G,0.06699997,0.0011999909677118464
1:13487011,1,13487011,A,G,0.18849999,0.015593148922107761
1:13531115,1,13531115,A,G,0.11199999,0.00823164525635241
1:13579174,1,13579174,A,G,0.19599998,0.0005104930131025309
1:13580995,1,13580995,A,G,0.13099998,-0.0011093212459715547
1:13605805,1,13605805,A,G,0.100000024,-0.005813781142591078
1:13609570,1,13609570,A,G,0.43550003,-0.009613366716672244
1:13618724,1,13618724,A,G,0.14700001,-0.012946607593079888
1:13630085,1,13630085,A,G,0.22000003,-0.014948929263920415
1:13654688,1,13654688,A,G,0.037,0.0022954014998535156
1:13654773,1,13654773,A,G,0.38,-0.0022496994081287365
1:13657006,1,13657006,A,G,0.24049997,0.007139045521868782
1:13689494,1,13689494,A,G,0.42949998,0.018761313705078938
1:13691165,1,13691165,A,G,0.06650001,0.007001668912341828
1:13721795,1,13721795,A,G,0.12599999,-0.00535438406139551
1:13757650,1,13757650,A,G,0.16549999,0.0011680840200962658
1:13763701,1,13763701,A,G,0.44450003,-0.013072773224832638
1:13769206,1,13769206,A,G,0.20099998,-0.011183334631097296
1:13781010,1,13781010,A,G,0.11650002,-0.008696645017324377
1:13792250,1,13792250,A,G,0.427,0.006164816554725444
1:13798271,1,13798271,A,G,0.2065,-0.0076573759940918125
1:13822357,1,13822357,A,G,0.19300002,-0.0008848481703985763
1:13824881,1,13824881,A,G,0.3405,-0.017585969010900062
1:13832641,1,13832641,A,G,0.19349998,0.002890733841872735
1:13839095,1,13839095,A,G,0.049000025,0.0028509949879610844
1:13863530,1,13863530,A,G,0.47649997,0.0045795583004770045
1:13881179,1,13881179,A,G,0.15499997,-0.0013594833827009145
1:13907580,1,13907580,A,G,0.17150003,-0.010220739427375227
1:13925414,1,13925414,A,G,0.10949999,0.00979910435663606
1:13942403,1,13942403,A,G,0.12550002,-0.003494667949352206
1:13952822,1,13952822,A,G,0.26099998,-0.00980465982055837
1:13953368,1,13953368,A,G,0.4555,0.009344721442475475
1:13981529,1,13981529,A,G,0.39499998,-0.0063158995550581
1:14004882,1,14004882,A,G,0.3495,0.014838624334475215
1:14013404,1,14013404,A,G,0.21749997,0.005295867945757459
1:14054780,1,14054780,A,G,0.399,-0.007437260741137828
1:14058703,1,14058703,A,G,0.28149998,-0.011829777842559808
1:14063919,1,14063919,A,G,0.263,-0.006467549099058123
1:14067122,1,14067122,A,G,0.4875,0.0103491542966244
1:14072990,1,14072990,A,G,0.325,-0.0002660600252415641
1:14106895,1,14106895,A,G,0.44849998,0.00012701655850554013
1:14150541,1,14150541,A,G,0.26749998,0.019937442061771435
1:14160135,1,14160135,A,G,0.13099998,-0.0020790088846727637
1:14218201,1,14218201,A,G,0.499,0.009675498304381157
1:14219887,1,14219887,A,G,0.314,0.009663966209090522
1:14226225,1,14226225,A,G,0.11900002,0.0020432480245242157
1:14246174,1,14246174,A,G,0.35900003,0.004906573099900803
1:14263316,1,14263316,A,G,0.24800003,-0.0028534061788949316
1:14284504,1,14284504,A,G,0.422,-0.006065713102162519
1:14315680,1,14315680,A,G,0.17150003,0.014472162349086444
1:14369953,1,14369953,A,G,0.46749997,-0.0034119720357270746
1:14372529,1,14372529,A,G,0.18049997,-0.006634359494501446
1:14418935,1,14418935,A,G,0.47899997,-0.0029363595314814573
1:14421669,1,14421669,A,G,0.38050002,0.008331223426391044
1:14497055,1,14497055,A,G,0.5,0.01277751989032158
1:14503357,1,14503357,A,G,0.38200003,-0.00511687407006011
1:14509188,1,14509188,A,G,0.4055,-0.009768322784101181
1:14512254,1,14512254,A,G,0.11650002,0.004224127249116418
1:14514255,1,14514255,A,G,0.05250001,0.0038854644611684406
1:14534057,1,14534057,A,G,0.102,0.005302542172884631
1:14557760,1,14557760,A,G,0.23699999,-0.0016419724778552114
1:14573459,1,14573459,A,G,0.22100002,-0.0007054159838226493
1:14573835,1,14573835,A,G,0.110000014,0.005575059225916633
1:14578364,1,14578364,A,G,0.060000002,0.007795901533188838
1:14625667,1,14625667,A,G,0.352,-0.015001301205863514
1:14650272,1,14650272,A,G,0.11650002,-0.009853765147872326
1:14677070,1,14677070,A,G,0.499,-0.0011862920666942164
1:14677442,1,14677442,A,G,0.087499976,-0.004008168363186802
1:14681317,1,14681317,A,G,0.2055,0.001593098548536379
1:14689950,1,14689950,A,G,0.24049997,-0.0022155476826467
1:14693326,1,14693326,A,G,0.14850003,0.011021137977903162
1:14716533,1,14716533,A,G,0.2655,4.090962862637306e-05
1:14716696,1,14716696,A,G,0.10949999,0.003742914581635924
1:14717084,1,14717084,A,G,0.055999994,-0.0009828817171990774
1:14722792,1,14722792,A,G,0.35500002,0.0006007922089550194
1:14749152,1,14749152,A,G,0.43049997,-0.014018518413530736
1:14764961,1,14764961,A,G,0.29149997,-0.009804402563782382
1:14793753,1,14793753,A,G,0.15450001,-0.003523473406164192
1:14804512,1,14804512,A,G,0.21399999,-0.008094972328413053
1:14812144,1,14812144,A,G,0.3255,0.005073137779621703
1:14881729,1,14881729,A,G,0.05250001,-0.004595336697814682
1:14931116,1,14931116,A,G,0.09850001,0.008526645061636454
1:14986158,1,14986158,A,G,0.48799998,0.011961893605367929
1:15033889,1,15033889,A,G,0.34500003,-0.007057947599131547
1:15043404,1,15043404,A,G,0.408,0.012662241642999197
1:15074662,1,15074662,A,G,0.10250002,0.0057022424255691725
1:15099204,1,15099204,A,G,0.171,0.0011286271640287941
1:15105102,1,15105102,A,G,0.24849999,0.005023063797946438
1:15125441,1,15125441,A,G,0.139,0.003472508960660798
1:15135764,1,15135764,A,G,0.39749998,0.007868552643301134
1:15148531,1,15148531,A,G,0.3025,0.017231037175981248
1:15152995,1,15152995,A,G,0.148,0.002176506626555586
1:15168971,1,15168971,A,G,0.40499997,0.009175203930267023
1:15170522,1,15170522,A,G,0.2855,0.0028903893603172454
1:15192218,1,15192218,A,G,0.14850003,0.0008191458441238962
1:15342277,1,15342277,A,G,0.44349998,0.0004119188952526413
1:15421041,1,15421041,A,G,0.1695,-0.010412063797603047
1:15433223,1,15433223,A,G,0.37050003,-0.004596668453624494
1:15438826,1,15438826,A,G,0.23299998,0.003924518078630835
1:15510436,1,15510436,A,G,0.38300002,-0.002292846676412209
1:15512660,1,15512660,A,G,0.23400003,-0.010660626768964593
1:15527001,1,15527001,A,G,0.18800002,0.0014922567123409488
1:15542212,1,15542212,A,G,0.476,0.015376568616561715
1:15551271,1,15551271,A,G,0.39999998,0.0064560929087269375
1:15560244,1,15560244,A,G,0.3995,-0.010079746799249587
1:15586927,1,15586927,A,G,0.18,0.010704898695772045
1:15590662,1,15590662,A,G,0.199,0.007107622610270455
1:15624799,1,15624799,A,G,0.1275,0.011834523473219685
1:15648246,1,15648246,A,G,0.23449999,0.009594974005015995
1:15663646,1,15663646,A,G,0.464,-0.011432048248301244
1:15697606,1,15697606,A,G,0.29799998,0.007438799001670966
1:15702853,1,15702853,A,G,0.3905,-0.018886554552107825
1:15711073,1,15711073,A,G,0.37949997,-0.006773922295800492
1:15732904,1,15732904,A,G,0.1275,-0.011586878450734963
1:15734210,1,15734210,A,G,0.07099998,0.010207452343170019
1:15762513,1,15762513,A,G,0.091499984,-0.000565746156746628
1:15808459,1,15808459,A,G,0.343,-0.008175502789062757
1:15814829,1,15814829,A,G,0.24199998,-0.0036569847827132825
1:15851429,1,15851429,A,G,0.47399998,-0.003525919566886443
1:15861937,1,15861937,A,G,0.23549998,0.004072145941473279
1:15876697,1,15876697,A,G,0.09549999,0.01436103703435733
1:15886373,1,15886373,A,G,0.48799998,-0.008533854287105253
1:15900477,1,15900477,A,G,0.245,-0.00900461838619913
1:15942097,1,15942097,A,G,0.4235,-0.006585868172133605
1:15985250,1,15985250,A,G,0.06650001,-0.0003104873872238877
1:15993239,1,15993239,A,G,0.17799997,-0.005107564625841842
1:16002438,1,16002438,A,G,0.30150002,-0.006541990466820987
1:16037628,1,16037628,A,G,0.28399998,0.007930528797966543
1:16045908,1,16045908,A,G,0.36650002,-0.01791022424748149
1:16052466,1,16052466,A,G,0.4565,-0.0032473901179220234
1:16077580,1,16077580,A,G,0.4145,-0.0035908764197373883
1:16099249,1,16099249,A,G,0.19,0.006398886254530348
1:16136572,1,16136572,A,G,0.5,-0.007832758458994815
1:16140114,1,16140114,A,G,0.43049997,0.008668185132168594
1:16150866,1,16150866,A,G,0.3445,-0.021360780914909592
1:16167671,1,16167671,A,G,0.26099998,0.008954170438534508
1:16169765,1,16169765,A,G,0.2745,-0.0027676205057368037
1:16177173,1,16177173,A,G,0.365,-0.00305518258999228
1:16192669,1,16192669,A,G,0.2705,0.002487227795374427
1:16202559,1,16202559,A,G,0.494,-0.006199495443349565
1:16203306,1,16203306,A,G,0.379,0.004362132201708694
1:16213226,1,16213226,A,G,0.15649998,0.0007626394083144605
1:16215666,1,16215666,A,G,0.34649998,0.011156107912640278
1:16263883,1,16263883,A,G,0.2605,0.0005928091729233885
1:16374602,1,16374602,A,G,0.13349998,-0.002329113946064515
1:16394488,1,16394488,A,G,0.25950003,-0.006692348944856143
1:16405567,1,16405567,A,G,0.43699998,0.0034723711114084395
1:16406441,1,16406441,A,G,0.06800002,0.003264470263156411
1:16411414,1,16411414,A,G,0.425,-0.006543372087585827
1:16413329,1,16413329,A,G,0.37,-0.002276208559407236
1:16413487,1,16413487,A,G,0.361,-0.006983653541643285
1:16413807,1,16413807,A,G,0.472,0.015233433645362835
1:16434344,1,16434344,A,G,0.4845,-0.0037798096715762394
1:16448426,1,16448426,A,G,0.18800002,-0.002485286656035311
1:16514878,1,16514878,A,G,0.45349997,0.006127348779766134
1:16525824,1,16525824,A,G,0.15649998,-0.018104258433050132
1:16530110,1,16530110,A,G,0.114499986,-0.0003151034962687659
1:16600353,1,16600353,A,G,0.301,-0.008286711921335689
1:16618154,1,16618154,A,G,0.439,0.015616250236893656
1:16620938,1,16620938,A,G,0.065,-8.02864598211653e-05
1:16663289,1,16663289,A,G,0.26349998,0.005056610323958535
1:16684389,1,16684389,A,G,0.342,0.003890359591149982
1:16689089,1,16689089,A,G,0.39099997,-0.004555039473922596
1:16701251,1,16701251,A,G,0.2935,-0.0033031681149092735
1:16770275,1,16770275,A,G,0.3365,-0.009851470699482726
1:16794514,1,16794514,A,G,0.26349998,0.008420598157062276
1:16796694,1,16796694,A,G,0.37449998,-0.007296773333775913
1:16816570,1,16816570,A,G,0.22149998,0.004743941601340008
1:16828924,1,16828924,A,G,0.1595,-0.00633391684759148
1:16845365,1,16845365,A,G,0.1735,0.006094503319057991
1:16861871,1,16861871,A,G,0.34649998,-0.004512545169662884
1:16869253,1,16869253,A,G,0.47899997,0.004861508750131524
1:16887295,1,16887295,A,G,0.17199999,0.011393863288034533
1:16920197,1,16920197,A,G,0.1875,0.00036294715494340925
1:16934381,1,16934381,A,G,0.37699997,-0.0069893220936561706
1:16938662,1,16938662,A,G,0.05400002,-0.006805574113443238
1:16953832,1,16953832,A,G,0.4225,-0.007089050978889607
1:16994987,1,16994987,A,G,0.2245,0.0009200839710153674
1:17016234,1,17016234,A,G,0.4995,0.0062170374534390475
1:17021094,1,17021094,A,G,0.35250002,0.0013187438979226798
1:17022361,1,17022361,A,G,0.427,-0.01289497773699571
1:17028709,1,17028709,A,G,0.11400002,0.002386927504208394
1:17066319,1,17066319,A,G,0.20749998,-0.0004886272591336913
1:17071963,1,17071963,A,G,0.1685,0.004538824198701088
1:17089240,1,17089240,A,G,0.38050002,-0.007137303901576033
1:17127284,1,17127284,A,G,0.049000025,-0.00326940179853468
1:17163811,1,17163811,A,G,0.353,-0.005410480006284401
1:17196046,1,17196046,A,G,0.4425,0.002291901762454984
1:17260672,1,17260672,A,G,0.08050001,0.0036026622330597273
1:17278807,1,17278807,A,G,0.17799997,-0.005538883362880514
1:17292910,1,17292910,A,G,0.13300002,0.0005101982895235876
1:17296382,1,17296382,A,G,0.49400002,0.010502119125272802
1:17298461,1,17298461,A,G,0.4725,0.0007276362825466437
1:17310853,1,17310853,A,G,0.111,-8.245011126017645e-06
1:17353136,1,17353136,A,G,0.1505,0.009318582885578389
1:17393154,1,17393154,A,G,0.057500005,-0.0027129628196017473
1:17406302,1,17406302,A,G,0.3215,0.0026739206347265658
1:17434168,1,17434168,A,G,0.3305,0.0016657140026388336
1:17438119,1,17438119,A,G,0.36549997,-0.022055665595135724
1:17443382,1,17443382,A,G,0.16799998,-0.0003547344983089537
1:17456058,1,17456058,A,G,0.1315,0.002379652165551038
1:17457884,1,17457884,A,G,0.09200001,0.005772010708203464
1:17486879,1,17486879,A,G,0.33099997,-0.0031416448543114895
1:17503548,1,17503548,A,G,0.16000003,-0.007392818286510329
1:17541338,1,17541338,A,G,0.089999974,-0.002078211688752875
1:17547390,1,17547390,A,G,0.22000003,0.004171198480343282
1:17562549,1,17562549,A,G,0.11199999,0.007834431041616845
1:17569188,1,17569188,A,G,0.2575,0.0008031164125154733
1:17579066,1,17579066,A,G,0.118499994,0.007947176214592264
1:17583781,1,17583781,A,G,0.4645,0.005474260207769052
1:17606952,1,17606952,A,G,0.2065,0.004986796435962447
1:17642356,1,17642356,A,G,0.26200002,-0.005214976450637934
1:17644181,1,17644181,A,G,0.3535,-0.0020553425650798973
1:17675549,1,17675549,A,G,0.427,0.002122877012418466
1:17686928,1,17686928,A,G,0.4595,0.008390791877415637
1:17687992,1,17687992,A,G,0.23449999,-0.001192578730179475
1:17691445,1,17691445,A,G,0.25199997,0.0031398373101989875
1:17728139,1,17728139,A,G,0.120000005,-0.002966171883454394
1:17750765,1,17750765,A,G,0.14850003,0.006938582763646786
1:17789601,1,17789601,A,G,0.39,-0.005957346061712178
1:17807334,1,17807334,A,G,0.255,-0.0008497863764598217
1:17810472,1,17810472,A,G,0.436,-0.011426359203198132
1:17811803,1,17811803,A,G,0.2745,-0.00027033552274033764
1:17824014,1,17824014,A,G,0.181,-0.0032812129218848475
1:17824560,1,17824560,A,G,0.3455,0.003931067429014473
1:17832892,1,17832892,A,G,0.274,-0.0017343477337814133
1:17864558,1,17864558,A,G,0.43699998,-0.002922857457539902
1:17882751,1,17882751,A,G,0.22350001,0.007077647392517009
1:17920170,1,17920170,A,G,0.13099998,0.0058578468538849045
1:17943887,1,17943887,A,G,0.24550003,0.005394144335332769
1:17962328,1,17962328,A,G,0.439,0.008545132691807164
1:17977749,1,17977749,A,G,0.41500002,-0.006265487236593458
1:18001961,1,18001961,A,G,0.45749998,-0.006162831407565833
1:18004439,1,18004439,A,G,0.41250002,-0.009437357950510778
1:18093040,1,18093040,A,G,0.20349997,-0.0009759268286872893
1:18100700,1,18100700,A,G,0.32349998,0.006055640631952945
1:18130255,1,18130255,A,G,0.39499998,-0.014709100781679883
1:18130541,1,18130541,A,G,0.4235,-0.003162726861183456
1:18138520,1,18138520,A,G,0.22500002,-0.018503193590547303
1:18144440,1,18144440,A,G,0.287,0.004207331723898575
1:18149287,1,18149287,A,G,0.17150003,0.0027373972503565345
1:18152862,1,18152862,A,G,0.38450003,0.007799721147750961
1:18161635,1,18161635,A,G,0.3635,0.014433651488347025
1:18173653,1,18173653,A,G,0.3165,0.00636298823617342
1:18246136,1,18246136,A,G,0.333,0.0013605949504332756
1:18268850,1,18268850,A,G,0.477,-0.0002623729157446544
1:18275556,1,18275556,A,G,0.407,0.0032959373764786816
1:18283362,1,18283362,A,G,0.11650002,-0.008726045722251113
1:18291318,1,18291318,A,G,0.30900002,0.002432839471784605
1:18298918,1,18298918,A,G,0.13550001,0.0011327608024359291
1:18303751,1,18303751,A,G,0.12650001,-0.010966412089669544
1:18317941,1,18317941,A,G,0.25050002,-0.00018761807495968016
1:18321830,1,18321830,A,G,0.26599997,0.00740985460064801
1:18333735,1,18333735,A,G,0.10799998,-0.004041022203979977
1:18380187,1,18380187,A,G,0.27249998,-0.004106193216568913
1:18392994,1,18392994,A,G,0.114499986,0.004962075211020477
1:18434370,1,18434370,A,G,0.333,0.008232039638708223
1:18458858,1,18458858,A,G,0.436,0.004574315923923896
1:18463213,1,18463213,A,G,0.08499998,-0.0024612862677672554
1:18484759,1,18484759,A,G,0.19849998,-0.0025035768302871853
1:18492847,1,18492847,A,G,0.13999999,-0.0003727866686943466
1:18557969,1,18557969,A,G,0.2995,-0.006432226511902156
1:18562776,1,18562776,A,G,0.44700003,-0.008643569183782446
1:18583427,1,18583427,A,G,0.15100002,-0.009468674368711868
1:18589322,1,18589322,A,G,0.36549997,0.010845900359124321
1:18608311,1,18608311,A,G,0.088,-0.002656325230024769
1:18644523,1,18644523,A,G,0.30400002,0.021596485616526852
1:18664180,1,18664180,A,G,0.3535,0.005431367977160437
1:18673437,1,18673437,A,G,0.3635,0.0037473690614028576
1:18720028,1,18720028,A,G,0.3855,0.008172329969448824
1:18727584,1,18727584,A,G,0.24900001,0.0019103621519286627
1:18737372,1,18737372,A,G,0.389,0.002218097478428026
1:18740106,1,18740106,A,G,0.2475,-0.007760189897257434
1:18757507,1,18757507,A,G,0.20300001,0.010077255131919786
1:18786177,1,18786177,A,G,0.20499998,-0.00652994809621524
1:18803797,1,18803797,A,G,0.13700002,0.00029274593940309797
1:18804537,1,18804537,A,G,0.35799998,0.007830069545232837
1:18861721,1,18861721,A,G,0.11400002,-0.004526106295959941
1:18877238,1,18877238,A,G,0.35000002,0.012465886538217797
1:18892009,1,18892009,A,G,0.34750003,-0.009154396958934795
1:18895650,1,18895650,A,G,0.185,-0.005469978602163966
1:18904816,1,18904816,A,G,0.24800003,-0.005442035566287155
1:18926200,1,18926200,A,G,0.3625,0.001327532316662462
1:18967439,1,18967439,A,G,0.043500006,-0.006740591716137308
1:18992384,1,18992384,A,G,0.176,-0.0039810346659704555
1:18994398,1,18994398,A,G,0.19550002,0.0004115497530616764
1:19012022,1,19012022,A,G,0.4655,-0.0011085146965817492
1:19032580,1,19032580,A,G,0.26099998,0.012021495753676139
1:19053323,1,19053323,A,G,0.28899997,-0.012392242560917302
1:19097932,1,19097932,A,G,0.34249997,-0.010859000696038682
1:19155152,1,19155152,A,G,0.24849999,-0.0006536866272485308
1:19156054,1,19156054,A,G,0.23000002,0.0034571893814758664
1:19164529,1,19164529,A,G,0.4965,-0.0008480105354963252
1:19214048,1,19214048,A,G,0.4235,0.0012574787977727988
1:19215281,1,19215281,A,G,0.35250002,0.002274778640804267
1:19221243,1,19221243,A,G,0.25800002,0.0041911448100690855
1:19262887,1,19262887,A,G,0.2105,-0.009995682352275412
1:19312611,1,19312611,A,G,0.30800003,0.008629915411050806
1:19339822,1,19339822,A,G,0.251,-0.0008679035368031385
1:19350836,1,19350836,A,G,0.25849998,-0.0012522224495630974
1:19363134,1,19363134,A,G,0.15850002,0.001891301430858073
1:19369887,1,19369887,A,G,0.40899998,0.00518630710021774
1:19384839,1,19384839,A,G,0.45850003,0.009917776813497437
1:19391452,1,19391452,A,G,0.18349999,-0.0019757818551109714
1:19397197,1,19397197,A,G,0.18949997,-0.008037025443510358
1:19398375,1,19398375,A,G,0.18049997,-0.009758196567739344
1:19413939,1,19413939,A,G,0.114499986,-0.010754600778352302
1:19432054,1,19432054,A,G,0.431,-0.013015097552064649
1:19433355,1,19433355,A,G,0.14899999,0.0012964531945135033
1:19471462,1,19471462,A,G,0.3685,0.0024842488685022325
1:19482216,1,19482216,A,G,0.09549999,-0.009463277378064188
1:19511513,1,19511513,A,G,0.375,0.009211091762601497
1:19575138,1,19575138,A,G,0.10049999,-0.007982526393503935
1:19576704,1,19576704,A,G,0.12199998,0.011959398101693238
1:19628491,1,19628491,A,G,0.4365,-0.009275040066608491
1:19636870,1,19636870,A,G,0.17650002,0.010174024385575907
1:19643674,1,19643674,A,G,0.123000026,0.0007605901128333677
1:19651516,1,19651516,A,G,0.297,0.0054218747176486195
1:19655821,1,19655821,A,G,0.08200002,-0.0031737742844803064
1:19659207,1,19659207,A,G,0.36150002,-0.007653090315192658
1:19661008,1,19661008,A,G,0.45450002,-0.0002298212186589202
1:19678934,1,19678934,A,G,0.1735,-0.002151796761354656
1:19699314,1,19699314,A,G,0.36949998,0.0014083635968512734
1:19749000,1,19749000,A,G,0.07950002,-0.004500575810805857
1:19759627,1,19759627,A,G,0.23949999,0.00010424998231406956
1:19789003,1,19789003,A,G,0.44700003,-0.006133575253246716
1:19847988,1,19847988,A,G,0.32450002,-0.006255338355172131
1:19877715,1,19877715,A,G,0.22649997,-0.0026043473822889157
1:19894389,1,19894389,A,G,0.057500005,0.009818366490498307
1:19896951,1,19896951,A,G,0.1785,0.010737007197050678
1:19908426,1,19908426,A,G,0.24800003,0.01089554273476171
1:19931457,1,19931457,A,G,0.22799999,-0.007612781447250902
1:19952901,1,19952901,A,G,0.2525,-0.009683590439417505
1:19975373,1,19975373,A,G,0.06849998,0.0033413531444498445
1:19992067,1,19992067,A,G,0.26450002,0.002636736654780919
1:20000739,1,20000739,A,G,0.17250001,-0.0025710810285292816
1:20020304,1,20020304,A,G,0.23799998,0.008680114918267484
1:20057989,1,20057989,A,G,0.4695,-0.0016044223631552633
1:20060189,1,20060189,A,G,0.45499998,-0.008231137919322475
1:20060833,1,20060833,A,G,0.23699999,0.002270106225107842
1:20080581,1,20080581,A,G,0.06950003,0.002839660206641035
1:20080674,1,20080674,A,G,0.43300003,0.006438561322779707
1:20088366,1,20088366,A,G,0.22899997,0.008944118389963356
1:20096060,1,20096060,A,G,0.25050002,-0.0008107400880992954
1:20122243,1,20122243,A,G,0.10100001,0.0005450649093535191
1:20137709,1,20137709,A,G,0.3595,-0.013897582330093515
1:20153174,1,20153174,A,G,0.3735,0.005286339813834647
1:20153730,1,20153730,A,G,0.24150002,0.006963216795017926
1:20154995,1,20154995,A,G,0.43049997,-0.02092940894344789
1:20159132,1,20159132,A,G,0.07700002,0.005128469078933852
1:20167959,1,20167959,A,G,0.18699998,0.004472095449525945
1:20176969,1,20176969,A,G,0.13200003,-0.003161476530689966
1:20193881,1,20193881,A,G,0.35900003,-0.005220578410581178
1:20218083,1,20218083,A,G,0.148,-0.009481097350916613
1:20279847,1,20279847,A,G,0.357,-0.010050406004433526
1:20281690,1,20281690,A,G,0.3965,-0.002633959222156771
1:20353728,1,20353728,A,G,0.402,0.015222107624436853
1:20411012,1,20411012,A,G,0.07249999,-0.00401217058530396
1:20426496,1,20426496,A,G,0.49150002,-0.010486013615480795
1:20462321,1,20462321,A,G,0.38599998,0.002561197333474413
1:20481914,1,20481914,A,G,0.417,0.010402983248547645
1:20491596,1,20491596,A,G,0.35250002,0.009710936133741669
1:20515190,1,20515190,A,G,0.28649998,-0.007726927987979308
1:20521014,1,20521014,A,G,0.33749998,0.009013296942324325
1:20523386,1,20523386,A,G,0.20749998,0.0007614369218805878
1:20536722,1,20536722,A,G,0.26200002,-0.013891017064240984
1:20554755,1,20554755,A,G,0.37550002,0.010034057914098901
1:20560092,1,20560092,A,G,0.37199998,-0.00040655153946999884
1:20568698,1,20568698,A,G,0.32700002,-0.005316571808696778
1:20589227,1,20589227,A,G,0.07550001,0.0044165558308891266
1:20596929,1,20596929,A,G,0.16600001,0.0025805207638432853
1:20606266,1,20606266,A,G,0.32,-0.003692917515209087
1:20610501,1,20610501,A,G,0.25050002,-0.008055655514487918
1:20668330,1,20668330,A,G,0.20099998,0.005536723142508908
1:20681939,1,20681939,A,G,0.379,-0.009961638358415709
1:20686656,1,20686656,A,G,0.227,-0.0017852029531042234
1:20696166,1,20696166,A,G,0.4785,-0.00978232382731171
1:20709964,1,20709964,A,G,0.3,-0.0005894205768497435
1:20717502,1,20717502,A,G,0.25,0.0028672571843314167
1:20718454,1,20718454,A,G,0.19749999,0.0008639829851489262
1:20729472,1,20729472,A,G,0.10949999,0.0008724460528994222
1:20757270,1,20757270,A,G,0.051999986,0.0012172818025333293
1:20778287,1,20778287,A,G,0.36900002,0.002085782648438983
1:20803159,1,20803159,A,G,0.07700002,-0.008048974088501465
1:20808636,1,20808636,A,G,0.18900001,0.0022186760638435213
1:20811681,1,20811681,A,G,0.43800002,-0.006248157947759906
1:20812710,1,20812710,A,G,0.26450002,-0.006237657904516204
1:20814993,1,20814993,A,G,0.463,-0.00840976591444409
1:20833174,1,20833174,A,G,0.08649999,-0.0017249242757802947
1:20840175,1,20840175,A,G,0.41399997,0.019604899122652838
1:20868902,1,20868902,A,G,0.477,-0.008488251329421725
1:20885051,1,20885051,A,G,0.4465,-0.005011457135321824
1:20892579,1,20892579,A,G,0.18349999,0.006687710376197218
1:20969113,1,20969113,A,G,0.087499976,0.0006423830218058561
1:20974296,1,20974296,A,G,0.43300003,0.010655345834342385
1:20978982,1,20978982,A,G,0.121500015,-8.635937710554994e-05
1:20989594,1,20989594,A,G,0.306,-0.008396519538649108
1:21081789,1,21081789,A,G,0.241,-0.0018320023625096782
1:21088013,1,21088013,A,G,0.4695,0.012610426072404247
1:21089934,1,21089934,A,G,0.22799999,0.009852859173336597
1:21104793,1,21104793,A,G,0.22399998,-0.003814109733238091
1:21114004,1,21114004,A,G,0.32349998,-0.0008390597570994753
1:21123874,1,21123874,A,G,0.2905,-0.0031060906919163386
1:21130344,1,21130344,A,G,0.2435,0.0070924144922246595
1:21173867,1,21173867,A,G,0.251,0.0002899131251281607
1:21200097,1,21200097,A,G,0.08649999,-0.004826124951577685
1:21200625,1,21200625,A,G,0.45,-0.0007405402769994621
1:21217067,1,21217067,A,G,0.15200001,-0.0008242170506157357
1:21223035,1,21223035,A,G,0.296,0.0058104141704132415
1:21223677,1,21223677,A,G,0.06699997,0.0035987570012568732
1:21227469,1,21227469,A,G,0.2105,-0.014798887128716612
1:21232431,1,21232431,A,G,0.357,0.011010390520776757
1:21258834,1,21258834,A,G,0.25349998,-0.013910808561504102
1:21284384,1,21284384,A,G,0.384,-0.0040308050488161795
1:21288949,1,21288949,A,G,0.11900002,0.01153922255742829
1:21320140,1,21320140,A,G,0.47750002,0.000874612883444938
1:21351510,1,21351510,A,G,0.24599999,-0.003610583822308025
1:21444022,1,21444022,A,G,0.2985,0.011630439305104552
1:21485786,1,21485786,A,G,0.1595,0.0022451836080259763
1:21496824,1,21496824,A,G,0.21249998,0.0029147963368823904
1:21498556,1,21498556,A,G,0.324,0.00455982609038815
1:21586326,1,21586326,A,G,0.22100002,0.0031973809435220774
1:21595967,1,21595967,A,G,0.366,-0.011176856331490069
1:21609308,1,21609308,A,G,0.167,0.00790675383666809
1:21609908,1,21609908,A,G,0.40350002,-0.017558533205467054
1:21614134,1,21614134,A,G,0.3495,-0.008204225101330774
1:21636438,1,21636438,A,G,0.12550002,-0.002778652313430817
1:21646140,1,21646140,A,G,0.07550001,0.009456589711205146
1:21650279,1,21650279,A,G,0.45,-0.0019364066129299166
1:21654925,1,21654925,A,G,0.16500002,0.00923048758832536
1:21670308,1,21670308,A,G,0.3,-0.00033741724361829097
1:21672157,1,21672157,A,G,0.19550002,0.007412800040339028
1:21680042,1,21680042,A,G,0.3275,-0.00581683502764649
1:21725225,1,21725225,A,G,0.376,-0.0005773789025399816
1:21731799,1,21731799,A,G,0.069000006,0.004432498289618034
1:21739357,1,21739357,A,G,0.07550001,-0.004813904193658364
1:21765240,1,21765240,A,G,0.47899997,0.00475993257169539
1:21777763,1,21777763,A,G,0.39450002,0.0012927097044318373
1:21794867,1,21794867,A,G,0.15450001,0.016963564611040823
1:21814502,1,21814502,A,G,0.302,0.002080652554113028
1:21821297,1,21821297,A,G,0.4795,0.012586344477883024
1:21827622,1,21827622,A,G,0.2985,0.01836194963894404
1:21845219,1,21845219,A,G,0.23900002,6.527425086749248e-05
1:21847631,1,21847631,A,G,0.057500005,-0.005728737797115165
1:21859074,1,21859074,A,G,0.3025,0.008457812070982349
1:21882941,1,21882941,A,G,0.436,0.004312656192915685
1:21884602,1,21884602,A,G,0.31050003,-0.006476234085417931
1:21900147,1,21900147,A,G,0.40249997,0.01133626157705086
1:21900339,1,21900339,A,G,0.458,-0.012743479174178904
1:21921118,1,21921118,A,G,0.24599999,-0.0120042868603209
1:21937541,1,21937541,A,G,0.23750001,0.004985306269435083
1:21958274,1,21958274,A,G,0.487,-0.0015993185516078592
1:21959318,1,21959318,A,G,0.20499998,-0.004340174602643112
1:21970759,1,21970759,A,G,0.348,-0.004744764450227179
1:21982814,1,21982814,A,G,0.33249998,-0.00596572612738497
1:21992839,1,21992839,A,G,0.26349998,-0.005015513156865655
1:22005783,1,22005783,A,G,0.33999997,0.0005076392616555023
1:22015778,1,22015778,A,G,0.379,0.0014837115235662708
1:22064335,1,22064335,A,G,0.49049997,-0.006960572406181819
1:22076455,1,22076455,A,G,0.398,-0.0009875523414522693
1:22098346,1,22098346,A,G,0.2065,0.0017356952977255194
1:22148024,1,22148024,A,G,0.25700003,0.002548853719624114
1:22178435,1,22178435,A,G,0.46100003,-0.0077127991376858655
1:22197929,1,22197929,A,G,0.14950001,-0.004780681865683208
1:22210218,1,22210218,A,G,0.20749998,0.003034759637979121
1:22268807,1,22268807,A,G,0.337,-0.007104785068910503
1:22315020,1,22315020,A,G,0.12400001,0.0035932258841742597
1:22335236,1,22335236,A,G,0.41500002,-0.018586311467368673
1:22362926,1,22362926,A,G,0.47399998,-0.0026556464710115026
1:22371393,1,22371393,A,G,0.33850002,0.0076460359875740284
1:22383811,1,22383811,A,G,0.06950003,-0.0046143873537146645
1:22406698,1,22406698,A,G,0.16350001,-0.011590614425746234
1:22419481,1,22419481,A,G,0.102,-0.0004897765012339215
1:22432852,1,22432852,A,G,0.18949997,0.0009465353445730143
1:22438281,1,22438281,A,G,0.491,0.0028883858346702078
1:22456259,1,22456259,A,G,0.22500002,-0.009955491602528357
1:22461014,1,22461014,A,G,0.12599999,0.00602288881530529
1:22468493,1,22468493,A,G,0.35000002,-0.0052375249089679846
1:22470292,1,22470292,A,G,0.4505,0.011513732042076933
1:22536637,1,22536637,A,G,0.05949998,0.0018482592667600406
1:22558782,1,22558782,A,G,0.3505,0.00828875941493106
1:22564966,1,22564966,A,G,0.18599999,-0.0044428487559928795
1:22576163,1,22576163,A,G,0.22100002,0.013555732346093412
1:22632536,1,22632536,A,G,0.15249997,0.007565252324129097
1:22636263,1,22636263,A,G,0.454,-0.0030509675157031828
1:22640052,1,22640052,A,G,0.45999998,-0.005887069568947463
1:22644721,1,22644721,A,G,0.32349998,-0.006076095771074727
1:22674715,1,22674715,A,G,0.051999986,-0.00625233226999615
1:22700315,1,22700315,A,G,0.49049997,0.003302572167405672
1:22725757,1,22725757,A,G,0.26849997,-0.009388636673785745
1:22740076,1,22740076,A,G,0.2665,-0.0006465137149368356
1:22761901,1,22761901,A,G,0.3915,-0.01599190411579873
1:22763343,1,22763343,A,G,0.3365,-0.005627115232100953
1:22791343,1,22791343,A,G,0.09549999,0.006991791705196502
1:22802312,1,22802312,A,G,0.08700001,-0.01217167432536975
1:22821212,1,22821212,A,G,0.15899998,-0.009450619551233821
1:22826748,1,22826748,A,G,0.07499999,-0.0016271863161406114
1:22897065,1,22897065,A,G,0.4325,-0.005643145176575826
1:22910283,1,22910283,A,G,0.06400001,-0.0024617374805993835
1:22922482,1,22922482,A,G,0.46749997,-0.0019019310409587912
1:22937903,1,22937903,A,G,0.10350001,-0.0012384366754198978
1:22961594,1,22961594,A,G,0.4365,-0.00432694764741943
1:22992357,1,22992357,A,G,0.18849999,-0.0026332096786927605
1:22993421,1,22993421,A,G,0.36049998,-0.007823671118050806
1:23020886,1,23020886,A,G,0.20050001,-0.013719533649810357
1:23027076,1,23027076,A,G,0.078999996,0.007886184918474263
1:23063156,1,23063156,A,G,0.38450003,-0.007094419553252857
1:23066466,1,23066466,A,G,0.412,0.0022206941953183857
1:23101384,1,23101384,A,G,0.16500002,0.011044060500928746
1:23116993,1,23116993,A,G,0.38349998,0.007831502250790854
1:23151418,1,23151418,A,G,0.265,0.010944249387509245
1:23195171,1,23195171,A,G,0.35549998,0.013232641959760908
1:23215062,1,23215062,A,G,0.3225,-0.007800927769660687
1:23216268,1,23216268,A,G,0.44950002,-0.008310158844031922
1:23234511,1,23234511,A,G,0.19199997,0.012875152371827056
1:23240985,1,23240985,A,G,0.111,-0.005322143243056457
1:23250724,1,23250724,A,G,0.39499998,0.005172794409433771
1:23255667,1,23255667,A,G,0.40249997,-0.006366025017420046
1:23277459,1,23277459,A,G,0.060500026,-0.004274738573855246
1:23278770,1,23278770,A,G,0.11949998,0.010444696774365091
1:23284857,1,23284857,A,G,0.44050002,-0.002795252079081318
1:23284877,1,23284877,A,G,0.29149997,-0.013217169504106731
1:23289644,1,23289644,A,G,0.265,0.0017357779749607254
1:23295180,1,23295180,A,G,0.4225,-0.006349576504288387
1:23313512,1,23313512,A,G,0.139,0.010457088508481868
1:23317397,1,23317397,A,G,0.18550003,-0.0078610189698098
1:23335438,1,23335438,A,G,0.40350002,-0.002342706321339073
1:23340094,1,23340094,A,G,0.30650002,-0.01835357286719202
1:23383687,1,23383687,A,G,0.15899998,-0.0021851257881069204
1:23387093,1,23387093,A,G,0.445,-0.0027150844539836193
1:23388870,1,23388870,A,G,0.475,-0.015779126541802278
1:23429563,1,23429563,A,G,0.1325,0.003522037090420033
1:23443416,1,23443416,A,G,0.18449998,0.015440492538475096
1:23448675,1,23448675,A,G,0.399,0.006757450872514376
1:23468626,1,23468626,A,G,0.10100001,-0.004929065007531453
1:23480676,1,23480676,A,G,0.28649998,0.005018092174319708
1:23484188,1,23484188,A,G,0.14899999,0.0022398784123670553
1:23499307,1,23499307,A,G,0.334,0.00831976891189839
1:23508103,1,23508103,A,G,0.21700001,0.017255980712539903
1:23544745,1,23544745,A,G,0.44599998,-0.00804165436941815
1:23552819,1,23552819,A,G,0.25599998,0.0024460666758693824
1:23567810,1,23567810,A,G,0.27899998,0.0002209493370066284
1:23593742,1,23593742,A,G,0.45599997,0.00999873832856053
1:23612249,1,23612249,A,G,0.39499998,-0.002684627591828899
1:23614650,1,23614650,A,G,0.41500002,-0.007633709860288004
1:23623756,1,23623756,A,G,0.049000025,0.0011679690983542063
1:23637223,1,23637223,A,G,0.34149998,-0.0007098355840187451
1:23643901,1,23643901,A,G,0.26200002,0.00416583156386962
1:23647206,1,23647206,A,G,0.421,-0.0014330793202300524
1:23656191,1,23656191,A,G,0.069000006,-0.0022359410864370454
1:23659944,1,23659944,A,G,0.44300002,-0.003417899847842526
1:23683334,1,23683334,A,G,0.102999985,-0.001916946378946755
1:23685748,1,23685748,A,G,0.31449997,0.005869089879217303
1:23689072,1,23689072,A,G,0.37949997,0.010808313093198251
1:23698371,1,23698371,A,G,0.13300002,-0.003899305218443094
1:23705257,1,23705257,A,G,0.1325,0.001047337133547512
1:23706104,1,23706104,A,G,0.35900003,0.015479655157206982
1:23717336,1,23717336,A,G,0.13749999,-0.0005634616118780026
1:23737189,1,23737189,A,G,0.26450002,-0.012619733375063866
1:23773963,1,23773963,A,G,0.16350001,0.0001727718456549977
1:23787348,1,23787348,A,G,0.058000028,-0.0019296084847840271
1:23809062,1,23809062,A,G,0.073000014,-0.0017097292219571763
1:23841963,1,23841963,A,G,0.12400001,-0.004424697497169781
1:23846148,1,23846148,A,G,0.2905,0.014723800820954622
1:23846554,1,23846554,A,G,0.14649999,-0.00022526368544348383
1:23877269,1,23877269,A,G,0.44099998,0.0025101927220894703
1:23912114,1,23912114,A,G,0.065,0.005161012378499265
1:23930985,1,23930985,A,G,0.34399998,0.001959294638347409
1:23948054,1,23948054,A,G,0.10049999,0.006368874512937937
1:23969984,1,23969984,A,G,0.4525,-0.012717727104591727
1:23991832,1,23991832,A,G,0.060500026,0.0009239391819173521
1:23992155,1,23992155,A,G,0.12550002,-2.0350514893521994e-05
1:24003802,1,24003802,A,G,0.17549998,-0.006812326918101266
1:24005378,1,24005378,A,G,0.111500025,-0.0005662171846037005
1:24012791,1,24012791,A,G,0.46350002,-0.0012526515468324069
1:24019664,1,24019664,A,G,0.11750001,0.004664927615576855
1:24027786,1,24027786,A,G,0.09799999,0.002901292397635485
1:24062170,1,24062170,A,G,0.08350003,-0.004352642058307948
1:24070925,1,24070925,A,G,0.413,-0.0030931793249544767
1:24101439,1,24101439,A,G,0.32450002,0.020113169104562817
1:24115112,1,24115112,A,G,0.376,0.009128654373564887
1:24133278,1,24133278,A,G,0.37300003,-0.00037903089335495786
1:24147348,1,24147348,A,G,0.467,-0.010419784566419538
1:24151843,1,24151843,A,G,0.40399998,0.008209186459315055
1:24192962,1,24192962,A,G,0.22299999,0.009181552832868596
1:24198506,1,24198506,A,G,0.1785,0.002041633873576781
1:24210513,1,24210513,A,G,0.18599999,0.002323138814687786
1:24210750,1,24210750,A,G,0.16350001,-0.002212497934134874
1:24244265,1,24244265,A,G,0.13300002,0.0020079779551556497
1:24245083,1,24245083,A,G,0.22600001,-0.007234397469424661
1:24276629,1,24276629,A,G,0.09200001,9.660963610044076e-05
1:24281105,1,24281105,A,G,0.17400002,-0.002784055207749325
1:24334477,1,24334477,A,G,0.14450002,0.006008522581721182
1:24362376,1,24362376,A,G,0.46350002,-0.014056700096999577
1:24363942,1,24363942,A,G,0.27600002,-0.005601935809406525
1:24374843,1,24374843,A,G,0.43699998,-0.012750716575530324
1:24437008,1,24437008,A,G,0.3345,0.010219968519987273
1:24440806,1,24440806,A,G,0.3275,0.0053598657515382545
1:24444322,1,24444322,A,G,0.047500014,0.0007596305291723175
1:24455290,1,24455290,A,G,0.059000015,-0.004355303936381634
1:24483330,1,24483330,A,G,0.181,0.004527726859477734
1:24509969,1,24509969,A,G,0.08399999,-0.003029826552638382
1:24516083,1,24516083,A,G,0.17250001,-0.0021501626637002525
1:24525887,1,24525887,A,G,0.3405,-0.010315169508054622
1:24561091,1,24561091,A,G,0.35149997,-0.015191094819222503
1:24562663,1,24562663,A,G,0.339,-0.010056063929123225
1:24567791,1,24567791,A,G,0.30400002,0.0020122313120234316
1:24586223,1,24586223,A,G,0.089999974,0.003154424049570549
1:24694813,1,24694813,A,G,0.101499975,-0.00019872216691110635
1:24723449,1,24723449,A,G,0.057500005,-0.00483104866963716
1:24728253,1,24728253,A,G,0.41649997,-0.006005224881753636
1:24728849,1,24728849,A,G,0.20599997,-0.0068878226102371265
1:24733273,1,24733273,A,G,0.25,-0.006105804255084367
1:24755667,1,24755667,A,G,0.35750002,0.00016616683770196008
1:24768425,1,24768425,A,G,0.498,-0.0074171368594948
1:24795223,1,24795223,A,G,0.32450002,-0.005411982545137623
1:24859872,1,24859872,A,G,0.11549997,0.0029104229859524436
1:24899066,1,24899066,A,G,0.48049998,-0.0068924735200763115
1:24938779,1,24938779,A,G,0.1555,-0.0008801169228509319
1:24947745,1,24947745,A,G,0.384,0.007642467224085854
1:25050091,1,25050091,A,G,0.3765,0.011752668797327729
1:25057300,1,25057300,A,G,0.2385,-0.013714296558514982
1:25086628,1,25086628,A,G,0.29000002,0.013138265938212669
1:25090374,1,25090374,A,G,0.15100002,-0.002619011175413934
1:25137139,1,25137139,A,G,0.3635,-0.0012635538838880655
1:25139318,1,25139318,A,G,0.495,-0.0013790987453721085
1:25146283,1,25146283,A,G,0.24550003,0.0007863235052267583
1:25153647,1,25153647,A,G,0.48299998,-0.003424026630875054
1:25177128,1,25177128,A,G,0.16500002,0.005672402579136649
1:25192631,1,25192631,A,G,0.102,0.009816808162419163
1:25209589,1,25209589,A,G,0.493,-0.004155564051786071
1:25214699,1,25214699,A,G,0.20850003,0.0027721905250931923
1:25227192,1,25227192,A,G,0.4185,0.0008681419462482421
1:25239822,1,25239822,A,G,0.0625,0.004050776281283183
1:25254493,1,25254493,A,G,0.32849997,-0.0036464073116492567
1:25258149,1,25258149,A,G,0.049000025,-0.0003782125804264415
1:25258426,1,25258426,A,G,0.264,0.008582056378559912
1:25288600,1,25288600,A,G,0.37800002,0.0016971873215766253
1:25291710,1,25291710,A,G,0.33999997,-0.0014813802261928425
1:25301055,1,25301055,A,G,0.31800002,0.013173478621152526
1:25329098,1,25329098,A,G,0.18599999,-0.022156812474495115
1:25381225,1,25381225,A,G,0.3255,-0.012745279827974607
1:25433908,1,25433908,A,G,0.407,0.006245756930448909
1:25554415,1,25554415,A,G,0.2745,0.0008990625566152276
1:25560099,1,25560099,A,G,0.28250003,0.0016271859500727708
1:25568907,1,25568907,A,G,0.41250002,-0.008325326017531887
1:25580124,1,25580124,A,G,0.10399997,0.0026344755592998172
1:25589002,1,25589002,A,G,0.3085,-0.007290259576840743
1:25592499,1,25592499,A,G,0.2615,-0.011519243969292521
1:25653876,1,25653876,A,G,0.2435,0.003633573262086793
1:25698551,1,25698551,A,G,0.23449999,0.00017602747141843214
1:25722526,1,25722526,A,G,0.3115,0.0069092781793260736
1:25793045,1,25793045,A,G,0.4655,-0.0004503263063219209
1:25827439,1,25827439,A,G,0.3405,-0.002471961426962514
1:25836513,1,25836513,A,G,0.18400002,-0.007540392386855155
1:25841847,1,25841847,A,G,0.13,0.00769255483094801
1:25856920,1,25856920,A,G,0.485,0.0035517312645988327
1:25861357,1,25861357,A,G,0.17449999,0.0023491960925128806
1:25955177,1,25955177,A,G,0.2665,0.010972465892733848
1:25974083,1,25974083,A,G,0.053499997,-0.0007526137844108056
1:26063246,1,26063246,A,G,0.4375,0.006033882431313478
1:26098642,1,26098642,A,G,0.3965,-0.009247612372437923
1:26133386,1,26133386,A,G,0.3775,0.0019617425856111566
1:26150957,1,26150957,A,G,0.20999998,-0.0013884653397539543
1:26191540,1,26191540,A,G,0.22049999,0.010283591466036562
1:26216318,1,26216318,A,G,0.259,0.007390730342264852
1:26227229,1,26227229,A,G,0.2245,0.01139482098619201
1:26231748,1,26231748,A,G,0.11949998,-0.007433370050789765
1:26237809,1,26237809,A,G,0.15799999,0.00849837916289056
1:26256630,1,26256630,A,G,0.19999999,0.022141905751663304
1:26267669,1,26267669,A,G,0.051999986,-0.0015521919153771624
1:26271535,1,26271535,A,G,0.17400002,-0.0055130347406968675
1:26276834,1,26276834,A,G,0.4095,0.011323253457379251
1:26299579,1,26299579,A,G,0.25800002,-0.009440486733681126
1:26336264,1,26336264,A,G,0.13749999,0.0005376696436538528
1:26356227,1,26356227,A,G,0.35250002,-0.005792664550182445
1:26358328,1,26358328,A,G,0.05949998,-0.002364675297019506
1:26365211,1,26365211,A,G,0.11400002,0.017589965414363536
1:26372009,1,26372009,A,G,0.32,-0.008413943307178538
1:26379086,1,26379086,A,G,0.32950002,-0.008353602621064717
1:26395161,1,26395161,A,G,0.17299998,0.0074831710756657925
1:26455292,1,26455292,A,G,0.17049998,0.0022719235106260023
1:26471312,1,26471312,A,G,0.06099999,0.004243388583793395
1:26502746,1,26502746,A,G,0.1785,-0.0009426564040740207
1:26540397,1,26540397,A,G,0.4605,-0.00010797272145559062
1:26552477,1,26552477,A,G,0.2425,-0.01309100698326923
1:26560141,1,26560141,A,G,0.18949997,0.005270889841636044
1:26607071,1,26607071,A,G,0.35900003,0.005828872500135696
1:26632955,1,26632955,A,G,0.4935,0.0006513655917530428
1:26635618,1,26635618,A,G,0.23400003,-0.009560002857072565
1:26658610,1,26658610,A,G,0.100000024,0.0013610434120210821
1:26659118,1,26659118,A,G,0.41149998,0.0019639757276503065
1:26678908,1,26678908,A,G,0.4745,0.0015736769094277698
1:26683912,1,26683912,A,G,0.3595,-0.004207885909597434
1:26687291,1,26687291,A,G,0.2765,0.003950515376713155
1:26687547,1,26687547,A,G,0.1685,0.0060328872630984005
1:26704426,1,26704426,A,G,0.24949998,-0.014045694520736509
1:26735831,1,26735831,A,G,0.24599999,-0.0065946005324401084
1:26737776,1,26737776,A,G,0.46600002,-0.00485331224927461
1:26762678,1,26762678,A,G,0.067499995,0.00023738249365688817
1:26774620,1,26774620,A,G,0.227,-0.016316948780834967
1:26778643,1,26778643,A,G,0.19700003,-0.010469146545794413
1:26779150,1,26779150,A,G,0.47649997,0.013071585279776294
1:26821568,1,26821568,A,G,0.045000017,-0.0024289747362522683
1:26844512,1,26844512,A,G,0.18049997,-0.006251482340375018
1:26854297,1,26854297,A,G,0.46600002,-0.006672539124070025
1:26906512,1,26906512,A,G,0.116,0.006344929466311094
1:26912513,1,26912513,A,G,0.3955,0.004399177270114326
1:26931807,1,26931807,A,G,0.3215,-0.004660008240148532
1:26939240,1,26939240,A,G,0.45099998,-0.00627620003984633
1:26996640,1,26996640,A,G,0.45700002,0.007854404598169237
1:27009225,1,27009225,A,G,0.30900002,-0.010310326861655042
1:27023421,1,27023421,A,G,0.301,0.012851291673189536
1:27054354,1,27054354,A,G,0.12199998,-0.0021751458626993
1:27090739,1,27090739,A,G,0.065999985,-0.0016473212864347043
1:27132022,1,27132022,A,G,0.35799998,0.011172273759839044
1:27148869,1,27148869,A,G,0.30449998,0.0007040812998058956
1:27180309,1,27180309,A,G,0.3995,-0.004344684461259055
1:27209163,1,27209163,A,G,0.051999986,-0.004286140652275246
1:27259198,1,27259198,A,G,0.453,-0.0026571364741446507
1:27270508,1,27270508,A,G,0.09899998,-0.0014920601398306613
1:27312499,1,27312499,A,G,0.458,-0.003097934862571434
1:27329174,1,27329174,A,G,0.148,-0.003896584046207865
1:27345256,1,27345256,A,G,0.13950002,0.006878818411953692
1:27345821,1,27345821,A,G,0.464,0.000875117552565457
1:27348976,1,27348976,A,G,0.24949998,0.0036140954763031314
1:27364436,1,27364436,A,G,0.35750002,-0.013635882575918917
1:27366869,1,27366869,A,G,0.4695,-0.001550578826584566
1:27381510,1,27381510,A,G,0.19849998,-0.006316399474660975
1:27413630,1,27413630,A,G,0.111500025,-0.005865345118754159
1:27427111,1,27427111,A,G,0.28350002,0.0019074848447205807
1:27451728,1,27451728,A,G,0.227,-0.0025658349303188397
1:27512407,1,27512407,A,G,0.38,5.083253327536542e-05
1:27550116,1,27550116,A,G,0.040499985,-0.002907267409114023
1:27569058,1,27569058,A,G,0.31,-0.0018288701922289984
1:27571339,1,27571339,A,G,0.28649998,-0.004830070614670156
1:27580297,1,27580297,A,G,0.40750003,-0.0027145730707120873
1:27596546,1,27596546,A,G,0.31800002,0.002773191919936241
1:27640478,1,27640478,A,G,0.4755,0.009936274830848342
1:27664039,1,27664039,A,G,0.06699997,-0.006516201002515099
1:27695859,1,27695859,A,G,0.254,-0.004342605087423161
1:27700782,1,27700782,A,G,0.493,0.006247322322402011
1:27701435,1,27701435,A,G,0.46899998,-0.003002609629273566
1:27705859,1,27705859,A,G,0.148,0.003793161138325567
1:27715390,1,27715390,A,G,0.45099998,-0.003988340423152473
1:27719139,1,27719139,A,G,0.39600003,-0.005191471295621768
1:27736990,1,27736990,A,G,0.48250002,-0.006385240784541722
1:27758456,1,27758456,A,G,0.25950003,0.004649039733658994
1:27758631,1,27758631,A,G,0.302,0.0013835460429991462
1:27780900,1,27780900,A,G,0.41500002,-0.0047358694902932845
1:27804334,1,27804334,A,G,0.467,-0.002817034303785007
1:27812616,1,27812616,A,G,0.16900003,-0.006209288875105351
1:27841305,1,27841305,A,G,0.35750002,-0.008892704178211464
1:27870541,1,27870541,A,G,0.353,-0.010447733002895575
1:27915003,1,27915003,A,G,0.4375,-0.005955059214118433
1:27949892,1,27949892,A,G,0.34899998,-0.0012246775249881885
1:27950197,1,27950197,A,G,0.265,0.005549374724641426
1:27965075,1,27965075,A,G,0.18400002,0.0037965215932198914
1:27995740,1,27995740,A,G,0.499,0.0034251685193581794
1:28044175,1,28044175,A,G,0.22299999,-0.007440222584897773
1:28046418,1,28046418,A,G,0.17900002,0.0006736359033637871
1:28088633,1,28088633,A,G,0.40249997,0.018004805008893617
1:28098060,1,28098060,A,G,0.291,0.0011241435534278146
1:28104321,1,28104321,A,G,0.13950002,0.008653920355322585
1:28105187,1,28105187,A,G,0.2065,0.00156505003937794
1:28114457,1,28114457,A,G,0.13099998,-0.01093928327862287
1:28172141,1,28172141,A,G,0.16649997,0.003369146218323422
1:28175912,1,28175912,A,G,0.08899999,0.007726862657179203
1:28186922,1,28186922,A,G,0.34899998,-0.012483067159967975
1:28189840,1,28189840,A,G,0.20850003,0.007475564150625324
1:28190068,1,28190068,A,G,0.07249999,-0.0010060525624553554
1:28196680,1,28196680,A,G,0.33999997,0.011543749450106836
1:28204740,1,28204740,A,G,0.16350001,0.011964678382994318
1:28207971,1,28207971,A,G,0.1325,-0.012437176546531988
1:28267185,1,28267185,A,G,0.47649997,0.0029005307048785185
1:28272917,1,28272917,A,G,0.08249998,0.002063007020349979
1:28317303,1,28317303,A,G,0.21249998,-0.002413954799931512
1:28338207,1,28338207,A,G,0.31199998,-0.00679377858557391
1:28348818,1,28348818,A,G,0.48150003,0.003185379823901175
1:28356739,1,28356739,A,G,0.08200002,-0.006587250158409408
1:28398069,1,28398069,A,G,0.49049997,0.01921824965861137
1:28413965,1,28413965,A,G,0.4365,-0.006164130592425956
1:28433649,1,28433649,A,G,0.41250002,-0.012785891888837672
1:28446756,1,28446756,A,G,0.108500004,-0.003620772973995437
1:28465798,1,28465798,A,G,0.17449999,0.0054625216232672144
1:28481083,1,28481083,A,G,0.17049998,0.010433186396206428
1:28487590,1,28487590,A,G,0.31199998,0.007612874236433418
1:28500557,1,28500557,A,G,0.11949998,0.0030993084829676085
1:28506245,1,28506245,A,G,0.43699998,-0.0009363668433346479
1:28533676,1,28533676,A,G,0.35149997,-0.0005040567324949703
1:28563972,1,28563972,A,G,0.44199997,0.012169176727592868
1:28570056,1,28570056,A,G,0.14850003,-0.0037929000567741788
1:28589908,1,28589908,A,G,0.353,-0.007190169749336779
1:28615155,1,28615155,A,G,0.4335,-0.01730386528882868
1:28658788,1,28658788,A,G,0.07950002,0.005002332549330678
1:28688730,1,28688730,A,G,0.2665,0.0064548396894096305
1:28699541,1,28699541,A,G,0.393,-0.0023462660513286757
1:28709380,1,28709380,A,G,0.23549998,-0.005915275860831193
1:28727994,1,28727994,A,G,0.21899998,-0.01043882231608806
1:28728438,1,28728438,A,G,0.060500026,-0.001689294849122822
1:28735943,1,28735943,A,G,0.28750002,0.003902979712021848
1:28748124,1,28748124,A,G,0.272,7.199607820408522e-05
1:28751506,1,28751506,A,G,0.384,-0.0038768362522376833
1:28820899,1,28820899,A,G,0.102,0.002855770986352108
1:28840827,1,28840827,A,G,0.23000002,-0.0004991817468072209
1:28869117,1,28869117,A,G,0.16600001,-0.0049636346736339305
1:28899869,1,28899869,A,G,0.16250002,-0.006825510503340799
1:28905855,1,28905855,A,G,0.16100001,-0.008216376512979474
1:28911862,1,28911862,A,G,0.19550002,0.00682371756404076
1:28997486,1,28997486,A,G,0.362,0.004160445594738598
1:28997890,1,28997890,A,G,0.24150002,-0.0030175684113387747
1:29009513,1,29009513,A,G,0.0765,-0.000644295725940552
1:29012950,1,29012950,A,G,0.21249998,-2.4858770431000953e-05
1:29022581,1,29022581,A,G,0.09500003,-0.010009072030106649
1:29061847,1,29061847,A,G,0.143,0.008014653473696252
1:29063436,1,29063436,A,G,0.116,0.009642783418079112
1:29079222,1,29079222,A,G,0.481,0.0007845454126848236
1:29084872,1,29084872,A,G,0.4385,0.006489526167303892
1:29093908,1,29093908,A,G,0.3355,-0.017363414661756057
1:29105136,1,29105136,A,G,0.15249997,-0.01239282583626084
1:29124901,1,29124901,A,G,0.12650001,-0.006421975586517166
1:29142799,1,29142799,A,G,0.412,-0.01731031793826369
1:29163440,1,29163440,A,G,0.07099998,-0.009035683912975401
1:29168465,1,29168465,A,G,0.36799997,-0.012121119451273824
1:29168538,1,29168538,A,G,0.16799998,0.0010578626333580946
1:29171430,1,29171430,A,G,0.2515,-0.0030937845698817135
1:29188753,1,29188753,A,G,0.35900003,-0.004329336583328408
1:29193727,1,29193727,A,G,0.07499999,-0.007400963741981042
1:29221380,1,29221380,A,G,0.1315,-0.0030319794201395032
1:29263889,1,29263889,A,G,0.37949997,0.005884091805883619
1:29264327,1,29264327,A,G,0.43449998,0.0018633523480451964
1:29327428,1,29327428,A,G,0.17049998,0.009504854498054863
1:29342049,1,29342049,A,G,0.1275,0.0083229964654938
1:29365615,1,29365615,A,G,0.47500002,0.013591258780495328
1:29367078,1,29367078,A,G,0.43199998,0.0023488697554492465
1:29370828,1,29370828,A,G,0.44450003,0.002106297849235378
1:29396164,1,29396164,A,G,0.10900003,0.00590539763145348
1:29461505,1,29461505,A,G,0.43949997,-0.005392790393303868
1:29464340,1,29464340,A,G,0.29299998,-0.012996725510939342
1:29469069,1,29469069,A,G,0.34149998,0.014271376876058504
1:29486439,1,29486439,A,G,0.2615,-0.007445130772406795
1:29489479,1,29489479,A,G,0.20249999,0.00790886252074966
1:29536205,1,29536205,A,G,0.09899998,-0.0032718285308186604
1:29537370,1,29537370,A,G,0.144,0.006571084142752622
1:29538041,1,29538041,A,G,0.29650003,-0.00601608436771291
1:29549536,1,29549536,A,G,0.199,-0.023439051557895562
1:29565897,1,29565897,A,G,0.09100002,7.759854589459094e-05
1:29581502,1,29581502,A,G,0.34149998,0.003390024481983961
1:29639842,1,29639842,A,G,0.2995,-0.0012538970936457653
1:29677044,1,29677044,A,G,0.073000014,0.003009658598800146
1:29702915,1,29702915,A,G,0.35500002,0.002650625854288733
1:29718819,1,29718819,A,G,0.45850003,0.0018937356582900634
1:29723045,1,29723045,A,G,0.40100002,-0.009369188936104224
1:29737668,1,29737668,A,G,0.4645,-0.0018384219114033573
1:29754470,1,29754470,A,G,0.22049999,-0.004675015579734298
1:29765234,1,29765234,A,G,0.08700001,-0.00029362489459489505
1:29805506,1,29805506,A,G,0.37150002,-0.006398713795084902
1:29822181,1,29822181,A,G,0.46350002,-0.0006333562430721275
1:29843908,1,29843908,A,G,0.20700002,-0.0006434638391682427
1:29851991,1,29851991,A,G,0.15899998,0.00433190202567516
1:29859175,1,29859175,A,G,0.347,-0.006626847059058282
1:29900788,1,29900788,A,G,0.37150002,-0.0034221403817025877
1:29920721,1,29920721,A,G,0.43400002,0.006874200659902893
1:29933824,1,29933824,A,G,0.39349997,0.00863229970765753
1:29961289,1,29961289,A,G,0.23900002,-0.009397543473823194
1:29967941,1,29967941,A,G,0.25,0.004373893405513215
1:29998128,1,29998128,A,G,0.422,-0.0015007723602979057
1:30016159,1,30016159,A,G,0.16149998,0.009000008010115971
1:30024205,1,30024205,A,G,0.096000016,0.001459002579917485
1:30031138,1,30031138,A,G,0.13599998,0.01761375743038108
1:30061032,1,30061032,A,G,0.2715,-0.00025555413853906787
1:30131277,1,30131277,A,G,0.337,0.007514096876169646
1:30185055,1,30185055,A,G,0.065,0.0004414226218381779
1:30190180,1,30190180,A,G,0.18349999,-0.006605392208015674
1:30223478,1,30223478,A,G,0.37300003,0.0017012251315959726
1:30235641,1,30235641,A,G,0.43199998,-0.0003966270005303126
1:30256338,1,30256338,A,G,0.102999985,-0.0036009050595945113
1:30267798,1,30267798,A,G,0.27499998,-0.0016153146257090979
1:30272856,1,30272856,A,G,0.116,-0.008448312640820391
1:30284262,1,30284262,A,G,0.399,0.006458573044895935
1:30315283,1,30315283,A,G,0.13099998,-0.014786827201198742
1:30319321,1,30319321,A,G,0.09350002,0.006122798732570977
1:30320940,1,30320940,A,G,0.2425,0.009766946833919682
1:30349565,1,30349565,A,G,0.089999974,0.009799620362782679
1:30354782,1,30354782,A,G,0.4155,-0.008829449001609443
1:30413514,1,30413514,A,G,0.41250002,0.007927166526519182
1:30416729,1,30416729,A,G,0.26700002,0.009707500112557808
1:30450574,1,30450574,A,G,0.2975,0.011293088929078125
1:30474647,1,30474647,A,G,0.11650002,-0.0008026761803076363
1:30503181,1,30503181,A,G,0.185,-0.00401090916969805
1:30555354,1,30555354,A,G,0.12199998,-0.008642433754093926
1:30559799,1,30559799,A,G,0.12650001,0.013538339159411942
1:30590973,1,30590973,A,G,0.218,-0.007972894602910643
1:30596309,1,30596309,A,G,0.343,0.0114385256813432
1:30596659,1,30596659,A,G,0.3735,0.008988023528771618
1:30647216,1,30647216,A,G,0.2335,0.0006734304438939067
1:30670202,1,30670202,A,G,0.18550003,-0.0037680015858502004
1:30671004,1,30671004,A,G,0.4185,-0.01715399070858777
1:30715396,1,30715396,A,G,0.23900002,-0.00175513383110979
1:30732365,1,30732365,A,G,0.30699998,0.002732602135651722
1:30749807,1,30749807,A,G,0.18349999,0.01324449040154765
1:30773483,1,30773483,A,G,0.088,0.00915223747553051
1:30779670,1,30779670,A,G,0.11500001,-0.000838041374234587
1:30781303,1,30781303,A,G,0.384,0.007883173938925594
1:30822202,1,30822202,A,G,0.18049997,-0.010577750909756382
1:30831220,1,30831220,A,G,0.0995,0.0032862026048338065
1:30885971,1,30885971,A,G,0.333,0.007859201341831937
1:30908588,1,30908588,A,G,0.26450002,0.0035662535659998678
1:30912355,1,30912355,A,G,0.055999994,-0.00024137362263140037
1:30948144,1,30948144,A,G,0.4875,-2.382507752426478e-05
1:30995054,1,30995054,A,G,0.21499997,0.010594927862221028
1:30999907,1,30999907,A,G,0.34500003,-0.00010604082471569352
1:31044490,1,31044490,A,G,0.47750002,-0.00868652350506331
1:31052239,1,31052239,A,G,0.32599998,0.006816713216843913
1:31061294,1,31061294,A,G,0.19,0.00803523490853778
1:31073265,1,31073265,A,G,0.2755,0.0008933488200940123
1:31079503,1,31079503,A,G,0.086000025,-0.015719844259302028
1:31099209,1,31099209,A,G,0.11650002,-0.002890128121461628
1:31146083,1,31146083,A,G,0.19,0.01608981599365224
1:31175240,1,31175240,A,G,0.07849997,0.0029987713116559865
1:31197882,1,31197882,A,G,0.111,-0.0028987553125668013
1:31199894,1,31199894,A,G,0.44050002,-0.003026655239658876
1:31206053,1,31206053,A,G,0.14200002,-0.005177707923890846
1:31216360,1,31216360,A,G,0.19450003,-0.0017342139153169501
1:31241030,1,31241030,A,G,0.114499986,0.0023252636833651493
1:31251098,1,31251098,A,G,0.22100002,0.005464363022637809
1:31263041,1,31263041,A,G,0.37199998,-0.0005956209734000076
1:31276623,1,31276623,A,G,0.48150003,0.014843962406110986
1:31288563,1,31288563,A,G,0.296,0.008174281880800301
1:31299029,1,31299029,A,G,0.194,0.00012839588079702988
1:31335283,1,31335283,A,G,0.2855,0.0016356328464103142
1:31343820,1,31343820,A,G,0.11250001,0.003619130083288314
1:31349380,1,31349380,A,G,0.362,-0.006233646408083677
1:31354978,1,31354978,A,G,0.18800002,0.016009877244793268
1:31356086,1,31356086,A,G,0.454,0.01999027366932556
1:31378292,1,31378292,A,G,0.34649998,-0.00506989672055965
1:31397111,1,31397111,A,G,0.2295,-0.009893398010259716
1:31457081,1,31457081,A,G,0.157,0.003987985013950874
1:31530804,1,31530804,A,G,0.0855,-0.00019229613034277125
1:31549032,1,31549032,A,G,0.13349998,-0.004111415588116708
1:31556004,1,31556004,A,G,0.283,0.006072690216846164
1:31579613,1,31579613,A,G,0.301,0.020633027987375117
1:31632287,1,31632287,A,G,0.0625,0.0029981316125576776
1:31632484,1,31632484,A,G,0.407,0.006388411960906411
1:31657525,1,31657525,A,G,0.0765,-0.005709914579195693
1:31664127,1,31664127,A,G,0.08899999,0.0005734433621984693
1:31665405,1,31665405,A,G,0.38599998,0.007590787006611083
1:31670311,1,31670311,A,G,0.3545,-0.008226120530985042
1:31676807,1,31676807,A,G,0.13300002,-0.0036299116410636453
1:31699264,1,31699264,A,G,0.33999997,0.0019158311456881668
1:31707049,1,31707049,A,G,0.047999978,-0.000623166415151009
1:31725527,1,31725527,A,G,0.18349999,0.0033130387658859136
1:31738454,1,31738454,A,G,0.394,0.004971014998168232
1:31745494,1,31745494,A,G,0.25300002,-0.007617687069809325
1:31751306,1,31751306,A,G,0.42799997,0.014172572319800866
1:31770094,1,31770094,A,G,0.110000014,0.0006827876464980749
1:31808286,1,31808286,A,G,0.435,0.0007956351108319895
1:31834023,1,31834023,A,G,0.268,0.005029920941549987
1:31853088,1,31853088,A,G,0.09100002,-0.010698838948324116
1:31873647,1,31873647,A,G,0.08099997,0.0007549624518469155
1:31886948,1,31886948,A,G,0.055999994,-5.88266044397102e-05
1:31918508,1,31918508,A,G,0.333,-0.0036188545525450496
1:31927922,1,31927922,A,G,0.13800001,0.004158606850274619
1:31935647,1,31935647,A,G,0.13200003,0.0035477181292541474
1:31941563,1,31941563,A,G,0.311,-0.0036751775059714205
1:31970600,1,31970600,A,G,0.22649997,0.005022818857998567
1:31978889,1,31978889,A,G,0.26999998,0.005035043549641801
1:31981909,1,31981909,A,G,0.102,0.0013450016978751196
1:31984288,1,31984288,A,G,0.15499997,0.013457769355374165
1:32002178,1,32002178,A,G,0.084500015,0.0008565535842452241
1:32005217,1,32005217,A,G,0.21600002,-0.00494266002813457
1:32027217,1,32027217,A,G,0.20099998,-0.006021087542169704
1:32038061,1,32038061,A,G,0.38450003,-0.006724003280909365
1:32043446,1,32043446,A,G,0.4775,0.009196623601732795
1:32049004,1,32049004,A,G,0.496,0.002742764727263766
1:32073693,1,32073693,A,G,0.22350001,0.010812203248580699
1:32105737,1,32105737,A,G,0.4195,0.010576651089571664
1:32134441,1,32134441,A,G,0.1785,0.008291929291842687
1:32134445,1,32134445,A,G,0.120000005,-0.0076420217824501365
1:32227331,1,32227331,A,G,0.3365,0.004212193623389658
1:32254833,1,32254833,A,G,0.27749997,0.0018137443974734694
1:32266498,1,32266498,A,G,0.3275,-0.01251109514382041
1:32318233,1,32318233,A,G,0.23049998,0.002449145770765903
1:32325150,1,32325150,A,G,0.1965,-0.00827996424100817
1:32337260,1,32337260,A,G,0.48049998,0.004956815594588405
1:32339835,1,32339835,A,G,0.42400002,-0.009672859364994974
1:32356073,1,32356073,A,G,0.110000014,0.00930012789747377
1:32359861,1,32359861,A,G,0.30949998,-0.002709586284407059
1:32363576,1,32363576,A,G,0.19800001,-0.007117306850433143
1:32377376,1,32377376,A,G,0.319,0.00821140157916897
1:32382712,1,32382712,A,G,0.14700001,0.006183206315498858
1:32386346,1,32386346,A,G,0.37550002,0.006210431834098493
1:32401728,1,32401728,A,G,0.19450003,-0.008488471394792956
1:32425302,1,32425302,A,G,0.36,0.005823171657024643
1:32436729,1,32436729,A,G,0.121500015,0.001261722233224015
1:32446437,1,32446437,A,G,0.10500002,-0.002666470350691092
1:32456982,1,32456982,A,G,0.19450003,0.0011545079560518526
1:32469248,1,32469248,A,G,0.4765,-0.009671537771546257
1:32469421,1,32469421,A,G,0.4195,0.00012290056878349877
1:32474984,1,32474984,A,G,0.3585,0.009965952668276396
1:32482295,1,32482295,A,G,0.18449998,0.0068684772977292904
1:32482873,1,32482873,A,G,0.1275,0.003054068741275529
1:32544961,1,32544961,A,G,0.374,0.012719077056447783
1:32557231,1,32557231,A,G,0.13749999,0.003914326758249727
1:32576170,1,32576170,A,G,0.23500001,-0.0005230769298513687
1:32580458,1,32580458,A,G,0.272,0.00879551922731146
1:32648169,1,32648169,A,G,0.091499984,-0.011123598381534764
1:32672749,1,32672749,A,G,0.42049998,-0.003928798278827599
1:32686305,1,32686305,A,G,0.4525,-0.010856203695332703
1:32702703,1,32702703,A,G,0.111,-0.0015314574610569797
1:32735804,1,32735804,A,G,0.44,0.0035890253949409467
1:32740088,1,32740088,A,G,0.2755,-0.0016708431721497831
1:32775007,1,32775007,A,G,0.1415,0.008506109856097177
1:32791817,1,32791817,A,G,0.32,-0.0018673656769011616
1:32797856,1,32797856,A,G,0.45850003,0.003998066163216318
1:32833109,1,32833109,A,G,0.44700003,0.006235273095260218
1:32833207,1,32833207,A,G,0.36549997,0.004959588475716803
1:32843746,1,32843746,A,G,0.24650002,0.0009330757581525923
1:32916782,1,32916782,A,G,0.14050001,-0.002557933855545502
1:32945954,1,32945954,A,G,0.3345,-0.003216651352436097
1:32963685,1,32963685,A,G,0.3535,-0.012457197851006085
1:32985193,1,32985193,A,G,0.116,-0.0016199749542800468
1:32995940,1,32995940,A,G,0.15249997,-0.0077116939270307485
1:32997729,1,32997729,A,G,0.18300003,0.002072376603194275
1:33015349,1,33015349,A,G,0.449,0.0004308650941247326
1:33019808,1,33019808,A,G,0.32450002,-0.007431214848182938
1:33065407,1,33065407,A,G,0.18199998,-0.010067319366469582
1:33121541,1,33121541,A,G,0.181,-0.009329493726352587
1:33122267,1,33122267,A,G,0.110000014,0.001101585857319875
1:33127677,1,33127677,A,G,0.060000002,0.00039080992490211127
1:33134206,1,33134206,A,G,0.277,-0.003525491489862009
1:33138882,1,33138882,A,G,0.06650001,-0.007887138353571105
1:33163774,1,33163774,A,G,0.4995,0.007701855978993836
1:33197176,1,33197176,A,G,0.4245,-0.00722684730646398
1:33214627,1,33214627,A,G,0.38300002,0.011273807119875178
1:33218944,1,33218944,A,G,0.38099998,0.006300660223839524
1:33222266,1,33222266,A,G,0.35650003,-0.006047499789077631
1:33245661,1,33245661,A,G,0.07849997,-0.0011302289217526836
1:33255877,1,33255877,A,G,0.283,-0.016260365367999633
1:33266320,1,33266320,A,G,0.17949998,0.006028072483568753
1:33267859,1,33267859,A,G,0.18049997,-0.004602414875406936
1:33268891,1,33268891,A,G,0.2245,-0.0001779249427014749
1:33269286,1,33269286,A,G,0.18449998,0.006744594036499015
1:33283772,1,33283772,A,G,0.34899998,0.013855864687671563
1:33458472,1,33458472,A,G,0.050000012,-0.0028863631003205677
1:33495436,1,33495436,A,G,0.20899999,0.00042642804624817745
1:33517380,1,33517380,A,G,0.482,0.005225749777563883
1:33522481,1,33522481,A,G,0.16399997,-0.0036254342552076114
1:33523311,1,33523311,A,G,0.328,0.0037453301029197555
1:33679365,1,33679365,A,G,0.29250002,-0.018593734602865376
1:33692119,1,33692119,A,G,0.27249998,-0.012779245175874981
1:33698789,1,33698789,A,G,0.097500026,0.002967087575669577
1:33766263,1,33766263,A,G,0.43199998,-0.000913770666306255
1:33779714,1,33779714,A,G,0.29900002,0.0024370730405617476
1:33799194,1,33799194,A,G,0.292,0.005500048339634517
1:33812950,1,33812950,A,G,0.47100002,0.01988498336413723
1:33833648,1,33833648,A,G,0.07999998,0.010456731842177564
1:33843292,1,33843292,A,G,0.25300002,-0.004492158375424383
1:33877351,1,33877351,A,G,0.3865,-0.03204767283441892
1:33931227,1,33931227,A,G,0.393,0.011384589451779323
1:33942385,1,33942385,A,G,0.05250001,-0.0030321278272514105
1:33957165,1,33957165,A,G,0.37849998,-0.007030485984185703
1:33957413,1,33957413,A,G,0.458,-0.007072311429796402
1:33957755,1,33957755,A,G,0.38200003,0.002764220741178435
1:33976814,1,33976814,A,G,0.25700003,-0.006923392329654073
1:33978003,1,33978003,A,G,0.478,-0.004214511996204884
1:33978659,1,33978659,A,G,0.45200002,0.010487062058539708
1:33993872,1,33993872,A,G,0.3625,-0.0016307903019390565
1:33997464,1,33997464,A,G,0.36900002,-0.00037203281338127396
1:33999534,1,33999534,A,G,0.22000003,-0.001799270417655027
1:34020415,1,34020415,A,G,0.16000003,-0.0024947858202899933
1:34021443,1,34021443,A,G,0.33749998,0.00043343875974180947
1:34045469,1,34045469,A,G,0.04400003,-0.0038699124063198732
1:34045505,1,34045505,A,G,0.40399998,-0.00905247586903882
1:34045667,1,34045667,A,G,0.45700002,-0.003388337711367683
1:34086264,1,34086264,A,G,0.11250001,-0.007282260076062477
1:34091077,1,34091077,A,G,0.311,0.004456157537657099
1:34093078,1,34093078,A,G,0.1325,-0.00350028261093824
1:34109027,1,34109027,A,G,0.26349998,0.01444589249751392
1:34119118,1,34119118,A,G,0.35000002,0.009062243609615838
1:34125540,1,34125540,A,G,0.21700001,-0.015453688709384154
1:34148990,1,34148990,A,G,0.46350002,0.0065775347847664145
1:34206849,1,34206849,A,G,0.44849998,0.0005935232716880165
1:34218901,1,34218901,A,G,0.2855,-0.00765920158039281
1:34228245,1,34228245,A,G,0.30150002,0.002042560930349835
1:34253389,1,34253389,A,G,0.052999973,0.00312436601597997
1:34262608,1,34262608,A,G,0.195,0.005428766136480015
1:34275470,1,34275470,A,G,0.379,0.0029794337901275984
1:34301852,1,34301852,A,G,0.4975,-0.01990380068866585
1:34325125,1,34325125,A,G,0.4885,0.013457797779725954
1:34333232,1,34333232,A,G,0.07950002,-0.0028010064799144103
1:34337310,1,34337310,A,G,0.241,-0.0017728322564933927
1:34356388,1,34356388,A,G,0.056500018,0.005185161233668855
1:34427605,1,34427605,A,G,0.41649997,0.017711928701975802
1:34428804,1,34428804,A,G,0.35549998,-0.0009240721235287785
1:34499222,1,34499222,A,G,0.495,0.006440016912313545
1:34538589,1,34538589,A,G,0.28500003,-0.0027449570849446747
1:34543769,1,34543769,A,G,0.10549998,0.011704181552354686
1:34569362,1,34569362,A,G,0.31550002,-0.005442486313760742
1:34575902,1,34575902,A,G,0.4325,-0.014739844082944759
1:34590324,1,34590324,A,G,0.061500013,0.002142919295770214
1:34626633,1,34626633,A,G,0.4005,0.0028784846087542963
1:34655000,1,34655000,A,G,0.3365,0.010891678535120224
1:34671807,1,34671807,A,G,0.10100001,-0.010393196703325457
1:34751595,1,34751595,A,G,0.37150002,-0.01788192389749015
1:34755915,1,34755915,A,G,0.06849998,-0.0004796680869453373
1:34761184,1,34761184,A,G,0.12699997,-0.0044750031748113095
1:34761501,1,34761501,A,G,0.06400001,-4.1798987259143356e-05
1:34780909,1,34780909,A,G,0.34899998,0.002571850104039094
1:34783891,1,34783891,A,G,0.19849998,-0.0016322761883222558
1:34795515,1,34795515,A,G,0.17049998,-0.005739330939414634
1:34812382,1,34812382,A,G,0.35399997,0.008371215083212511
1:34829067,1,34829067,A,G,0.102,-0.002523528289740522
1:34831080,1,34831080,A,G,0.3505,-0.006529298910696983
1:34861939,1,34861939,A,G,0.36150002,0.002565367727016578
1:34867176,1,34867176,A,G,0.42549998,-0.0011366374970511075
1:34907128,1,34907128,A,G,0.338,0.00382677503789207
1:34924918,1,34924918,A,G,0.34249997,-0.012445520170757923
1:34932802,1,34932802,A,G,0.3485,-0.010264822981424612
1:34954716,1,34954716,A,G,0.05699998,0.0007077181473312572
1:34958763,1,34958763,A,G,0.25,0.016396409434845043
1:34970445,1,34970445,A,G,0.305,0.006066096865334369
1:34971275,1,34971275,A,G,0.36949998,0.009490460888771987
1:34974353,1,34974353,A,G,0.18199998,-0.0007570098243344106
1:34982513,1,34982513,A,G,0.36299998,-0.014109491773671367
1:35002380,1,35002380,A,G,0.23299998,0.011454454744534352
1:35004424,1,35004424,A,G,0.3545,-0.010649834932217482
1:35009898,1,35009898,A,G,0.13300002,-0.0007453950729875037
1:35044450,1,35044450,A,G,0.19300002,0.006132899344271965
1:35055277,1,35055277,A,G,0.46100003,0.004513871214721927
1:35103853,1,35103853,A,G,0.38599998,-0.01912710856322038
1:35104617,1,35104617,A,G,0.45850003,-0.010091307977644256
1:35119151,1,35119151,A,G,0.15899998,-4.883817624965202e-05
1:35142252,1,35142252,A,G,0.4615,0.00048703125157829115
1:35154341,1,35154341,A,G,0.37,-0.007031596471494683
1:35154829,1,35154829,A,G,0.30449998,-0.01712013587035313
1:35156029,1,35156029,A,G,0.04549998,0.010711655002430908
1:35174148,1,35174148,A,G,0.07349998,0.0029477738423465114
1:35210754,1,35210754,A,G,0.3865,0.0004687768606160954
1:35213499,1,35213499,A,G,0.361,-0.004599807908594307
1:35259676,1,35259676,A,G,0.13349998,-0.02090581263934393
1:35280123,1,35280123,A,G,0.2525,0.01008784425677897
1:35281841,1,35281841,A,G,0.366,0.0019231704474236826
1:35303415,1,35303415,A,G,0.05549997,0.003298952853475363
1:35351952,1,35351952,A,G,0.34600002,0.008323135696013279
1:35383986,1,35383986,A,G,0.25199997,-0.005424972189910011
1:35393866,1,35393866,A,G,0.096000016,-0.007629791225852778
1:35396081,1,35396081,A,G,0.116999984,0.0004775659619866478
1:35402298,1,35402298,A,G,0.26450002,-0.005524563732289357
1:35409404,1,35409404,A,G,0.31849998,0.004492336361644909
1:35427854,1,35427854,A,G,0.21649998,-0.004765665904641358
1:35453172,1,35453172,A,G,0.116,-0.011072254490468607
1:35463344,1,35463344,A,G,0.41500002,-0.005436109653158201
1:35490173,1,35490173,A,G,0.26749998,0.0022987114042665583
1:35502494,1,35502494,A,G,0.16399997,0.005268309962054306
1:35507774,1,35507774,A,G,0.35500002,-0.007951730596115942
1:35553687,1,35553687,A,G,0.20850003,0.009914438799916764
1:35555042,1,35555042,A,G,0.20999998,-0.006163748367315726
1:35562620,1,35562620,A,G,0.16750002,0.0015062679116810325
1:35563454,1,35563454,A,G,0.21200001,-0.001631859363271569
1:35580543,1,35580543,A,G,0.1965,0.010067575931081025
1:35581226,1,35581226,A,G,0.467,0.011216918770821946
1:35609213,1,35609213,A,G,0.17900002,-0.007946079533222614
1:35610156,1,35610156,A,G,0.3405,-0.006809376085819481
1:35637396,1,35637396,A,G,0.14499998,-0.005601082069375242
1:35642495,1,35642495,A,G,0.30299997,-0.0029966000449116095
1:35674972,1,35674972,A,G,0.27749997,-0.013916079846610486
1:35677260,1,35677260,A,G,0.30900002,0.00919411412366694
1:35703248,1,35703248,A,G,0.208,0.00814804034453283
1:35733874,1,35733874,A,G,0.43,0.005134401521307281
1:35788922,1,35788922,A,G,0.185,0.0022970041739936524
1:35790316,1,35790316,A,G,0.4245,0.003102178067592727
1:35823503,1,35823503,A,G,0.24949998,0.00042381858506616236
1:35881162,1,35881162,A,G,0.34149998,-0.014604044582824124
1:35908280,1,35908280,A,G,0.058000028,-0.0011055055955512122
1:35912254,1,35912254,A,G,0.2195,-0.0024672936242181582
1:35921755,1,35921755,A,G,0.32450002,-0.0008427310747348607
1:35935919,1,35935919,A,G,0.17049998,-0.011442879838415635
1:35940921,1,35940921,A,G,0.199,-0.0014658453669558057
1:35943816,1,35943816,A,G,0.245,0.02289681973313119
1:35966582,1,35966582,A,G,0.17449999,-0.0016376177047399715
1:36041544,1,36041544,A,G,0.3455,0.0014106315007697563
1:36045139,1,36045139,A,G,0.06800002,0.0014606738686139572
1:36059027,1,36059027,A,G,0.40750003,0.0062764926217164
1:36073940,1,36073940,A,G,0.4595,0.009965368280728653
1:36075712,1,36075712,A,G,0.12349999,0.0019911496700284596
1:36081387,1,36081387,A,G,0.14200002,0.0030511959052374154
1:36089370,1,36089370,A,G,0.464,-0.0062945271938315206
1:36093881,1,36093881,A,G,0.13849998,0.0005277749236079902
1:36097070,1,36097070,A,G,0.10350001,-0.008572942968627657
1:36102854,1,36102854,A,G,0.4045,0.00843153920279246
1:36159647,1,36159647,A,G,0.3635,0.02251895789234759
1:36181577,1,36181577,A,G,0.362,0.006940180167886177
1:36185156,1,36185156,A,G,0.1415,-0.01016219989278644
1:36204668,1,36204668,A,G,0.21649998,-0.001958445126717955
1:36213004,1,36213004,A,G,0.12650001,0.004906790512348314
1:36213516,1,36213516,A,G,0.12400001,-0.005978466101862351
1:36216070,1,36216070,A,G,0.2715,0.002811843311977353
1:36253448,1,36253448,A,G,0.36,0.007053131520940028
1:36258671,1,36258671,A,G,0.20050001,5.8401230585381916e-05
1:36264674,1,36264674,A,G,0.27100003,-0.01105259074652054
1:36265059,1,36265059,A,G,0.20349997,-0.0016416972692211804
1:36286071,1,36286071,A,G,0.4945,-6.197718464889312e-05
1:36319764,1,36319764,A,G,0.3675,0.009696428318045822
1:36328140,1,36328140,A,G,0.305,-0.002051960071128912
1:36346860,1,36346860,A,G,0.38200003,0.002709510177932542
1:36355878,1,36355878,A,G,0.16149998,0.001353922335063004
1:36396425,1,36396425,A,G,0.463,0.0076752170435255024
1:36413677,1,36413677,A,G,0.14499998,-0.00901625982362363
1:36421190,1,36421190,A,G,0.100000024,0.0034825596525818138
1:36426089,1,36426089,A,G,0.439,0.0037227195395903947
1:36432550,1,36432550,A,G,0.16750002,0.0031353273833680034
1:36433623,1,36433623,A,G,0.42650002,-0.019691096851916636
1:36446345,1,36446345,A,G,0.17900002,0.01500014668776992
1:36481542,1,36481542,A,G,0.176,0.0020499534563502442
1:36513467,1,36513467,A,G,0.49199998,-0.018525348620134375
1:36515316,1,36515316,A,G,0.47899997,-0.0203495971442866
1:36532023,1,36532023,A,G,0.4895,-0.004276661055446866
1:36540129,1,36540129,A,G,0.07849997,-0.008930228523857763
1:36566792,1,36566792,A,G,0.297,-0.012877567004070044
1:36575805,1,36575805,A,G,0.05949998,-0.0016048886576423556
1:36591532,1,36591532,A,G,0.342,-0.001521726510809731
1:36595774,1,36595774,A,G,0.3505,-0.01143892762621571
1:36601695,1,36601695,A,G,0.4975,0.006483944503396907
1:36634822,1,36634822,A,G,0.43150002,0.010997941797705517
1:36635194,1,36635194,A,G,0.15249997,0.0030254914075647974
1:36640609,1,36640609,A,G,0.24699998,0.012842337667998052
1:36657074,1,36657074,A,G,0.15899998,0.002332619916533066
1:36755906,1,36755906,A,G,0.06400001,-0.0025048000869086116
1:36785618,1,36785618,A,G,0.2335,0.0025491594028302744
1:36786885,1,36786885,A,G,0.08350003,0.011120568663270136
1:36805731,1,36805731,A,G,0.3635,0.019076549320335076
1:36810848,1,36810848,A,G,0.20599997,-0.011154883426939075
1:36827956,1,36827956,A,G,0.055999994,0.007832099824033456
1:36847764,1,36847764,A,G,0.16750002,0.005986583008550582
1:36855539,1,36855539,A,G,0.19800001,-0.00214245864316164
1:36869125,1,36869125,A,G,0.26099998,0.001409838398097987
1:36898447,1,36898447,A,G,0.374,0.007585170818469222
1:36905711,1,36905711,A,G,0.40499997,0.007362147545323061
1:36919128,1,36919128,A,G,0.4975,0.002114688118350073
1:36926888,1,36926888,A,G,0.4335,0.0005284754444627072
1:36940934,1,36940934,A,G,0.29250002,0.002971468826090597
1:36968087,1,36968087,A,G,0.08950001,-0.0016500631888884672
1:36982408,1,36982408,A,G,0.33099997,0.0026803592463706468
1:36989388,1,36989388,A,G,0.24299997,-0.01836361889264214
1:36992983,1,36992983,A,G,0.24000001,0.0002174800462928379
1:36998517,1,36998517,A,G,0.19950002,0.007293315879654568
1:37003111,1,37003111,A,G,0.13700002,0.002116693904907022
1:37026183,1,37026183,A,G,0.10500002,-0.011113607700108835
1:37043862,1,37043862,A,G,0.4285,-0.008031677222024275
1:37132659,1,37132659,A,G,0.13800001,0.0013820589841271893
1:37153970,1,37153970,A,G,0.3505,0.000864164396404959
1:37176571,1,37176571,A,G,0.38,0.010931140763319603
1:37177858,1,37177858,A,G,0.2015,0.0014395000972727797
1:37187065,1,37187065,A,G,0.2895,-0.010453859715685469
1:37192253,1,37192253,A,G,0.39200002,0.005951167545648406
1:37201804,1,37201804,A,G,0.10799998,-0.0035758308622237914
1:37203677,1,37203677,A,G,0.12349999,-0.007021116949405616
1:37204319,1,37204319,A,G,0.3815,0.003215371383588257
1:37214418,1,37214418,A,G,0.16600001,-0.004876138076590218
1:37264821,1,37264821,A,G,0.102999985,0.009206252486773694
1:37316108,1,37316108,A,G,0.26999998,0.012730088629177976
1:37317457,1,37317457,A,G,0.40850002,0.014837043215253903
1:37327244,1,37327244,A,G,0.17150003,0.0031586309032877674
1:37342773,1,37342773,A,G,0.1875,0.017714336301422447
1:37358842,1,37358842,A,G,0.16399997,0.0013703417252489782
1:37371475,1,37371475,A,G,0.263,0.0036620696352766347
1:37375320,1,37375320,A,G,0.32050002,0.0014812846965517833
1:37392620,1,37392620,A,G,0.11650002,-0.0026742433778065597
1:37396844,1,37396844,A,G,0.38300002,-0.008021557841223744
1:37407754,1,37407754,A,G,0.27249998,-7.633635076334908e-05
1:37407772,1,37407772,A,G,0.3255,-0.0036585386968896296
1:37416207,1,37416207,A,G,0.10699999,-0.004755025879550848
1:37432023,1,37432023,A,G,0.3585,-0.008800314798307157
1:37436582,1,37436582,A,G,0.3595,0.0069351656343950374
1:37452623,1,37452623,A,G,0.23699999,-0.0033755523906448446
1:37457341,1,37457341,A,G,0.333,0.016040198671332363
1:37516109,1,37516109,A,G,0.15899998,-0.00011665908224803737
1:37518168,1,37518168,A,G,0.34500003,0.003532454732353543
1:37557414,1,37557414,A,G,0.311,0.002818477111849637
1:37609880,1,37609880,A,G,0.32599998,0.004605077695491117
1:37612326,1,37612326,A,G,0.15750003,0.006242974738034312
1:37617742,1,37617742,A,G,0.40600002,-0.008481184503556614
1:37622749,1,37622749,A,G,0.39099997,0.002991268580222837
1:37632149,1,37632149,A,G,0.09799999,0.007070809156058174
1:37639185,1,37639185,A,G,0.44199997,0.009018511210846554
1:37649510,1,37649510,A,G,0.42299998,0.00157035189727415
1:37693722,1,37693722,A,G,0.3,-0.013349544678664975
1:37706356,1,37706356,A,G,0.075999975,0.010007649661577998
1:37709732,1,37709732,A,G,0.28750002,0.005651001768242321
1:37710965,1,37710965,A,G,0.27600002,0.007868461898466477
1:37711696,1,37711696,A,G,0.12900001,0.004252968050403282
1:37735089,1,37735089,A,G,0.4195,0.008293223556058098
1:37738489,1,37738489,A,G,0.208,0.004650945374228197
1:37747493,1,37747493,A,G,0.30049998,0.0034277650240643865
1:37776535,1,37776535,A,G,0.25950003,0.002458071797616826
1:37784640,1,37784640,A,G,0.4365,-0.007938594369721183
1:37809282,1,37809282,A,G,0.28649998,0.009257463437724147
1:37811774,1,37811774,A,G,0.1645,0.007991850108252256
1:37814055,1,37814055,A,G,0.37949997,9.429101551282558e-05
1:37829125,1,37829125,A,G,0.40649998,0.0013729655053328607
1:37856187,1,37856187,A,G,0.4785,-0.01583654215554168
1:37872853,1,37872853,A,G,0.3995,0.00046650444742854123
1:37876685,1,37876685,A,G,0.06999999,-0.0026238096862785426
1:37877059,1,37877059,A,G,0.43049997,0.0012146441528284137
1:37917522,1,37917522,A,G,0.2605,-0.007570757914187988
1:37937227,1,37937227,A,G,0.101499975,-0.00021134790019698327
1:37944453,1,37944453,A,G,0.48799998,-0.01730517750778606
1:37945834,1,37945834,A,G,0.351,0.0034460723343697954
1:37962718,1,37962718,A,G,0.4325,-0.0021895613910388884
1:37967792,1,37967792,A,G,0.14099997,0.0022273161731222284
1:37998211,1,37998211,A,G,0.408,0.001835451825686142
1:38019583,1,38019583,A,G,0.32099998,0.0011502647426557457
1:38020567,1,38020567,A,G,0.23699999,0.003914845239318598
1:38021656,1,38021656,A,G,0.13099998,-0.0038014257715432913
1:38049944,1,38049944,A,G,0.22000003,0.008684196010313167
1:38067503,1,38067503,A,G,0.27350003,0.00800995398251717
1:38090552,1,38090552,A,G,0.399,0.007168361733898122
1:38168899,1,38168899,A,G,0.222,0.002511496949665858
1:38175225,1,38175225,A,G,0.24400002,-0.0029755070036908554
1:38184665,1,38184665,A,G,0.070500016,-0.008278566753141878
1:38187511,1,38187511,A,G,0.485,0.003360746507948995
1:38208852,1,38208852,A,G,0.408,0.0015606334102828915
1:38309052,1,38309052,A,G,0.49800003,0.003976539008706889
1:38334883,1,38334883,A,G,0.45599997,-0.01720380454880086
1:38353226,1,38353226,A,G,0.4415,0.01281649166297803
1:38362596,1,38362596,A,G,0.067499995,-5.628298109274037e-06
1:38400143,1,38400143,A,G,0.32599998,-0.014503231779362243
1:38428027,1,38428027,A,G,0.14950001,-0.004544614512810275
1:38456877,1,38456877,A,G,0.4475,0.00487474398609842
1:38467911,1,38467911,A,G,0.4005,0.0031118040202816524
1:38498938,1,38498938,A,G,0.12949997,0.0032189540787213294
1:38499602,1,38499602,A,G,0.412,0.004065432735781835
1:38503932,1,38503932,A,G,0.48150003,0.004747136500517053
1:38538878,1,38538878,A,G,0.20700002,0.006679263651779775
1:38560291,1,38560291,A,G,0.2195,-0.0026384820034353533
1:38580197,1,38580197,A,G,0.05549997,0.002597039620710517
1:38615933,1,38615933,A,G,0.3815,-0.0020987766907616962
1:38620545,1,38620545,A,G,0.40649998,0.006307302486825786
1:38636253,1,38636253,A,G,0.059000015,-0.0008001779943199629
1:38647225,1,38647225,A,G,0.481,0.011648453145757768
1:38653587,1,38653587,A,G,0.074,0.0010473668268983886
1:38660996,1,38660996,A,G,0.30049998,0.007092317344323267
1:38673355,1,38673355,A,G,0.46600002,0.0023157517553354778
1:38677397,1,38677397,A,G,0.477,0.014112602295237878
1:38679228,1,38679228,A,G,0.10549998,0.0009610088324903177
1:38685537,1,38685537,A,G,0.47250003,0.005956598355865391
1:38710305,1,38710305,A,G,0.16500002,-0.0032226063187037234
1:38720112,1,38720112,A,G,0.18599999,0.004360634455354574
1:38727469,1,38727469,A,G,0.3275,0.02091990932755118
1:38785285,1,38785285,A,G,0.11799997,0.013871012947936193
1:38791629,1,38791629,A,G,0.2805,-0.008201757305255514
1:38802833,1,38802833,A,G,0.4155,-0.00031792545209917634
1:38808657,1,38808657,A,G,0.27350003,-0.00016104714221723557
1:38819914,1,38819914,A,G,0.092999995,0.0017953676276131333
1:38835524,1,38835524,A,G,0.427,0.01543897582571435
1:38836812,1,38836812,A,G,0.16549999,-0.0012665162085912412
1:38844163,1,38844163,A,G,0.417,-0.0016468106321081207
1:38887322,1,38887322,A,G,0.47500002,0.009048575190300237
1:38950797,1,38950797,A,G,0.389,-0.014033737342053357
1:38963186,1,38963186,A,G,0.07950002,-0.004094295837820099
1:38965696,1,38965696,A,G,0.352,-0.010754961258492034
1:39010203,1,39010203,A,G,0.16149998,-0.0007350437748807528
1:39031526,1,39031526,A,G,0.12550002,-0.006629330145500646
1:39043897,1,39043897,A,G,0.4135,-0.0022813077621668845
1:39051624,1,39051624,A,G,0.17549998,0.0015122672222125677
1:39087759,1,39087759,A,G,0.10750002,-0.006383398538786023
1:39101527,1,39101527,A,G,0.12400001,-0.007940821793797367
1:39138696,1,39138696,A,G,0.3225,0.011864278066610678
1:39201328,1,39201328,A,G,0.259,0.0045833297557022895
1:39206377,1,39206377,A,G,0.1455,-0.011628390588854232
1:39242671,1,39242671,A,G,0.073000014,0.0043532947303228575
1:39247229,1,39247229,A,G,0.4555,0.006895702648907736
1:39265187,1,39265187,A,G,0.4875,-0.008700761851526562
1:39275055,1,39275055,A,G,0.24299997,0.002056313007304934
1:39290063,1,39290063,A,G,0.14050001,-0.003976982500224479
1:39301805,1,39301805,A,G,0.07200003,0.008120213244713098
1:39302468,1,39302468,A,G,0.19450003,0.006742840885854297
1:39314352,1,39314352,A,G,0.32349998,0.00451402619441379
1:39367798,1,39367798,A,G,0.27100003,-0.0044263616030028145
1:39384828,1,39384828,A,G,0.2105,0.0068177283698120155
1:39443227,1,39443227,A,G,0.22649997,-0.002688637394247639
1:39449977,1,39449977,A,G,0.476,-0.005997350504273987
1:39467751,1,39467751,A,G,0.26450002,-0.016172965980049452
1:39483076,1,39483076,A,G,0.04549998,3.063368122408867e-05
1:39501027,1,39501027,A,G,0.343,-0.01327014089367449
1:39501581,1,39501581,A,G,0.31050003,-0.003496711737936653
1:39509311,1,39509311,A,G,0.12199998,0.010795127027565821
1:39521539,1,39521539,A,G,0.34899998,-0.002944730942592932
1:39541462,1,39541462,A,G,0.059000015,-0.005424592821721856
1:39542532,1,39542532,A,G,0.388,0.0073553139335969095
1:39550235,1,39550235,A,G,0.121500015,-0.0026052376181930573
1:39564767,1,39564767,A,G,0.48299998,-0.016428466811503072
1:39648900,1,39648900,A,G,0.28649998,0.0033884320953108883
1:39658561,1,39658561,A,G,0.067499995,0.0019616752633701217
1:39673333,1,39673333,A,G,0.453,-0.004355261103408853
1:39678202,1,39678202,A,G,0.37949997,0.014143673310785983
1:39683872,1,39683872,A,G,0.3855,-0.010421655719371902
1:39711171,1,39711171,A,G,0.26950002,-0.0035729150875467683
1:39722996,1,39722996,A,G,0.15450001,-0.0032843580296989684
1:39747800,1,39747800,A,G,0.365,-0.010171522342040721
1:39769057,1,39769057,A,G,0.45349997,0.0011304343517073065
1:39770507,1,39770507,A,G,0.26,-0.001643017474939315
1:39785652,1,39785652,A,G,0.09350002,0.003653658679120911
1:39787172,1,39787172,A,G,0.47750002,0.005274865852597131
1:39816538,1,39816538,A,G,0.34750003,0.00020566664488646781
1:39824449,1,39824449,A,G,0.49550003,0.007829398181708943
1:39835190,1,39835190,A,G,0.13349998,-0.001941132949330993
1:39839284,1,39839284,A,G,0.16399997,-0.010159578984762914
1:39898335,1,39898335,A,G,0.10699999,-0.007576615973579784
1:39902997,1,39902997,A,G,0.16000003,0.003156142960794179
1:39911038,1,39911038,A,G,0.111500025,0.009772598183052978
1:39929258,1,39929258,A,G,0.18150002,-4.8819066148101016e-05
1:39944892,1,39944892,A,G,0.3165,-0.0020840154485059765
1:39970871,1,39970871,A,G,0.4135,0.006467306091646321
1:39980721,1,39980721,A,G,0.102999985,0.014477335167184323
1:39982532,1,39982532,A,G,0.097,-0.0041032651315274825
1:39993955,1,39993955,A,G,0.16049999,-0.0010236005027703919
1:40004652,1,40004652,A,G,0.21399999,-0.012484512440005464
1:40057649,1,40057649,A,G,0.45749998,-0.009569954600547454
1:40071049,1,40071049,A,G,0.14050001,-0.004766139010900848
1:40076122,1,40076122,A,G,0.10549998,-0.0032395807445319874
1:40078992,1,40078992,A,G,0.449,-0.008965852867700262
1:40093088,1,40093088,A,G,0.45200002,0.009598856673674017
1:40104524,1,40104524,A,G,0.4045,-0.009813869902073622
1:40113380,1,40113380,A,G,0.236,0.0016102634395460437
1:40113875,1,40113875,A,G,0.491,-0.001388246269084914
1:40131084,1,40131084,A,G,0.264,-0.012850825454560887
1:40133570,1,40133570,A,G,0.43449998,0.00315522522089073
1:40162345,1,40162345,A,G,0.23799998,8.022763211749798e-05
1:40163713,1,40163713,A,G,0.25,-0.011452561380829201
1:40174674,1,40174674,A,G,0.45099998,-0.004924243633216587
1:40179602,1,40179602,A,G,0.051,0.0026837957499224016
1:40201138,1,40201138,A,G,0.14200002,-0.006179442363832501
1:40216747,1,40216747,A,G,0.337,0.005092830876356741
1:40249666,1,40249666,A,G,0.4615,-0.0006061803375755755
1:40253577,1,40253577,A,G,0.05250001,0.002434908563688108
1:40260457,1,40260457,A,G,0.273,0.00729886064950109
1:40271959,1,40271959,A,G,0.28100002,-0.007088978245932944
1:40279708,1,40279708,A,G,0.4835,0.0021472517651176058
1:40308783,1,40308783,A,G,0.325,0.003547061202335327
1:40339105,1,40339105,A,G,0.11750001,0.006257680592607299
1:40365238,1,40365238,A,G,0.302,0.008173708204735633
1:40381732,1,40381732,A,G,0.12199998,0.001323166535442765
1:40425112,1,40425112,A,G,0.35399997,0.003114749651858805
1:40435722,1,40435722,A,G,0.21200001,0.003344449673435728
1:40467716,1,40467716,A,G,0.33249998,0.00029647050856095535
1:40468177,1,40468177,A,G,0.45700002,-0.012181768032767963
1:40473322,1,40473322,A,G,0.41399997,0.0024756768208631934
1:40476416,1,40476416,A,G,0.41149998,0.003931091141953809
1:40476929,1,40476929,A,G,0.185,0.006861031540646036
1:40480310,1,40480310,A,G,0.3255,-0.00524119359251958
1:40483088,1,40483088,A,G,0.13050002,-0.010146371266557952
1:40487100,1,40487100,A,G,0.14899999,-0.00376226534004968
1:40523562,1,40523562,A,G,0.353,-0.0013574981699750416
1:40539153,1,40539153,A,G,0.23000002,-0.00588425745595732
1:40576288,1,40576288,A,G,0.42799997,0.00577120318190075
1:40580925,1,40580925,A,G,0.24900001,-0.012263028271242154
1:40636645,1,40636645,A,G,0.086000025,-0.009187121513636109
1:40657663,1,40657663,A,G,0.24699998,0.00879617230429904
1:40670788,1,40670788,A,G,0.10799998,0.00300990762535501
1:40686941,1,40686941,A,G,0.4945,-0.003935732522454002
1:40711153,1,40711153,A,G,0.050499976,-0.002947422658604105
1:40733589,1,40733589,A,G,0.29549998,0.013433643467814269
1:40735912,1,40735912,A,G,0.22649997,0.0104246042837276
1:40739305,1,40739305,A,G,0.34249997,-0.0013036551930429672
1:40739630,1,40739630,A,G,0.29650003,0.013711278375918045
1:40794347,1,40794347,A,G,0.463,-0.00853829335455227
1:40801246,1,40801246,A,G,0.13749999,0.0014421945993664215
1:40808250,1,40808250,A,G,0.092999995,0.0013821836034063283
1:40819839,1,40819839,A,G,0.4385,0.012618660912018461
1:40820228,1,40820228,A,G,0.478,-3.057169073218147e-05
1:40824951,1,40824951,A,G,0.195,-0.021343551072320097
1:40844646,1,40844646,A,G,0.47899997,0.001124784308793312
1:40850838,1,40850838,A,G,0.218,0.003493759261498219
1:40869793,1,40869793,A,G,0.31950003,0.0005471010199888391
1:40907605,1,40907605,A,G,0.362,0.006847318904982494
1:40909999,1,40909999,A,G,0.46100003,0.004178488223252656
1:40910173,1,40910173,A,G,0.12400001,-0.005157962652924834
1:40956757,1,40956757,A,G,0.19300002,0.009542740169076868
1:40981643,1,40981643,A,G,0.296,0.017734239132606088
1:40981730,1,40981730,A,G,0.15249997,0.0025182107369904542
1:40990130,1,40990130,A,G,0.2845,-0.004780013472097236
1:41006180,1,41006180,A,G,0.39600003,-0.0054325863153964924
1:41011121,1,41011121,A,G,0.4605,0.01736718640166827
1:41040760,1,41040760,A,G,0.21700001,-0.0019449628058643715
1:41055393,1,41055393,A,G,0.12199998,-0.0033507652035938977
1:41130559,1,41130559,A,G,0.35399997,0.013053522685100074
1:41142201,1,41142201,A,G,0.3595,-0.0035756715301470524
1:41156156,1,41156156,A,G,0.24800003,0.004490099595237522
1:41156181,1,41156181,A,G,0.30699998,-0.0022662942459259743
1:41159936,1,41159936,A,G,0.4045,-0.010370657323073216
1:41164397,1,41164397,A,G,0.38300002,0.009980412323024542
1:41191607,1,41191607,A,G,0.34149998,-0.0009770130203912198
1:41208935,1,41208935,A,G,0.3405,-0.011425851592602568
1:41241274,1,41241274,A,G,0.3685,-0.0016639580457561334
1:41245273,1,41245273,A,G,0.31800002,0.017217301169277242
1:41266067,1,41266067,A,G,0.084500015,0.010288401582291938
1:41279355,1,41279355,A,G,0.329,0.007156223747428981
1:41280793,1,41280793,A,G,0.44,-0.006798802980338501
1:41311635,1,41311635,A,G,0.070500016,-0.0026244134898920314
1:41385471,1,41385471,A,G,0.25,-0.0022042116913196345
1:41400303,1,41400303,A,G,0.23699999,-0.016053697561164704
1:41434750,1,41434750,A,G,0.1695,0.017029844008132428
1:41464132,1,41464132,A,G,0.30299997,-0.0037618993686154628
1:41467923,1,41467923,A,G,0.13599998,-0.00512810075758575
1:41478074,1,41478074,A,G,0.459,-0.0007248887384965759
1:41537805,1,41537805,A,G,0.13099998,-0.0018949320264609645
1:41538256,1,41538256,A,G,0.49,-0.0005023315570763211
1:41542437,1,41542437,A,G,0.04949999,-0.002349054031020919
1:41574797,1,41574797,A,G,0.263,0.013814831831005948
1:41634985,1,41634985,A,G,0.07249999,-0.0010366292018470613
1:41654365,1,41654365,A,G,0.43199998,0.00507543945980935
1:41655139,1,41655139,A,G,0.43400002,0.0035393546967078457
1:41672087,1,41672087,A,G,0.171,-0.009763487413215482
1:41681558,1,41681558,A,G,0.10900003,-0.008418726632067216
1:41682180,1,41682180,A,G,0.14499998,-0.004728258542139702
1:41701480,1,41701480,A,G,0.061999977,-2.276647542350149e-05
1:41707318,1,41707318,A,G,0.1685,-0.011233423869681819
1:41727754,1,41727754,A,G,0.07349998,0.004286116134266261
1:41765313,1,41765313,A,G,0.42650002,-0.0017442243651764533
1:41819038,1,41819038,A,G,0.43400002,-0.006257244472254639
1:41822974,1,41822974,A,G,0.2755,0.002587285210625864
1:41835880,1,41835880,A,G,0.44099998,-0.008289636273778262
1:41846293,1,41846293,A,G,0.18699998,0.011795772623671376
1:41859264,1,41859264,A,G,0.14050001,-0.0026088659949959183
1:41869823,1,41869823,A,G,0.181,-0.01014215710007261
1:41892168,1,41892168,A,G,0.11650002,0.0017585447661847481
1:41965472,1,41965472,A,G,0.42799997,-0.0006509799366349034
1:41969657,1,41969657,A,G,0.41750002,0.010772275650447569
1:41985097,1,41985097,A,G,0.13599998,0.0030005188498674513
1:41985332,1,41985332,A,G,0.287,-0.004014225396550039
1:42019118,1,42019118,A,G,0.16799998,0.007542386785285142
1:42023298,1,42023298,A,G,0.116,0.0025100151660768337
1:42058335,1,42058335,A,G,0.15799999,-0.0053139308460808336
1:42081604,1,42081604,A,G,0.32099998,0.002947669539112695
1:42090759,1,42090759,A,G,0.34649998,-0.014338477921561532
1:42106079,1,42106079,A,G,0.14600003,-0.004688008774663417
1:42106228,1,42106228,A,G,0.40649998,-0.003779134902818784
1:42147407,1,42147407,A,G,0.301,-0.010446673884940107
1:42161442,1,42161442,A,G,0.23750001,-0.009467003021141425
1:42165907,1,42165907,A,G,0.328,0.0007902592758279191
1:42307400,1,42307400,A,G,0.204,0.01562955507778042
1:42321933,1,42321933,A,G,0.1645,0.002538062995053718
1:42397459,1,42397459,A,G,0.499,0.0005679657214586117
1:42413493,1,42413493,A,G,0.439,0.001695753005694035
1:42439799,1,42439799,A,G,0.26999998,0.0014933112300678157
1:42465195,1,42465195,A,G,0.31300002,-0.015812079111592374
1:42489278,1,42489278,A,G,0.34100002,-0.009093849283260402
1:42491925,1,42491925,A,G,0.325,-0.011072329312221386
1:42495480,1,42495480,A,G,0.30449998,0.01005171562135709
1:42499759,1,42499759,A,G,0.20850003,-0.013571641581481882
1:42537346,1,42537346,A,G,0.48000002,0.017833656632254245
1:42541547,1,42541547,A,G,0.32050002,-0.007799963033248102
1:42573306,1,42573306,A,G,0.435,-0.017286566212384842
1:42590049,1,42590049,A,G,0.4185,-0.004237586452580883
1:42607221,1,42607221,A,G,0.325,-0.011132391677405958
1:42616259,1,42616259,A,G,0.36549997,0.009665410447361182
1:42622488,1,42622488,A,G,0.45200002,0.012449646547239944
1:42635178,1,42635178,A,G,0.3485,0.008652313865080271
1:42639399,1,42639399,A,G,0.26349998,-0.0004121118086121131
1:42642936,1,42642936,A,G,0.26,0.004093881890106394
1:42664042,1,42664042,A,G,0.468,-0.008199810025447486
1:42710917,1,42710917,A,G,0.4155,-0.0054225985897983445
1:42720676,1,42720676,A,G,0.35250002,-0.0025653282985338647
1:42721554,1,42721554,A,G,0.09799999,0.009173577698125402
1:42734308,1,42734308,A,G,0.32,0.0013391108483550612
1:42758172,1,42758172,A,G,0.13800001,-0.012216440787301053
1:42778077,1,42778077,A,G,0.22600001,0.0020449293112484563
1:42796370,1,42796370,A,G,0.3265,-0.022648211975306864
1:42801199,1,42801199,A,G,0.040499985,-0.0014209280210961707
1:42812487,1,42812487,A,G,0.44349998,-0.006339701680296319
1:42812848,1,42812848,A,G,0.23549998,-0.00233237600028063
1:42822944,1,42822944,A,G,0.34600002,0.005299145550907936
1:42827097,1,42827097,A,G,0.13950002,0.011441226504047983
1:42827418,1,42827418,A,G,0.375,0.00857175565680841
1:42858521,1,42858521,A,G,0.19950002,0.0003637803264670807
1:42860081,1,42860081,A,G,0.2945,-0.015264584383938316
1:42866201,1,42866201,A,G,0.20450002,0.0057110079289878785
1:42942595,1,42942595,A,G,0.33499998,0.009199135815737475
1:42955158,1,42955158,A,G,0.40899998,-0.0033021684840207027
1:43020874,1,43020874,A,G,0.37300003,0.00045740376363478214
1:43069839,1,43069839,A,G,0.14999998,-0.0027556216017610158
1:43092988,1,43092988,A,G,0.167,0.0031522513995391106
1:43099124,1,43099124,A,G,0.2855,-0.008022659504664515
1:43099659,1,43099659,A,G,0.18199998,0.005107886876643549
1:43109629,1,43109629,A,G,0.13,0.0012432142230587933
1:43117887,1,43117887,A,G,0.07499999,-0.0019188131998085938
1:43144879,1,43144879,A,G,0.096000016,-0.0005720025537980449
1:43148704,1,43148704,A,G,0.3035,-0.0011176815725762808
1:43156516,1,43156516,A,G,0.14349997,-0.006930760325248818
1:43167706,1,43167706,A,G,0.274,0.0053108171726742376
1:43193997,1,43193997,A,G,0.34100002,0.0005194459287387476
1:43300174,1,43300174,A,G,0.16299999,0.004282413767156887
1:43309894,1,43309894,A,G,0.48400003,0.004453166302737169
1:43332371,1,43332371,A,G,0.17000002,-0.0035518454202025803
1:43338837,1,43338837,A,G,0.121500015,0.0034878054974358265
1:43351877,1,43351877,A,G,0.24849999,0.002660762822762031
1:43353747,1,43353747,A,G,0.254,0.0018751874431655467
1:43369429,1,43369429,A,G,0.454,0.009718333634977724
1:43381574,1,43381574,A,G,0.067499995,-0.010928135712087353
1:43391804,1,43391804,A,G,0.18349999,-0.0026465460739651895
1:43410213,1,43410213,A,G,0.40750003,0.003919933413553659
1:43420893,1,43420893,A,G,0.40399998,-0.007828036263340206
1:43428296,1,43428296,A,G,0.054499984,0.0014819356495821617
1:43440659,1,43440659,A,G,0.292,0.0013490557397441815
1:43463414,1,43463414,A,G,0.16299999,5.855000467393787e-06
1:43465575,1,43465575,A,G,0.494,-0.012962078818980476
1:43470978,1,43470978,A,G,0.4795,-0.00332847535865742
1:43488532,1,43488532,A,G,0.46899998,0.0017636535024241559
1:43497664,1,43497664,A,G,0.06550002,0.004775388974957082
1:43513098,1,43513098,A,G,0.4425,-0.0015561988606056822
1:43531277,1,43531277,A,G,0.20850003,0.0013280079777786605
1:43558993,1,43558993,A,G,0.3365,0.001147784039017688
1:43563238,1,43563238,A,G,0.2615,0.004443668209579601
1:43570728,1,43570728,A,G,0.17699999,-0.00048389420957483525
1:43626564,1,43626564,A,G,0.17750001,0.003257117469224093
1:43627392,1,43627392,A,G,0.24299997,-0.0023961480953141757
1:43663897,1,43663897,A,G,0.18900001,-0.001066482863615677
1:43669392,1,43669392,A,G,0.44849998,0.012410384426517427
1:43682502,1,43682502,A,G,0.2615,0.0037795305703642317
1:43683575,1,43683575,A,G,0.454,0.003425582211784428
1:43694539,1,43694539,A,G,0.22149998,-0.012106602671010123
1:43728951,1,43728951,A,G,0.1645,0.010862760799947588
1:43750191,1,43750191,A,G,0.40899998,0.008884983680534515
1:43757229,1,43757229,A,G,0.2905,0.0031830012178467094
1:43799967,1,43799967,A,G,0.13300002,0.0041119097573177905
1:43840924,1,43840924,A,G,0.459,-0.0007106055038423243
1:43842484,1,43842484,A,G,0.46100003,0.004407137949923042
1:43860084,1,43860084,A,G,0.35750002,0.012128991805948855
1:43864713,1,43864713,A,G,0.4695,0.01832530020699069
1:43928337,1,43928337,A,G,0.365,0.0033307917634240775
1:43942055,1,43942055,A,G,0.351,-0.003558173864104343
1:43942325,1,43942325,A,G,0.459,0.01266744606882491
1:43951995,1,43951995,A,G,0.08499998,-0.001431227660943001
1:43965825,1,43965825,A,G,0.25349998,-0.007362979911429451
1:44005128,1,44005128,A,G,0.24699998,0.013084548893211208
1:44042450,1,44042450,A,G,0.3365,0.0031357609782894156
1:44050400,1,44050400,A,G,0.21600002,0.008320373646484608
1:44054179,1,44054179,A,G,0.2605,-0.0019804846906052416
1:44066132,1,44066132,A,G,0.4525,-0.002404485024845968
1:44079274,1,44079274,A,G,0.47500002,0.020228096352286652
1:44132456,1,44132456,A,G,0.259,0.0029933498928510827
1:44165850,1,44165850,A,G,0.3445,-0.0007770805963780428
1:44181714,1,44181714,A,G,0.3,-0.0006762766442116763
1:44194442,1,44194442,A,G,0.46100003,0.0011289385407869652
1:44196735,1,44196735,A,G,0.17250001,0.0022177172747399835
1:44273385,1,44273385,A,G,0.42900002,0.0016739691933676806
1:44306169,1,44306169,A,G,0.263,0.004875651763917483
1:44324347,1,44324347,A,G,0.22500002,0.0058730678043800895
1:44331270,1,44331270,A,G,0.494,-0.027998905969965994
1:44336334,1,44336334,A,G,0.17699999,0.0008707142445935037
1:44362903,1,44362903,A,G,0.08050001,0.0009430277052237861
1:44454951,1,44454951,A,G,0.36,0.011666764344575803
1:44467096,1,44467096,A,G,0.15399998,0.008578334342016021
1:44470460,1,44470460,A,G,0.352,-0.006648434388449473
1:44474127,1,44474127,A,G,0.08099997,-0.006682965578711485
1:44489782,1,44489782,A,G,0.30299997,0.0050453851862556215
1:44494355,1,44494355,A,G,0.16399997,0.009223246733082793
1:44564079,1,44564079,A,G,0.07700002,0.0040772902329109404
1:44599848,1,44599848,A,G,0.07950002,0.004149379395805527
1:44604239,1,44604239,A,G,0.49150002,-0.005013080917682703
1:44607537,1,44607537,A,G,0.15750003,-0.009540208773629181
1:44613349,1,44613349,A,G,0.31699997,0.007940309733452408
1:44620659,1,44620659,A,G,0.2625,-0.00871880291610259
1:44652277,1,44652277,A,G,0.23049998,-0.005393735237985037
1:44653149,1,44653149,A,G,0.31849998,-0.0036316040778771987
1:44653350,1,44653350,A,G,0.291,0.000933242765941009
1:44675522,1,44675522,A,G,0.439,-0.008063271359160216
1:44696954,1,44696954,A,G,0.227,-0.009649984891725095
1:44721696,1,44721696,A,G,0.21600002,-0.0009616535289584665
1:44738554,1,44738554,A,G,0.3685,-0.001415323635615919
1:44761948,1,44761948,A,G,0.2295,-0.01283016359870436
1:44766029,1,44766029,A,G,0.292,-2.5380944582634516e-05
1:44768535,1,44768535,A,G,0.11250001,0.00034006522630539523
1:44786627,1,44786627,A,G,0.18550003,0.004426911272770516
1:44804550,1,44804550,A,G,0.13599998,-0.0062326922804897995
1:44807181,1,44807181,A,G,0.41900003,0.0021757741293640595
1:44810381,1,44810381,A,G,0.427,0.014992142941673706
1:44855107,1,44855107,A,G,0.2295,0.0029054065400659548
1:44882343,1,44882343,A,G,0.26099998,0.008061045631967054
1:44903074,1,44903074,A,G,0.22799999,-0.00952647699682438
1:44910238,1,44910238,A,G,0.134,0.0062357507293789765
1:44918676,1,44918676,A,G,0.385,0.0026624236468052905
1:44924393,1,44924393,A,G,0.426,0.008736420619818473
1:44969435,1,44969435,A,G,0.3315,-0.00010713643089793471
1:44976490,1,44976490,A,G,0.39200002,-0.0002937030551909546
1:44988956,1,44988956,A,G,0.3445,0.015527820848330567
1:45014516,1,45014516,A,G,0.088,0.003670123560717247
1:45027603,1,45027603,A,G,0.3135,-0.0035342664193608454
1:45031630,1,45031630,A,G,0.20200002,0.007204526249325221
1:45038051,1,45038051,A,G,0.13999999,0.01568645524042348
1:45084110,1,45084110,A,G,0.3675,-0.005558152116608527
1:45103151,1,45103151,A,G,0.45749998,-0.0019678725390572705
1:45140486,1,45140486,A,G,0.49299997,-0.007738499313546289
1:45144249,1,45144249,A,G,0.30400002,-0.013590305346061175
1:45145250,1,45145250,A,G,0.3455,0.0006444323762794439
1:45148269,1,45148269,A,G,0.353,0.0037471820401489887
1:45173472,1,45173472,A,G,0.3625,-0.0031802239262630383
1:45188746,1,45188746,A,G,0.17699999,0.0009308492891185482
1:45191245,1,45191245,A,G,0.10900003,-0.006335531211800819
1:45214598,1,45214598,A,G,0.22850001,0.006287521257508231
1:45221401,1,45221401,A,G,0.23150003,-0.010280250216969163
1:45275090,1,45275090,A,G,0.37300003,0.005003561148223752
1:45276219,1,45276219,A,G,0.306,0.00021605542238673422
1:45362589,1,45362589,A,G,0.3025,0.00864223865876754
1:45388539,1,45388539,A,G,0.29250002,0.0043355014751920275
1:45447479,1,45447479,A,G,0.14200002,-0.0012607798703973291
1:45504303,1,45504303,A,G,0.21149999,0.003793752927132285
1:45515442,1,45515442,A,G,0.102,0.0027359450747710084
1:45516299,1,45516299,A,G,0.07849997,-0.003580472111875264
1:45516506,1,45516506,A,G,0.070500016,0.007088251235246033
1:45545656,1,45545656,A,G,0.091499984,0.005284445347862329
1:45545725,1,45545725,A,G,0.33099997,-0.0115081451804317
1:45562389,1,45562389,A,G,0.486,0.004115312648186479
1:45570488,1,45570488,A,G,0.06650001,0.006039826094774596
1:45584685,1,45584685,A,G,0.41250002,0.01859802607424035
1:45587884,1,45587884,A,G,0.37849998,-0.0012862244958840095
1:45594402,1,45594402,A,G,0.445,0.011049561695641983
1:45598221,1,45598221,A,G,0.49400002,-0.011123473459576871
1:45611549,1,45611549,A,G,0.43199998,0.003981347928617634
1:45658329,1,45658329,A,G,0.3995,0.0035863216874921686
1:45677381,1,45677381,A,G,0.086000025,-0.002673976014637119
1:45677486,1,45677486,A,G,0.21249998,0.012379256758373655
1:45718844,1,45718844,A,G,0.34649998,0.002863399454847069
1:45745051,1,45745051,A,G,0.050000012,0.0013645863453349185
1:45745470,1,45745470,A,G,0.26599997,0.00959102895181455
1:45759167,1,45759167,A,G,0.041499972,-0.002721349553126317
1:45787927,1,45787927,A,G,0.38200003,-0.002046731313354897
1:45791734,1,45791734,A,G,0.16900003,0.010277731566241738
1:45816039,1,45816039,A,G,0.402,0.00506446490359923
1:45844570,1,45844570,A,G,0.268,-0.00038036107331657066
1:45848554,1,45848554,A,G,0.094500005,-0.0009286268236788567
1:45874855,1,45874855,A,G,0.448,-0.016804190003544495
1:45932659,1,45932659,A,G,0.347,0.00017975196222613614
1:45938650,1,45938650,A,G,0.37949997,-0.00524119609955932
1:45961406,1,45961406,A,G,0.15649998,0.004274376756688555
1:45968758,1,45968758,A,G,0.08700001,0.006329658071220516
1:45969431,1,45969431,A,G,0.482,0.010625088638561566
1:46013252,1,46013252,A,G,0.2105,-0.0018052468463559603
1:46048560,1,46048560,A,G,0.15649998,-0.0018559859727671608
1:46108296,1,46108296,A,G,0.45099998,0.0006557214506498157
1:46128265,1,46128265,A,G,0.2805,0.012292093234930152
1:46159304,1,46159304,A,G,0.3075,0.013481082049650334
1:46206265,1,46206265,A,G,0.19,-0.0038472908905817426
1:46216126,1,46216126,A,G,0.4755,-0.007150546997465479
1:46276889,1,46276889,A,G,0.273,0.0029584851138192473
1:46316697,1,46316697,A,G,0.25550002,0.013913058642943489
1:46321409,1,46321409,A,G,0.073000014,-0.0005234745086572379
1:46338605,1,46338605,A,G,0.375,-0.008470948678716455
1:46350912,1,46350912,A,G,0.32349998,0.01615544902535913
1:46361482,1,46361482,A,G,0.49150002,0.0011261583619517977
1:46389269,1,46389269,A,G,0.11549997,0.005429962837361235
1:46426161,1,46426161,A,G,0.19950002,0.007675722722881214
1:46433553,1,46433553,A,G,0.157,0.005781155559186376
1:46462257,1,46462257,A,G,0.32200003,0.0030528930225740933
1:46467515,1,46467515,A,G,0.08200002,0.0006946745900567459
1:46510961,1,46510961,A,G,0.49,0.0038178398953860855
1:46523538,1,46523538,A,G,0.34399998,-0.003825580293385777
1:46547340,1,46547340,A,G,0.21399999,0.0037588792070672008
1:46571161,1,46571161,A,G,0.22899997,0.001934125846741667
1:46573029,1,46573029,A,G,0.2795,0.000846911437366422
1:46592495,1,46592495,A,G,0.32950002,-0.006091826927260305
1:46597589,1,46597589,A,G,0.334,-0.012335862884826859
1:46606103,1,46606103,A,G,0.25950003,0.005805613891470551
1:46619070,1,46619070,A,G,0.144,0.000915680311678927
1:46626915,1,46626915,A,G,0.114499986,-0.002034485083272156
1:46673571,1,46673571,A,G,0.449,0.009651553584255951
1:46693000,1,46693000,A,G,0.3075,0.005115089364078606
1:46695566,1,46695566,A,G,0.343,0.005174428007282827
1:46705647,1,46705647,A,G,0.22549999,-0.008916751433743375
1:46737862,1,46737862,A,G,0.3905,0.0021930118854812863
1:46787764,1,46787764,A,G,0.40850002,-0.0038440522928168863
1:46792156,1,46792156,A,G,0.23949999,-0.010622435468362387
1:46801034,1,46801034,A,G,0.052999973,0.003808056537962408
1:46918819,1,46918819,A,G,0.1735,-0.008013276283653
1:46977875,1,46977875,A,G,0.40850002,-0.0006202065893011563
1:46988352,1,46988352,A,G,0.314,0.001357226497809139
1:47010677,1,47010677,A,G,0.4565,-0.0033865952032051455
1:47044084,1,47044084,A,G,0.227,-0.012350016753669165
1:47050088,1,47050088,A,G,0.1875,-0.01013117492785859
1:47108179,1,47108179,A,G,0.04000002,0.0060905098074320865
1:47149072,1,47149072,A,G,0.143,-0.00012929001247605985
1:47189675,1,47189675,A,G,0.21100003,-0.006234255730284603
1:47204954,1,47204954,A,G,0.08499998,0.0017739000218134164
1:47226730,1,47226730,A,G,0.334,0.007039559256813723
1:47230659,1,47230659,A,G,0.49400002,0.002460962893195784
1:47246349,1,47246349,A,G,0.061999977,0.0010584401730839672
1:47278685,1,47278685,A,G,0.24849999,-0.0012385177861353707
1:47336079,1,47336079,A,G,0.22899997,-0.001993332019270316
1:47347700,1,47347700,A,G,0.081499994,0.011894038091454305
1:47364510,1,47364510,A,G,0.121500015,0.005069044463993609
1:47368964,1,47368964,A,G,0.23549998,0.006016920503832911
1:47378942,1,47378942,A,G,0.4925,0.005379438420600212
1:47379180,1,47379180,A,G,0.31300002,0.005278063543597528
1:47380430,1,47380430,A,G,0.09500003,-0.0007827591485347234
1:47384058,1,47384058,A,G,0.397,0.016481388669104115
1:47406956,1,47406956,A,G,0.44849998,0.012398878485494052
1:47423959,1,47423959,A,G,0.3855,-0.01581491892234161
1:47427054,1,47427054,A,G,0.4325,-0.009352938642005829
1:47494033,1,47494033,A,G,0.41399997,0.003164169353105824
1:47517691,1,47517691,A,G,0.16250002,-0.006059688116988729
1:47548565,1,47548565,A,G,0.32599998,-0.004775459781307445
1:47550907,1,47550907,A,G,0.12599999,-0.009515560424204064
1:47602636,1,47602636,A,G,0.19999999,-0.0043179975572410975
1:47623906,1,47623906,A,G,0.218,-0.008894521804295149
1:47637043,1,47637043,A,G,0.26749998,-0.0069913675037820595
1:47640982,1,47640982,A,G,0.24599999,-0.00920839500447824
1:47645935,1,47645935,A,G,0.4055,0.007370015730119909
1:47657170,1,47657170,A,G,0.33200002,0.00499443723370973
1:47675855,1,47675855,A,G,0.34249997,-0.009096390223800141
1:47685443,1,47685443,A,G,0.4045,0.008724750000555826
1:47704341,1,47704341,A,G,0.1415,-0.006871407245336183
1:47715953,1,47715953,A,G,0.2805,-0.004475418694967222
1:47718022,1,47718022,A,G,0.45749998,0.002737109029701994
1:47718419,1,47718419,A,G,0.375,-0.006725744165026916
1:47719805,1,47719805,A,G,0.41750002,0.012085153993237329
1:47720651,1,47720651,A,G,0.23549998,0.004240772307392888
1:47732821,1,47732821,A,G,0.40750003,-0.011945958384877517
1:47756480,1,47756480,A,G,0.18150002,-0.008867837068524441
1:47766656,1,47766656,A,G,0.46249998,0.0020606000080453913
1:47784181,1,47784181,A,G,0.18949997,0.0007070958184781456
1:47799290,1,47799290,A,G,0.20499998,-0.002278873220006831
1:47816342,1,47816342,A,G,0.356,0.013461192153570277
1:47870027,1,47870027,A,G,0.3775,0.006211792498172303
1:47876338,1,47876338,A,G,0.07550001,0.0012542048741237923
1:47911177,1,47911177,A,G,0.1225,-0.0013661867722755804
1:47936137,1,47936137,A,G,0.153,0.005187690702669718
1:47984650,1,47984650,A,G,0.5,0.00447131607847046
1:47994792,1,47994792,A,G,0.41399997,0.004093299249863784
1:48006404,1,48006404,A,G,0.36650002,-0.004710197859934132
1:48014454,1,48014454,A,G,0.4965,-0.014526378491383612
1:48018520,1,48018520,A,G,0.3645,-0.0018607421048831823
1:48055662,1,48055662,A,G,0.36799997,0.003218653653906584
1:48076249,1,48076249,A,G,0.453,-0.00934381784642212
1:48085528,1,48085528,A,G,0.19099998,0.0009084673078297485
1:48120512,1,48120512,A,G,0.055999994,-0.0004381146882179311
1:48123407,1,48123407,A,G,0.4015,0.008231977674608416
1:48155152,1,48155152,A,G,0.14099997,-0.00444154098413398
1:48170988,1,48170988,A,G,0.199,0.0038520119774120044
1:48190952,1,48190952,A,G,0.4185,0.018264910907189912
1:48193846,1,48193846,A,G,0.39450002,-0.0017599668902629313
1:48206786,1,48206786,A,G,0.2515,0.005319852458004457
1:48226616,1,48226616,A,G,0.101499975,0.010228260856159134
1:48243575,1,48243575,A,G,0.195,-0.010799609476479288
1:48257588,1,48257588,A,G,0.25599998,0.013543559330375517
1:48280116,1,48280116,A,G,0.40100002,-0.0035983909633882055
1:48294318,1,48294318,A,G,0.49199998,-0.0011851937346921083
1:48302505,1,48302505,A,G,0.32599998,-0.004949230032453218
1:48344514,1,48344514,A,G,0.07800001,0.004269311353076908
1:48356323,1,48356323,A,G,0.1365,0.00024186216135913102
1:48383191,1,48383191,A,G,0.19099998,0.0018749906437027417
1:48393095,1,48393095,A,G,0.334,-6.584073660544955e-07
1:48410264,1,48410264,A,G,0.055000007,0.008055969027741236
1:48427723,1,48427723,A,G,0.2565,0.010873586911458975
1:48436829,1,48436829,A,G,0.4755,0.0007929303255225546
1:48439032,1,48439032,A,G,0.40249997,-0.0034645805726491326
1:48448103,1,48448103,A,G,0.37550002,0.0012520057595876923
1:48458274,1,48458274,A,G,0.38050002,-0.006272727238801434
1:48465993,1,48465993,A,G,0.3645,-0.003708199805269061
1:48487261,1,48487261,A,G,0.18699998,-0.0005622529632139131
1:48491184,1,48491184,A,G,0.39850003,0.023465990944644653
1:48491821,1,48491821,A,G,0.3355,0.0006635806523202118
1:48494717,1,48494717,A,G,0.15750003,-0.004248134798586848
1:48495983,1,48495983,A,G,0.4925,0.004690951256295836
1:48515115,1,48515115,A,G,0.49199998,0.0015290571276729405
1:48515839,1,48515839,A,G,0.232,0.011276309339213742
1:48518373,1,48518373,A,G,0.40649998,-0.00740276743745726
1:48532682,1,48532682,A,G,0.35799998,2.2335602117880812e-05
1:48548948,1,48548948,A,G,0.32,0.0024684157434733947
1:48566365,1,48566365,A,G,0.12849998,0.002436930914526078
1:48591743,1,48591743,A,G,0.268,-0.011281592020269977
1:48632669,1,48632669,A,G,0.39200002,-0.0051566050464117545
1:48665286,1,48665286,A,G,0.49150002,0.010073266241879701
1:48673238,1,48673238,A,G,0.319,-0.014612700102843504
1:48710325,1,48710325,A,G,0.39749998,-0.02371430804420166
1:48715251,1,48715251,A,G,0.435,-0.00202986111600991
1:48715258,1,48715258,A,G,0.3215,0.004814865950330575
1:48719462,1,48719462,A,G,0.4105,0.0029582425663359567
1:48726899,1,48726899,A,G,0.2335,-0.00016847173160427904
1:48730050,1,48730050,A,G,0.20099998,-0.013293863490129666
1:48730510,1,48730510,A,G,0.28100002,0.001695541691681402
1:48743176,1,48743176,A,G,0.073000014,0.004664202258307644
1:48761067,1,48761067,A,G,0.46350002,0.00473851071979893
1:48763533,1,48763533,A,G,0.19450003,-0.005984464849112164
1:48766346,1,48766346,A,G,0.27499998,0.000774098297154962
1:48774837,1,48774837,A,G,0.365,0.0045237850408508
1:48786501,1,48786501,A,G,0.2895,0.0024897861624602925
1:48830420,1,48830420,A,G,0.18650001,0.0012374819307137926
1:48840102,1,48840102,A,G,0.4855,-0.0018412209631413115
1:48852190,1,48852190,A,G,0.4335,0.015722558096291996
1:48890528,1,48890528,A,G,0.10549998,0.003187034091296344
1:48900484,1,48900484,A,G,0.2245,0.002056337953262741
1:48939583,1,48939583,A,G,0.11949998,0.005685668624247992
1:48968539,1,48968539,A,G,0.24299997,0.005881385519163632
1:48978080,1,48978080,A,G,0.1595,-0.004813614359560155
1:49007335,1,49007335,A,G,0.19749999,-0.004720334644117196
1:49039848,1,49039848,A,G,0.30650002,-0.0026895062208123362
1:49092555,1,49092555,A,G,0.12199998,-0.001043435132747743
1:49114108,1,49114108,A,G,0.44550002,-0.01182924933253313
1:49133347,1,49133347,A,G,0.23650002,-0.00029896508576575143
1:49160572,1,49160572,A,G,0.46649998,-0.008881869583194564
1:49172325,1,49172325,A,G,0.06300002,0.0032789426839096624
1:49207389,1,49207389,A,G,0.40899998,-0.009839384023787187
1:49223967,1,49223967,A,G,0.468,-0.009982080422505346
1:49282340,1,49282340,A,G,0.4895,0.0076880284391100204
1:49309064,1,49309064,A,G,0.12099999,-0.002702064626129451
1:49349431,1,49349431,A,G,0.236,0.0027021002816152054
1:49351999,1,49351999,A,G,0.37050003,0.0025194569096746045
1:49352347,1,49352347,A,G,0.2805,-0.009082469369933873
1:49358350,1,49358350,A,G,0.42549998,-0.009493897626314413
1:49359782,1,49359782,A,G,0.4945,0.014272998386739878
1:49375566,1,49375566,A,G,0.3765,0.013574682724605894
1:49375651,1,49375651,A,G,0.393,0.003795177108220952
1:49396073,1,49396073,A,G,0.28100002,0.0025082275788189667
1:49402808,1,49402808,A,G,0.22850001,0.01867475790692938
1:49426961,1,49426961,A,G,0.4325,0.005631682374670263
1:49431583,1,49431583,A,G,0.16100001,-0.0018442695113696772
1:49437615,1,49437615,A,G,0.44700003,-0.0012231677181998558
1:49437770,1,49437770,A,G,0.43449998,0.009757423760431016
1:49439295,1,49439295,A,G,0.3645,0.0012908791032365222
1:49464217,1,49464217,A,G,0.37199998,0.02311114070651308
1:49558084,1,49558084,A,G,0.055999994,0.005332848492839533
1:49566095,1,49566095,A,G,0.49199998,0.011188063169589304
1:49573447,1,49573447,A,G,0.22049999,-0.003111877991679022
1:49583877,1,49583877,A,G,0.21350002,-0.003918602976392789
1:49626985,1,49626985,A,G,0.48900002,0.020296546932435662
1:49691697,1,49691697,A,G,0.15799999,0.004973878654293896
1:49697914,1,49697914,A,G,0.48299998,-0.007675392088308839
1:49701516,1,49701516,A,G,0.23799998,0.0014716560889008736
1:49742524,1,49742524,A,G,0.10250002,-0.0016613533559489894
1:49756121,1,49756121,A,G,0.29900002,0.0065892547272718574
1:49768170,1,49768170,A,G,0.37,0.0038404739522360383
1:49802236,1,49802236,A,G,0.34100002,-0.0050131651160398374
1:49818663,1,49818663,A,G,0.487,0.00505345067020852
1:49825496,1,49825496,A,G,0.20099998,0.010494400801617267
1:49839732,1,49839732,A,G,0.26,-0.0025917799377259657
1:49840604,1,49840604,A,G,0.15600002,-0.0009883933478369458
1:49844909,1,49844909,A,G,0.3305,-0.017641201889709055
1:49873779,1,49873779,A,G,0.4695,0.0021954480228794245
1:49875089,1,49875089,A,G,0.19849998,0.010394862809688862
1:49885717,1,49885717,A,G,0.09549999,0.007360223707540989
1:49895283,1,49895283,A,G,0.20450002,-0.0039002582776239752
1:49896931,1,49896931,A,G,0.4785,-0.006260345334586013
1:49902137,1,49902137,A,G,0.473,0.0006161130645377925
1:49905867,1,49905867,A,G,0.10100001,-0.007389512515426989
1:49907858,1,49907858,A,G,0.39749998,0.00589114212040724
1:49908283,1,49908283,A,G,0.120000005,0.0018069757101518175
1:49909832,1,49909832,A,G,0.4285,0.01998847404207399
1:49913225,1,49913225,A,G,0.25550002,-0.0028625330458759094
1:49970089,1,49970089,A,G,0.43400002,-0.006000888138399256
1:49975040,1,49975040,A,G,0.08099997,-0.0075926908118055
1:50007247,1,50007247,A,G,0.088,0.0017409410325809477
1:50011986,1,50011986,A,G,0.48549998,-0.007420484027411871
1:50018038,1,50018038,A,G,0.394,-0.016448246807603855
1:50066488,1,50066488,A,G,0.097500026,-0.006586345232016992
1:50086879,1,50086879,A,G,0.4605,-0.02124765217048511
1:50107907,1,50107907,A,G,0.43199998,-0.0036654519985843217
1:50120904,1,50120904,A,G,0.29299998,0.015407552881007853
1:50122261,1,50122261,A,G,0.12800002,0.005452394278601934
1:50154222,1,50154222,A,G,0.2335,-0.0029205755902345404
1:50166884,1,50166884,A,G,0.28649998,-0.003960676732842168
1:50171170,1,50171170,A,G,0.14249998,-0.006264089379691179
1:50189144,1,50189144,A,G,0.4415,-0.017894959422358126
1:50234073,1,50234073,A,G,0.4275,0.011632208515880907
1:50254112,1,50254112,A,G,0.060500026,0.003197768606083094
1:50275548,1,50275548,A,G,0.05949998,-0.0018224995500025643
1:50277284,1,50277284,A,G,0.23400003,-0.002777244751467957
1:50279505,1,50279505,A,G,0.4785,0.006927943809147488
1:50288176,1,50288176,A,G,0.38099998,0.014947304163965277
1:50296558,1,50296558,A,G,0.48650002,0.0048721031130523436
1:50305762,1,50305762,A,G,0.17900002,-0.008536399282024525
1:50316726,1,50316726,A,G,0.4965,-0.004159040196122989
1:50352902,1,50352902,A,G,0.31,-0.0019728372465863974
1:50391427,1,50391427,A,G,0.3535,0.009658360378638237
1:50402944,1,50402944,A,G,0.14050001,-0.0052601922485651185
1:50422655,1,50422655,A,G,0.27350003,-0.002103316046557796
1:50426677,1,50426677,A,G,0.41000003,0.007883451200264378
1:50435844,1,50435844,A,G,0.20749998,0.001488015218908526
1:50441205,1,50441205,A,G,0.083000004,9.226506824702736e-05
1:50450230,1,50450230,A,G,0.4245,-0.006719183507060819
1:50486341,1,50486341,A,G,0.06400001,0.005152598822337215
1:50495702,1,50495702,A,G,0.06800002,0.005941465177045933
1:50495723,1,50495723,A,G,0.334,0.006929104479514248
1:50516163,1,50516163,A,G,0.33249998,0.011608787543761295
1:50526895,1,50526895,A,G,0.297,0.016876783252311
1:50538136,1,50538136,A,G,0.084500015,0.0017991377959068599
1:50553201,1,50553201,A,G,0.40850002,-0.007683112110035648
1:50571428,1,50571428,A,G,0.328,-0.010607053988500972
1:50629739,1,50629739,A,G,0.37050003,0.005534699356162425
1:50672856,1,50672856,A,G,0.061500013,-0.0009411902673648343
1:50676915,1,50676915,A,G,0.08950001,-0.0002452729395368062
1:50709814,1,50709814,A,G,0.3815,-0.008179160941532461
1:50746643,1,50746643,A,G,0.37199998,0.02581266163456341
1:50760637,1,50760637,A,G,0.139,-0.005469747174537184
1:50763062,1,50763062,A,G,0.27499998,-0.00287653267932265
1:50794650,1,50794650,A,G,0.20099998,-0.017629100563527837
1:50795720,1,50795720,A,G,0.33600003,-0.0024269586284557955
1:50796111,1,50796111,A,G,0.43800002,-0.009955831509553849
1:50825597,1,50825597,A,G,0.13950002,-0.00015465169489862284
1:50831525,1,50831525,A,G,0.33350003,-0.013822787081918968
1:50837728,1,50837728,A,G,0.28100002,0.0028387244179408737
1:50873984,1,50873984,A,G,0.15200001,-0.0020122862665416163
1:50894270,1,50894270,A,G,0.245,0.007837851631948313
1:50973242,1,50973242,A,G,0.1135,-0.0039696802634743
1:51048405,1,51048405,A,G,0.366,-0.0057326103821585045
1:51058097,1,51058097,A,G,0.47100002,0.0001821029858131086
1:51079501,1,51079501,A,G,0.385,0.0047336501994117135
1:51100383,1,51100383,A,G,0.44199997,0.005792485769605328
1:51112290,1,51112290,A,G,0.13,0.0007426444317227823
1:51117910,1,51117910,A,G,0.102999985,-0.0015268813558424834
1:51120092,1,51120092,A,G,0.045000017,0.0047846967123418216
1:51139393,1,51139393,A,G,0.37949997,-0.00013472466932940887
1:51152701,1,51152701,A,G,0.42400002,0.009241209984553179
1:51173180,1,51173180,A,G,0.15499997,-0.0009948621443559935
1:51195210,1,51195210,A,G,0.2975,0.026761554328134454
1:51207680,1,51207680,A,G,0.3225,-0.009441408566359014
1:51212061,1,51212061,A,G,0.47500002,-0.005541067092912184
1:51217070,1,51217070,A,G,0.4475,0.020785833205275443
1:51255429,1,51255429,A,G,0.056500018,0.0030180507097390236
1:51296837,1,51296837,A,G,0.089999974,0.01429764948041854
1:51308082,1,51308082,A,G,0.49949998,0.0015977835482391435
1:51309688,1,51309688,A,G,0.069000006,0.004551901545343843
1:51327756,1,51327756,A,G,0.334,-0.010574021171808695
1:51359206,1,51359206,A,G,0.09100002,0.007817754294962507
1:51371107,1,51371107,A,G,0.33600003,-0.007900127271286143
1:51379822,1,51379822,A,G,0.15149999,-0.009061183445846584
1:51424150,1,51424150,A,G,0.07499999,-0.005013935938538848
1:51465755,1,51465755,A,G,0.15350002,0.008012936486807289
1:51484873,1,51484873,A,G,0.29650003,0.002041078928286441
1:51492717,1,51492717,A,G,0.28250003,0.015597678175730984
1:51493838,1,51493838,A,G,0.3995,-0.017469978318274494
1:51509698,1,51509698,A,G,0.06800002,0.0024964557736911613
1:51535569,1,51535569,A,G,0.0485,-0.0016824890197053289
1:51562395,1,51562395,A,G,0.4095,0.019552923159582083
1:51569364,1,51569364,A,G,0.4845,-0.012367994485176103
1:51588364,1,51588364,A,G,0.11400002,0.0054693882091462085
1:51590273,1,51590273,A,G,0.101499975,-0.0018995093113777827
1:51592035,1,51592035,A,G,0.19999999,-0.011403601653511355
1:51599949,1,51599949,A,G,0.353,0.006946631643257703
1:51628165,1,51628165,A,G,0.3765,4.302115024391561e-05
1:51646181,1,51646181,A,G,0.477,0.01673549474593393
1:51665221,1,51665221,A,G,0.43400002,0.0040940331159410774
1:51689102,1,51689102,A,G,0.04949999,-0.012459713679939845
1:51715899,1,51715899,A,G,0.13050002,-0.01112896071030291
1:51721930,1,51721930,A,G,0.18300003,-0.007682882161096761
1:51731418,1,51731418,A,G,0.49049997,0.006079496908032048
1:51756594,1,51756594,A,G,0.3455,-0.003068970223451649
1:51757121,1,51757121,A,G,0.4685,0.002722855298316455
1:51791349,1,51791349,A,G,0.17650002,-0.004592946285000463
1:51831783,1,51831783,A,G,0.46100003,0.006490317784739331
1:51844409,1,51844409,A,G,0.36900002,-0.0009871411808562301
1:51877885,1,51877885,A,G,0.4245,-0.0041351193179261355
1:51879724,1,51879724,A,G,0.46350002,-0.007920923635948212
1:51880951,1,51880951,A,G,0.25849998,-0.006734378914082526
1:51899795,1,51899795,A,G,0.444,0.0034273043161088886
1:51900772,1,51900772,A,G,0.4935,-0.0038569995791038095
1:51908239,1,51908239,A,G,0.34600002,0.010651477363927287
1:51910808,1,51910808,A,G,0.1785,0.004141894943670356
1:51913069,1,51913069,A,G,0.15499997,0.005093573446190816
1:51913179,1,51913179,A,G,0.37199998,-4.867375426693409e-05
1:51914895,1,51914895,A,G,0.195,0.003931260547974773
1:51929748,1,51929748,A,G,0.22100002,-0.009234707589534617
1:51939267,1,51939267,A,G,0.287,0.009970184269094346
1:51982473,1,51982473,A,G,0.44700003,-0.002313074867102114
1:51989537,1,51989537,A,G,0.37949997,0.005214692974799466
1:52005528,1,52005528,A,G,0.17750001,-0.009439034088603498
1:52010810,1,52010810,A,G,0.112999976,-0.00484042863209854
1:52044152,1,52044152,A,G,0.194,-0.004199898626028373
1:52058325,1,52058325,A,G,0.20499998,0.00905451699918547
1:52097173,1,52097173,A,G,0.36150002,0.002001827587168866
1:52139051,1,52139051,A,G,0.2515,0.006579047754765182
1:52141507,1,52141507,A,G,0.49699998,0.009193327622430823
1:52157314,1,52157314,A,G,0.07249999,-0.004489659170495701
1:52158174,1,52158174,A,G,0.20249999,0.003019159010567951
1:52177349,1,52177349,A,G,0.08649999,-0.0031840229128447623
1:52182966,1,52182966,A,G,0.194,-0.016042947631615474
1:52187216,1,52187216,A,G,0.23299998,-0.010412732644652907
1:52200319,1,52200319,A,G,0.4425,0.001299255857692896
1:52203052,1,52203052,A,G,0.24199998,0.014956062335159177
1:52208794,1,52208794,A,G,0.06650001,-0.0020027721993223983
1:52209620,1,52209620,A,G,0.486,0.00672758956329213
1:52212946,1,52212946,A,G,0.12900001,-0.001343469483931556
1:52215025,1,52215025,A,G,0.4225,0.005020296208885445
1:52237688,1,52237688,A,G,0.15149999,-0.0005944030208178125
1:52286003,1,52286003,A,G,0.491,-6.165025643422931e-05
1:52295220,1,52295220,A,G,0.14999998,-0.00821301142858025
1:52297379,1,52297379,A,G,0.4505,0.018695133988423124
1:52315766,1,52315766,A,G,0.2245,0.004464094124663518
1:52316858,1,52316858,A,G,0.22850001,-0.001266572700423775
1:52374472,1,52374472,A,G,0.361,-0.006985276950596905
1:52374648,1,52374648,A,G,0.27749997,2.3487141720754395e-05
1:52404939,1,52404939,A,G,0.1875,-0.001934529488314749
1:52411803,1,52411803,A,G,0.15450001,-0.015645705788269033
1:52418907,1,52418907,A,G,0.15149999,0.010148677209506404
1:52441467,1,52441467,A,G,0.384,0.00721488730142362
1:52453339,1,52453339,A,G,0.09549999,0.0033091627555283387
1:52488929,1,52488929,A,G,0.3,-0.010368083050393238
1:52492737,1,52492737,A,G,0.22299999,0.007378362048131143
1:52496016,1,52496016,A,G,0.20349997,0.0016352133066485925
1:52496900,1,52496900,A,G,0.365,-0.003315132721150375
1:52499003,1,52499003,A,G,0.25950003,0.0060677595592565975
1:52534224,1,52534224,A,G,0.08649999,0.005734589385550186
1:52558688,1,52558688,A,G,0.4505,0.006885753941318085
1:52559152,1,52559152,A,G,0.42949998,0.008776703691070399
1:52562568,1,52562568,A,G,0.24550003,-0.0005760211893622371
1:52565355,1,52565355,A,G,0.039499998,6.0576880946993655e-05
1:52569706,1,52569706,A,G,0.06650001,-0.00036611011102767734
1:52576780,1,52576780,A,G,0.26099998,0.006011559298902657
1:52584290,1,52584290,A,G,0.078999996,0.003123968603769833
1:52631084,1,52631084,A,G,0.24599999,-0.00019568709677715974
1:52673684,1,52673684,A,G,0.13999999,-0.0005526230304963868
1:52715015,1,52715015,A,G,0.4135,0.0074686429279861985
1:52740279,1,52740279,A,G,0.20749998,0.001252035930465953
1:52762174,1,52762174,A,G,0.22600001,0.005592754367448702
1:52762641,1,52762641,A,G,0.07099998,0.009769779530278798
1:52764242,1,52764242,A,G,0.33749998,-0.004814115257469553
1:52775940,1,52775940,A,G,0.3765,0.002608482356441107
1:52777489,1,52777489,A,G,0.18300003,0.01004778234732619
1:52827730,1,52827730,A,G,0.31800002,-0.0007111440419076139
1:52839392,1,52839392,A,G,0.30150002,-0.00894242113734045
1:52840398,1,52840398,A,G,0.324,0.013572147551990894
1:52866881,1,52866881,A,G,0.36150002,-0.0030957972853320782
1:52869792,1,52869792,A,G,0.4005,-0.014509971810218661
1:52879149,1,52879149,A,G,0.426,0.005225093824199459
1:52919200,1,52919200,A,G,0.2935,0.004170817976941269
1:52925375,1,52925375,A,G,0.4975,0.004386640814881937
1:52934616,1,52934616,A,G,0.39200002,-0.0032498246093353327
1:52959637,1,52959637,A,G,0.463,0.0047154090208934634
1:52991089,1,52991089,A,G,0.29149997,-0.006315917539903812
1:53007837,1,53007837,A,G,0.34350002,-0.009458899662563035
1:53009396,1,53009396,A,G,0.42949998,0.007483860540784869
1:53028792,1,53028792,A,G,0.297,-0.009959687127635945
1:53050918,1,53050918,A,G,0.41799998,-0.005094943488442109
1:53059072,1,53059072,A,G,0.374,0.0007719447782743631
1:53102023,1,53102023,A,G,0.40399998,-0.0076921820006046245
1:53119756,1,53119756,A,G,0.48299998,-0.009671891306912704
1:53175589,1,53175589,A,G,0.19450003,0.0012576167583718057
1:53215076,1,53215076,A,G,0.3175,-0.013681182645543596
1:53225749,1,53225749,A,G,0.16049999,-0.00578180680882599
1:53228467,1,53228467,A,G,0.28250003,2.2819567280340652e-05
1:53230682,1,53230682,A,G,0.23000002,-0.01186208296007587
1:53237807,1,53237807,A,G,0.24900001,-0.003195264382951341
1:53242839,1,53242839,A,G,0.14450002,-0.0022974631632674443
1:53274944,1,53274944,A,G,0.3115,0.0003178576445939231
1:53307680,1,53307680,A,G,0.40499997,0.010896056432208175
1:53363405,1,53363405,A,G,0.176,-0.002868574335529001
1:53376964,1,53376964,A,G,0.11250001,0.0058630542656488
1:53377178,1,53377178,A,G,0.1555,0.0009715144582864698
1:53386039,1,53386039,A,G,0.402,0.009376671678019585
1:53410691,1,53410691,A,G,0.08099997,0.0034087925123165255
1:53412977,1,53412977,A,G,0.33999997,-0.008129527461348695
1:53423844,1,53423844,A,G,0.4015,0.007203344492164266
1:53440240,1,53440240,A,G,0.3915,-0.016896515099698684
1:53505233,1,53505233,A,G,0.4875,-0.002337053517332825
1:53509642,1,53509642,A,G,0.408,0.0007261112493996747
1:53517363,1,53517363,A,G,0.10500002,0.0072024172030623525
1:53520378,1,53520378,A,G,0.20899999,0.007359215610303586
1:53613590,1,53613590,A,G,0.13450003,0.005592265348936011
1:53621440,1,53621440,A,G,0.22850001,0.0013656791214637818
1:53625354,1,53625354,A,G,0.3345,-0.010348271773753404
1:53628552,1,53628552,A,G,0.162,-0.007810571441907647
1:53640154,1,53640154,A,G,0.10949999,-0.0006397489638646919
1:53660698,1,53660698,A,G,0.3645,0.020472717379339953
1:53689328,1,53689328,A,G,0.10250002,-0.006373419549169545
1:53698472,1,53698472,A,G,0.49199998,0.006162073878609847
1:53699694,1,53699694,A,G,0.30800003,0.005025299476185294
1:53773277,1,53773277,A,G,0.417,0.011348954153610867
1:53775258,1,53775258,A,G,0.43550003,-0.02501036566664712
1:53777025,1,53777025,A,G,0.3115,-0.0007824772478102572
1:53789199,1,53789199,A,G,0.352,-0.008068930498171908
1:53811240,1,53811240,A,G,0.40899998,0.0025524053794374435
1:53834275,1,53834275,A,G,0.25550002,0.008814502347291241
1:53873132,1,53873132,A,G,0.046000004,0.00477767682568182
1:53889338,1,53889338,A,G,0.47250003,0.005920854809404042
1:53892569,1,53892569,A,G,0.16000003,0.0011691063264767031
1:53899324,1,53899324,A,G,0.12800002,-0.004795685373561343
1:53915846,1,53915846,A,G,0.46600002,-0.008292009664545751
1:53926453,1,53926453,A,G,0.297,0.0027184078335839397
1:53933928,1,53933928,A,G,0.16350001,0.002007671615124265
1:53953230,1,53953230,A,G,0.45850003,-0.006806217286828967
1:53972790,1,53972790,A,G,0.397,0.004503918266670885
1:54006164,1,54006164,A,G,0.23799998,-0.008145061793571112
1:54045192,1,54045192,A,G,0.4905,0.008140077784566368
1:54079038,1,54079038,A,G,0.10500002,-0.0025587943809438148
1:54089634,1,54089634,A,G,0.4925,-0.005674602868137074
1:54091483,1,54091483,A,G,0.24299997,-0.010847412018515622
1:54096104,1,54096104,A,G,0.24900001,0.004738710069588213
1:54101106,1,54101106,A,G,0.23150003,-0.003030183623266515
1:54133826,1,54133826,A,G,0.23250002,-0.0013440990621560013
1:54134635,1,54134635,A,G,0.28399998,0.002352562233021441
1:54148095,1,54148095,A,G,0.492,0.0013465762090505704
1:54148891,1,54148891,A,G,0.050000012,0.001498507235407784
1:54181890,1,54181890,A,G,0.277,-0.00902161728517712
1:54187582,1,54187582,A,G,0.18900001,0.008106739526855873
1:54206559,1,54206559,A,G,0.123000026,-0.006565110097924068
1:54216899,1,54216899,A,G,0.45599997,0.01051546371064249
1:54221526,1,54221526,A,G,0.24199998,-0.025409425567184278
1:54248292,1,54248292,A,G,0.29799998,-0.004541796670937925
1:54254876,1,54254876,A,G,0.487,0.00371584974550356
1:54256931,1,54256931,A,G,0.2605,0.001508842194637622
1:54278857,1,54278857,A,G,0.17449999,-0.003765980313880909
1:54326177,1,54326177,A,G,0.08700001,0.00232699162850626
1:54331102,1,54331102,A,G,0.30699998,0.001484029216881224
1:54332386,1,54332386,A,G,0.4705,0.0011301186419812443
1:54351769,1,54351769,A,G,0.07950002,0.002678949972833246
1:54388674,1,54388674,A,G,0.2515,0.007298480873142717
1:54407486,1,54407486,A,G,0.343,-0.0017421473588132594
1:54432685,1,54432685,A,G,0.09200001,-0.008358085517339235
1:54434671,1,54434671,A,G,0.08649999,0.004945894991197386
1:54440646,1,54440646,A,G,0.157,-0.002852285643242435
1:54441452,1,54441452,A,G,0.12599999,0.005434118984600838
1:54445289,1,54445289,A,G,0.18699998,-0.0013425419248006263
1:54456148,1,54456148,A,G,0.2335,0.004122805992493601
1:54474456,1,54474456,A,G,0.26450002,-0.006863727267778707
1:54481925,1,54481925,A,G,0.2805,-0.005824517338494255
1:54495609,1,54495609,A,G,0.08850002,0.010221680593091035
1:54496749,1,54496749,A,G,0.34399998,-0.005580275986715324
1:54503423,1,54503423,A,G,0.384,-0.0016906434249315354
1:54536604,1,54536604,A,G,0.116999984,-0.006179021256644969
1:54549382,1,54549382,A,G,0.1505,0.004860602235982292
1:54564055,1,54564055,A,G,0.157,0.006069174370597521
1:54610033,1,54610033,A,G,0.25800002,0.011976599102830967
1:54633049,1,54633049,A,G,0.254,-0.0035441726674503653
1:54659451,1,54659451,A,G,0.15499997,0.006104541349168264
1:54706506,1,54706506,A,G,0.088,-0.0025425007389279367
1:54710376,1,54710376,A,G,0.18849999,-0.010239760366577763
1:54716659,1,54716659,A,G,0.39099997,0.001124205095820853
1:54717185,1,54717185,A,G,0.065999985,-0.008639218171785853
1:54745733,1,54745733,A,G,0.20749998,0.005231304591827063
1:54769259,1,54769259,A,G,0.12400001,-0.004940131115577767
1:54777624,1,54777624,A,G,0.37,0.008876418131939637
1:54779044,1,54779044,A,G,0.18949997,0.003955420188406367
1:54832047,1,54832047,A,G,0.24900001,0.001524313645593254
1:54847137,1,54847137,A,G,0.4605,0.0026844449275966356
1:54856770,1,54856770,A,G,0.329,0.0007773723347683225
1:54856857,1,54856857,A,G,0.431,0.009265732703053002
1:54869007,1,54869007,A,G,0.3725,0.0007382087006610174
1:54898350,1,54898350,A,G,0.48650002,-0.005823091401660034
1:54915907,1,54915907,A,G,0.3115,-0.005863693889353419
1:54920707,1,54920707,A,G,0.16250002,0.008517745264566633
1:54935272,1,54935272,A,G,0.37449998,0.002858573536674231
1:54952705,1,54952705,A,G,0.4045,0.0012556026918226625
1:54954686,1,54954686,A,G,0.486,0.01604496883661483
1:54968852,1,54968852,A,G,0.3455,0.01223777946900181
1:54972743,1,54972743,A,G,0.39349997,-0.0004226992462449014
1:55030362,1,55030362,A,G,0.371,-0.0019066631250532476
1:55073946,1,55073946,A,G,0.38950002,0.007806804153683808
1:55087646,1,55087646,A,G,0.296,0.005282561192279
1:55098997,1,55098997,A,G,0.185,-0.009148064789526154
1:55105832,1,55105832,A,G,0.08200002,0.0002677472619970041
1:55109051,1,55109051,A,G,0.375,0.008636890565024364
1:55145322,1,55145322,A,G,0.40350002,0.001010222641706156
1:55160410,1,55160410,A,G,0.39499998,0.005652103376411465
1:55174260,1,55174260,A,G,0.06650001,-0.0035129892007191095
1:55182837,1,55182837,A,G,0.07349998,-0.0022166597158184524
1:55194543,1,55194543,A,G,0.108500004,0.0038558857985480765
1:55213558,1,55213558,A,G,0.40850002,0.0010394454622844867
1:55223955,1,55223955,A,G,0.286,-0.010765735474772034
1:55229239,1,55229239,A,G,0.31599998,-0.006472632916226745
1:55229603,1,55229603,A,G,0.1325,0.005603786236206817
1:55257852,1,55257852,A,G,0.08099997,0.0018513341059003224
1:55280249,1,55280249,A,G,0.40600002,-0.010902174281775178
1:55306694,1,55306694,A,G,0.4425,0.007236442136064984
1:55339990,1,55339990,A,G,0.19300002,-0.007008318970483332
1:55395427,1,55395427,A,G,0.43550003,-0.005643704806020794
1:55403797,1,55403797,A,G,0.19849998,0.012323175129708904
1:55415450,1,55415450,A,G,0.4235,0.01137230526698499
1:55419341,1,55419341,A,G,0.06849998,0.0044819414522911894
1:55445377,1,55445377,A,G,0.22299999,-0.0010910021543632357
1:55454432,1,55454432,A,G,0.4155,0.003930580869422501
1:55456323,1,55456323,A,G,0.1685,-0.0039436945994677924
1:55471392,1,55471392,A,G,0.05949998,-0.009352061191834687
1:55472358,1,55472358,A,G,0.14050001,0.009213573718942786
1:55478035,1,55478035,A,G,0.495,0.02254049918134969
1:55482284,1,55482284,A,G,0.34649998,0.006903031774862532
1:55495164,1,55495164,A,G,0.12550002,0.0019122356808084523
1:55498299,1,55498299,A,G,0.33200002,-0.003948058492260611
1:55519129,1,55519129,A,G,0.3455,-0.008210785548446902
1:55553465,1,55553465,A,G,0.245,0.003127074012547213
1:55608377,1,55608377,A,G,0.3495,-0.00731506338506453
1:55616607,1,55616607,A,G,0.111,0.003009200629339065
1:55620932,1,55620932,A,G,0.20499998,0.008586761507271964
1:55638139,1,55638139,A,G,0.05400002,-0.002185482587369091
1:55651377,1,55651377,A,G,0.481,0.00474718421936029
1:55659229,1,55659229,A,G,0.46350002,-0.006515599978030111
1:55665617,1,55665617,A,G,0.14950001,0.011839483833746488
1:55666187,1,55666187,A,G,0.36299998,0.00670374767538211
1:55684474,1,55684474,A,G,0.403,-0.005933108319543695
1:55685561,1,55685561,A,G,0.22500002,0.0034527925937257167
1:55723672,1,55723672,A,G,0.43150002,-0.0005757081003668356
1:55725104,1,55725104,A,G,0.28350002,-0.0009224403047238862
1:55726067,1,55726067,A,G,0.3995,-0.0013523923023759054
1:55742546,1,55742546,A,G,0.36900002,-0.021048830147168355
1:55756090,1,55756090,A,G,0.29799998,-0.001926756702319589
1:55757487,1,55757487,A,G,0.27350003,-0.01330248212444794
1:55771030,1,55771030,A,G,0.19199997,0.00806849808203729
1:55777728,1,55777728,A,G,0.21649998,-0.003583397906949169
1:55831369,1,55831369,A,G,0.231,-0.016015529269431734
1:55842823,1,55842823,A,G,0.0855,0.0006042295526115437
1:55848858,1,55848858,A,G,0.28399998,-0.013384577037221618
1:55849015,1,55849015,A,G,0.31599998,-0.0063993173072061735
1:55851597,1,55851597,A,G,0.495,0.002905492484270834
1:55860632,1,55860632,A,G,0.19199997,0.0016448176762119506
1:55927605,1,55927605,A,G,0.20999998,0.006250417771117279
1:55940774,1,55940774,A,G,0.30150002,-0.002314890996651562
1:55961554,1,55961554,A,G,0.43300003,-0.0042129633841674835
1:55967938,1,55967938,A,G,0.16049999,0.006551804597159941
1:55978832,1,55978832,A,G,0.16600001,0.0019792434146939267
1:56002355,1,56002355,A,G,0.27350003,-0.026758190633543774
1:56004003,1,56004003,A,G,0.12699997,0.007424721898481716
1:56024142,1,56024142,A,G,0.36150002,-0.008040505577646274
1:56043693,1,56043693,A,G,0.43300003,-0.007151569136395891
1:56062131,1,56062131,A,G,0.070500016,-0.00046380650937670947
1:56086289,1,56086289,A,G,0.1365,-0.0035703313909186945
1:56093352,1,56093352,A,G,0.3,0.00605866774220033
1:56193693,1,56193693,A,G,0.40499997,0.018416379910563885
1:56224958,1,56224958,A,G,0.28350002,0.0019856506654010427
1:56240284,1,56240284,A,G,0.40499997,-0.00887675125938122
1:56251008,1,56251008,A,G,0.25700003,0.003867388761065128
1:56251275,1,56251275,A,G,0.236,0.0061692036460700315
1:56285724,1,56285724,A,G,0.111,-0.010750062160010777
1:56294784,1,56294784,A,G,0.12550002,0.0017791652057235453
1:56299982,1,56299982,A,G,0.36400002,-0.0017480945512305742
1:56318066,1,56318066,A,G,0.13800001,0.003160913523085943
1:56339158,1,56339158,A,G,0.251,-0.001089297438225626
1:56342203,1,56342203,A,G,0.28100002,0.004414558348610499
1:56348503,1,56348503,A,G,0.17650002,-0.0070985173057725144
1:56366867,1,56366867,A,G,0.41750002,-0.005525483642828373
1:56378563,1,56378563,A,G,0.23900002,-0.006023276850373015
1:56379704,1,56379704,A,G,0.20099998,0.00039311702753883955
1:56381499,1,56381499,A,G,0.15450001,0.0007222798679218167
1:56418581,1,56418581,A,G,0.15600002,0.0007208277512086352
1:56424722,1,56424722,A,G,0.16600001,5.042585691405173e-05
1:56426294,1,56426294,A,G,0.2155,-0.007254404355619506
1:56434194,1,56434194,A,G,0.338,0.01168170547413705
1:56437580,1,56437580,A,G,0.4845,0.006956110498999089
1:56444323,1,56444323,A,G,0.29549998,0.013007116303214375
1:56483186,1,56483186,A,G,0.38349998,-0.0014080436905582836
1:56501561,1,56501561,A,G,0.14950001,0.007145305105630756
1:56503287,1,56503287,A,G,0.4735,0.006676589869733289
1:56546287,1,56546287,A,G,0.44599998,-0.022629280882624492
1:56564402,1,56564402,A,G,0.35149997,-0.0020375507383858615
1:56635465,1,56635465,A,G,0.2065,0.0131697717209043
1:56681098,1,56681098,A,G,0.084500015,-0.0008803210003972565
1:56684949,1,56684949,A,G,0.495,-0.005982474689886227
1:56688831,1,56688831,A,G,0.376,0.002377952236999664
1:56692405,1,56692405,A,G,0.10750002,-0.004671039131809679
1:56728216,1,56728216,A,G,0.28899997,0.009674205901533332
1:56755037,1,56755037,A,G,0.3345,0.009815435713233914
1:56761260,1,56761260,A,G,0.254,-0.013279936988239843
1:56775994,1,56775994,A,G,0.2515,-0.006180065898504026
1:56825158,1,56825158,A,G,0.2855,-0.001668459700467393
1:56832434,1,56832434,A,G,0.4055,-0.018882931884513763
1:56846597,1,56846597,A,G,0.398,-0.0015586327358262171
1:56852294,1,56852294,A,G,0.47250003,0.008377093933951623
1:56861494,1,56861494,A,G,0.1415,-0.0007017035837644479
1:56877184,1,56877184,A,G,0.10250002,-0.0003852517569067519
1:56882283,1,56882283,A,G,0.3175,0.0009071418097885089
1:56882319,1,56882319,A,G,0.3645,0.0027722270436195853
1:56895263,1,56895263,A,G,0.21600002,0.0038697339512851034
1:56912767,1,56912767,A,G,0.4785,0.015814419518543118
1:56933106,1,56933106,A,G,0.436,-0.002031149815911229
1:56972562,1,56972562,A,G,0.29299998,-0.001247427427142251
1:56975082,1,56975082,A,G,0.35799998,-0.005171222224884106
1:56986403,1,56986403,A,G,0.24900001,0.013849651317170565
1:56987272,1,56987272,A,G,0.15249997,0.001376218605199979
1:56996737,1,56996737,A,G,0.110000014,-0.0010237923041435965
1:57005841,1,57005841,A,G,0.19150001,-8.009047225476787e-05
1:57021207,1,57021207,A,G,0.4705,-0.000396559457007589
1:57034341,1,57034341,A,G,0.23000002,0.006515191006484316
1:57041563,1,57041563,A,G,0.4555,0.00671409760623376
1:57055420,1,57055420,A,G,0.416,-0.008397279646129985
1:57079390,1,57079390,A,G,0.31300002,0.0031042524175676194
1:57084657,1,57084657,A,G,0.47149998,-0.006942708714944296
1:57121057,1,57121057,A,G,0.13349998,-0.007428172697677808
1:57182456,1,57182456,A,G,0.08850002,0.003500039092399988
1:57190865,1,57190865,A,G,0.399,0.0014870372676988597
1:57195031,1,57195031,A,G,0.48299998,-0.0072413619460993065
1:57218589,1,57218589,A,G,0.204,0.00815702931955603
1:57222358,1,57222358,A,G,0.04699999,0.009438788718690501
1:57235485,1,57235485,A,G,0.42949998,-0.0030493800292228953
1:57244529,1,57244529,A,G,0.21700001,-0.0027648265872508206
1:57292183,1,57292183,A,G,0.31849998,-0.013430421878578602
1:57293032,1,57293032,A,G,0.1315,-0.023411149475001513
1:57312220,1,57312220,A,G,0.343,0.005397969011975736
1:57315946,1,57315946,A,G,0.273,-0.004815750794036076
1:57338103,1,57338103,A,G,0.073000014,-0.00515602079254555
1:57349052,1,57349052,A,G,0.059000015,0.0006960582646437982
1:57351080,1,57351080,A,G,0.24000001,-0.0032423032535595264
1:57376858,1,57376858,A,G,0.13800001,-0.008327928207858219
1:57395059,1,57395059,A,G,0.4615,0.00715441070650718
1:57396049,1,57396049,A,G,0.087499976,0.001512609828957004
1:57399770,1,57399770,A,G,0.3675,-4.385740207045024e-06
1:57413554,1,57413554,A,G,0.20300001,-0.0006091032353900677
1:57413771,1,57413771,A,G,0.458,0.00837428257871377
1:57416013,1,57416013,A,G,0.10250002,-0.005719651384716329
1:57421127,1,57421127,A,G,0.44300002,0.014055773756899034
1:57428686,1,57428686,A,G,0.4645,-0.005063586567881682
1:57434909,1,57434909,A,G,0.4965,-0.011225187318060654
1:57464780,1,57464780,A,G,0.15899998,0.003709242098387736
1:57563861,1,57563861,A,G,0.18199998,-0.008066532143982152
1:57568343,1,57568343,A,G,0.10900003,-0.002600400866874564
1:57597409,1,57597409,A,G,0.21350002,0.004971663782162759
1:57628640,1,57628640,A,G,0.36799997,0.012035027575422822
1:57631344,1,57631344,A,G,0.058499992,-0.00040586386640145596
1:57641757,1,57641757,A,G,0.33249998,0.010895720836352605
1:57647085,1,57647085,A,G,0.055999994,-0.0021694710586243763
1:57658083,1,57658083,A,G,0.36,0.002604533585884469
1:57661941,1,57661941,A,G,0.41750002,0.010917142985804386
1:57675377,1,57675377,A,G,0.21499997,-0.009773565082068043
1:57678211,1,57678211,A,G,0.22100002,-0.022181514845569836
1:57681018,1,57681018,A,G,0.403,0.01729752401266423
1:57696035,1,57696035,A,G,0.44099998,0.003557756639968528
1:57697273,1,57697273,A,G,0.449,-0.003490760052515691
1:57701083,1,57701083,A,G,0.2995,-0.010321496764760083
1:57705021,1,57705021,A,G,0.4515,-0.008996512052299597
1:57805564,1,57805564,A,G,0.088,0.00648967634290013
1:57821849,1,57821849,A,G,0.10250002,-0.004335060599707429
1:57827936,1,57827936,A,G,0.444,-0.00410035492294307
1:57849485,1,57849485,A,G,0.232,-0.019697121362836516
1:57874184,1,57874184,A,G,0.17699999,0.002250974726136106
1:57884624,1,57884624,A,G,0.22250003,0.006209303065901676
1:57888504,1,57888504,A,G,0.286,-0.0027175455303213875
1:57889422,1,57889422,A,G,0.18400002,-0.004279068476467748
1:57975252,1,57975252,A,G,0.15750003,-0.011067112370088703
1:58016014,1,58016014,A,G,0.07099998,-0.012170460402845175
1:58043728,1,58043728,A,G,0.42299998,-0.00011342559256826643
1:58075713,1,58075713,A,G,0.454,0.005333905341295262
1:58093499,1,58093499,A,G,0.051999986,-0.0041352505427440615
1:58104229,1,58104229,A,G,0.20599997,-0.0018680672945449572
1:58114586,1,58114586,A,G,0.4225,0.012259229064967916
1:58149763,1,58149763,A,G,0.05549997,0.0018700796499100507
1:58224510,1,58224510,A,G,0.38099998,0.004798789143387693
1:58231612,1,58231612,A,G,0.15499997,-0.00010276292950211512
1:58235051,1,58235051,A,G,0.425,0.0019250003848139438
1:58237815,1,58237815,A,G,0.3355,0.008241199624601278
1:58245346,1,58245346,A,G,0.49,-0.014715121208646757
1:58261870,1,58261870,A,G,0.194,-3.3756460272083503e-06
1:58272528,1,58272528,A,G,0.10500002,-0.002719259509526882
1:58315588,1,58315588,A,G,0.2805,-0.000130450508727964
1:58321650,1,58321650,A,G,0.474,0.0017583317278517462
1:58327847,1,58327847,A,G,0.06999999,0.003871214804502114
1:58401946,1,58401946,A,G,0.1365,-0.004384062832461109
1:58406093,1,58406093,A,G,0.42949998,-0.015732471811938105
1:58426862,1,58426862,A,G,0.35799998,-0.014256984142169533
1:58435659,1,58435659,A,G,0.22399998,0.0036422144482029413
1:58436438,1,58436438,A,G,0.25199997,-0.00514409687850372
1:58438966,1,58438966,A,G,0.16500002,-0.001542160815743592
1:58454885,1,58454885,A,G,0.45700002,-0.0035601907332624846
1:58458982,1,58458982,A,G,0.19300002,0.00593770900697448
1:58534436,1,58534436,A,G,0.23299998,0.013971380873103668
1:58544069,1,58544069,A,G,0.278,-0.004950044448422558
1:58544711,1,58544711,A,G,0.13999999,-0.007528962399389345
1:58558972,1,58558972,A,G,0.134,0.0028583554660899105
1:58581602,1,58581602,A,G,0.3275,0.007067833205186064
1:58630790,1,58630790,A,G,0.398,0.0020266012170951863
1:58638330,1,58638330,A,G,0.375,0.006009971401981829
1:58665297,1,58665297,A,G,0.297,0.006005652946828163
1:58674848,1,58674848,A,G,0.34350002,-0.00231333495837002
1:58685856,1,58685856,A,G,0.28250003,-0.001158622714204536
1:58701338,1,58701338,A,G,0.4645,-0.014513692051987527
1:58711615,1,58711615,A,G,0.21200001,0.005398292781065754
1:58720661,1,58720661,A,G,0.10549998,0.007235180112084304
1:58743504,1,58743504,A,G,0.23250002,0.01634228081986172
1:58771483,1,58771483,A,G,0.43400002,0.016490588031863873
1:58834846,1,58834846,A,G,0.4745,0.0043392866367793
1:58835616,1,58835616,A,G,0.31050003,-0.02269181849883686
1:58842659,1,58842659,A,G,0.055999994,0.0018552150168929674
1:58865528,1,58865528,A,G,0.375,0.007615314395759052
1:59009477,1,59009477,A,G,0.35900003,-0.008773379796156914
1:59010025,1,59010025,A,G,0.26200002,-0.001466398020015559
1:59036719,1,59036719,A,G,0.11949998,0.004314747030398755
1:59047561,1,59047561,A,G,0.30900002,0.0017870200217412733
1:59057626,1,59057626,A,G,0.274,0.001385687026348896
1:59072622,1,59072622,A,G,0.06950003,-0.007089847959692616
1:59081566,1,59081566,A,G,0.218,-0.017644745929869435
1:59145780,1,59145780,A,G,0.4875,-0.005956193254939486
1:59171414,1,59171414,A,G,0.22649997,-0.009211481636211652
1:59220572,1,59220572,A,G,0.26349998,0.0028338486759683624
1:59230627,1,59230627,A,G,0.297,-0.008704863764914075
1:59245262,1,59245262,A,G,0.17199999,0.0035974927204940623
1:59248435,1,59248435,A,G,0.08350003,-0.00036953322329365463
1:59276367,1,59276367,A,G,0.2805,0.0017490097974155907
1:59292992,1,59292992,A,G,0.2995,-0.015825635539518598
1:59322533,1,59322533,A,G,0.36650002,-0.0013823798310243845
1:59323548,1,59323548,A,G,0.2755,-0.00685961261573093
1:59365445,1,59365445,A,G,0.17250001,0.006454489961870581
1:59376959,1,59376959,A,G,0.2425,0.005408499429057188
1:59387254,1,59387254,A,G,0.050000012,0.006687977165336991
1:59435596,1,59435596,A,G,0.11049998,-0.006697622976030623
1:59468270,1,59468270,A,G,0.393,0.0034606642249617315
1:59488207,1,59488207,A,G,0.459,0.013673824370017804
1:59504449,1,59504449,A,G,0.19099998,-0.0011403596494904582
1:59509025,1,59509025,A,G,0.45599997,0.003150887888174871
1:59544512,1,59544512,A,G,0.319,-0.003034676727299114
1:59551514,1,59551514,A,G,0.18,-0.0026657469655992742
1:59565731,1,59565731,A,G,0.33499998,-0.011242311461756126
1:59576883,1,59576883,A,G,0.39600003,0.0031491374706247343
1:59635370,1,59635370,A,G,0.38950002,-0.01029953010395569
1:59636640,1,59636640,A,G,0.468,-0.0007994617221192984
1:59644301,1,59644301,A,G,0.37699997,0.005249474127580789
1:59646036,1,59646036,A,G,0.333,0.010208260705797676
1:59680869,1,59680869,A,G,0.21749997,0.00524274402073177
1:59714427,1,59714427,A,G,0.12050003,-0.003513603469142692
1:59772464,1,59772464,A,G,0.102,0.015086191082994391
1:59799782,1,59799782,A,G,0.44450003,0.016737660942863504
1:59828067,1,59828067,A,G,0.38099998,0.016421381042304176
1:59844251,1,59844251,A,G,0.4745,0.007078709135443177
1:59855505,1,59855505,A,G,0.08399999,-0.004365310053826784
1:59880551,1,59880551,A,G,0.31950003,-0.006816234497558859
1:59910713,1,59910713,A,G,0.37050003,-0.013227583788545511
1:59912159,1,59912159,A,G,0.22649997,0.0009704937336396915
1:59946864,1,59946864,A,G,0.30299997,-0.010131934198731112
1:59963388,1,59963388,A,G,0.272,0.0022248849531501798
1:59994989,1,59994989,A,G,0.241,0.0033789819131462974
1:60031993,1,60031993,A,G,0.16799998,-0.014954320371780325
1:60037448,1,60037448,A,G,0.489,0.004918635729070419
1:60043430,1,60043430,A,G,0.43699998,-0.0007875920855742347
1:60058563,1,60058563,A,G,0.41500002,-0.003069060507698492
1:60072821,1,60072821,A,G,0.417,0.005189415919388811
1:60078383,1,60078383,A,G,0.46100003,0.004040185283337883
1:60084390,1,60084390,A,G,0.087499976,-0.005677641710908078
1:60089648,1,60089648,A,G,0.29900002,-0.001966868655847496
1:60094330,1,60094330,A,G,0.254,-9.004570514023614e-05
1:60111795,1,60111795,A,G,0.11900002,-0.0013017523403442823
1:60138669,1,60138669,A,G,0.17400002,-0.0011050453756180501
1:60141084,1,60141084,A,G,0.100000024,-0.0022267262229059824
1:60148246,1,60148246,A,G,0.2845,-0.004616245054093388
1:60186001,1,60186001,A,G,0.18199998,0.0030329457515188454
1:60200292,1,60200292,A,G,0.13749999,-0.008020008896830145
1:60203881,1,60203881,A,G,0.30049998,0.00607479207672911
1:60221199,1,60221199,A,G,0.1415,0.004408058861075339
1:60251071,1,60251071,A,G,0.2985,-0.003444328513362406
1:60267676,1,60267676,A,G,0.110000014,-0.0019204223148512247
1:60303471,1,60303471,A,G,0.3815,-0.0009567157162287947
1:60303850,1,60303850,A,G,0.17500001,-0.0030971177780478513
1:60304655,1,60304655,A,G,0.408,-0.0016965332546210663
1:60332192,1,60332192,A,G,0.3995,-0.015742645557910488
1:60336853,1,60336853,A,G,0.4985,0.008610747377736943
1:60344168,1,60344168,A,G,0.06349999,-0.007688496261957653
1:60350106,1,60350106,A,G,0.4245,0.007935091629957279
1:60350626,1,60350626,A,G,0.282,-0.00533821804892301
1:60350925,1,60350925,A,G,0.10399997,-0.0020488466713212057
1:60361506,1,60361506,A,G,0.3905,0.002584806932522109
1:60395759,1,60395759,A,G,0.06349999,-0.0039209819589619225
1:60404789,1,60404789,A,G,0.44700003,0.009969209706876552
1:60427083,1,60427083,A,G,0.3455,-0.009467490445706116
1:60472383,1,60472383,A,G,0.123000026,0.0031665131812674105
1:60523997,1,60523997,A,G,0.352,0.018833970823788893
1:60627119,1,60627119,A,G,0.13950002,-0.0029803070999036194
1:60628584,1,60628584,A,G,0.30049998,0.007695141559182552
1:60637834,1,60637834,A,G,0.065999985,0.0037653358712626374
1:60644658,1,60644658,A,G,0.45450002,-0.002470648271137649
1:60676366,1,60676366,A,G,0.06400001,-0.002899268666153126
1:60678948,1,60678948,A,G,0.3815,0.01623868001141202
1:60692681,1,60692681,A,G,0.3505,-0.009162322268603515
1:60711340,1,60711340,A,G,0.36799997,-0.012814927512531547
1:60712826,1,60712826,A,G,0.07550001,-0.0011576099262272921
1:60727595,1,60727595,A,G,0.36799997,-0.00868121184219837
1:60736973,1,60736973,A,G,0.30900002,0.011845423515422828
1:60749711,1,60749711,A,G,0.334,-0.015891859843337325
1:60769148,1,60769148,A,G,0.27749997,-0.00393611560502004
1:60779109,1,60779109,A,G,0.22399998,-0.01061557947656307
1:60782619,1,60782619,A,G,0.14600003,-0.0034018208219422958
1:60787893,1,60787893,A,G,0.2435,0.008529195549523003
1:60795663,1,60795663,A,G,0.21749997,-0.0038844533463138443
1:60796172,1,60796172,A,G,0.35900003,0.003197472053803343
1:60910678,1,60910678,A,G,0.17949998,0.005885190858513096
1:60945798,1,60945798,A,G,0.3995,-0.003459058100298771
1:60961538,1,60961538,A,G,0.4945,0.006787833809252427
1:60966111,1,60966111,A,G,0.353,0.016842217302544617
1:60972985,1,60972985,A,G,0.2575,-0.006613837648004162
1:60974360,1,60974360,A,G,0.12050003,0.006640509147985542
1:60974871,1,60974871,A,G,0.49800003,0.0037360543924080934
1:60980033,1,60980033,A,G,0.1645,0.0019176294073309404
1:60988372,1,60988372,A,G,0.3085,-0.013503282749005507
1:60993016,1,60993016,A,G,0.2385,-0.00604467142243133
1:60995761,1,60995761,A,G,0.11949998,-0.010435911823705294
1:60998838,1,60998838,A,G,0.403,-0.003967733493429498
1:61020156,1,61020156,A,G,0.13050002,0.010874235036922508
1:61029246,1,61029246,A,G,0.2295,-0.005922664046112312
1:61051513,1,61051513,A,G,0.12949997,0.0020683039468247667
1:61069573,1,61069573,A,G,0.33850002,-0.003505747706177663
1:61071027,1,61071027,A,G,0.42650002,-0.017423620488963034
1:61108535,1,61108535,A,G,0.445,0.009718332300374284
1:61119362,1,61119362,A,G,0.29900002,0.016819686223346994
1:61119403,1,61119403,A,G,0.16549999,0.006606608082007941
1:61136439,1,61136439,A,G,0.232,0.0008061344040352182
1:61144227,1,61144227,A,G,0.35650003,-0.00030808380622498934
1:61171236,1,61171236,A,G,0.16500002,0.008333769415650682
1:61183417,1,61183417,A,G,0.10100001,-0.006194507895745243
1:61189403,1,61189403,A,G,0.17400002,0.001998040671519816
1:61218835,1,61218835,A,G,0.12449998,0.007996947099324182
1:61247833,1,61247833,A,G,0.16600001,0.0035852958724211024
1:61279201,1,61279201,A,G,0.07349998,0.013187455632794115
1:61298112,1,61298112,A,G,0.08499998,0.0011051117458166597
1:61303242,1,61303242,A,G,0.40750003,0.006957949242922512
1:61306901,1,61306901,A,G,0.13050002,-0.011845454806273581
1:61313916,1,61313916,A,G,0.43199998,0.009550779209074454
1:61316091,1,61316091,A,G,0.4895,0.0031066539715865252
1:61356951,1,61356951,A,G,0.2155,0.014330360472944129
1:61373785,1,61373785,A,G,0.2625,-0.004999403420094096
1:61399189,1,61399189,A,G,0.181,-0.0038520963927190753
1:61413012,1,61413012,A,G,0.087499976,0.007011374397017471
1:61423139,1,61423139,A,G,0.3305,-0.0044942498951473925
1:61468642,1,61468642,A,G,0.42549998,0.006176488657082306
1:61482338,1,61482338,A,G,0.3625,0.005363192279009986
1:61483655,1,61483655,A,G,0.10650003,0.0048860578583540355
1:61509504,1,61509504,A,G,0.32450002,0.00031218047840688817
1:61553125,1,61553125,A,G,0.3225,-0.005530246849663574
1:61555094,1,61555094,A,G,0.3445,5.53461491693629e-06
1:61569140,1,61569140,A,G,0.08350003,0.004442231743644891
1:61580594,1,61580594,A,G,0.352,-0.0038933687806818923
1:61585038,1,61585038,A,G,0.3355,-0.006424350461690927
1:61647310,1,61647310,A,G,0.43699998,-0.009717322865736969
1:61647594,1,61647594,A,G,0.1275,-0.0006527652811778991
1:61658870,1,61658870,A,G,0.07950002,-0.0023671008564977556
1:61681550,1,61681550,A,G,0.4095,0.0056532997616345485
1:61684648,1,61684648,A,G,0.084500015,-0.0017689871391609667
1:61688719,1,61688719,A,G,0.2335,-0.001985523958620093
1:61704883,1,61704883,A,G,0.40600002,-0.0026403441576060486
1:61720366,1,61720366,A,G,0.1735,0.007607609927215519
1:61730144,1,61730144,A,G,0.23699999,-0.011376735403950993
1:61767846,1,61767846,A,G,0.323,-0.00016378382662403997
1:61777470,1,61777470,A,G,0.33999997,-0.0006850798140754507
1:61808529,1,61808529,A,G,0.329,-0.0033730691413834915
1:61819577,1,61819577,A,G,0.06800002,0.004567906555360957
1:61842138,1,61842138,A,G,0.37949997,-0.003655341935032654
1:61864220,1,61864220,A,G,0.4015,-0.00588342455004335
1:61868748,1,61868748,A,G,0.108500004,-0.0007951703793562379
1:61902172,1,61902172,A,G,0.37199998,-0.005039372563935692
1:61910921,1,61910921,A,G,0.26700002,0.00539497247061027
1:61957161,1,61957161,A,G,0.05949998,-0.008058040521789725
1:61963741,1,61963741,A,G,0.3675,0.003202869544891191
1:61983307,1,61983307,A,G,0.28149998,-0.006471031571329463
1:62005984,1,62005984,A,G,0.09649998,-0.006651813193362735
1:62022455,1,62022455,A,G,0.13349998,0.008455081104759137
1:62039408,1,62039408,A,G,0.38200003,0.005868468374198578
1:62056264,1,62056264,A,G,0.454,-0.009468010971911073
1:62076002,1,62076002,A,G,0.13,-0.008417100101399991
1:62132761,1,62132761,A,G,0.22149998,0.00819596292406525
1:62134784,1,62134784,A,G,0.19849998,-0.014838078869727492
1:62155345,1,62155345,A,G,0.34100002,0.0009447721189629794
1:62182822,1,62182822,A,G,0.12449998,-0.0032242882675961506
1:62188839,1,62188839,A,G,0.3085,0.005277649050806817
1:62190752,1,62190752,A,G,0.4245,0.014941416484804435
1:62194932,1,62194932,A,G,0.34249997,-0.008953856855919486
1:62199284,1,62199284,A,G,0.11949998,-0.004844869308124556
1:62201083,1,62201083,A,G,0.379,0.009307112111417278
1:62242811,1,62242811,A,G,0.26599997,0.010300435424451559
1:62250666,1,62250666,A,G,0.104499996,0.0033808199744058036
1:62344321,1,62344321,A,G,0.20450002,-0.003843145154634399
1:62348361,1,62348361,A,G,0.15249997,-0.018874397172277672
1:62396415,1,62396415,A,G,0.42799997,0.010683080521945103
1:62419438,1,62419438,A,G,0.14850003,-0.0048092253110401054
1:62451661,1,62451661,A,G,0.2995,0.007683572592993136
1:62460304,1,62460304,A,G,0.3595,-0.01373945240515171
1:62468786,1,62468786,A,G,0.07349998,0.0022127933305188746
1:62468860,1,62468860,A,G,0.12800002,0.001643662002680098
1:62516087,1,62516087,A,G,0.4245,-0.0042616240639426805
1:62527342,1,62527342,A,G,0.20499998,0.006200422093811416
1:62612096,1,62612096,A,G,0.3455,0.0060047150082858615
1:62670768,1,62670768,A,G,0.389,0.01269022624699349
1:62671673,1,62671673,A,G,0.32999998,-0.001213215426230969
1:62697276,1,62697276,A,G,0.325,0.0012707219954038343
1:62730419,1,62730419,A,G,0.28250003,-0.004114347439046817
1:62744323,1,62744323,A,G,0.23949999,-0.015982796584864147
1:62754885,1,62754885,A,G,0.11400002,-0.0028351382265034216
1:62784217,1,62784217,A,G,0.496,0.018251369179199423
1:62802751,1,62802751,A,G,0.339,-0.01421244246155593
1:62803547,1,62803547,A,G,0.13499999,-0.009109436429492674
1:62827875,1,62827875,A,G,0.421,0.012805800310335949
1:62856982,1,62856982,A,G,0.43550003,-0.005096008385366852
1:62867960,1,62867960,A,G,0.36699998,0.013329623971975315
1:62900523,1,62900523,A,G,0.10100001,-0.0033540115402358878
1:62904495,1,62904495,A,G,0.056500018,0.00029110453475689565
1:62926676,1,62926676,A,G,0.3765,-0.008204169446187234
1:62929995,1,62929995,A,G,0.14349997,0.0029913791120842683
1:62953196,1,62953196,A,G,0.417,0.00047145838921907354
1:62953840,1,62953840,A,G,0.347,0.002815780337851218
1:62959656,1,62959656,A,G,0.20099998,-0.0012026589874184067
1:62976037,1,62976037,A,G,0.28649998,0.01161829025425136
1:62989021,1,62989021,A,G,0.2885,-0.0016578902734742209
1:62994534,1,62994534,A,G,0.23650002,-0.005217015630139369
1:63019116,1,63019116,A,G,0.13349998,0.00014301886764256846
1:63020642,1,63020642,A,G,0.487,0.0021723600428722595
1:63065655,1,63065655,A,G,0.40499997,0.009979831515706396
1:63072617,1,63072617,A,G,0.121500015,-0.004180175622904245
1:63105481,1,63105481,A,G,0.07550001,-0.002257642162959256
1:63105981,1,63105981,A,G,0.21350002,0.015353171147125198
1:63107630,1,63107630,A,G,0.31449997,0.006069626084434094
1:63131846,1,63131846,A,G,0.46649998,-0.0010848031956564275
1:63135533,1,63135533,A,G,0.114499986,-0.005059748124719544
1:63203559,1,63203559,A,G,0.24449998,0.010296764449826272
1:63213073,1,63213073,A,G,0.12900001,-0.0005336276551395223
1:63218225,1,63218225,A,G,0.0625,0.004569069061092303
1:63229579,1,63229579,A,G,0.30900002,0.013262066314185847
1:63292405,1,63292405,A,G,0.09549999,0.00031801148173270943
1:63293831,1,63293831,A,G,0.38099998,-0.0014017041186661539
1:63327233,1,63327233,A,G,0.2935,0.002253110999424915
1:63349632,1,63349632,A,G,0.15850002,0.00623273874786658
1:63362117,1,63362117,A,G,0.4045,-0.016205284547733546
1:63368712,1,63368712,A,G,0.38,0.011133166246868623
1:63388427,1,63388427,A,G,0.3495,-0.0008606263410711184
1:63391074,1,63391074,A,G,0.171,-0.0018081566514244235
1:63442984,1,63442984,A,G,0.38050002,-0.011790983999179373
1:63446856,1,63446856,A,G,0.28500003,-0.002647317883631567
1:63467904,1,63467904,A,G,0.2655,-0.019102870768740243
1:63475442,1,63475442,A,G,0.11750001,0.0003148778003416811
1:63546820,1,63546820,A,G,0.11799997,0.0018303091087543326
1:63569690,1,63569690,A,G,0.073000014,0.0007959399916997034
1:63588208,1,63588208,A,G,0.157,0.009522014982261632
1:63594453,1,63594453,A,G,0.25849998,0.0034565319276098887
1:63607606,1,63607606,A,G,0.21149999,0.0015798840316480752
1:63640056,1,63640056,A,G,0.3765,-0.005262169699588245
1:63644058,1,63644058,A,G,0.22850001,-0.003466658719255134
1:63655987,1,63655987,A,G,0.10900003,0.005965137389757155
1:63687771,1,63687771,A,G,0.365,-0.002811570741555196
1:63813566,1,63813566,A,G,0.13950002,0.0071280663008809
1:63842021,1,63842021,A,G,0.195,0.0015388018856898435
1:63848249,1,63848249,A,G,0.283,-0.005777584441800756
1:63876264,1,63876264,A,G,0.3025,0.008988326230513865
1:63881481,1,63881481,A,G,0.21399999,0.002963516049473405
1:63923120,1,63923120,A,G,0.2335,-0.004126991178833314
1:63967151,1,63967151,A,G,0.07950002,0.003920844487926368
1:63975460,1,63975460,A,G,0.12699997,9.719201117894445e-06
1:63981207,1,63981207,A,G,0.30400002,0.0014012215703572669
1:64027109,1,64027109,A,G,0.060000002,-0.0014647229118952077
1:64119241,1,64119241,A,G,0.13050002,-0.006602427141471653
1:64138258,1,64138258,A,G,0.353,0.0018982809227732237
1:64164716,1,64164716,A,G,0.16100001,-0.002213499743068181
1:64261659,1,64261659,A,G,0.41399997,0.004377560320642671
1:64274068,1,64274068,A,G,0.2335,0.008725920924318299
1:64276432,1,64276432,A,G,0.37,0.01645613756595463
1:64283283,1,64283283,A,G,0.44,0.005448722108375574
1:64341006,1,64341006,A,G,0.23000002,0.004167508435006036
1:64356139,1,64356139,A,G,0.339,-0.016242118859006345
1:64365537,1,64365537,A,G,0.43400002,-0.0008157745368665511
1:64384100,1,64384100,A,G,0.17400002,-0.0018694066257177934
1:64387808,1,64387808,A,G,0.44450003,-0.013613564533806088
1:64413146,1,64413146,A,G,0.42799997,0.01006852817438886
1:64416145,1,64416145,A,G,0.08850002,0.001343216776719095
1:64437249,1,64437249,A,G,0.24299997,-0.0030713749751826495
1:64445752,1,64445752,A,G,0.100000024,0.00657901624637173
1:64447436,1,64447436,A,G,0.43449998,-0.0033324803713137507
1:64448824,1,64448824,A,G,0.15100002,-0.0016489558096953111
1:64451672,1,64451672,A,G,0.21899998,-0.0048613466483976115
1:64485847,1,64485847,A,G,0.499,-0.015367139493831927
1:64504150,1,64504150,A,G,0.29000002,0.0003166129500954602
1:64505779,1,64505779,A,G,0.485,-0.008249938248277546
1:64525469,1,64525469,A,G,0.27249998,-0.008755678076183819
1:64528008,1,64528008,A,G,0.49400002,-0.007584936054996769
1:64587278,1,64587278,A,G,0.4795,0.003016737075160085
1:64598447,1,64598447,A,G,0.046500027,-0.004910606761288821
1:64623936,1,64623936,A,G,0.25300002,0.0012118724814923246
1:64648546,1,64648546,A,G,0.45999998,-0.01804866597243417
1:64669428,1,64669428,A,G,0.4335,0.010689059048997135
1:64671524,1,64671524,A,G,0.144,-0.0008449388380352748
1:64674116,1,64674116,A,G,0.462,-9.071599287148288e-05
1:64711286,1,64711286,A,G,0.13950002,0.003306499641437429
1:64770180,1,64770180,A,G,0.47649997,0.0055798131623402344
1:64785346,1,64785346,A,G,0.10350001,-0.002333851352101408
1:64812393,1,64812393,A,G,0.4885,0.005259626201575482
1:64825508,1,64825508,A,G,0.09100002,-0.003571311099865801
1:64841272,1,64841272,A,G,0.15149999,-0.005181680679350782
1:64884071,1,64884071,A,G,0.3,-0.009055599748810234
1:64899874,1,64899874,A,G,0.12199998,-0.007356476671023951
1:64910616,1,64910616,A,G,0.21350002,0.010003662486635024
1:64916909,1,64916909,A,G,0.10399997,0.008345309988858267
1:64991257,1,64991257,A,G,0.3075,0.017600602315478883
1:64994171,1,64994171,A,G,0.31199998,-0.0003691411354746962
1:64999069,1,64999069,A,G,0.15149999,0.00543831898052414
1:65026708,1,65026708,A,G,0.19300002,-0.011396958213090265
1:65029126,1,65029126,A,G,0.361,0.0036779200750485554
1:65030703,1,65030703,A,G,0.075999975,-0.007891475560561594
1:65040041,1,65040041,A,G,0.2705,-0.0244578542520127
1:65062908,1,65062908,A,G,0.18650001,0.009212098175691292
1:65065902,1,65065902,A,G,0.2245,0.002892604721389956
1:65111329,1,65111329,A,G,0.4235,0.009303535017421705
1:65147040,1,65147040,A,G,0.49550003,-0.01639868872291437
1:65147545,1,65147545,A,G,0.13950002,0.0011578640560917113
1:65170481,1,65170481,A,G,0.07550001,-0.003835718097936298
1:65174204,1,65174204,A,G,0.16149998,0.006437054058659715
1:65174695,1,65174695,A,G,0.439,0.005326917304891768
1:65176853,1,65176853,A,G,0.4235,-0.008061359009643398
1:65198969,1,65198969,A,G,0.15850002,0.00686957677727154
1:65215547,1,65215547,A,G,0.199,-0.004271467206616316
1:65244262,1,65244262,A,G,0.3545,-0.0010879281098722597
1:65257896,1,65257896,A,G,0.2055,-0.011542883714813138
1:65276241,1,65276241,A,G,0.485,-0.002425308918789959
1:65285251,1,65285251,A,G,0.41250002,0.0025237933413324743
1:65293687,1,65293687,A,G,0.22850001,0.00239866291610161
1:65304698,1,65304698,A,G,0.46350002,0.013547216975273044
1:65312199,1,65312199,A,G,0.38349998,-0.010570600399960193
1:65347940,1,65347940,A,G,0.39600003,0.007190040927838398
1:65377053,1,65377053,A,G,0.47399998,-0.006538975745601531
1:65402243,1,65402243,A,G,0.27100003,0.008501350118472471
1:65408694,1,65408694,A,G,0.073000014,0.0017066858707265396
1:65432284,1,65432284,A,G,0.48549998,-0.003887980080013753
1:65438363,1,65438363,A,G,0.47649997,0.012426257921928942
1:65452593,1,65452593,A,G,0.4935,-0.006818623851376547
1:65454345,1,65454345,A,G,0.2525,-0.005228652942432119
1:65489315,1,65489315,A,G,0.116,0.0009302227690997953
1:65500779,1,65500779,A,G,0.13,-0.001822527229119938
1:65532834,1,65532834,A,G,0.26700002,0.01577672505346047
1:65541802,1,65541802,A,G,0.37199998,0.007460842288755345
1:65554801,1,65554801,A,G,0.2705,0.01838143405621518
1:65557448,1,65557448,A,G,0.2515,-0.0026334360937811637
1:65564146,1,65564146,A,G,0.47399998,-0.014081176484037615
1:65626103,1,65626103,A,G,0.3595,-0.007093273938191581
1:65651054,1,65651054,A,G,0.24650002,-0.005467393365358978
1:65658414,1,65658414,A,G,0.34500003,0.015685393833782837
1:65682868,1,65682868,A,G,0.426,0.011230036328879549
1:65702371,1,65702371,A,G,0.21600002,-0.0022931213223748277
1:65732490,1,65732490,A,G,0.25449997,0.006636724797523979
1:65749278,1,65749278,A,G,0.32599998,-0.008540897328798454
1:65755572,1,65755572,A,G,0.3265,0.001959281639044063
1:65777504,1,65777504,A,G,0.121500015,0.005306786112637567
1:65812634,1,65812634,A,G,0.26450002,0.0070042127260464436
1:65818321,1,65818321,A,G,0.167,0.003622669704635512
1:65825273,1,65825273,A,G,0.48000002,0.013710411518624325
1:65829276,1,65829276,A,G,0.286,0.0016195926873229774
1:65829578,1,65829578,A,G,0.40499997,-0.009347239412156183
1:65856751,1,65856751,A,G,0.06550002,-0.0014315302732883291
1:65954739,1,65954739,A,G,0.20499998,-0.009642970253354673
1:65969099,1,65969099,A,G,0.13499999,-0.007997657281593842
1:65972087,1,65972087,A,G,0.2055,-0.0017300039813944136
1:66006682,1,66006682,A,G,0.42299998,-0.007684244956625372
1:66009352,1,66009352,A,G,0.49550003,0.0143274151600361
1:66088430,1,66088430,A,G,0.4555,-0.00048143724645973503
1:66109356,1,66109356,A,G,0.11049998,0.002451139779013843
1:66120561,1,66120561,A,G,0.17799997,0.0056212193072777
1:66128720,1,66128720,A,G,0.353,0.007504402176658453
1:66134856,1,66134856,A,G,0.14600003,-0.0026965559876492786
1:66146941,1,66146941,A,G,0.08899999,-0.0006534775791696047
1:66183388,1,66183388,A,G,0.48299998,0.0008981968115132718
1:66190033,1,66190033,A,G,0.19050002,-0.006280167551352946
1:66209792,1,66209792,A,G,0.23549998,0.00039276858123594353
1:66268269,1,66268269,A,G,0.17549998,-0.0012639765017442848
1:66277349,1,66277349,A,G,0.19749999,0.007567555850497514
1:66290436,1,66290436,A,G,0.4925,-0.011032240127077696
1:66293901,1,66293901,A,G,0.1365,-0.0007714970253751035
1:66298693,1,66298693,A,G,0.272,-0.00226301623624196
1:66318091,1,66318091,A,G,0.37699997,0.018085245359246587
1:66329076,1,66329076,A,G,0.15100002,0.006643347023799069
1:66331073,1,66331073,A,G,0.357,0.0071936602090807355
1:66346144,1,66346144,A,G,0.325,-0.006686733566053503
1:66359477,1,66359477,A,G,0.481,0.013804333902907582
1:66360177,1,66360177,A,G,0.24550003,0.004295928185283201
1:66371731,1,66371731,A,G,0.19450003,-0.004345259951974271
1:66374126,1,66374126,A,G,0.1925,0.003563745070648783
1:66385641,1,66385641,A,G,0.22350001,0.003074185305853646
1:66401386,1,66401386,A,G,0.06349999,-0.0038974613823204375
1:66447110,1,66447110,A,G,0.14649999,0.004034475299619353
1:66469097,1,66469097,A,G,0.09350002,0.0037997318511910614
1:66475937,1,66475937,A,G,0.459,0.0015156973973533318
1:66500569,1,66500569,A,G,0.088,-0.0006914473859291292
1:66575222,1,66575222,A,G,0.208,-0.007991965993946772
1:66607762,1,66607762,A,G,0.14700001,-0.006064856687582723
1:66626363,1,66626363,A,G,0.35500002,-0.002268415379225243
1:66627398,1,66627398,A,G,0.18849999,-0.008083817603260036
1:66633033,1,66633033,A,G,0.051500022,-0.0070337859468380115
1:66653417,1,66653417,A,G,0.4615,0.004351946825251708
1:66657979,1,66657979,A,G,0.32599998,-0.0003440857535616284
1:66689169,1,66689169,A,G,0.049000025,-0.0063069979094862285
1:66729566,1,66729566,A,G,0.36949998,0.011423607757170605
1:66772798,1,66772798,A,G,0.13800001,-0.007844658861206511
1:66777437,1,66777437,A,G,0.4985,0.008852602528794579
1:66799469,1,66799469,A,G,0.2745,0.0047984956460194435
1:66834973,1,66834973,A,G,0.1415,-0.0016414781498084712
1:66880549,1,66880549,A,G,0.056500018,0.0008945876535858743
1:66907756,1,66907756,A,G,0.061500013,0.01318883729138359
1:66927750,1,66927750,A,G,0.05949998,0.0057994641872685946
1:66974035,1,66974035,A,G,0.064499974,-0.01149339278794751
1:66977551,1,66977551,A,G,0.30299997,-0.004227955604297507
1:66984431,1,66984431,A,G,0.4195,0.006812595087368431
1:66994947,1,66994947,A,G,0.2295,-0.009732442971541959
1:67001667,1,67001667,A,G,0.20349997,0.010682730539752798
1:67007552,1,67007552,A,G,0.10399997,-0.000329687454741509
1:67009690,1,67009690,A,G,0.0485,-0.004280044923883303
1:67042894,1,67042894,A,G,0.49800003,0.010717359654234263
1:67066689,1,67066689,A,G,0.24400002,0.0024931452228411756
1:67073773,1,67073773,A,G,0.37849998,0.01358046141519478
1:67084286,1,67084286,A,G,0.43300003,-0.0005511057228671736
1:67105584,1,67105584,A,G,0.12800002,-0.010511783249881732
1:67113003,1,67113003,A,G,0.16049999,-0.007932799383347034
1:67154340,1,67154340,A,G,0.269,-0.004318104807215165
1:67157849,1,67157849,A,G,0.167,0.0024616425795463614
1:67185083,1,67185083,A,G,0.074500024,-0.0014181427768562393
1:67201058,1,67201058,A,G,0.46749997,-0.00026860431631355985
1:67209599,1,67209599,A,G,0.14850003,-0.008941005151981814
1:67225604,1,67225604,A,G,0.07800001,-0.00667721279117178
1:67227699,1,67227699,A,G,0.23400003,0.006476270718060484
1:67256610,1,67256610,A,G,0.427,0.009511400706016582
1:67284076,1,67284076,A,G,0.1275,0.0012304127706136067
1:67342647,1,67342647,A,G,0.24699998,-0.001843667538264456
1:67354165,1,67354165,A,G,0.1505,-0.0013579639756489436
1:67399863,1,67399863,A,G,0.426,0.003799659097182432
1:67404928,1,67404928,A,G,0.302,-0.004428497728052557
1:67411051,1,67411051,A,G,0.30949998,0.007156102338020736
1:67480481,1,67480481,A,G,0.394,-0.001381778096101696
1:67487904,1,67487904,A,G,0.48549998,-0.000842533732445452
1:67499584,1,67499584,A,G,0.101499975,-0.002684431329432228
1:67506575,1,67506575,A,G,0.44849998,-0.004919678792021563
1:67511984,1,67511984,A,G,0.25300002,-0.008972895706728648
1:67530145,1,67530145,A,G,0.33749998,-0.020297226904280378
1:67552810,1,67552810,A,G,0.4195,0.011493833011094216
1:67606427,1,67606427,A,G,0.18699998,-0.00842275971108312
1:67607728,1,67607728,A,G,0.4525,0.002930292936451832
1:67615318,1,67615318,A,G,0.35799998,0.0010819302453108153
1:67642499,1,67642499,A,G,0.17449999,-0.004375019971651435
1:67658104,1,67658104,A,G,0.48000002,0.004569907021797497
1:67667846,1,67667846,A,G,0.087499976,-0.0013290329982909516
1:67744470,1,67744470,A,G,0.3125,-0.008722095374612706
1:67758015,1,67758015,A,G,0.049000025,0.004013402075126823
1:67775191,1,67775191,A,G,0.08850002,-0.006144488555418508
1:67792894,1,67792894,A,G,0.11400002,-0.0010636119376985487
1:67800622,1,67800622,A,G,0.4655,-0.0034804421503240508
1:67808898,1,67808898,A,G,0.30549997,0.007157498555619229
1:67812527,1,67812527,A,G,0.20300001,-0.0019718434223208736
1:67853613,1,67853613,A,G,0.222,0.002194750268745487
1:67873130,1,67873130,A,G,0.40850002,0.0029485435210272596
1:67886432,1,67886432,A,G,0.291,-0.005531276817838411
1:67908966,1,67908966,A,G,0.05949998,0.011077982810290236
1:67917166,1,67917166,A,G,0.41000003,-0.0015792004467294468
1:67922033,1,67922033,A,G,0.27749997,0.0007720293328408501
1:67925917,1,67925917,A,G,0.15149999,-0.003302351412038063
1:67951051,1,67951051,A,G,0.3445,-0.007183076709709266
1:67973510,1,67973510,A,G,0.28100002,-0.008263311001276087
1:67980387,1,67980387,A,G,0.144,-0.0025551001321610146
1:68028979,1,68028979,A,G,0.333,-0.005145385817519133
1:68080113,1,68080113,A,G,0.32349998,-0.0007848577045082077
1:68082046,1,68082046,A,G,0.47000003,-0.006540259194405121
1:68098986,1,68098986,A,G,0.1555,-0.002048683175574193
1:68105395,1,68105395,A,G,0.277,0.006523746278711165
1:68120795,1,68120795,A,G,0.19,-0.0036543067021568565
1:68126346,1,68126346,A,G,0.19950002,0.0066379950894318715
1:68168487,1,68168487,A,G,0.2765,-0.00019868006514629625
1:68181512,1,68181512,A,G,0.376,-0.001091746240484974
1:68208442,1,68208442,A,G,0.319,-0.0005485911359270155
1:68209365,1,68209365,A,G,0.10750002,-0.0035253684624474467
1:68227908,1,68227908,A,G,0.46899998,0.008443015914264823
1:68233770,1,68233770,A,G,0.39450002,0.0032390745569862937
1:68255981,1,68255981,A,G,0.2975,-0.0027155887287807516
1:68304750,1,68304750,A,G,0.12400001,0.003145118707888965
1:68315726,1,68315726,A,G,0.12599999,0.0006718922576974318
1:68374763,1,68374763,A,G,0.17299998,0.0026000171361502612
1:68393247,1,68393247,A,G,0.4515,0.008867126024233885
1:68394025,1,68394025,A,G,0.12699997,-0.007777605842020125
1:68446633,1,68446633,A,G,0.351,0.009358617658987666
1:68452892,1,68452892,A,G,0.34399998,0.00018434811074481399
1:68488769,1,68488769,A,G,0.10699999,-0.0010162467507724598
1:68493687,1,68493687,A,G,0.3775,-0.011264235537037233
1:68529723,1,68529723,A,G,0.25849998,0.0023295858269817425
1:68532151,1,68532151,A,G,0.25599998,-0.010026016958192826
1:68546053,1,68546053,A,G,0.054499984,0.0015263647398877673
1:68574554,1,68574554,A,G,0.4525,0.00296808219631735
1:68587633,1,68587633,A,G,0.353,-0.0028841304220434414
1:68599552,1,68599552,A,G,0.3315,0.005190436217492181
1:68602416,1,68602416,A,G,0.21499997,-0.008991832898350385
1:68660195,1,68660195,A,G,0.3875,0.0061913146768882675
1:68667107,1,68667107,A,G,0.4185,-0.0008240549072433151
1:68802304,1,68802304,A,G,0.24849999,0.002862127313065026
1:68841330,1,68841330,A,G,0.306,-0.02095497361066694
1:68860662,1,68860662,A,G,0.16600001,-0.003401814754446471
1:68870234,1,68870234,A,G,0.20700002,-0.015566977790857731
1:68894683,1,68894683,A,G,0.26200002,0.012498266097801433
1:68903156,1,68903156,A,G,0.351,-0.01019626941762134
1:68914333,1,68914333,A,G,0.4845,0.004576722882282578
1:68958260,1,68958260,A,G,0.101499975,0.00329359128737888
1:68967862,1,68967862,A,G,0.2935,-0.01233857081164748
1:68979793,1,68979793,A,G,0.32050002,0.005914372565355309
1:68985201,1,68985201,A,G,0.412,0.0015252459142895333
1:68997671,1,68997671,A,G,0.449,-0.0006980182034689635
1:69019570,1,69019570,A,G,0.35399997,0.001986733481435051
1:69036581,1,69036581,A,G,0.13200003,-0.0030150160644172174
1:69055695,1,69055695,A,G,0.36549997,-0.0021804888301816877
1:69056103,1,69056103,A,G,0.3175,-0.0018324901983766107
1:69056628,1,69056628,A,G,0.49650002,0.007212560864775561
1:69058767,1,69058767,A,G,0.48549998,-0.015648621545700125
1:69058878,1,69058878,A,G,0.29400003,-0.0023356956916894688
1:69062974,1,69062974,A,G,0.43550003,0.00399103321998994
1:69069691,1,69069691,A,G,0.060000002,-0.003210139367945706
1:69070842,1,69070842,A,G,0.473,-0.003807251048815487
1:69071030,1,69071030,A,G,0.4785,-0.015172222998395563
1:69111189,1,69111189,A,G,0.49199998,0.004036195066770908
1:69144713,1,69144713,A,G,0.39600003,-0.00033896069860654807
1:69170639,1,69170639,A,G,0.13999999,0.00526136770429137
1:69185063,1,69185063,A,G,0.4935,0.0029820778849656646
1:69217407,1,69217407,A,G,0.2665,-0.0030765309767371895
1:69297235,1,69297235,A,G,0.25599998,-0.006326408734706074
1:69334165,1,69334165,A,G,0.058000028,0.0024725543612141823
1:69353567,1,69353567,A,G,0.204,-0.015060090022855816
1:69397492,1,69397492,A,G,0.1735,-0.01659993323691958
1:69426201,1,69426201,A,G,0.255,-0.006424845498902943
1:69437341,1,69437341,A,G,0.15100002,-0.0009973178102798178
1:69441079,1,69441079,A,G,0.24800003,-0.00336024301682324
1:69448632,1,69448632,A,G,0.118499994,-0.011108408327813093
1:69472864,1,69472864,A,G,0.46100003,0.007565063313834811
1:69475475,1,69475475,A,G,0.343,0.019520987260354998
1:69518246,1,69518246,A,G,0.49800003,0.0020884338643632743
1:69537253,1,69537253,A,G,0.049000025,0.004613701647361037
1:69551131,1,69551131,A,G,0.45850003,0.006264092143031992
1:69562617,1,69562617,A,G,0.088,0.0010785275171651492
1:69577530,1,69577530,A,G,0.3905,0.0025514179214889314
1:69583833,1,69583833,A,G,0.477,-0.006177193074010121
1:69623584,1,69623584,A,G,0.12449998,0.008393890790001956
1:69678980,1,69678980,A,G,0.49049997,-0.002079116579244555
1:69739573,1,69739573,A,G,0.2715,0.0114970947556149
1:69748794,1,69748794,A,G,0.199,0.019525992071282805
1:69778860,1,69778860,A,G,0.4135,0.0007582759817798437
1:69790584,1,69790584,A,G,0.425,0.004360420118845651
1:69800141,1,69800141,A,G,0.411,-0.006931629071026663
1:69825072,1,69825072,A,G,0.3265,-0.004449050296819503
1:69863928,1,69863928,A,G,0.18699998,-0.006966541297365188
1:69872507,1,69872507,A,G,0.17150003,0.0012457248664382884
1:69913667,1,69913667,A,G,0.16149998,0.0035774591018421114
1:69953045,1,69953045,A,G,0.12800002,-0.0011716442298243905
1:69963055,1,69963055,A,G,0.23000002,0.0040417665869069514
1:69974934,1,69974934,A,G,0.44849998,0.011648658872353354
1:69996622,1,69996622,A,G,0.4815,-0.008752498564234906
1:70001236,1,70001236,A,G,0.35650003,-0.007834594888695751
1:70001343,1,70001343,A,G,0.11799997,-0.0043308028309459075
1:70009468,1,70009468,A,G,0.3495,0.0013446824905752445
1:70009957,1,70009957,A,G,0.1735,-0.0025882624067816917
1:70016225,1,70016225,A,G,0.3855,-0.010745557169264458
1:70036965,1,70036965,A,G,0.14749998,0.0073020170995083495
1:70047064,1,70047064,A,G,0.1365,0.0020507739181103227
1:70065016,1,70065016,A,G,0.3505,0.005106964999658305
1:70098340,1,70098340,A,G,0.3485,0.010868320563308682
1:70180505,1,70180505,A,G,0.13099998,-0.0004586775608174564
1:70189956,1,70189956,A,G,0.2795,-0.008633021303202018
1:70199795,1,70199795,A,G,0.4365,0.007521632867966924
1:70231816,1,70231816,A,G,0.365,0.01445768952054021
1:70253176,1,70253176,A,G,0.37300003,-0.011953103775131976
1:70286690,1,70286690,A,G,0.39999998,0.01113393490744095
1:70314093,1,70314093,A,G,0.213,0.001065122187014721
1:70318881,1,70318881,A,G,0.148,0.007539185648853808
1:70321748,1,70321748,A,G,0.35750002,-0.0018985490919987689
1:70337893,1,70337893,A,G,0.40899998,-0.0002754389049972867
1:70348119,1,70348119,A,G,0.48000002,-0.01211275340330148
1:70366046,1,70366046,A,G,0.4005,0.0018788637207246756
1:70373773,1,70373773,A,G,0.19999999,0.004412037852437762
1:70379074,1,70379074,A,G,0.274,-0.005617443909448178
1:70393186,1,70393186,A,G,0.40399998,-0.010778160901657605
1:70399935,1,70399935,A,G,0.28350002,-0.014657830491026837
1:70503914,1,70503914,A,G,0.30650002,-0.006969609396282014
1:70542237,1,70542237,A,G,0.47500002,-0.001821640430854055
1:70560221,1,70560221,A,G,0.476,-0.0050084756290207175
1:70605470,1,70605470,A,G,0.4095,-0.005268344262674505
1:70612022,1,70612022,A,G,0.41750002,-0.012545118123103677
1:70635602,1,70635602,A,G,0.17400002,-0.005522272370367009
1:70638666,1,70638666,A,G,0.30949998,0.01600261718075124
1:70665075,1,70665075,A,G,0.27600002,0.013217670433630846
1:70706571,1,70706571,A,G,0.06550002,0.0018611005690837724
1:70721465,1,70721465,A,G,0.41649997,-0.013566399355475134
1:70721475,1,70721475,A,G,0.195,0.009656642879760972
1:70734519,1,70734519,A,G,0.44950002,0.007831287127755273
1:70760252,1,70760252,A,G,0.32,0.002842412791782424
1:70775209,1,70775209,A,G,0.394,-0.002769814754719623
1:70781142,1,70781142,A,G,0.27350003,0.003015175138043538
1:70790127,1,70790127,A,G,0.14600003,0.008078990220817919
1:70797889,1,70797889,A,G,0.4245,0.00664148506986144
1:70805041,1,70805041,A,G,0.42400002,0.01854252775826322
1:70860063,1,70860063,A,G,0.37949997,-0.0017839014997086894
1:70873921,1,70873921,A,G,0.16149998,-0.017721494531071018
1:70897828,1,70897828,A,G,0.27499998,-0.01189113251660931
1:70931592,1,70931592,A,G,0.18599999,0.008275872657696198
1:70941843,1,70941843,A,G,0.32200003,0.004406237124059621
1:70943107,1,70943107,A,G,0.30949998,-0.004471951452232264
1:70972909,1,70972909,A,G,0.1415,-0.00034013657690692094
1:70977317,1,70977317,A,G,0.33350003,-0.0066502012009070945
1:70995267,1,70995267,A,G,0.055999994,-0.0041259672016584845
1:71009244,1,71009244,A,G,0.07849997,0.0004845046058560904
1:71015994,1,71015994,A,G,0.13450003,-0.0011967797000996855
1:71020011,1,71020011,A,G,0.306,-0.00490386938037926
1:71021807,1,71021807,A,G,0.394,-0.005229646503291224
1:71086131,1,71086131,A,G,0.416,-0.005745964669374378
1:71087567,1,71087567,A,G,0.17949998,-0.0002724811246687984
1:71098149,1,71098149,A,G,0.21499997,-0.005613734551147051
1:71140329,1,71140329,A,G,0.148,0.00011605219168043213
1:71178893,1,71178893,A,G,0.06999999,-0.0006381572123171243
1:71209538,1,71209538,A,G,0.2435,0.01293101575763791
1:71214088,1,71214088,A,G,0.3085,0.00023307456090242696
1:71226788,1,71226788,A,G,0.454,0.019076799492878566
1:71240344,1,71240344,A,G,0.365,-0.005786697049890887
1:71244179,1,71244179,A,G,0.49199998,-0.008333857982281949
1:71247151,1,71247151,A,G,0.18300003,0.007018045125669082
1:71275365,1,71275365,A,G,0.4105,-0.00041375509352712916
1:71297756,1,71297756,A,G,0.3075,-0.00467619529902768
1:71335021,1,71335021,A,G,0.17799997,0.006803988520481877
1:71370811,1,71370811,A,G,0.1555,-0.0013680053443354426
1:71389515,1,71389515,A,G,0.17049998,0.01429641499007515
1:71415951,1,71415951,A,G,0.476,0.00979121993920115
1:71425913,1,71425913,A,G,0.061500013,0.005757631240512451
1:71433525,1,71433525,A,G,0.454,0.0009604387195790554
1:71450612,1,71450612,A,G,0.407,-0.004490047978689216
1:71531066,1,71531066,A,G,0.30650002,0.012879801977405953
1:71531240,1,71531240,A,G,0.43699998,-0.0042793909517657965
1:71537555,1,71537555,A,G,0.069000006,0.00012887464960121794
1:71572023,1,71572023,A,G,0.28750002,-0.01491925240162754
1:71572283,1,71572283,A,G,0.18300003,0.004619791851023851
1:71582312,1,71582312,A,G,0.05250001,-0.009310935823754678
1:71619444,1,71619444,A,G,0.32450002,-0.015494232395616096
1:71619649,1,71619649,A,G,0.36,-0.004943802656086958
1:71626427,1,71626427,A,G,0.315,-0.0052102387898783796
1:71648035,1,71648035,A,G,0.24900001,0.0009691860455380779
1:71709885,1,71709885,A,G,0.4185,0.02279243391450913
1:71719011,1,71719011,A,G,0.21700001,-0.006566011532141037
1:71766558,1,71766558,A,G,0.337,-0.014129694210486607
1:71766716,1,71766716,A,G,0.49400002,-0.01576801986079864
1:71769894,1,71769894,A,G,0.43,0.01219068863271319
1:71772619,1,71772619,A,G,0.3625,0.00908716738904947
1:71797347,1,71797347,A,G,0.3495,-0.0026507301494883883
1:71819940,1,71819940,A,G,0.42049998,0.003882398849799132
1:71829507,1,71829507,A,G,0.12650001,-0.012824851625251632
1:71873677,1,71873677,A,G,0.075999975,0.007831958780726971
1:71894821,1,71894821,A,G,0.14999998,-0.001230553809084425
1:71964785,1,71964785,A,G,0.379,-0.007468067158642273
1:72010924,1,72010924,A,G,0.393,-0.001921457562985375
1:72017912,1,72017912,A,G,0.060500026,0.0036755618679934765
1:72045465,1,72045465,A,G,0.07999998,0.0036686206939820078
1:72073915,1,72073915,A,G,0.4885,0.007794910714900193
1:72079674,1,72079674,A,G,0.27499998,0.016509074769006385
1:72098769,1,72098769,A,G,0.314,-0.013549516442258214
1:72112226,1,72112226,A,G,0.3025,-0.020042536491793186
1:72141526,1,72141526,A,G,0.49699998,-0.0002884751321726345
1:72164958,1,72164958,A,G,0.12050003,-0.011395721882611209
1:72193786,1,72193786,A,G,0.33600003,-0.01964449802394866
1:72216607,1,72216607,A,G,0.08350003,0.01123702691377196
1:72225799,1,72225799,A,G,0.273,-0.004248580498455134
1:72258399,1,72258399,A,G,0.265,-0.0083215101388059
1:72294638,1,72294638,A,G,0.17949998,0.000738067063442908
1:72325957,1,72325957,A,G,0.2435,0.0024957284007979
1:72347196,1,72347196,A,G,0.3535,-0.006028533663563929
1:72350549,1,72350549,A,G,0.436,0.004015478095707427
1:72405855,1,72405855,A,G,0.41399997,0.0030479042783704063
1:72410437,1,72410437,A,G,0.311,0.0065076468035358236
1:72412985,1,72412985,A,G,0.462,-0.0017424229658081559
1:72429250,1,72429250,A,G,0.37449998,0.006087723141795679
1:72456282,1,72456282,A,G,0.43949997,-0.0015222772568594613
1:72465295,1,72465295,A,G,0.22100002,-0.0013246379446861783
1:72487615,1,72487615,A,G,0.353,0.01437765368367711
1:72506527,1,72506527,A,G,0.06999999,0.0015691789839866982
1:72507734,1,72507734,A,G,0.486,-0.005486486593133966
1:72548972,1,72548972,A,G,0.342,0.007644004109662904
1:72554180,1,72554180,A,G,0.4185,-0.0026144376044886786
1:72555306,1,72555306,A,G,0.29650003,0.0036044297727814666
1:72562039,1,72562039,A,G,0.055000007,-0.005080694750177634
1:72571675,1,72571675,A,G,0.282,0.00031613429519684324
1:72586912,1,72586912,A,G,0.351,0.004449407508560142
1:72613246,1,72613246,A,G,0.086000025,0.014572801182406154
1:72641275,1,72641275,A,G,0.09100002,-0.00037772432477665963
1:72648935,1,72648935,A,G,0.0765,0.0020555704353563335
1:72668142,1,72668142,A,G,0.101499975,-0.006190214552987773
1:72739626,1,72739626,A,G,0.31849998,0.010873399286375443
1:72759217,1,72759217,A,G,0.43150002,0.006581287218423755
1:72764243,1,72764243,A,G,0.26849997,-0.026831278171450982
1:72789685,1,72789685,A,G,0.40850002,0.006156580490934274
1:72807713,1,72807713,A,G,0.204,-0.007434527884984382
1:72846445,1,72846445,A,G,0.426,0.005061132792687487
1:72851398,1,72851398,A,G,0.120000005,0.0003310945063969871
1:72888142,1,72888142,A,G,0.3215,-0.008752258227245622
1:72892047,1,72892047,A,G,0.27499998,0.006444200351071682
1:72894132,1,72894132,A,G,0.08249998,-0.0061396240718490595
1:72931049,1,72931049,A,G,0.13700002,-0.0002428645877868707
1:72999163,1,72999163,A,G,0.272,-0.016008142300454255
1:73007750,1,73007750,A,G,0.40499997,-0.0016984110771123705
1:73111161,1,73111161,A,G,0.44599998,0.001841365913535934
1:73135853,1,73135853,A,G,0.38099998,-0.009552479915056441
1:73143587,1,73143587,A,G,0.15750003,-0.0015963070034484082
1:73150360,1,73150360,A,G,0.092999995,-0.005645670594248015
1:73190815,1,73190815,A,G,0.2805,0.018475399784807015
1:73195233,1,73195233,A,G,0.20499998,0.0055442943091585815
1:73199976,1,73199976,A,G,0.31050003,-0.014240408407900996
1:73204794,1,73204794,A,G,0.21350002,0.014012596045194415
1:73205956,1,73205956,A,G,0.20749998,0.005571596655102844
1:73208493,1,73208493,A,G,0.46600002,3.646359043250612e-05
1:73214390,1,73214390,A,G,0.36650002,-0.004322802715548517
1:73248218,1,73248218,A,G,0.348,0.004065215758949085
1:73263377,1,73263377,A,G,0.116,-0.009393397030878705
1:73317579,1,73317579,A,G,0.20599997,0.009902594202551351
1:73378189,1,73378189,A,G,0.384,-0.004548655029594669
1:73380136,1,73380136,A,G,0.2975,-0.0103168112364911
1:73390511,1,73390511,A,G,0.273,-0.002646375966392952
1:73418979,1,73418979,A,G,0.454,0.002522961738831391
1:73422992,1,73422992,A,G,0.09200001,-0.006478515359617396
1:73476577,1,73476577,A,G,0.121500015,0.008316181863005473
1:73506851,1,73506851,A,G,0.30650002,-0.0038945496619238623
1:73537405,1,73537405,A,G,0.213,0.0076531205403703355
1:73545311,1,73545311,A,G,0.26950002,-0.010946054790056808
1:73548875,1,73548875,A,G,0.324,-0.012306870233448897
1:73574242,1,73574242,A,G,0.11549997,-0.0009847714795317346
1:73581517,1,73581517,A,G,0.16250002,-0.0019559503852508817
1:73603368,1,73603368,A,G,0.29149997,-0.0065719301498154145
1:73619290,1,73619290,A,G,0.14200002,0.004757304715083975
1:73657759,1,73657759,A,G,0.4195,0.007816943116170767
1:73658411,1,73658411,A,G,0.38,-0.003912763693757152
1:73663900,1,73663900,A,G,0.27899998,-0.006311843170692806
1:73665033,1,73665033,A,G,0.26200002,0.009299436507749784
1:73678497,1,73678497,A,G,0.44349998,0.0030004322878078287
1:73684581,1,73684581,A,G,0.393,0.004695640813413521
1:73701775,1,73701775,A,G,0.07200003,-0.0037736374061077766
1:73706384,1,73706384,A,G,0.16250002,-0.005211857684462828
1:73741007,1,73741007,A,G,0.083000004,-0.0025410250448236653
1:73746505,1,73746505,A,G,0.4985,-0.0008918017650498544
1:73788020,1,73788020,A,G,0.22899997,-0.0029137008765862844
1:73790800,1,73790800,A,G,0.10900003,-0.007021367979461913
1:73798007,1,73798007,A,G,0.20249999,0.004947621787445036
1:73808609,1,73808609,A,G,0.495,-0.0005456799354099526
1:73823166,1,73823166,A,G,0.125,-0.007014074371036384
1:73851336,1,73851336,A,G,0.2195,-0.007688802886386841
1:73963365,1,73963365,A,G,0.1685,-0.011336903930066358
1:73976083,1,73976083,A,G,0.42299998,-0.00016334859473250436
1:73985778,1,73985778,A,G,0.07200003,0.002237283466028326
1:73991664,1,73991664,A,G,0.478,-0.012247749717091264
1:74002593,1,74002593,A,G,0.403,-0.005723428718100049
1:74006538,1,74006538,A,G,0.22250003,0.0036200216098357936
1:74023415,1,74023415,A,G,0.44,0.009101336062026413
1:74042570,1,74042570,A,G,0.254,0.012028006063244487
1:74042971,1,74042971,A,G,0.19199997,0.005190787056606425
1:74044639,1,74044639,A,G,0.24400002,-0.002110460574974447
1:74052986,1,74052986,A,G,0.42799997,0.012255270842623197
1:74062622,1,74062622,A,G,0.30900002,0.0146896409810609
1:74080003,1,74080003,A,G,0.1415,-0.003777568875220673
1:74085475,1,74085475,A,G,0.08950001,0.0013378378863335707
1:74087005,1,74087005,A,G,0.34750003,-0.006873973457133392
1:74090305,1,74090305,A,G,0.4015,0.013195473728783106
1:74092761,1,74092761,A,G,0.425,-0.01504161695301137
1:74099472,1,74099472,A,G,0.42900002,0.004227191629749863
1:74144520,1,74144520,A,G,0.26,-0.0020674202670129408
1:74149771,1,74149771,A,G,0.24849999,0.001988081702854122
1:74154765,1,74154765,A,G,0.49650002,-0.003103485593245445
1:74170048,1,74170048,A,G,0.46899998,0.011097071828190176
1:74193474,1,74193474,A,G,0.394,-0.013604564731330517
1:74282742,1,74282742,A,G,0.2575,0.012362431249369728
1:74304907,1,74304907,A,G,0.49199998,0.006009589967226463
1:74313641,1,74313641,A,G,0.23449999,0.0024172681522336035
1:74380341,1,74380341,A,G,0.36949998,-0.014264198817660586
1:74412558,1,74412558,A,G,0.16049999,-0.00043256634612645986
1:74488798,1,74488798,A,G,0.4135,0.007262893101305852
1:74504215,1,74504215,A,G,0.4365,-0.008442650779965378
1:74504738,1,74504738,A,G,0.28149998,-0.004076886395399135
1:74531077,1,74531077,A,G,0.30049998,0.0040247527395259166
1:74583312,1,74583312,A,G,0.4795,8.017677714374394e-06
1:74588686,1,74588686,A,G,0.134,0.0057443251277026494
1:74607931,1,74607931,A,G,0.2905,-0.005366414624554625
1:74614056,1,74614056,A,G,0.3125,-0.015444864321745586
1:74645630,1,74645630,A,G,0.416,0.0021187120109434953
1:74652024,1,74652024,A,G,0.40399998,-0.01957618382974112
1:74705450,1,74705450,A,G,0.32349998,-0.017926490009169398
1:74712741,1,74712741,A,G,0.118499994,0.012022607942803213
1:74741150,1,74741150,A,G,0.22649997,0.0019413822424062346
1:74765360,1,74765360,A,G,0.09649998,-0.0011901595018196816
1:74813559,1,74813559,A,G,0.114499986,-0.003806328231462193
1:74815223,1,74815223,A,G,0.16399997,0.0038558876268109505
1:74842173,1,74842173,A,G,0.194,0.00037799658026127915
1:74926169,1,74926169,A,G,0.2515,0.014467973566127671
1:74931501,1,74931501,A,G,0.3625,-0.004733460281646056
1:74936359,1,74936359,A,G,0.053499997,-0.0010141173000083445
1:74948995,1,74948995,A,G,0.43699998,-0.0063253457128513825
1:74982356,1,74982356,A,G,0.49949998,0.0038517758963245116
1:74993344,1,74993344,A,G,0.47100002,0.00899029575362637
1:75008149,1,75008149,A,G,0.22049999,0.00633070689629406
1:75012934,1,75012934,A,G,0.23000002,-0.0066323480491711
1:75013293,1,75013293,A,G,0.30049998,0.0036328354918756136
1:75057005,1,75057005,A,G,0.339,0.01098093992793099
1:75071231,1,75071231,A,G,0.15649998,0.0016699699567288555
1:75081233,1,75081233,A,G,0.36400002,0.006254014813830961
1:75092304,1,75092304,A,G,0.22049999,-0.010647043903481507
1:75092306,1,75092306,A,G,0.35500002,0.0020683997684558396
1:75094485,1,75094485,A,G,0.34649998,0.011771290112876793
1:75111484,1,75111484,A,G,0.050000012,0.004919594441035753
1:75134272,1,75134272,A,G,0.403,0.0005243014639804749
1:75142816,1,75142816,A,G,0.12199998,0.002823104816584918
1:75147627,1,75147627,A,G,0.4795,0.009523818357585078
1:75149844,1,75149844,A,G,0.2795,-0.008153649088839181
1:75169698,1,75169698,A,G,0.21499997,0.007940800810893297
1:75173085,1,75173085,A,G,0.09549999,0.008430025548250864
1:75176852,1,75176852,A,G,0.33850002,0.003856927083812869
1:75191988,1,75191988,A,G,0.213,0.012768779301466342
1:75211738,1,75211738,A,G,0.48549998,-0.006011225571114644
1:75230622,1,75230622,A,G,0.42650002,0.004344430720278809
1:75261978,1,75261978,A,G,0.110000014,0.0023391049619693864
1:75304675,1,75304675,A,G,0.25050002,-0.018438270251913472
1:75306160,1,75306160,A,G,0.25700003,-0.0027733264357345045
1:75356617,1,75356617,A,G,0.34249997,0.0008526933619308944
1:75386848,1,75386848,A,G,0.14450002,-0.010436815422416182
1:75412008,1,75412008,A,G,0.411,0.0026685229005762538
1:75415326,1,75415326,A,G,0.468,-0.017545357397311525
1:75421799,1,75421799,A,G,0.2745,-0.009250356045887906
1:75441965,1,75441965,A,G,0.487,0.0016954062944475874
1:75452393,1,75452393,A,G,0.194,-0.007030905582130547
1:75460975,1,75460975,A,G,0.2105,0.015060748792653676
1:75488206,1,75488206,A,G,0.411,0.009341877933559312
1:75495045,1,75495045,A,G,0.24949998,-0.011835763433484825
1:75495234,1,75495234,A,G,0.17699999,-0.001345291356568963
1:75524263,1,75524263,A,G,0.18550003,0.010694871374071534
1:75530793,1,75530793,A,G,0.403,-0.0049399272774270165
1:75532174,1,75532174,A,G,0.32599998,0.01241151682298283
1:75533886,1,75533886,A,G,0.385,0.0044053749262971354
1:75542705,1,75542705,A,G,0.232,-0.007587364010476588
1:75543475,1,75543475,A,G,0.45349997,0.0011625197004610111
1:75559980,1,75559980,A,G,0.458,0.012519717018898133
1:75566276,1,75566276,A,G,0.055999994,-0.003920556022358619
1:75575550,1,75575550,A,G,0.21649998,-0.000259316987288196
1:75589338,1,75589338,A,G,0.08350003,-0.0044835792812602596
1:75594879,1,75594879,A,G,0.15600002,-0.0054991514961804
1:75623581,1,75623581,A,G,0.4755,0.005112533081225383
1:75628657,1,75628657,A,G,0.4735,0.002571207145458377
1:75643943,1,75643943,A,G,0.07700002,0.00037728135600030474
1:75655175,1,75655175,A,G,0.060000002,0.007905665980365994
1:75656765,1,75656765,A,G,0.35799998,0.0044460756253219946
1:75677303,1,75677303,A,G,0.134,0.005014344600653588
1:75759564,1,75759564,A,G,0.05250001,2.1699723199439696e-05
1:75761696,1,75761696,A,G,0.4225,-0.002879988853832204
1:75779043,1,75779043,A,G,0.22399998,-0.0003258767023875794
1:75785789,1,75785789,A,G,0.25849998,0.007781645700372823
1:75814821,1,75814821,A,G,0.08899999,0.008737416616092822
1:75899394,1,75899394,A,G,0.25449997,-0.00954185724384227
1:75900554,1,75900554,A,G,0.357,-0.004671101838406234
1:75900630,1,75900630,A,G,0.194,0.014224489986517931
1:75902245,1,75902245,A,G,0.3995,0.0058902903491785145
1:75912073,1,75912073,A,G,0.351,-0.0040224514565611125
1:75935098,1,75935098,A,G,0.25050002,0.0028380035401110414
1:75968555,1,75968555,A,G,0.2795,0.000846432556064944
1:75996189,1,75996189,A,G,0.11900002,0.0017740117175764883
1:75998647,1,75998647,A,G,0.43300003,0.0021252194486429525
1:76039129,1,76039129,A,G,0.4515,0.003432258441079837
1:76070914,1,76070914,A,G,0.22750002,0.004076416476719549
1:76085631,1,76085631,A,G,0.343,0.006020307476282006
1:76106219,1,76106219,A,G,0.374,-0.0025110401234178623
1:76107469,1,76107469,A,G,0.44199997,-0.013811876316390423
1:76113336,1,76113336,A,G,0.3855,0.010040133210284782
1:76116476,1,76116476,A,G,0.27350003,-0.004782526685942954
1:76123518,1,76123518,A,G,0.37800002,0.0017657155510503294
1:76151697,1,76151697,A,G,0.4565,0.003424773405920583
1:76152969,1,76152969,A,G,0.273,0.004752887288154078
1:76165879,1,76165879,A,G,0.10049999,0.009484790818786202
1:76176891,1,76176891,A,G,0.4045,-0.003370273350904511
1:76204646,1,76204646,A,G,0.3765,0.012053192184750412
1:76210813,1,76210813,A,G,0.18049997,-0.004584654985299018
1:76241447,1,76241447,A,G,0.301,0.004196138928811902
1:76246547,1,76246547,A,G,0.070500016,0.0006069022931817924
1:76288118,1,76288118,A,G,0.2605,-0.008920224155408496
1:76294530,1,76294530,A,G,0.22100002,0.010691129067767834
1:76294552,1,76294552,A,G,0.16299999,-0.009296239258211084
1:76301165,1,76301165,A,G,0.12800002,0.0037880715396373587
1:76321232,1,76321232,A,G,0.19199997,-0.0036360284575215067
1:76350219,1,76350219,A,G,0.44199997,-0.004222212290099258
1:76351078,1,76351078,A,G,0.2705,0.004374766114753206
1:76362382,1,76362382,A,G,0.14200002,-0.0024064513734214704
1:76386966,1,76386966,A,G,0.43449998,0.0048825584083915805
1:76415032,1,76415032,A,G,0.1695,-0.011145401734473884
1:76423688,1,76423688,A,G,0.402,-0.010785404832725247
1:76531659,1,76531659,A,G,0.060000002,-0.0012993041068526591
1:76586436,1,76586436,A,G,0.42799997,-0.012816348689163462
1:76591882,1,76591882,A,G,0.291,-0.0030799934500812254
1:76599401,1,76599401,A,G,0.4105,0.008479187513726177
1:76630656,1,76630656,A,G,0.204,-0.0019209490966705868
1:76655128,1,76655128,A,G,0.42150003,-0.013165775350676274
1:76658630,1,76658630,A,G,0.365,0.001137069860794982
1:76666405,1,76666405,A,G,0.088,-0.004217424786212673
1:76705259,1,76705259,A,G,0.06550002,-0.007172022757836889
1:76716231,1,76716231,A,G,0.195,-0.000514548022226348
1:76737384,1,76737384,A,G,0.069000006,-0.005803604990095607
1:76767937,1,76767937,A,G,0.06699997,-0.0019610311307230338
1:76776653,1,76776653,A,G,0.2195,0.018697711102253437
1:76794549,1,76794549,A,G,0.15850002,-0.0045497239541830055
1:76795292,1,76795292,A,G,0.17150003,0.008030946492843092
1:76795464,1,76795464,A,G,0.23150003,0.010945012384384873
1:76796918,1,76796918,A,G,0.08399999,-0.004683856626595115
1:76802239,1,76802239,A,G,0.33499998,0.0013241889271734851
1:76818040,1,76818040,A,G,0.19550002,-0.009735712450354605
1:76835155,1,76835155,A,G,0.41250002,0.007853762087234666
1:76885982,1,76885982,A,G,0.472,-0.005641878120173086
1:76893498,1,76893498,A,G,0.22899997,-0.0016362518910099432
1:76914301,1,76914301,A,G,0.36949998,0.0042755351080685025
1:76934009,1,76934009,A,G,0.17699999,0.0032918734149600583
1:76961280,1,76961280,A,G,0.4015,0.0006462925591476071
1:76989725,1,76989725,A,G,0.36949998,-0.0029494939966550164
1:77031057,1,77031057,A,G,0.157,-0.0062540311582681175
1:77055614,1,77055614,A,G,0.25,-0.010299125599410135
1:77064526,1,77064526,A,G,0.403,-0.0023257911220259516
1:77066033,1,77066033,A,G,0.357,0.005956295993001925
1:77076111,1,77076111,A,G,0.061999977,0.004032911565210696
1:77138705,1,77138705,A,G,0.05699998,0.00043219326933870416
1:77139898,1,77139898,A,G,0.40899998,0.012474495725522464
1:77141180,1,77141180,A,G,0.21649998,-0.002204531810252763
1:77170268,1,77170268,A,G,0.28649998,0.011036947724406321
1:77183766,1,77183766,A,G,0.496,0.010903638529461399
1:77189211,1,77189211,A,G,0.11250001,0.012763492986985538
1:77198716,1,77198716,A,G,0.05949998,0.0019299433113939995
1:77202070,1,77202070,A,G,0.12449998,-0.005000188987578493
1:77209214,1,77209214,A,G,0.4145,0.017950217036647547
1:77219672,1,77219672,A,G,0.1325,-0.0015179516118240595
1:77264089,1,77264089,A,G,0.291,-0.008353638809727008
1:77273676,1,77273676,A,G,0.4045,0.010720835206890727
1:77275699,1,77275699,A,G,0.4425,0.014558923945681833
1:77277158,1,77277158,A,G,0.15249997,-0.00922121663044056
1:77309809,1,77309809,A,G,0.444,0.004256793693303978
1:77337556,1,77337556,A,G,0.4955,-0.0009972104141051973
1:77344058,1,77344058,A,G,0.49550003,-0.008631321227721409
1:77347389,1,77347389,A,G,0.4565,-0.004787105541952011
1:77411195,1,77411195,A,G,0.08350003,-0.007274468521564855
1:77456783,1,77456783,A,G,0.34249997,-0.006493002330673428
1:77457398,1,77457398,A,G,0.24049997,-0.003423947329393497
1:77462429,1,77462429,A,G,0.16399997,-0.0083966895906438
1:77498464,1,77498464,A,G,0.18550003,0.005720605163537908
1:77510794,1,77510794,A,G,0.46749997,-0.008862104752313589
1:77540510,1,77540510,A,G,0.49650002,0.003752732604598542
1:77566144,1,77566144,A,G,0.110000014,-0.015492970331369054
1:77582732,1,77582732,A,G,0.1455,0.01418914943717047
1:77620694,1,77620694,A,G,0.47000003,4.995111370568615e-06
1:77620711,1,77620711,A,G,0.31699997,-0.00017023721163254556
1:77632266,1,77632266,A,G,0.38050002,0.0006235560800286078
1:77633092,1,77633092,A,G,0.18,-0.005993088175440625
1:77647697,1,77647697,A,G,0.16649997,-0.00288741408049921
1:77652170,1,77652170,A,G,0.25300002,-0.0014845624910307883
1:77678180,1,77678180,A,G,0.22600001,-0.005292052277432103
1:77688895,1,77688895,A,G,0.48549998,-0.016011055669837886
1:77696864,1,77696864,A,G,0.11900002,-0.0021530825438923844
1:77707326,1,77707326,A,G,0.4795,0.010202884963190665
1:77729133,1,77729133,A,G,0.45099998,0.011995612148134554
1:77734508,1,77734508,A,G,0.325,-0.016528126086592713
1:77745412,1,77745412,A,G,0.20899999,-0.002449415226576816
1:77751355,1,77751355,A,G,0.3725,0.015348834260584875
1:77752209,1,77752209,A,G,0.25050002,0.0028618001948179273
1:77782639,1,77782639,A,G,0.21100003,0.002238986758270825
1:77809460,1,77809460,A,G,0.20050001,-0.008025245132283521
1:77822270,1,77822270,A,G,0.096000016,0.004833999254995759
1:77827226,1,77827226,A,G,0.254,0.0024313083011883656
1:77840867,1,77840867,A,G,0.171,-0.002533817247432282
1:77842161,1,77842161,A,G,0.06349999,0.003759021949784642
1:77859105,1,77859105,A,G,0.16549999,-0.016082923853963142
1:77870421,1,77870421,A,G,0.16000003,-0.000768787795557421
1:77882248,1,77882248,A,G,0.194,-0.01283007629902478
1:77897543,1,77897543,A,G,0.4895,-0.005624211556437379
1:77906502,1,77906502,A,G,0.4415,0.005875401199735586
1:77921523,1,77921523,A,G,0.06349999,-0.0010595026666843927
1:77934718,1,77934718,A,G,0.14450002,0.0016614877442017722
1:77937328,1,77937328,A,G,0.25300002,0.004842629519718307
1:77960089,1,77960089,A,G,0.17400002,-0.0027368973076341814
1:77973012,1,77973012,A,G,0.21499997,-0.003887634612738732
1:77982668,1,77982668,A,G,0.40600002,-0.0038033113935084916
1:77998329,1,77998329,A,G,0.29650003,-0.0021456508144900703
1:78014807,1,78014807,A,G,0.263,0.0010257722303480172
1:78021861,1,78021861,A,G,0.265,0.005300474569906547
1:78037949,1,78037949,A,G,0.19300002,-0.004963454559131389
1:78039490,1,78039490,A,G,0.14200002,-0.001055612613883394
1:78107942,1,78107942,A,G,0.13950002,-0.004191082849349915
1:78110974,1,78110974,A,G,0.40899998,0.004914544610096032
1:78113714,1,78113714,A,G,0.13999999,-0.00928230269510792
1:78119051,1,78119051,A,G,0.464,-0.015067024687084577
1:78127619,1,78127619,A,G,0.24000001,0.001495383259461561
1:78140534,1,78140534,A,G,0.2995,3.791383125185995e-05
1:78147797,1,78147797,A,G,0.30699998,0.0026536921853914865
1:78164454,1,78164454,A,G,0.204,0.006438608624034378
1:78262146,1,78262146,A,G,0.46499997,-0.003573152853482155
1:78308333,1,78308333,A,G,0.2855,0.0007932531552265574
1:78326928,1,78326928,A,G,0.44700003,-0.006981555144419952
1:78350879,1,78350879,A,G,0.28100002,0.0023210864563819964
1:78369649,1,78369649,A,G,0.052999973,0.0011804126364415312
1:78384477,1,78384477,A,G,0.058000028,0.0007810420978365125
1:78414096,1,78414096,A,G,0.18800002,0.002851307648160311
1:78427657,1,78427657,A,G,0.42000002,0.0018619357272176634
1:78445366,1,78445366,A,G,0.16600001,0.01331307357924897
1:78483722,1,78483722,A,G,0.24800003,0.013807285418738668
1:78500948,1,78500948,A,G,0.12849998,-0.008748488362629588
1:78502807,1,78502807,A,G,0.37699997,0.007978560480946214
1:78507231,1,78507231,A,G,0.3825,-0.005173371195191543
1:78510012,1,78510012,A,G,0.43199998,-0.01480298860855712
1:78535843,1,78535843,A,G,0.2195,-0.0010604199375991816
1:78542652,1,78542652,A,G,0.4845,-0.0016427322841446872
1:78547324,1,78547324,A,G,0.45450002,-0.0072875120237671205
1:78550239,1,78550239,A,G,0.25199997,-0.007441396033880865
1:78566366,1,78566366,A,G,0.4105,-0.01184356029673848
1:78645388,1,78645388,A,G,0.22000003,-0.008412869261598125
1:78649102,1,78649102,A,G,0.38099998,-0.007208347475303053
1:78665232,1,78665232,A,G,0.22299999,0.002565595326391909
1:78703072,1,78703072,A,G,0.16149998,0.0032504085357904365
1:78725275,1,78725275,A,G,0.38300002,-0.0016312201008123815
1:78733131,1,78733131,A,G,0.4835,0.016120133691397767
1:78742440,1,78742440,A,G,0.388,-0.004394906801920189
1:78774892,1,78774892,A,G,0.497,-0.012886539236562203
1:78795079,1,78795079,A,G,0.4745,-0.0015881050955202825
1:78797827,1,78797827,A,G,0.23900002,0.010280942287464184
1:78815703,1,78815703,A,G,0.2795,-0.0022463508055073573
1:78826935,1,78826935,A,G,0.12849998,-0.003562636494983092
1:78839576,1,78839576,A,G,0.25700003,-0.004937878038961221
1:78846397,1,78846397,A,G,0.3865,0.0057569833374665385
1:78877828,1,78877828,A,G,0.28500003,-0.01931750188177941
1:78881541,1,78881541,A,G,0.4985,-0.0013092383488671252
1:78888399,1,78888399,A,G,0.08899999,-0.005163069528940614
1:78911294,1,78911294,A,G,0.28899997,0.004083622390146955
1:78929434,1,78929434,A,G,0.3025,-0.015345911497076483
1:78931276,1,78931276,A,G,0.11900002,0.000596024896442877
1:78981712,1,78981712,A,G,0.41649997,0.0028365303552569557
1:78987339,1,78987339,A,G,0.412,0.0013895226516699225
1:78998741,1,78998741,A,G,0.43699998,-0.005969911590453011
1:79018914,1,79018914,A,G,0.46899998,0.008735278804885525
1:79061848,1,79061848,A,G,0.374,0.00010885198971843896
1:79108266,1,79108266,A,G,0.47149998,-0.005379938895225897
1:79110217,1,79110217,A,G,0.07499999,-0.011445955673703621
1:79140166,1,79140166,A,G,0.23449999,0.01535098926003687
1:79146439,1,79146439,A,G,0.17750001,-0.011736204640496229
1:79157204,1,79157204,A,G,0.39749998,-0.01654172322643441
1:79165064,1,79165064,A,G,0.17900002,0.004658169869342927
1:79214743,1,79214743,A,G,0.3125,-0.009026566932067395
1:79232917,1,79232917,A,G,0.2065,-0.003470147095653719
1:79243801,1,79243801,A,G,0.37849998,0.0026120688700027738
1:79322731,1,79322731,A,G,0.30150002,-0.009646416749596591
1:79348897,1,79348897,A,G,0.24049997,0.004033302265844768
1:79357217,1,79357217,A,G,0.11750001,0.0032414095945153803
1:79367899,1,79367899,A,G,0.11400002,-0.0033392312299331314
1:79394365,1,79394365,A,G,0.394,-0.010213362461599486
1:79452961,1,79452961,A,G,0.058000028,-0.004140978214402786
1:79491183,1,79491183,A,G,0.23900002,-0.009727089286925098
1:79491893,1,79491893,A,G,0.3765,0.009202450437622842
1:79521700,1,79521700,A,G,0.22149998,0.01315703742080696
1:79534579,1,79534579,A,G,0.3485,0.011281581470406216
1:79538532,1,79538532,A,G,0.3905,0.0078054628894804684
1:79540081,1,79540081,A,G,0.445,0.0015112687802705605
1:79549362,1,79549362,A,G,0.14499998,0.007810615212402693
1:79557592,1,79557592,A,G,0.33850002,0.008060788953878417
1:79569120,1,79569120,A,G,0.319,-0.01431535769954059
1:79590439,1,79590439,A,G,0.263,-0.0075756371286008675
1:79594424,1,79594424,A,G,0.23549998,0.007915390793692858
1:79601872,1,79601872,A,G,0.4245,-0.005532655551455785
1:79612818,1,79612818,A,G,0.13700002,0.00455909199469111
1:79638836,1,79638836,A,G,0.4195,-0.0021973086234610404
1:79655366,1,79655366,A,G,0.086000025,-0.0036367198012507407
1:79659373,1,79659373,A,G,0.287,-0.00582462799822694
1:79673899,1,79673899,A,G,0.13950002,0.005703328103748995
1:79688896,1,79688896,A,G,0.25550002,-0.0002901490309090579
1:79690287,1,79690287,A,G,0.272,0.00613866671345679
1:79723878,1,79723878,A,G,0.38099998,-0.005920240126319495
1:79757502,1,79757502,A,G,0.13800001,0.01215794720472755
1:79790595,1,79790595,A,G,0.19849998,-0.005850194587671601
1:79837565,1,79837565,A,G,0.302,0.010503813884695762
1:79852158,1,79852158,A,G,0.39249998,0.003136465693141933
1:79885560,1,79885560,A,G,0.31199998,0.0007654992601166413
1:79890014,1,79890014,A,G,0.38450003,-0.01525332231804399
1:79908992,1,79908992,A,G,0.315,0.00014035143340032
1:79916796,1,79916796,A,G,0.47100002,0.0047094073985406715
1:79945267,1,79945267,A,G,0.348,0.0004340894974534843
1:80021415,1,80021415,A,G,0.20599997,0.006237769578392661
1:80074929,1,80074929,A,G,0.102999985,0.007734583217972338
1:80097618,1,80097618,A,G,0.36400002,-0.005291818556994354
1:80123511,1,80123511,A,G,0.46649998,-0.002348413831183157
1:80137649,1,80137649,A,G,0.26849997,0.0033254028436738342
1:80155333,1,80155333,A,G,0.101499975,-0.01046006367459753
1:80170223,1,80170223,A,G,0.19199997,0.006421212056751331
1:80183227,1,80183227,A,G,0.21350002,-0.0024257271787160068
1:80197727,1,80197727,A,G,0.116999984,-0.008183360127061041
1:80213173,1,80213173,A,G,0.19300002,-0.007263602279807512
1:80218638,1,80218638,A,G,0.4365,-0.001915449901021002
1:80235128,1,80235128,A,G,0.19349998,0.007165140456324805
1:80235675,1,80235675,A,G,0.47899997,0.0068059457015723504
1:80244868,1,80244868,A,G,0.19700003,0.0019690094186875953
1:80246176,1,80246176,A,G,0.0995,0.0028143298238713734
1:80256455,1,80256455,A,G,0.416,-0.013715416615242365
1:80286598,1,80286598,A,G,0.10750002,-0.0014932215520997627
1:80320157,1,80320157,A,G,0.054499984,-0.01228667528915102
1:80337040,1,80337040,A,G,0.2575,0.011421344145178666
1:80390653,1,80390653,A,G,0.43949997,-0.016349160054303192
1:80411178,1,80411178,A,G,0.2935,0.0020857963361294294
1:80440555,1,80440555,A,G,0.4525,-0.0005242070221108638
1:80472703,1,80472703,A,G,0.4525,0.014695907502992486
1:80480037,1,80480037,A,G,0.08649999,0.0028740793233458036
1:80497274,1,80497274,A,G,0.08200002,-0.002269895647747842
1:80535970,1,80535970,A,G,0.18300003,-0.009566393765157298
1:80539719,1,80539719,A,G,0.43449998,0.00429683931661923
1:80545600,1,80545600,A,G,0.28899997,0.0029746063905069595
1:80558428,1,80558428,A,G,0.4835,0.004303470320463492
1:80566549,1,80566549,A,G,0.19199997,-0.00399185623826854
1:80610415,1,80610415,A,G,0.25449997,-0.0010397223346094323
1:80705120,1,80705120,A,G,0.07249999,0.00019386493512630723
1:80716716,1,80716716,A,G,0.4565,0.00806774770040914
1:80720177,1,80720177,A,G,0.110000014,0.005423196166300502
1:80733259,1,80733259,A,G,0.496,0.003602155491882519
1:80768648,1,80768648,A,G,0.18449998,0.00020750683344926307
1:80807021,1,80807021,A,G,0.49,-0.0019997632384878465
1:80813045,1,80813045,A,G,0.34350002,-0.0189785576045024
1:80831681,1,80831681,A,G,0.31449997,-0.016272744532157084
1:80835434,1,80835434,A,G,0.10399997,0.007007036728486676
1:80836397,1,80836397,A,G,0.09399998,0.001416420558757037
1:80846039,1,80846039,A,G,0.1645,0.004717190933983927
1:80846201,1,80846201,A,G,0.194,0.005594206005702438
1:80875918,1,80875918,A,G,0.33999997,-0.004006488372500242
1:80884101,1,80884101,A,G,0.111500025,0.008310772887541798
1:80890202,1,80890202,A,G,0.38349998,-0.012513085661767271
1:80908855,1,80908855,A,G,0.07999998,0.0075722468120337765
1:80925518,1,80925518,A,G,0.42049998,0.005399862278787482
1:80946129,1,80946129,A,G,0.44349998,8.137266709637785e-05
1:80947293,1,80947293,A,G,0.44550002,-0.003953896213230411
1:80954885,1,80954885,A,G,0.25050002,-0.00738688572770285
1:80975217,1,80975217,A,G,0.11400002,-0.0015564094679127753
1:81022005,1,81022005,A,G,0.27249998,-0.004907446196396698
1:81036162,1,81036162,A,G,0.4095,0.0033943749513618776
1:81052419,1,81052419,A,G,0.17000002,0.003814683854738563
1:81061140,1,81061140,A,G,0.36400002,-0.00454212563956038
1:81079561,1,81079561,A,G,0.058000028,-0.006217184642350968
1:81121403,1,81121403,A,G,0.399,0.005800116460657934
1:81132211,1,81132211,A,G,0.13499999,-0.007040317871357446
1:81133958,1,81133958,A,G,0.491,0.013511974219732603
1:81143015,1,81143015,A,G,0.3075,-5.870226574104296e-05
1:81173012,1,81173012,A,G,0.20200002,0.004155534140554568
1:81193129,1,81193129,A,G,0.371,0.008574228784836109
1:81200126,1,81200126,A,G,0.20249999,-0.003332806106760796
1:81216091,1,81216091,A,G,0.356,-0.007371629460346589
1:81242299,1,81242299,A,G,0.176,0.004554402236337527
1:81248173,1,81248173,A,G,0.43400002,0.005440578080980375
1:81250938,1,81250938,A,G,0.482,-0.003083546852672833
1:81251089,1,81251089,A,G,0.357,0.003864876061997608
1:81252250,1,81252250,A,G,0.29549998,-0.001962508624296518
1:81266263,1,81266263,A,G,0.24699998,-0.00019137958577187646
1:81272709,1,81272709,A,G,0.485,-0.017397818963808282
1:81354906,1,81354906,A,G,0.25300002,0.014013067026625622
1:81428040,1,81428040,A,G,0.4225,0.002118589982604181
1:81447633,1,81447633,A,G,0.049000025,-0.004404091733659637
1:81467081,1,81467081,A,G,0.4515,-0.0007755259073661085
1:81483153,1,81483153,A,G,0.21649998,-0.011837564299496043
1:81485806,1,81485806,A,G,0.16750002,0.0010781233621926472
1:81500099,1,81500099,A,G,0.1225,5.046603851776515e-05
1:81501372,1,81501372,A,G,0.069000006,-0.0008818744834352669
1:81503617,1,81503617,A,G,0.46600002,-0.0038758417482808697
1:81510679,1,81510679,A,G,0.185,-0.002766267818659441
1:81550309,1,81550309,A,G,0.45349997,-0.00937307145094121
1:81560165,1,81560165,A,G,0.26749998,-0.00010460039370264081
1:81576053,1,81576053,A,G,0.49400002,0.0018194722650232027
1:81597127,1,81597127,A,G,0.35500002,-0.010056503428525387
1:81602414,1,81602414,A,G,0.102999985,0.005232381387264969
1:81610373,1,81610373,A,G,0.185,-0.006282606110673729
1:81638281,1,81638281,A,G,0.463,-0.006005564292265927
1:81688738,1,81688738,A,G,0.24800003,-0.003521502861259453
1:81718172,1,81718172,A,G,0.07950002,0.00855917706529979
1:81743036,1,81743036,A,G,0.20450002,0.00908980276859048
1:81752860,1,81752860,A,G,0.4365,-0.005760551044771176
1:81756930,1,81756930,A,G,0.4995,0.0024895956744360012
1:81806562,1,81806562,A,G,0.073000014,0.007796732759544547
1:81831757,1,81831757,A,G,0.26849997,0.007539742464827644
1:81861169,1,81861169,A,G,0.16799998,9.790881071016039e-05
1:81861232,1,81861232,A,G,0.4595,-0.009488080816040616
1:81882259,1,81882259,A,G,0.23949999,0.008683918168160594
1:81942766,1,81942766,A,G,0.4835,0.016830516687472166
1:81949125,1,81949125,A,G,0.325,-0.005821961827186365
1:81955632,1,81955632,A,G,0.47149998,0.023066318091400025
1:82008892,1,82008892,A,G,0.46850002,-0.002302344793089869
1:82009391,1,82009391,A,G,0.0905,-0.0008552157259447643
1:82030460,1,82030460,A,G,0.1325,0.0021161959876316964
1:82039029,1,82039029,A,G,0.16250002,-0.007062696680122933
1:82051236,1,82051236,A,G,0.27999997,0.005757469632120634
1:82054817,1,82054817,A,G,0.15399998,-0.0025611408094809484
1:82058637,1,82058637,A,G,0.45450002,0.0014161004110860302
1:82061829,1,82061829,A,G,0.12199998,0.0006485719635108433
1:82096676,1,82096676,A,G,0.116,0.0009249345724532122
1:82102992,1,82102992,A,G,0.12349999,-0.0032666683565229756
1:82117697,1,82117697,A,G,0.264,-0.0016170104473241496
1:82125255,1,82125255,A,G,0.07550001,-0.0025272271449438156
1:82129605,1,82129605,A,G,0.353,-0.003283341498635168
1:82158289,1,82158289,A,G,0.16549999,0.003381753757010087
1:82162145,1,82162145,A,G,0.45700002,-0.004299554813164813
1:82162635,1,82162635,A,G,0.120000005,0.00504823121297399
1:82164889,1,82164889,A,G,0.081499994,-0.0002856152943568389
1:82181047,1,82181047,A,G,0.24800003,0.004057863272305305
1:82184133,1,82184133,A,G,0.12349999,0.0027060516274085298
1:82226580,1,82226580,A,G,0.43199998,-0.0058125666504030915
1:82235367,1,82235367,A,G,0.30699998,0.0016290566651200472
1:82245260,1,82245260,A,G,0.273,0.0016742304673219971
1:82249314,1,82249314,A,G,0.41900003,0.011654776733623312
1:82323320,1,82323320,A,G,0.35650003,0.00046545896115612813
1:82335424,1,82335424,A,G,0.051999986,-0.0013491007489726235
1:82358283,1,82358283,A,G,0.3455,-0.006276989341690795
1:82384529,1,82384529,A,G,0.35000002,-0.0011621152939836701
1:82396203,1,82396203,A,G,0.123000026,0.0025659953113273673
1:82405139,1,82405139,A,G,0.3735,-0.001802666259631342
1:82418649,1,82418649,A,G,0.499,0.010765546781146015
1:82424161,1,82424161,A,G,0.19550002,0.004429347846584157
1:82430198,1,82430198,A,G,0.06300002,-0.005273921533395947
1:82434204,1,82434204,A,G,0.42650002,-0.01169364597696983
1:82438367,1,82438367,A,G,0.14999998,-0.004683483141740965
1:82438758,1,82438758,A,G,0.3995,0.0076217619623348215
1:82450686,1,82450686,A,G,0.25,-0.0015669653186994273
1:82537518,1,82537518,A,G,0.476,0.0019077444997443788
1:82559573,1,82559573,A,G,0.4795,-0.00027345208970215335
1:82562816,1,82562816,A,G,0.22100002,-0.001231178506391403
1:82568905,1,82568905,A,G,0.48549998,0.006402952277464589
1:82572230,1,82572230,A,G,0.078999996,-6.898692030679934e-06
1:82630637,1,82630637,A,G,0.3255,0.004659170264265511
1:82632530,1,82632530,A,G,0.34600002,-0.0022637030870817716
1:82649049,1,82649049,A,G,0.24150002,-0.0009762524838778018
1:82649492,1,82649492,A,G,0.34500003,0.004571090551419374
1:82664493,1,82664493,A,G,0.18199998,-0.007940539529314021
1:82707003,1,82707003,A,G,0.069000006,-0.0035574187438834576
1:82716911,1,82716911,A,G,0.44300002,-0.011090228262622554
1:82773487,1,82773487,A,G,0.19300002,0.004777511215104293
1:82795009,1,82795009,A,G,0.12349999,0.0048475965297979165
1:82822507,1,82822507,A,G,0.13,0.006307145933982208
1:82832588,1,82832588,A,G,0.40899998,0.00956373988586556
1:82892080,1,82892080,A,G,0.078999996,0.007296247695948848
1:82896668,1,82896668,A,G,0.2975,-0.015962459397080343
1:82913878,1,82913878,A,G,0.116999984,0.005024776610495775
1:82932419,1,82932419,A,G,0.343,-0.012986816887586568
1:82959737,1,82959737,A,G,0.412,-0.005074809170942219
1:82972374,1,82972374,A,G,0.305,-0.002089851820610847
1:82974993,1,82974993,A,G,0.324,-0.011012517730682568
1:83011542,1,83011542,A,G,0.301,0.006786762430502676
1:83022131,1,83022131,A,G,0.32450002,-0.01097016857726669
1:83027289,1,83027289,A,G,0.14649999,-0.008163147720422205
1:83031558,1,83031558,A,G,0.3265,-0.0016843513803540826
1:83050482,1,83050482,A,G,0.3995,-0.017998553848630004
1:83055485,1,83055485,A,G,0.4135,-0.0007078664867763734
1:83110765,1,83110765,A,G,0.06999999,-0.005073995372039552
1:83122311,1,83122311,A,G,0.23699999,0.004223798921773388
1:83139153,1,83139153,A,G,0.21399999,0.0019136669494907383
1:83144762,1,83144762,A,G,0.48150003,-0.003163033657200181
1:83149787,1,83149787,A,G,0.3365,-0.005879752356652463
1:83163964,1,83163964,A,G,0.273,-0.007207397260309537
1:83173419,1,83173419,A,G,0.48299998,-0.0015311088547224829
1:83261654,1,83261654,A,G,0.14200002,-0.010313760396585952
1:83267947,1,83267947,A,G,0.21499997,0.001986093078480184
1:83269227,1,83269227,A,G,0.3485,0.01576303490919694
1:83273069,1,83273069,A,G,0.27600002,0.0036437214268361926
1:83375338,1,83375338,A,G,0.34600002,0.00012845871349816755
1:83428996,1,83428996,A,G,0.388,-0.009852140961398349
1:83463151,1,83463151,A,G,0.37,-0.007752812315315951
1:83494667,1,83494667,A,G,0.36949998,0.010194339935260043
1:83548085,1,83548085,A,G,0.39249998,-0.009012388603121492
1:83624213,1,83624213,A,G,0.3815,0.005670523092778711
1:83629046,1,83629046,A,G,0.1415,-0.0008471680044557311
1:83649972,1,83649972,A,G,0.3355,-0.006636031618796618
1:83650854,1,83650854,A,G,0.3485,0.0004556207883554425
1:83665692,1,83665692,A,G,0.36900002,0.0018151769291687302
1:83667965,1,83667965,A,G,0.139,0.0072242593773824484
1:83692387,1,83692387,A,G,0.18400002,-0.0017710908116350971
1:83700526,1,83700526,A,G,0.39099997,0.004622458948741231
1:83713818,1,83713818,A,G,0.20899999,-0.006631551679824444
1:83719992,1,83719992,A,G,0.45749998,0.0166788420117684
1:83721516,1,83721516,A,G,0.11250001,0.0026815550213215565
1:83750881,1,83750881,A,G,0.13050002,-0.0028832536321530614
1:83752813,1,83752813,A,G,0.11949998,0.00851573875487151
1:83802797,1,83802797,A,G,0.19550002,0.0036177732138810846
1:83831438,1,83831438,A,G,0.48400003,0.01612232598467346
1:83836421,1,83836421,A,G,0.2335,-3.841500470075316e-05
1:83845478,1,83845478,A,G,0.25550002,0.006447359561009067
1:83860396,1,83860396,A,G,0.22049999,0.0012291401730901395
1:83930897,1,83930897,A,G,0.42799997,0.004951071784342599
1:83952231,1,83952231,A,G,0.23250002,-0.004596484273117391
1:83976174,1,83976174,A,G,0.41399997,-0.005361730743282009
1:83981637,1,83981637,A,G,0.2795,-0.0028456582839846856
1:84077468,1,84077468,A,G,0.16100001,-0.0028855903126492896
1:84078593,1,84078593,A,G,0.2385,-0.00475820190054084
1:84111130,1,84111130,A,G,0.236,0.00820706176025967
1:84123280,1,84123280,A,G,0.16049999,0.0123557957357026
1:84143435,1,84143435,A,G,0.094500005,-0.01346437708382498
1:84143762,1,84143762,A,G,0.45,0.000653310074362786
1:84159533,1,84159533,A,G,0.30299997,0.008702751446858396
1:84171703,1,84171703,A,G,0.15600002,-0.01972525396756359
1:84178656,1,84178656,A,G,0.23750001,-0.010437124148192613
1:84194704,1,84194704,A,G,0.337,0.015044500594686094
1:84212997,1,84212997,A,G,0.35900003,-0.0077639810961997865
1:84287148,1,84287148,A,G,0.29400003,-0.007515890391600486
1:84302961,1,84302961,A,G,0.14499998,-0.007701085668858542
1:84328142,1,84328142,A,G,0.110000014,-0.007478337246567147
1:84365164,1,84365164,A,G,0.07999998,-0.012878970269145964
1:84369523,1,84369523,A,G,0.09350002,-0.0006501933999061869
1:84370895,1,84370895,A,G,0.2065,0.006504292759125281
1:84380673,1,84380673,A,G,0.185,-0.009482025218356286
1:84388501,1,84388501,A,G,0.49150002,-0.010618255021498239
1:84399394,1,84399394,A,G,0.06800002,-0.0075780114443805375
1:84445005,1,84445005,A,G,0.33249998,-0.005561892268067151
1:84461359,1,84461359,A,G,0.2905,0.004764821525234363
1:84464769,1,84464769,A,G,0.11799997,0.004002919275160285
1:84483978,1,84483978,A,G,0.46649998,-0.00038698290399090667
1:84489184,1,84489184,A,G,0.425,0.004152356448666295
1:84504548,1,84504548,A,G,0.15600002,0.006951580274588978
1:84538836,1,84538836,A,G,0.17949998,0.0023234877072728323
1:84572349,1,84572349,A,G,0.14600003,-0.000635638452420543
1:84574186,1,84574186,A,G,0.20599997,0.0035618445297189096
1:84605488,1,84605488,A,G,0.17400002,-0.006383024300800096
1:84607465,1,84607465,A,G,0.14950001,-0.007659471812816435
1:84607828,1,84607828,A,G,0.26200002,-0.0014644715985908893
1:84629169,1,84629169,A,G,0.21600002,-0.0015586221855410452
1:84641192,1,84641192,A,G,0.2855,-0.000743249757253707
1:84648452,1,84648452,A,G,0.05250001,0.0018919481457425015
1:84656125,1,84656125,A,G,0.37800002,0.00980486534407291
1:84669147,1,84669147,A,G,0.46249998,0.0014496638534437112
1:84673575,1,84673575,A,G,0.47000003,-0.007836550875115561
1:84710224,1,84710224,A,G,0.15499997,0.0006135626926550198
1:84711897,1,84711897,A,G,0.20450002,0.0010740910213562994
1:84729604,1,84729604,A,G,0.4875,0.005070158329612175
1:84740097,1,84740097,A,G,0.1555,0.011944685330265103
1:84749484,1,84749484,A,G,0.26950002,0.02015438095746333
1:84758409,1,84758409,A,G,0.402,0.014004547487543364
1:84776776,1,84776776,A,G,0.07349998,-0.00541556681255907
1:84792531,1,84792531,A,G,0.09100002,0.0006215188141305062
1:84806840,1,84806840,A,G,0.14899999,-0.0024593101077990437
1:84823922,1,84823922,A,G,0.24199998,-0.0005078509486901036
1:84890727,1,84890727,A,G,0.051,-0.004420693290351174
1:84903514,1,84903514,A,G,0.22500002,-0.006044754920660082
1:84912634,1,84912634,A,G,0.11500001,0.002361717687077082
1:84924299,1,84924299,A,G,0.44550002,-0.004953582998044687
1:84928458,1,84928458,A,G,0.27899998,-0.0033794716212628352
1:84938506,1,84938506,A,G,0.0855,0.0013035856206067092
1:85021708,1,85021708,A,G,0.268,-0.0009834118428813023
1:85023492,1,85023492,A,G,0.26450002,-0.005180828192215426
1:85029728,1,85029728,A,G,0.17900002,-0.0018771868622393729
1:85050031,1,85050031,A,G,0.23549998,-0.00470521982008945
1:85072968,1,85072968,A,G,0.4895,-0.013066658720210693
1:85079012,1,85079012,A,G,0.16350001,0.006860562446461219
1:85103141,1,85103141,A,G,0.351,0.004097159440334987
1:85111892,1,85111892,A,G,0.3485,-0.0034854192764705375
1:85129375,1,85129375,A,G,0.227,0.0013399761533867552
1:85130441,1,85130441,A,G,0.46899998,0.020394702130716258
1:85138638,1,85138638,A,G,0.421,0.0014464802224288752
1:85157822,1,85157822,A,G,0.057500005,0.0027608713862719704
1:85180396,1,85180396,A,G,0.25700003,-0.010803713763193222
1:85183719,1,85183719,A,G,0.10699999,0.005686373167230177
1:85218478,1,85218478,A,G,0.171,-0.007542315878045361
1:85235671,1,85235671,A,G,0.15750003,0.013215227787345902
1:85241612,1,85241612,A,G,0.39450002,0.00013999382948494637
1:85244178,1,85244178,A,G,0.162,0.012052079998283116
1:85272770,1,85272770,A,G,0.4885,0.00657144020418716
1:85290436,1,85290436,A,G,0.10549998,0.0032360987936043187
1:85364162,1,85364162,A,G,0.24400002,0.005060846372483377
1:85382257,1,85382257,A,G,0.26599997,0.00041258781377102324
1:85388418,1,85388418,A,G,0.24900001,0.006590777274416467
1:85390465,1,85390465,A,G,0.097,0.004048887077456753
1:85407063,1,85407063,A,G,0.13749999,0.014410935136818504
1:85433014,1,85433014,A,G,0.28350002,-0.007240093632188512
1:85440591,1,85440591,A,G,0.42299998,-0.012045960651148983
1:85447810,1,85447810,A,G,0.36900002,-0.004198621119332513
1:85456970,1,85456970,A,G,0.29250002,0.013949500114318466
1:85518074,1,85518074,A,G,0.5,-0.0008838336606915913
1:85561924,1,85561924,A,G,0.3725,0.004011784273748896
1:85567157,1,85567157,A,G,0.4385,-0.01193929914164656
1:85588240,1,85588240,A,G,0.051500022,-0.0102788344731553
1:85604305,1,85604305,A,G,0.14050001,-0.005802697130913623
1:85607691,1,85607691,A,G,0.36949998,0.0016281631317867638
1:85641773,1,85641773,A,G,0.18049997,0.0006346898178952801
1:85652972,1,85652972,A,G,0.20999998,0.008165020518987641
1:85655048,1,85655048,A,G,0.319,-0.004920871346611564
1:85659136,1,85659136,A,G,0.287,-0.0027302823866640776
1:85661848,1,85661848,A,G,0.1555,-0.004878853204430059
1:85676089,1,85676089,A,G,0.42799997,-0.008025340464524482
1:85711045,1,85711045,A,G,0.33600003,0.011241959635860575
1:85749317,1,85749317,A,G,0.376,-0.00011262498236510559
1:85784032,1,85784032,A,G,0.417,-1.1294694593770884e-05
1:85808216,1,85808216,A,G,0.102999985,0.0029483523462406234
1:85871669,1,85871669,A,G,0.26749998,0.010221036238906373
1:85936030,1,85936030,A,G,0.092999995,-0.002265850431394365
1:85964889,1,85964889,A,G,0.07950002,0.004329887485513923
1:86012534,1,86012534,A,G,0.393,0.001996420394728889
1:86015966,1,86015966,A,G,0.42799997,0.011747582052496229
1:86017099,1,86017099,A,G,0.08499998,-0.0005771548746581656
1:86097819,1,86097819,A,G,0.4505,0.001960121727812638
1:86117866,1,86117866,A,G,0.18,-0.006133807211630818
1:86131990,1,86131990,A,G,0.362,-0.006218197210040608
1:86191494,1,86191494,A,G,0.371,-0.0001729943221622275
1:86205130,1,86205130,A,G,0.3445,0.015166252970674522
1:86247297,1,86247297,A,G,0.32,-0.010158968116579273
1:86279000,1,86279000,A,G,0.104499996,0.00664290085639444
1:86314162,1,86314162,A,G,0.0905,-0.00027674559549629367
1:86320219,1,86320219,A,G,0.110000014,-0.01549709482422387
1:86343265,1,86343265,A,G,0.4735,0.004292432560763615
1:86357459,1,86357459,A,G,0.13300002,-0.002318796873680992
1:86401500,1,86401500,A,G,0.10350001,-0.0012314893299951197
1:86404719,1,86404719,A,G,0.478,-0.005967066515028722
1:86405051,1,86405051,A,G,0.046500027,0.0015351006910108345
1:86437412,1,86437412,A,G,0.39749998,0.008810572091485143
1:86448550,1,86448550,A,G,0.436,-0.0034762774402485545
1:86461589,1,86461589,A,G,0.35149997,0.001744867096186843
1:86468895,1,86468895,A,G,0.4875,0.002985913772603511
1:86487704,1,86487704,A,G,0.208,-0.0027731452692568172
1:86490965,1,86490965,A,G,0.10049999,-0.015168881846694399
1:86534283,1,86534283,A,G,0.1685,-0.015354658561574844
1:86544586,1,86544586,A,G,0.097,0.005968328828010297
1:86578875,1,86578875,A,G,0.27499998,-0.0008084317369104307
1:86601595,1,86601595,A,G,0.48299998,-0.008997805326858281
1:86621345,1,86621345,A,G,0.26450002,-0.006357417187966343
1:86629055,1,86629055,A,G,0.19150001,-0.02078051858760374
1:86641504,1,86641504,A,G,0.44050002,0.017393943032852043
1:86654443,1,86654443,A,G,0.32450002,-0.0022829787785922655
1:86656823,1,86656823,A,G,0.46350002,0.008654398493940684
1:86674444,1,86674444,A,G,0.486,0.01185108165532124
1:86676454,1,86676454,A,G,0.4875,-0.007066239435079369
1:86687823,1,86687823,A,G,0.3645,0.004069983482317803
1:86708217,1,86708217,A,G,0.288,0.010936636234359056
1:86717650,1,86717650,A,G,0.14700001,0.006234277040203355
1:86743362,1,86743362,A,G,0.47500002,0.004027594909319645
1:86755841,1,86755841,A,G,0.27600002,-0.0042248857034050714
1:86756655,1,86756655,A,G,0.49449998,0.0030670029341725185
1:86783787,1,86783787,A,G,0.458,0.008691165898885085
1:86786818,1,86786818,A,G,0.2155,-0.01047843616535235
1:86787695,1,86787695,A,G,0.445,-0.008920044914194103
1:86808070,1,86808070,A,G,0.2845,-0.002726035196771584
1:86824768,1,86824768,A,G,0.407,0.0032905420794960057
1:86835362,1,86835362,A,G,0.25550002,0.0065484555400160075
1:86850025,1,86850025,A,G,0.4895,0.009075463459594035
1:86881846,1,86881846,A,G,0.231,0.0008242118429350418
1:86916567,1,86916567,A,G,0.10399997,0.0032431737233379675
1:86963180,1,86963180,A,G,0.4555,-0.01653492895148002
1:86966282,1,86966282,A,G,0.39499998,-0.004434237647112438
1:87030561,1,87030561,A,G,0.1135,-0.0069808461545115925
1:87087159,1,87087159,A,G,0.28500003,0.022504519501437933
1:87093474,1,87093474,A,G,0.3595,-0.007199018610640909
1:87094904,1,87094904,A,G,0.23449999,-0.005179727853608498
1:87132498,1,87132498,A,G,0.45349997,0.004871624497029033
1:87144026,1,87144026,A,G,0.4835,-0.0010376879312066036
1:87144165,1,87144165,A,G,0.4595,-0.0014576984310090007
1:87173139,1,87173139,A,G,0.311,-0.01611765384311956
1:87182131,1,87182131,A,G,0.25700003,-0.013403491381262605
1:87210745,1,87210745,A,G,0.306,0.004758039251077694
1:87217187,1,87217187,A,G,0.29149997,0.0007347975050237002
1:87220898,1,87220898,A,G,0.09200001,-0.00925512827036744
1:87255619,1,87255619,A,G,0.4095,0.00257599826464095
1:87318288,1,87318288,A,G,0.43300003,0.007128358227845452
1:87322333,1,87322333,A,G,0.3025,0.008979863719813085
1:87324861,1,87324861,A,G,0.06300002,0.003977519639690075
1:87338582,1,87338582,A,G,0.18449998,0.020720220747825677
1:87349432,1,87349432,A,G,0.100000024,0.0010996339532973645
1:87350523,1,87350523,A,G,0.48900002,0.009764728977678943
1:87384489,1,87384489,A,G,0.110000014,0.006579515243354451
1:87384553,1,87384553,A,G,0.087499976,-0.002358417377730949
1:87385782,1,87385782,A,G,0.28149998,-0.0165087001521286
1:87554947,1,87554947,A,G,0.07499999,0.0032594972251264722
1:87558295,1,87558295,A,G,0.33350003,0.007338424175567072
1:87580057,1,87580057,A,G,0.45749998,-0.004119348521795572
1:87588499,1,87588499,A,G,0.17199999,-3.1329383093667666e-06
1:87649203,1,87649203,A,G,0.45850003,0.004294732238991937
1:87655031,1,87655031,A,G,0.32999998,0.005790162908432538
1:87655396,1,87655396,A,G,0.11799997,-0.007950478765375451
1:87692769,1,87692769,A,G,0.347,0.002199144812756615
1:87697747,1,87697747,A,G,0.0625,0.00516986584937987
1:87729220,1,87729220,A,G,0.195,-0.00011377951888225175
1:87746643,1,87746643,A,G,0.056500018,-0.0029916695350325115
1:87753581,1,87753581,A,G,0.24000001,-0.002817405319790276
1:87763890,1,87763890,A,G,0.417,0.0027419727001860897
1:87764531,1,87764531,A,G,0.362,-0.013449825239615347
1:87767266,1,87767266,A,G,0.14349997,0.01079997972209481
1:87796278,1,87796278,A,G,0.1225,-0.006210571057965358
1:87818522,1,87818522,A,G,0.36299998,-0.009464846760214932
1:87859394,1,87859394,A,G,0.33499998,0.016871666604697265
1:87901551,1,87901551,A,G,0.118499994,0.0017901101960832548
1:87908342,1,87908342,A,G,0.357,-0.01271245593901934
1:87927857,1,87927857,A,G,0.39499998,-0.0018572363319929786
1:87929145,1,87929145,A,G,0.3875,0.0053371836858524535
1:87952702,1,87952702,A,G,0.23400003,0.006949356051388891
1:87979967,1,87979967,A,G,0.425,0.01408022146923284
1:87994961,1,87994961,A,G,0.20999998,-0.012011261859823798
1:88028616,1,88028616,A,G,0.3345,0.0038830401571865922
1:88055043,1,88055043,A,G,0.388,-0.0018313897331298746
1:88111970,1,88111970,A,G,0.36400002,3.8065441297306656e-05
1:88121123,1,88121123,A,G,0.204,0.019004551310814043
1:88132130,1,88132130,A,G,0.33350003,-0.004138382080766879
1:88132319,1,88132319,A,G,0.337,0.005091272101598413
1:88136248,1,88136248,A,G,0.1595,-0.0027223744706582893
1:88142227,1,88142227,A,G,0.064499974,-0.0043294469991707035
1:88146619,1,88146619,A,G,0.102,-0.0014035383878961566
1:88196599,1,88196599,A,G,0.06099999,-0.007018146919230499
1:88200461,1,88200461,A,G,0.17199999,0.00722992796104004
1:88213939,1,88213939,A,G,0.19999999,-0.007561856893419619
1:88225316,1,88225316,A,G,0.42799997,-0.021094018006683934
1:88238973,1,88238973,A,G,0.10799998,-0.0018661652984783145
1:88240466,1,88240466,A,G,0.1315,0.00020575502987694376
1:88334829,1,88334829,A,G,0.30949998,0.0006798126912844855
1:88353032,1,88353032,A,G,0.26599997,-0.0014439112911682741
1:88358552,1,88358552,A,G,0.4875,-0.015833837821718596
1:88362402,1,88362402,A,G,0.3955,0.006812737044946189
1:88362657,1,88362657,A,G,0.15750003,0.0034362076515736307
1:88409750,1,88409750,A,G,0.3625,0.00025993248071894684
1:88415356,1,88415356,A,G,0.15600002,0.005011987207505056
1:88494555,1,88494555,A,G,0.3345,0.0004474545412364457
1:88511759,1,88511759,A,G,0.070500016,0.006086602074505457
1:88589936,1,88589936,A,G,0.13950002,0.009493174219407947
1:88592878,1,88592878,A,G,0.09200001,0.002303989442992418
1:88635847,1,88635847,A,G,0.227,0.004789434208421252
1:88670889,1,88670889,A,G,0.297,0.0008582961494718763
1:88695126,1,88695126,A,G,0.1785,0.00040242151435664335
1:88720438,1,88720438,A,G,0.4595,-0.0026108681090386025
1:88726432,1,88726432,A,G,0.23949999,0.0010741787649490358
1:88762790,1,88762790,A,G,0.31550002,-0.00030624721824478525
1:88780368,1,88780368,A,G,0.23949999,-0.002981878481078352
1:88782880,1,88782880,A,G,0.44550002,-0.0019053194301856524
1:88785937,1,88785937,A,G,0.20999998,-0.0008019166147748061
1:88797489,1,88797489,A,G,0.45349997,-0.005684836730738696
1:88798297,1,88798297,A,G,0.394,-0.005080935213808107
1:88825084,1,88825084,A,G,0.08200002,0.007345566881402529
1:88826440,1,88826440,A,G,0.44700003,0.0076161068470512365
1:88833877,1,88833877,A,G,0.116999984,0.009752283561473627
1:88849482,1,88849482,A,G,0.06699997,0.0013531380395013894
1:88866218,1,88866218,A,G,0.1595,-0.021569106626946527
1:88866330,1,88866330,A,G,0.07999998,0.01092230937329669
1:88883976,1,88883976,A,G,0.342,-0.004184898462483154
1:88917676,1,88917676,A,G,0.2605,-0.0009473306750085887
1:88934080,1,88934080,A,G,0.277,0.006589924761136752
1:88997223,1,88997223,A,G,0.3035,0.0005965779227569075
1:89020625,1,89020625,A,G,0.27749997,-0.001337580020589008
1:89054635,1,89054635,A,G,0.477,0.011487091679951947
1:89067458,1,89067458,A,G,0.31550002,-0.0020008395518220684
1:89074838,1,89074838,A,G,0.28350002,-0.004279367026453868
1:89078940,1,89078940,A,G,0.22049999,0.014966348984444808
1:89079815,1,89079815,A,G,0.22649997,0.010250183542156701
1:89088494,1,89088494,A,G,0.49699998,-0.010810973953739925
1:89089997,1,89089997,A,G,0.045000017,0.008067673709291729
1:89097674,1,89097674,A,G,0.11400002,-0.0031691426255683257
1:89124712,1,89124712,A,G,0.1825,0.008411137666928439
1:89132961,1,89132961,A,G,0.41799998,0.013573544252870884
1:89148777,1,89148777,A,G,0.473,-0.00023095048483727415
1:89152743,1,89152743,A,G,0.07550001,-0.011753894230530137
1:89164253,1,89164253,A,G,0.14050001,0.005451295182083199
1:89165629,1,89165629,A,G,0.4385,0.009803117660207463
1:89178976,1,89178976,A,G,0.17000002,0.0049605189631655245
1:89191512,1,89191512,A,G,0.23750001,0.004845687503401905
1:89198480,1,89198480,A,G,0.050000012,0.009621951992384989
1:89252067,1,89252067,A,G,0.268,-0.00269387875448201
1:89268368,1,89268368,A,G,0.4375,0.0037515550308050193
1:89268939,1,89268939,A,G,0.20099998,-0.0076095691573400456
1:89323230,1,89323230,A,G,0.4285,0.008939982743297482
1:89338054,1,89338054,A,G,0.19349998,0.0007260481783945702
1:89362501,1,89362501,A,G,0.3355,0.007876068113093956
1:89380420,1,89380420,A,G,0.199,0.003238676102900721
1:89381752,1,89381752,A,G,0.27850002,-0.005189901924698946
1:89386387,1,89386387,A,G,0.449,-0.008499172597836698
1:89393764,1,89393764,A,G,0.41000003,-0.00951836719593803
1:89398015,1,89398015,A,G,0.08200002,-0.00014953081848647647
1:89408648,1,89408648,A,G,0.449,-0.0005358702593345288
1:89418469,1,89418469,A,G,0.30049998,0.007201613016983391
1:89431484,1,89431484,A,G,0.13999999,-0.007192073922429878
1:89473855,1,89473855,A,G,0.4005,0.011297053861729271
1:89482492,1,89482492,A,G,0.3315,-0.010580324072580798
1:89523106,1,89523106,A,G,0.26099998,-0.00045450582709149746
1:89567716,1,89567716,A,G,0.39850003,0.0002494708411440931
1:89583550,1,89583550,A,G,0.16100001,0.009865818735433313
1:89588015,1,89588015,A,G,0.29000002,0.008973908144456427
1:89589818,1,89589818,A,G,0.488,-0.008898899622313387
1:89595716,1,89595716,A,G,0.31300002,-0.0029779948340260456
1:89595921,1,89595921,A,G,0.334,-0.0002741790698982755
1:89597894,1,89597894,A,G,0.058499992,0.00012167894697789612
1:89605801,1,89605801,A,G,0.12900001,0.009721996307405797
1:89630669,1,89630669,A,G,0.334,-0.006500274888848063
1:89638694,1,89638694,A,G,0.3345,-0.013171022698928085
1:89681331,1,89681331,A,G,0.45999998,0.0009490275998547346
1:89729574,1,89729574,A,G,0.4525,-0.004950401929374397
1:89763926,1,89763926,A,G,0.20950001,0.008225006339416896
1:89775199,1,89775199,A,G,0.33099997,0.005706883817436698
1:89796265,1,89796265,A,G,0.288,-0.010528918296357163
1:89803135,1,89803135,A,G,0.2655,-0.00810758863872843
1:89809442,1,89809442,A,G,0.48549998,0.0024584781113944584
1:89813694,1,89813694,A,G,0.374,0.007566677218675715
1:89817242,1,89817242,A,G,0.4965,-0.015445832086112561
1:89838874,1,89838874,A,G,0.41250002,0.0005180345520022842
1:89843596,1,89843596,A,G,0.379,0.00625644172594824
1:89854714,1,89854714,A,G,0.259,0.00655221273195066
1:89856307,1,89856307,A,G,0.08950001,-0.0007047155711417538
1:89858639,1,89858639,A,G,0.31849998,-0.0058722744548128656
1:89859625,1,89859625,A,G,0.2805,0.014555390763147255
1:89884304,1,89884304,A,G,0.3025,-0.004941456082613241
1:89920288,1,89920288,A,G,0.17049998,0.00817528682108651
1:89948214,1,89948214,A,G,0.13349998,-0.0050962976178315165
1:89957926,1,89957926,A,G,0.17299998,0.009101003671047974
1:89966607,1,89966607,A,G,0.35250002,-0.005240712959749294
1:89967768,1,89967768,A,G,0.492,0.01496244985599633
1:89973676,1,89973676,A,G,0.49150002,-0.008801400281569812
1:90012400,1,90012400,A,G,0.4135,0.009214895246080566
1:90013845,1,90013845,A,G,0.462,0.01092490840187407
1:90029324,1,90029324,A,G,0.17650002,0.002743471491407234
1:90033641,1,90033641,A,G,0.05400002,-0.004086383334813882
1:90040054,1,90040054,A,G,0.1365,-0.00540656420326245
1:90050095,1,90050095,A,G,0.3315,0.006703648185128818
1:90053375,1,90053375,A,G,0.44099998,0.007346705079064146
1:90067503,1,90067503,A,G,0.48049998,-0.009739325260748723
1:90075654,1,90075654,A,G,0.41399997,-0.008078829085012463
1:90109835,1,90109835,A,G,0.37550002,0.022038214149744592
1:90126860,1,90126860,A,G,0.19050002,-0.004239738412044494
1:90133875,1,90133875,A,G,0.094500005,-0.011893681515220031
1:90150079,1,90150079,A,G,0.29500002,-0.0007352221354262474
1:90185022,1,90185022,A,G,0.19349998,0.0028430444807067945
1:90190761,1,90190761,A,G,0.10549998,-0.00022503458739063446
1:90197407,1,90197407,A,G,0.26849997,0.011782056256643273
1:90228138,1,90228138,A,G,0.278,0.005659042241252408
1:90239466,1,90239466,A,G,0.40100002,-0.00866552953496203
1:90275389,1,90275389,A,G,0.40350002,0.001765837734744622
1:90293135,1,90293135,A,G,0.283,-0.009719504975705036
1:90354784,1,90354784,A,G,0.47000003,0.0010891902243736129
1:90369566,1,90369566,A,G,0.39600003,-0.012721481622138212
1:90372541,1,90372541,A,G,0.2335,0.01055111792743338
1:90401431,1,90401431,A,G,0.20850003,0.00692689445706934
1:90427681,1,90427681,A,G,0.21749997,-0.006424089140238029
1:90438982,1,90438982,A,G,0.269,0.00887333422817908
1:90493044,1,90493044,A,G,0.204,0.004509302747353958
1:90503569,1,90503569,A,G,0.2565,0.00017507155577249089
1:90508656,1,90508656,A,G,0.33850002,0.004759365820371096
1:90516921,1,90516921,A,G,0.12949997,0.014828146480023058
1:90551850,1,90551850,A,G,0.421,-0.0001763811466268132
1:90567215,1,90567215,A,G,0.09249997,0.009315208424989915
1:90576002,1,90576002,A,G,0.23449999,-0.00331231829680097
1:90581387,1,90581387,A,G,0.12199998,0.0011313328752946615
1:90586460,1,90586460,A,G,0.20349997,0.010551585217108217
1:90607389,1,90607389,A,G,0.27100003,0.007843722936544733
1:90607716,1,90607716,A,G,0.4105,-0.01527693398051678
1:90615007,1,90615007,A,G,0.35399997,-0.0026595225414070937
1:90642431,1,90642431,A,G,0.222,0.005553171934615574
1:90645372,1,90645372,A,G,0.31800002,-0.0006907434967254275
1:90652967,1,90652967,A,G,0.2055,-0.002224366923846311
1:90721816,1,90721816,A,G,0.41799998,-0.00991140234816324
1:90727381,1,90727381,A,G,0.25700003,-0.0012180356688683937
1:90740534,1,90740534,A,G,0.3645,0.005697907485799743
1:90745779,1,90745779,A,G,0.18,0.0043828060914134805
1:90784127,1,90784127,A,G,0.34149998,0.018871487843588077
1:90809062,1,90809062,A,G,0.4735,0.01551768079354131
1:90827528,1,90827528,A,G,0.10350001,0.0067433027569298596
1:90838395,1,90838395,A,G,0.3265,-0.002137864053226191
1:90856280,1,90856280,A,G,0.28899997,0.0036477273992777267
1:90864818,1,90864818,A,G,0.27600002,0.013545494990472308
1:90876183,1,90876183,A,G,0.15399998,-0.0043157838626230694
1:90922359,1,90922359,A,G,0.058000028,-0.0053053881724992365
1:90936007,1,90936007,A,G,0.074,-0.0065446943396701065
1:90962123,1,90962123,A,G,0.18199998,-0.0035226937825517104
1:90980257,1,90980257,A,G,0.4245,0.000604905133387666
1:91008394,1,91008394,A,G,0.4105,0.0063311814378617
1:91042487,1,91042487,A,G,0.4905,-0.010790838339617774
1:91054443,1,91054443,A,G,0.37550002,0.005118524467954411
1:91063626,1,91063626,A,G,0.2065,0.003779738729272
1:91090293,1,91090293,A,G,0.4415,-0.002795731101075713
1:91097260,1,91097260,A,G,0.37300003,-0.001677765405233933
1:91111674,1,91111674,A,G,0.36549997,-0.006960126945554043
1:91144827,1,91144827,A,G,0.2895,0.0016351317738576392
1:91153888,1,91153888,A,G,0.34249997,0.0004783882716665845
1:91174619,1,91174619,A,G,0.49400002,-0.0035870933434502925
1:91177997,1,91177997,A,G,0.44050002,-0.020559767177997793
1:91199915,1,91199915,A,G,0.1555,0.012053256080307518
1:91209575,1,91209575,A,G,0.089999974,0.009624798711236815
1:91223775,1,91223775,A,G,0.054499984,0.0038312576836876614
1:91233770,1,91233770,A,G,0.37849998,-0.002340429544633356
1:91245282,1,91245282,A,G,0.17650002,-0.008921807244900848
1:91249361,1,91249361,A,G,0.375,0.001793950995838974
1:91253745,1,91253745,A,G,0.13,-0.0033537198656848803
1:91272214,1,91272214,A,G,0.23949999,0.004267264045635305
1:91275925,1,91275925,A,G,0.054499984,-0.002270268519373918
1:91299104,1,91299104,A,G,0.096000016,-0.0011783732904824184
1:91312344,1,91312344,A,G,0.108500004,-0.0031467072450559507
1:91323774,1,91323774,A,G,0.40249997,-0.006734690362109044
1:91326530,1,91326530,A,G,0.4525,0.006957663206230659
1:91335275,1,91335275,A,G,0.12949997,-0.0036160839764360644
1:91351454,1,91351454,A,G,0.3115,-0.010449536523918316
1:91355425,1,91355425,A,G,0.112999976,-0.0012554229494299673
1:91365897,1,91365897,A,G,0.3995,-0.002200581136218275
1:91403831,1,91403831,A,G,0.439,0.014181443491681649
1:91443926,1,91443926,A,G,0.41250002,-0.006601324202896095
1:91444239,1,91444239,A,G,0.1595,0.00021763628454856966
1:91448241,1,91448241,A,G,0.21100003,0.006034987647056892
1:91449574,1,91449574,A,G,0.14099997,0.002619511091628121
1:91465832,1,91465832,A,G,0.04400003,-0.0006606640546942535
1:91485681,1,91485681,A,G,0.08050001,-0.003933502400709962
1:91499350,1,91499350,A,G,0.48650002,-0.012866664676852477
1:91544507,1,91544507,A,G,0.44450003,-0.002175709041768576
1:91636053,1,91636053,A,G,0.10949999,-0.00018247334412559746
1:91636656,1,91636656,A,G,0.2385,0.0055763594323479165
1:91639031,1,91639031,A,G,0.4975,0.011932498238833371
1:91693394,1,91693394,A,G,0.07499999,0.0031369267327353086
1:91703290,1,91703290,A,G,0.35799998,-0.008472973708244147
1:91757998,1,91757998,A,G,0.0855,0.0007878651445366953
1:91766136,1,91766136,A,G,0.20050001,0.01888894167327581
1:91800601,1,91800601,A,G,0.07999998,0.002039944086070366
1:91838098,1,91838098,A,G,0.32599998,0.00924976053835974
1:91870719,1,91870719,A,G,0.37949997,-0.0021325424523850937
1:91883569,1,91883569,A,G,0.07499999,-0.00398052056595817
1:91893488,1,91893488,A,G,0.282,0.007255378143157441
1:91905294,1,91905294,A,G,0.18800002,0.002394272251580303
1:91952594,1,91952594,A,G,0.3675,0.015623357121271794
1:91959542,1,91959542,A,G,0.30449998,0.00561664144417441
1:91961123,1,91961123,A,G,0.061500013,0.0018013894231712984
1:91992690,1,91992690,A,G,0.16350001,-0.0040402480299950765
1:91996210,1,91996210,A,G,0.2705,0.001989002943641195
1:92057629,1,92057629,A,G,0.088,-0.009066215061474878
1:92078003,1,92078003,A,G,0.448,-0.013616861552791328
1:92086333,1,92086333,A,G,0.42049998,0.005723520074687958
1:92098492,1,92098492,A,G,0.094500005,0.005009376830039608
1:92108543,1,92108543,A,G,0.41750002,-0.007981193099306073
1:92122862,1,92122862,A,G,0.3115,-0.00864919698482413
1:92127434,1,92127434,A,G,0.407,0.013509975926570253
1:92157411,1,92157411,A,G,0.31800002,-0.0025554914984888166
1:92164580,1,92164580,A,G,0.4475,0.002363574730763126
1:92165224,1,92165224,A,G,0.2575,0.0017788216733781526
1:92168437,1,92168437,A,G,0.49550003,-0.01566800658650617
1:92184933,1,92184933,A,G,0.448,0.013287328850104295
1:92210535,1,92210535,A,G,0.329,0.0041429883962395735
1:92294505,1,92294505,A,G,0.2245,-0.00900578594220118
1:92336442,1,92336442,A,G,0.324,0.011915570528430619
1:92351587,1,92351587,A,G,0.38,-0.012286138603619651
1:92379917,1,92379917,A,G,0.19700003,0.014978205889888773
1:92400749,1,92400749,A,G,0.2975,-0.01119277549486601
1:92406062,1,92406062,A,G,0.48250002,-0.005961189990364186
1:92412167,1,92412167,A,G,0.44599998,-0.018070193551959605
1:92441161,1,92441161,A,G,0.33249998,0.010657872115235006
1:92479304,1,92479304,A,G,0.12599999,-0.0026685682241999378
1:92525564,1,92525564,A,G,0.38200003,0.012701379885794185
1:92526140,1,92526140,A,G,0.1685,-0.011168121921627276
1:92538314,1,92538314,A,G,0.07999998,0.0007522681674610417
1:92540487,1,92540487,A,G,0.20200002,0.0031082234639161965
1:92543849,1,92543849,A,G,0.17049998,-0.003720062963770684
1:92548038,1,92548038,A,G,0.28250003,0.00039822411503029267
1:92556385,1,92556385,A,G,0.06099999,-0.0012626795427157962
1:92572364,1,92572364,A,G,0.37800002,0.0038476051808170827
1:92573560,1,92573560,A,G,0.23900002,0.02004824746161587
1:92601714,1,92601714,A,G,0.17299998,-0.005720403874364343
1:92603510,1,92603510,A,G,0.19099998,-0.0076815357753432624
1:92613229,1,92613229,A,G,0.069000006,-0.0036748684276608494
1:92637144,1,92637144,A,G,0.1505,0.006157656422183009
1:92642343,1,92642343,A,G,0.10799998,0.007699593969632304
1:92649394,1,92649394,A,G,0.25550002,0.0030088215121995333
1:92663038,1,92663038,A,G,0.29149997,0.013849765754194526
1:92733986,1,92733986,A,G,0.4155,0.010320763441328693
1:92763661,1,92763661,A,G,0.3125,0.003669034510500421
1:92768681,1,92768681,A,G,0.31300002,-0.006122958042158477
1:92786100,1,92786100,A,G,0.10500002,-0.0024726201387626026
1:92792002,1,92792002,A,G,0.2195,4.126070999068708e-05
1:92796687,1,92796687,A,G,0.40399998,0.004963730970565504
1:92800519,1,92800519,A,G,0.33850002,-0.0007362908158214145
1:92800582,1,92800582,A,G,0.218,-0.003385935666109216
1:92815366,1,92815366,A,G,0.22750002,0.00535114379418556
1:92821908,1,92821908,A,G,0.10250002,4.075368964915745e-05
1:92886870,1,92886870,A,G,0.064499974,0.011691365289228081
1:92903550,1,92903550,A,G,0.0995,0.005123377896455982
1:92910408,1,92910408,A,G,0.17750001,-0.00651142420513422
1:92924888,1,92924888,A,G,0.20450002,-0.0006151790573511435
1:92935016,1,92935016,A,G,0.3535,-0.004839556013315651
1:92942923,1,92942923,A,G,0.12050003,-0.004056287800019268
1:92956358,1,92956358,A,G,0.3915,-0.00692744211436355
1:92962841,1,92962841,A,G,0.36400002,-0.007611624307514745
1:92963021,1,92963021,A,G,0.112999976,-0.006748666968422903
1:92981362,1,92981362,A,G,0.35900003,-0.010530195902211544
1:92983351,1,92983351,A,G,0.18949997,-0.007165998389071844
1:92992905,1,92992905,A,G,0.11199999,-0.00613718674065787
1:93028004,1,93028004,A,G,0.33350003,-0.008642182170405532
1:93050124,1,93050124,A,G,0.41250002,0.0041276067726335195
1:93053572,1,93053572,A,G,0.46899998,0.010499764328657384
1:93118770,1,93118770,A,G,0.30949998,0.0008967811649267872
1:93138348,1,93138348,A,G,0.28399998,-0.0005423835667750687
1:93144812,1,93144812,A,G,0.265,-0.008863007233909577
1:93154543,1,93154543,A,G,0.1685,0.015936227973009046
1:93198564,1,93198564,A,G,0.09249997,0.0018462057358449584
1:93262160,1,93262160,A,G,0.1925,-0.00509610289165518
1:93313025,1,93313025,A,G,0.17400002,0.015292355125697514
1:93329835,1,93329835,A,G,0.37800002,0.008289997196253212
1:93365357,1,93365357,A,G,0.108500004,-0.0006190672342483006
1:93372042,1,93372042,A,G,0.1275,0.002148780694227236
1:93389282,1,93389282,A,G,0.487,0.011474556897261094
1:93410763,1,93410763,A,G,0.092999995,-0.00428833127117378
1:93421776,1,93421776,A,G,0.46499997,0.01101747913503195
1:93424423,1,93424423,A,G,0.10100001,-0.003107253185104317
1:93437617,1,93437617,A,G,0.2975,0.003778932519611305
1:93446148,1,93446148,A,G,0.2435,-0.0013853073467441801
1:93480812,1,93480812,A,G,0.21450001,0.004736331828812855
1:93481783,1,93481783,A,G,0.36049998,0.0041422649989826315
1:93484898,1,93484898,A,G,0.35650003,-0.004474654039416495
1:93526767,1,93526767,A,G,0.47000003,0.009939096231994266
1:93560814,1,93560814,A,G,0.37449998,-0.00214519147206704
1:93569991,1,93569991,A,G,0.3305,0.0003646914518387996
1:93580483,1,93580483,A,G,0.12949997,0.010426261765831002
1:93613219,1,93613219,A,G,0.291,-0.005948500873537812
1:93616746,1,93616746,A,G,0.255,-0.009813630496489615
1:93635925,1,93635925,A,G,0.35000002,0.001643236834980214
1:93644762,1,93644762,A,G,0.21200001,-0.003346028897544205
1:93691766,1,93691766,A,G,0.12400001,-0.0014541228058955835
1:93693515,1,93693515,A,G,0.44099998,-0.00020826307572069784
1:93719754,1,93719754,A,G,0.064499974,-0.0009927420565050522
1:93730770,1,93730770,A,G,0.13,0.0021855925542950084
1:93746867,1,93746867,A,G,0.26700002,-0.015377674807863183
1:93774760,1,93774760,A,G,0.4565,0.014534506687466553
1:93826588,1,93826588,A,G,0.110000014,0.004432017970058815
1:93831306,1,93831306,A,G,0.36699998,0.011833721005228705
1:93837988,1,93837988,A,G,0.2015,0.00021339774975625737
1:93842127,1,93842127,A,G,0.089999974,0.0070409469568486404
1:93878235,1,93878235,A,G,0.467,-0.009269077852403251
1:93900040,1,93900040,A,G,0.48400003,-0.005856679531135278
1:93957367,1,93957367,A,G,0.11549997,-0.000296306111887828
1:93966817,1,93966817,A,G,0.4525,0.005083903911952582
1:93982381,1,93982381,A,G,0.31699997,0.0040279195787515315
1:93986641,1,93986641,A,G,0.13999999,-0.009100329582529593
1:94015782,1,94015782,A,G,0.348,0.006961055092253615
1:94027063,1,94027063,A,G,0.39749998,0.010164796496441437
1:94117049,1,94117049,A,G,0.27350003,-0.007676076381035692
1:94153951,1,94153951,A,G,0.472,0.008785490843131112
1:94159766,1,94159766,A,G,0.28750002,0.005820117398574729
1:94185021,1,94185021,A,G,0.134,0.0035509470579446027
1:94191849,1,94191849,A,G,0.4135,0.010492033767465788
1:94197656,1,94197656,A,G,0.37849998,-0.006743500189373147
1:94206449,1,94206449,A,G,0.351,0.005692385582787269
1:94243230,1,94243230,A,G,0.45099998,0.005863995902108728
1:94249013,1,94249013,A,G,0.25550002,0.005068199809378264
1:94257536,1,94257536,A,G,0.36900002,-0.011287787168972472
1:94260646,1,94260646,A,G,0.46899998,0.01983756438171784
1:94269830,1,94269830,A,G,0.09899998,0.007829751859929918
1:94272886,1,94272886,A,G,0.23000002,-0.002758177412223899
1:94273360,1,94273360,A,G,0.14899999,-0.007340519375539515
1:94308590,1,94308590,A,G,0.2065,-0.01380313156484298
1:94329099,1,94329099,A,G,0.29799998,-0.00502156693642453
1:94409908,1,94409908,A,G,0.4135,-0.007641170065791188
1:94436041,1,94436041,A,G,0.2055,-0.002386197810088385
1:94455027,1,94455027,A,G,0.3035,-0.00952127590641245
1:94484062,1,94484062,A,G,0.39349997,-0.013261129726882178
1:94488386,1,94488386,A,G,0.4975,0.012198441965179874
1:94499887,1,94499887,A,G,0.22000003,-0.004660767412502064
1:94537778,1,94537778,A,G,0.1135,0.002123001439928107
1:94542874,1,94542874,A,G,0.32050002,0.015873268030042766
1:94553865,1,94553865,A,G,0.4465,-0.000350413127139855
1:94555919,1,94555919,A,G,0.16600001,0.0032784843746234893
1:94562312,1,94562312,A,G,0.291,0.0035351877223119125
1:94569233,1,94569233,A,G,0.2565,0.0072010221382007465
1:94597310,1,94597310,A,G,0.467,0.00826277546141187
1:94604918,1,94604918,A,G,0.28149998,0.009278015076186287
1:94640289,1,94640289,A,G,0.26599997,-0.004640878454939034
1:94754941,1,94754941,A,G,0.120000005,-0.00921864331669434
1:94766207,1,94766207,A,G,0.2425,0.012005865054195401
1:94770078,1,94770078,A,G,0.20200002,-0.0053987710100844
1:94779348,1,94779348,A,G,0.16549999,1.0869440658755083e-05
1:94783768,1,94783768,A,G,0.31199998,-0.003103882332735181
1:94790656,1,94790656,A,G,0.39749998,0.00803774381677569
1:94804868,1,94804868,A,G,0.13050002,-0.004202619506164811
1:94818477,1,94818477,A,G,0.12699997,-0.007923089888262218
1:94892392,1,94892392,A,G,0.097500026,-0.004900740109478022
1:94910155,1,94910155,A,G,0.3865,0.002845852264588002
1:94919178,1,94919178,A,G,0.411,0.0018040640156140228
1:94923792,1,94923792,A,G,0.41799998,-0.007528070740523099
1:94962819,1,94962819,A,G,0.4875,0.0030410703719845516
1:94975402,1,94975402,A,G,0.23750001,-0.002404446827132445
1:95000617,1,95000617,A,G,0.2155,-0.008423679746567445
1:95009779,1,95009779,A,G,0.4865,-0.01797494874009002
1:95015783,1,95015783,A,G,0.12599999,-0.0023105672438695248
1:95019915,1,95019915,A,G,0.065,0.0033317681316760114
1:95042580,1,95042580,A,G,0.21149999,0.010877041094601234
1:95043394,1,95043394,A,G,0.07999998,0.007914695468199253
1:95048426,1,95048426,A,G,0.21249998,0.012347582396548288
1:95057281,1,95057281,A,G,0.23949999,-0.0013272239345119604
1:95096925,1,95096925,A,G,0.3585,0.008379999214578365
1:95112670,1,95112670,A,G,0.384,-0.0038766067921354483
1:95150969,1,95150969,A,G,0.33749998,-0.023842693316846207
1:95184673,1,95184673,A,G,0.3625,-0.003637247317131368
1:95192947,1,95192947,A,G,0.227,-0.01239482690413
1:95197394,1,95197394,A,G,0.24699998,0.0047383781580243685
1:95211226,1,95211226,A,G,0.35799998,0.012452506514569263
1:95222451,1,95222451,A,G,0.123000026,-0.0021192799308810554
1:95257137,1,95257137,A,G,0.37550002,0.013937652920225717
1:95260107,1,95260107,A,G,0.45450002,0.0060230950443347815
1:95268889,1,95268889,A,G,0.125,0.010482755468757723
1:95277508,1,95277508,A,G,0.24299997,-0.007769690667202235
1:95282727,1,95282727,A,G,0.302,-0.000296489167582834
1:95289627,1,95289627,A,G,0.34649998,-0.00781421177160217
1:95330966,1,95330966,A,G,0.17299998,-0.0023102523456108425
1:95415948,1,95415948,A,G,0.301,-0.013432276403882669
1:95450772,1,95450772,A,G,0.463,0.015079388928049392
1:95481109,1,95481109,A,G,0.21249998,0.0006963832568290267
1:95482485,1,95482485,A,G,0.3085,0.005836948506910143
1:95488904,1,95488904,A,G,0.3225,0.014254644650926847
1:95499876,1,95499876,A,G,0.44700003,0.02912279654063766
1:95500519,1,95500519,A,G,0.17199999,-0.007359754221712573
1:95534049,1,95534049,A,G,0.44,0.004698617283599992
1:95540568,1,95540568,A,G,0.3215,-0.008962878607088649
1:95575706,1,95575706,A,G,0.38700002,0.007144958596468381
1:95632208,1,95632208,A,G,0.086000025,-0.0032484768079714395
1:95640774,1,95640774,A,G,0.2015,-0.011408725402415155
1:95660433,1,95660433,A,G,0.11400002,-0.006435627863966892
1:95672412,1,95672412,A,G,0.2885,-0.015240375085627008
1:95672805,1,95672805,A,G,0.43,-0.010165052946721435
1:95723192,1,95723192,A,G,0.23250002,0.0065740471233998185
1:95724776,1,95724776,A,G,0.16149998,0.0013948839674595163
1:95743481,1,95743481,A,G,0.19150001,0.008542905889055612
1:95754819,1,95754819,A,G,0.296,0.0006878973810415043
1:95779594,1,95779594,A,G,0.39,-0.004667242367405074
1:95782136,1,95782136,A,G,0.36,-0.005688852869394293
1:95785738,1,95785738,A,G,0.47899997,0.0012261813697304986
1:95790833,1,95790833,A,G,0.43800002,-0.010695492320482522
1:95809239,1,95809239,A,G,0.0995,0.0064533526978749105
1:95837426,1,95837426,A,G,0.36900002,0.004826282763139565
1:95855582,1,95855582,A,G,0.23449999,-0.019860978871451322
1:95856758,1,95856758,A,G,0.20499998,-0.007225674202875762
1:95875022,1,95875022,A,G,0.269,-0.009363777995405002
1:95891673,1,95891673,A,G,0.39450002,0.0038899903171360963
1:95927381,1,95927381,A,G,0.251,0.004992984191354984
1:95939749,1,95939749,A,G,0.4375,0.012620527705396298
1:95958133,1,95958133,A,G,0.268,-0.0020290442196624903
1:95973789,1,95973789,A,G,0.09649998,0.00440148086305528
1:95974198,1,95974198,A,G,0.34399998,0.0009580046666349888
1:96007692,1,96007692,A,G,0.3965,0.002895831192811765
1:96047516,1,96047516,A,G,0.19450003,-0.004984669820966339
1:96060650,1,96060650,A,G,0.120000005,0.0032270204310326385
1:96081192,1,96081192,A,G,0.325,0.013661407789482794
1:96095360,1,96095360,A,G,0.20850003,0.00455357321453902
1:96106031,1,96106031,A,G,0.497,0.020528461263225908
1:96117012,1,96117012,A,G,0.40100002,0.002064113351392605
1:96123722,1,96123722,A,G,0.26700002,0.017532521428437534
1:96127355,1,96127355,A,G,0.491,-0.010986422147702875
1:96159869,1,96159869,A,G,0.20850003,-0.009258775110066555
1:96231291,1,96231291,A,G,0.23449999,0.002033580810788341
1:96231368,1,96231368,A,G,0.34649998,0.00806342053492698
1:96251454,1,96251454,A,G,0.301,-0.0017055904250394762
1:96287284,1,96287284,A,G,0.18849999,-0.00827377603891032
1:96292969,1,96292969,A,G,0.25599998,0.006080817214527064
1:96302108,1,96302108,A,G,0.4525,0.006095930129206604
1:96318452,1,96318452,A,G,0.13950002,-0.010266889957083327
1:96319576,1,96319576,A,G,0.19450003,-0.0011531829712213633
1:96337131,1,96337131,A,G,0.12800002,0.0021687130991149264
1:96337875,1,96337875,A,G,0.26700002,0.004370485604589433
1:96355771,1,96355771,A,G,0.111500025,0.0020472733719358546
1:96362499,1,96362499,A,G,0.13200003,0.0019843048007908183
1:96363346,1,96363346,A,G,0.42400002,0.00032744456155219594
1:96383191,1,96383191,A,G,0.34649998,-0.014660562631811517
1:96396875,1,96396875,A,G,0.13499999,0.0008433804900460014
1:96414083,1,96414083,A,G,0.21749997,-0.0014604470780137258
1:96428274,1,96428274,A,G,0.462,0.0036535101261761876
1:96430693,1,96430693,A,G,0.4565,0.0019877095008826486
1:96432868,1,96432868,A,G,0.325,-0.0010854451327159446
1:96435124,1,96435124,A,G,0.18150002,0.0027872167156586334
1:96471345,1,96471345,A,G,0.231,-0.0033556216193077262
1:96504947,1,96504947,A,G,0.32200003,0.0025399219231718355
1:96528175,1,96528175,A,G,0.29400003,-0.006650525482475213
1:96555358,1,96555358,A,G,0.288,0.007008106174534175
1:96647041,1,96647041,A,G,0.25599998,-0.00681899338979897
1:96662503,1,96662503,A,G,0.09100002,-0.001459479365889338
1:96680502,1,96680502,A,G,0.12099999,-0.00081741964487771
1:96693598,1,96693598,A,G,0.44599998,0.004313846759129415
1:96719188,1,96719188,A,G,0.445,-0.004457543902759018
1:96762844,1,96762844,A,G,0.46600002,-0.0027388291618694162
1:96807358,1,96807358,A,G,0.277,0.006069261207157505
1:96853576,1,96853576,A,G,0.44849998,0.0013375262388302554
1:96861129,1,96861129,A,G,0.4425,0.0005665761789444623
1:96872544,1,96872544,A,G,0.2195,-0.019453709217641304
1:96913748,1,96913748,A,G,0.1315,-4.53664465209747e-05
1:96913965,1,96913965,A,G,0.37199998,0.004088184389612992
1:96946088,1,96946088,A,G,0.38450003,-0.008760737053485177
1:96949040,1,96949040,A,G,0.45599997,-0.011157319937611085
1:96953083,1,96953083,A,G,0.06099999,0.007931675392124998
1:96965755,1,96965755,A,G,0.21149999,-0.00905571686504319
1:96971360,1,96971360,A,G,0.06999999,0.006855370325536512
1:97042182,1,97042182,A,G,0.15200001,-0.005770812411713667
1:97081235,1,97081235,A,G,0.255,0.010408640947971028
1:97084643,1,97084643,A,G,0.08850002,-0.002571221231496475
1:97101536,1,97101536,A,G,0.435,-0.011214345973701039
1:97109466,1,97109466,A,G,0.16900003,0.008746404547763851
1:97117136,1,97117136,A,G,0.2625,0.000783716506895996
1:97119436,1,97119436,A,G,0.43300003,0.004449509545183461
1:97136682,1,97136682,A,G,0.100000024,-0.011307982744939183
1:97147243,1,97147243,A,G,0.29299998,-0.018278558893350165
1:97148567,1,97148567,A,G,0.449,0.006710146174527645
1:97163885,1,97163885,A,G,0.236,-0.006292724305185164
1:97169329,1,97169329,A,G,0.1735,-0.005259603804069615
1:97218461,1,97218461,A,G,0.4935,-0.009003763746485004
1:97219179,1,97219179,A,G,0.07849997,-0.003971133492593708
1:97223098,1,97223098,A,G,0.2155,-0.002604845714778811
1:97224671,1,97224671,A,G,0.4285,-0.004860318011377765
1:97270618,1,97270618,A,G,0.11799997,-0.008873604952524067
1:97271235,1,97271235,A,G,0.097,-0.0061212390390653435
1:97278999,1,97278999,A,G,0.25349998,-0.010854559859712965
1:97333683,1,97333683,A,G,0.19700003,-0.0017869366050865495
1:97357396,1,97357396,A,G,0.42799997,-0.014409677380704674
1:97359076,1,97359076,A,G,0.17299998,0.01771114352902044
1:97386989,1,97386989,A,G,0.3355,-0.012751290638946734
1:97447073,1,97447073,A,G,0.2855,-0.006833781897282459
1:97453339,1,97453339,A,G,0.33200002,0.0003653282210373044
1:97463613,1,97463613,A,G,0.2605,-0.006721200132369599
1:97471422,1,97471422,A,G,0.10350001,0.01176542115284759
1:97480309,1,97480309,A,G,0.06400001,0.0004615841050484634
1:97483913,1,97483913,A,G,0.2845,0.008467201413761206
1:97530332,1,97530332,A,G,0.34399998,-0.01106699278357503
1:97532312,1,97532312,A,G,0.39349997,0.00887536705229162
1:97542622,1,97542622,A,G,0.3725,0.007608853329458968
1:97545292,1,97545292,A,G,0.399,0.0010922680672529777
1:97552342,1,97552342,A,G,0.065,-0.0059638664967107706
1:97576440,1,97576440,A,G,0.14999998,0.003939320456381498
1:97604557,1,97604557,A,G,0.37449998,0.005080062015868228
1:97611640,1,97611640,A,G,0.10699999,-0.0058498659461677545
1:97618115,1,97618115,A,G,0.14950001,0.00620019223462951
1:97636745,1,97636745,A,G,0.339,0.004570848519820317
1:97645785,1,97645785,A,G,0.408,0.0218234140687354
1:97663675,1,97663675,A,G,0.125,-0.010306507791896277
1:97679571,1,97679571,A,G,0.296,-0.012069348595350003
1:97684849,1,97684849,A,G,0.16000003,0.0074299022185947946
1:97695395,1,97695395,A,G,0.15499997,0.000510580888587345
1:97709344,1,97709344,A,G,0.24199998,0.00020486741246867823
1:97713192,1,97713192,A,G,0.338,-0.008502920452473302
1:97814585,1,97814585,A,G,0.319,-0.008948211699097092
1:97835284,1,97835284,A,G,0.097,-0.0009627649977086443
1:97840528,1,97840528,A,G,0.1925,-0.001954185425274873
1:97868750,1,97868750,A,G,0.45999998,0.00277790357828357
1:97916578,1,97916578,A,G,0.314,-0.006579999359289515
1:97935969,1,97935969,A,G,0.3345,0.008965360917508903
1:97966397,1,97966397,A,G,0.139,0.01826187950777392
1:98000185,1,98000185,A,G,0.4975,-0.009929839716014818
1:98023087,1,98023087,A,G,0.14249998,-0.0011695279437194152
1:98082552,1,98082552,A,G,0.16500002,0.013781706483820643
1:98090212,1,98090212,A,G,0.287,-0.00598221243919146
1:98102805,1,98102805,A,G,0.2935,0.0023918402442106466
1:98116601,1,98116601,A,G,0.061500013,0.0015073646247050472
1:98129092,1,98129092,A,G,0.376,0.006566632991198813
1:98138204,1,98138204,A,G,0.10250002,-0.01455761476304654
1:98138588,1,98138588,A,G,0.084500015,-0.0006011294723793272
1:98149956,1,98149956,A,G,0.28100002,0.015363939678737455
1:98158748,1,98158748,A,G,0.07550001,-0.0025950948315660257
1:98159689,1,98159689,A,G,0.16049999,0.008997544427635855
1:98164034,1,98164034,A,G,0.22750002,0.00570319319526207
1:98175526,1,98175526,A,G,0.33099997,-0.009154648999432451
1:98208176,1,98208176,A,G,0.398,-0.017278213153566133
1:98309742,1,98309742,A,G,0.1735,0.010573852477643711
1:98328227,1,98328227,A,G,0.2905,-0.00031435238785215117
1:98356099,1,98356099,A,G,0.47649997,0.006510913086787817
1:98388389,1,98388389,A,G,0.2335,0.011909322477981805
1:98437176,1,98437176,A,G,0.36799997,0.02443519073081265
1:98447023,1,98447023,A,G,0.1825,-0.009250562327024467
1:98475025,1,98475025,A,G,0.33999997,-0.008846028483066919
1:98494732,1,98494732,A,G,0.403,-0.005403614416141701
1:98495676,1,98495676,A,G,0.4475,-0.006241706068704623
1:98513417,1,98513417,A,G,0.48799998,-0.003539940791272177
1:98552585,1,98552585,A,G,0.19150001,-0.0015144135538583852
1:98564006,1,98564006,A,G,0.1415,-0.00856114607210545
1:98609787,1,98609787,A,G,0.39850003,-0.013171101078673702
1:98621292,1,98621292,A,G,0.32050002,-0.0029228464712002986
1:98683380,1,98683380,A,G,0.245,-0.010590124075834803
1:98689998,1,98689998,A,G,0.058499992,-0.0025412605315792433
1:98699317,1,98699317,A,G,0.18150002,-0.004784231781982505
1:98699386,1,98699386,A,G,0.108500004,0.0035423922573180546
1:98716168,1,98716168,A,G,0.2515,-0.0036480167174776806
1:98727226,1,98727226,A,G,0.4325,-0.003929952742427132
1:98750924,1,98750924,A,G,0.20300001,0.008136457597361093
1:98752513,1,98752513,A,G,0.21600002,-0.004592354356293316
1:98798221,1,98798221,A,G,0.41149998,-0.0027973994844039856
1:98806998,1,98806998,A,G,0.2525,0.002645668908371315
1:98808333,1,98808333,A,G,0.3535,-0.007350391320804444
1:98814053,1,98814053,A,G,0.1325,-0.0046523958059979005
1:98816022,1,98816022,A,G,0.14499998,0.004380889441008806
1:98820871,1,98820871,A,G,0.34249997,-0.013750414989076644
1:98871650,1,98871650,A,G,0.097,-0.007785214004794259
1:98881317,1,98881317,A,G,0.12099999,-0.0038263278309681216
1:98915452,1,98915452,A,G,0.21100003,-0.0013603944041432245
1:98928586,1,98928586,A,G,0.134,0.00032130450546825776
1:98949216,1,98949216,A,G,0.48049998,0.009488951094183908
1:98953877,1,98953877,A,G,0.17500001,0.008774503664162854
1:99017427,1,99017427,A,G,0.49299997,-0.0005669793864364796
1:99041729,1,99041729,A,G,0.4005,-0.016731423609884062
1:99052377,1,99052377,A,G,0.18650001,-0.0004052106026972687
1:99065242,1,99065242,A,G,0.29799998,0.008826302429130286
1:99088365,1,99088365,A,G,0.20249999,0.009771043528054706
1:99136587,1,99136587,A,G,0.37849998,-0.007651284317018888
1:99148149,1,99148149,A,G,0.2105,-0.014204408617367093
1:99157605,1,99157605,A,G,0.24900001,0.018037949431728595
1:99166686,1,99166686,A,G,0.38099998,0.0072154468393178595
1:99204498,1,99204498,A,G,0.26849997,0.008105136836182065
1:99223554,1,99223554,A,G,0.38349998,0.005402759769698235
1:99231167,1,99231167,A,G,0.21249998,-0.0004690358045948879
1:99239567,1,99239567,A,G,0.21700001,-0.009684629117304886
1:99258630,1,99258630,A,G,0.2015,0.004483412430637615
1:99276817,1,99276817,A,G,0.4845,0.007519665679023586
1:99294097,1,99294097,A,G,0.27249998,0.004680236478397924
1:99325369,1,99325369,A,G,0.13999999,0.002527022446086544
1:99329606,1,99329606,A,G,0.2935,-0.009530908806698934
1:99380749,1,99380749,A,G,0.264,0.0035594160678395705
1:99388759,1,99388759,A,G,0.397,0.007543678642860078
1:99393569,1,99393569,A,G,0.4845,-0.002954326161417473
1:99399695,1,99399695,A,G,0.097500026,-0.002550840003290915
1:99402014,1,99402014,A,G,0.49299997,-0.0034061549899042994
1:99412719,1,99412719,A,G,0.13800001,-0.0022504883811291735
1:99420083,1,99420083,A,G,0.176,-0.01226159628892099
1:99463912,1,99463912,A,G,0.40399998,0.004575545856229184
1:99471733,1,99471733,A,G,0.12900001,0.009215496886571443
1:99480844,1,99480844,A,G,0.42299998,-0.0030819057517545404
1:99483855,1,99483855,A,G,0.351,-0.007481436820116672
1:99488881,1,99488881,A,G,0.40249997,-0.010816696595442626
1:99508799,1,99508799,A,G,0.302,0.011339121004063134
1:99530870,1,99530870,A,G,0.49049997,-0.0031082857947201006
1:99543167,1,99543167,A,G,0.3125,0.007897614670440539
1:99544110,1,99544110,A,G,0.2195,0.003536969088094893
1:99548438,1,99548438,A,G,0.44099998,-0.0024260157425388504
1:99562054,1,99562054,A,G,0.087499976,0.007737590590837737
1:99564558,1,99564558,A,G,0.28250003,-0.0074153046032306436
1:99572256,1,99572256,A,G,0.3595,0.001955765922369342
1:99588290,1,99588290,A,G,0.18400002,-0.005596789384164353
1:99664568,1,99664568,A,G,0.083000004,0.009450671159609791
1:99669345,1,99669345,A,G,0.24599999,0.008662819293270955
1:99759772,1,99759772,A,G,0.407,-0.010639972844139041
1:99806724,1,99806724,A,G,0.30650002,-0.0066698720890304595
1:99831175,1,99831175,A,G,0.40499997,-0.0046858446838105045
1:99835004,1,99835004,A,G,0.3865,0.00421367482666636
1:99846479,1,99846479,A,G,0.17949998,-0.005689411794479639
1:99898907,1,99898907,A,G,0.16549999,0.009644687126580025
1:99907920,1,99907920,A,G,0.4365,-0.01197306043096973
1:99952218,1,99952218,A,G,0.13599998,0.0034421360198874083
1:99952810,1,99952810,A,G,0.306,0.00519501180583025
1:99967872,1,99967872,A,G,0.46649998,-0.007250512969695165
1:99981545,1,99981545,A,G,0.26099998,0.007274604619128054
1:99983153,1,99983153,A,G,0.427,-0.0007316417168355666
1:99989205,1,99989205,A,G,0.1595,-0.002645751288324481
1:99993265,1,99993265,A,G,0.08499998,0.006408818667278677
1:100018553,1,100018553,A,G,0.21499997,0.008595394077670591
1:100043116,1,100043116,A,G,0.3265,0.0034666646376925857
1:100051345,1,100051345,A,G,0.3255,0.01451512027179555
1:100072440,1,100072440,A,G,0.3035,0.006980690801745011
1:100095392,1,100095392,A,G,0.25950003,-0.009612286855447235
1:100116318,1,100116318,A,G,0.48000002,-0.00977354816803724
1:100141651,1,100141651,A,G,0.3585,-0.007117246619917054
1:100143657,1,100143657,A,G,0.48799998,-0.0073285584299879105
1:100145810,1,100145810,A,G,0.14950001,0.00858369338596125
1:100150073,1,100150073,A,G,0.49400002,0.01928901414553164
1:100168601,1,100168601,A,G,0.379,0.0022258433006112806
1:100184104,1,100184104,A,G,0.45,-0.009783932598361939
1:100200010,1,100200010,A,G,0.32099998,-0.019299424575963214
1:100258282,1,100258282,A,G,0.13450003,-0.0021492164476230972
1:100270069,1,100270069,A,G,0.199,0.006574355590116206
1:100296498,1,100296498,A,G,0.08050001,-0.0012540370080160966
1:100312733,1,100312733,A,G,0.12349999,-0.00605173107678469
1:100324397,1,100324397,A,G,0.47000003,0.006639260111042095
1:100346633,1,100346633,A,G,0.42949998,-0.021245591797430734
1:100350986,1,100350986,A,G,0.445,0.016571585665396665
1:100355595,1,100355595,A,G,0.050499976,-0.007112912796399792
1:100357450,1,100357450,A,G,0.25300002,-0.00218056087661455
1:100358807,1,100358807,A,G,0.42299998,0.0017467811070897333
1:100360187,1,100360187,A,G,0.16399997,0.008912480937733155
1:100374805,1,100374805,A,G,0.21100003,0.028278229956948432
1:100430579,1,100430579,A,G,0.143,0.007970540240515092
1:100435301,1,100435301,A,G,0.35399997,-0.004182667035488937
1:100436581,1,100436581,A,G,0.3685,0.010732438595267485
1:100463185,1,100463185,A,G,0.185,-0.004761792503807826
1:100480683,1,100480683,A,G,0.27850002,0.01067100047752446
1:100490584,1,100490584,A,G,0.25,-0.017394160284299322
1:100527079,1,100527079,A,G,0.43449998,0.002039458679319894
1:100531502,1,100531502,A,G,0.353,-0.007349300876865696
1:100532609,1,100532609,A,G,0.09100002,0.006066591505975074
1:100533814,1,100533814,A,G,0.11949998,0.0004130999900325714
1:100536662,1,100536662,A,G,0.453,0.0020176165287871077
1:100544913,1,100544913,A,G,0.499,-0.0070086456458207805
1:100588766,1,100588766,A,G,0.3255,-0.01060995710112542
1:100627380,1,100627380,A,G,0.19150001,-0.004322257371100644
1:100644439,1,100644439,A,G,0.12400001,-0.007364896918360811
1:100664214,1,100664214,A,G,0.3735,-0.014613687221224653
1:100706882,1,100706882,A,G,0.334,0.0061312022627685895
1:100712412,1,100712412,A,G,0.4795,0.008904126705871448
1:100727620,1,100727620,A,G,0.467,-0.002835110156555243
1:100733760,1,100733760,A,G,0.208,0.008252236111060953
1:100766652,1,100766652,A,G,0.4155,-0.0008032155949355431
1:100781330,1,100781330,A,G,0.17650002,-0.006079719720238975
1:100797742,1,100797742,A,G,0.40850002,-0.0010673429223366357
1:100816296,1,100816296,A,G,0.12599999,0.0009824643467342968
1:100846359,1,100846359,A,G,0.218,6.530868197631187e-05
1:100851068,1,100851068,A,G,0.0855,0.006061120038975442
1:100923413,1,100923413,A,G,0.19349998,-0.002933438999421762
1:100927534,1,100927534,A,G,0.194,-0.003996405095552653
1:100936443,1,100936443,A,G,0.353,-0.008635000096659897
1:100945151,1,100945151,A,G,0.35549998,-0.003946966612971553
1:100945437,1,100945437,A,G,0.29400003,-0.0049175705461516105
1:100952087,1,100952087,A,G,0.38950002,-0.0021230164756168724
1:100952431,1,100952431,A,G,0.24000001,0.0012171244914353152
1:100981705,1,100981705,A,G,0.338,0.003423940923250799
1:100990656,1,100990656,A,G,0.22250003,0.006067757435253657
1:101051373,1,101051373,A,G,0.27499998,0.005964179578461101
1:101065987,1,101065987,A,G,0.11199999,0.009599951496352689
1:101098774,1,101098774,A,G,0.31950003,-0.011701480021361583
1:101121595,1,101121595,A,G,0.1505,-0.00235744689904788
1:101164454,1,101164454,A,G,0.27999997,-0.009816348821832062
1:101181646,1,101181646,A,G,0.33249998,-0.0017330660049463462
1:101192011,1,101192011,A,G,0.23000002,-0.015336279922800046
1:101213519,1,101213519,A,G,0.144,0.0028274572691075407
1:101233748,1,101233748,A,G,0.3815,0.015585991907161059
1:101255929,1,101255929,A,G,0.4595,-0.006741896816973579
1:101338807,1,101338807,A,G,0.26450002,-0.001561830403516635
1:101339593,1,101339593,A,G,0.32599998,0.00579266398277179
1:101352853,1,101352853,A,G,0.20349997,-0.009735413172050053
1:101368772,1,101368772,A,G,0.29799998,0.01812095759201614
1:101370986,1,101370986,A,G,0.28250003,-0.003962360892230881
1:101414815,1,101414815,A,G,0.36049998,-0.007628574214707733
1:101437249,1,101437249,A,G,0.15799999,0.0006120945579616264
1:101475758,1,101475758,A,G,0.28250003,-0.012056127199539773
1:101501300,1,101501300,A,G,0.21499997,0.010179831029826896
1:101513647,1,101513647,A,G,0.08850002,-0.004031860543983521
1:101526960,1,101526960,A,G,0.232,-0.007528464051984239
1:101528553,1,101528553,A,G,0.481,-0.009060599492620978
1:101573978,1,101573978,A,G,0.25599998,0.0013747276479218141
1:101605065,1,101605065,A,G,0.3025,-0.003855797888986638
1:101616419,1,101616419,A,G,0.40850002,-0.0008712034463947992
1:101617777,1,101617777,A,G,0.491,0.009289224461830493
1:101629946,1,101629946,A,G,0.24049997,-0.01033175929005865
1:101630641,1,101630641,A,G,0.30449998,0.0020799136069657494
1:101631913,1,101631913,A,G,0.4935,-0.009832538403340163
1:101642133,1,101642133,A,G,0.2435,-0.014082601850227302
1:101648554,1,101648554,A,G,0.399,-0.014135246233064872
1:101670590,1,101670590,A,G,0.24949998,0.011254964005586857
1:101709458,1,101709458,A,G,0.15750003,-0.007396932653648429
1:101750177,1,101750177,A,G,0.47500002,0.002309807902689577
1:101757613,1,101757613,A,G,0.3815,-0.0060641325766136395
1:101878799,1,101878799,A,G,0.4365,-0.005674623190872625
1:101918861,1,101918861,A,G,0.111,-0.008154814104531028
1:101926049,1,101926049,A,G,0.39349997,-0.0001749341503896063
1:101927431,1,101927431,A,G,0.32,-0.0025940482024741527
1:101934597,1,101934597,A,G,0.24900001,0.01851347171415807
1:101958226,1,101958226,A,G,0.13200003,-0.005325349083736205
1:102050277,1,102050277,A,G,0.24650002,0.0005521914276004911
1:102077763,1,102077763,A,G,0.31199998,0.003286111429166882
1:102081472,1,102081472,A,G,0.3345,0.004217125669137291
1:102118205,1,102118205,A,G,0.11900002,0.0036458775305760163
1:102137917,1,102137917,A,G,0.227,-0.0034389911045651753
1:102153333,1,102153333,A,G,0.25550002,0.009403848537491648
1:102182900,1,102182900,A,G,0.40350002,-0.0020783120813624035
1:102197323,1,102197323,A,G,0.06950003,-0.005598236204381944
1:102202897,1,102202897,A,G,0.38599998,0.009002411357713869
1:102225815,1,102225815,A,G,0.40850002,0.009107720252284294
1:102285869,1,102285869,A,G,0.36299998,-0.004879907379682696
1:102294404,1,102294404,A,G,0.459,-0.0126781450605431
1:102310008,1,102310008,A,G,0.24049997,-0.0011698345611863754
1:102318050,1,102318050,A,G,0.089999974,0.004912362466634973
1:102318313,1,102318313,A,G,0.19950002,-0.0036818252765310976
1:102325206,1,102325206,A,G,0.31199998,0.011560703056033909
1:102368512,1,102368512,A,G,0.19749999,0.00971103999669178
1:102370314,1,102370314,A,G,0.34600002,-0.012002594469147731
1:102374969,1,102374969,A,G,0.07099998,0.0005082213803413732
1:102393382,1,102393382,A,G,0.07349998,-0.005842894129777579
1:102393525,1,102393525,A,G,0.040499985,-0.0017192772754660998
1:102400392,1,102400392,A,G,0.486,0.014700132542312568
1:102423759,1,102423759,A,G,0.1645,0.0017518154362859812
1:102447303,1,102447303,A,G,0.41149998,0.0023298052858951738
1:102486041,1,102486041,A,G,0.45850003,0.0025650761930589455
1:102512693,1,102512693,A,G,0.1275,-0.0040438105859990576
1:102522879,1,102522879,A,G,0.13200003,-0.004382535125918191
1:102542787,1,102542787,A,G,0.21249998,-0.005257801345642633
1:102562351,1,102562351,A,G,0.26450002,-0.003732805033477818
1:102572099,1,102572099,A,G,0.28250003,0.0036252711302131725
1:102598387,1,102598387,A,G,0.22399998,0.002314761912992578
1:102610090,1,102610090,A,G,0.32099998,-0.005089704625742172
1:102623881,1,102623881,A,G,0.35900003,-0.013212145582365999
1:102645540,1,102645540,A,G,0.36949998,0.005279977380204184
1:102653265,1,102653265,A,G,0.058000028,-0.008443192257972496
1:102676445,1,102676445,A,G,0.3365,0.0039818487995137465
1:102739772,1,102739772,A,G,0.36699998,0.00404458364431389
1:102755398,1,102755398,A,G,0.15100002,0.012887076538789823
1:102845203,1,102845203,A,G,0.3135,-0.014016309965493122
1:102846223,1,102846223,A,G,0.102999985,-0.006385556473830015
1:102855911,1,102855911,A,G,0.365,-0.0011668965011158129
1:102867961,1,102867961,A,G,0.3345,-0.006339424064600369
1:102892477,1,102892477,A,G,0.16399997,-0.0018266875263738833
1:102912285,1,102912285,A,G,0.43699998,0.014082243678587228
1:102932339,1,102932339,A,G,0.431,0.004834489477475916
1:102961202,1,102961202,A,G,0.39450002,-0.0075999549260261446
1:102982421,1,102982421,A,G,0.236,-0.006268318018854277
1:102983781,1,102983781,A,G,0.143,0.011712962735987405
1:102985763,1,102985763,A,G,0.4245,0.00885092156662077
1:102989430,1,102989430,A,G,0.121500015,-0.0066582451774402215
1:103009001,1,103009001,A,G,0.2515,0.011951344021115504
1:103042204,1,103042204,A,G,0.21149999,-0.0029257848525428565
1:103044229,1,103044229,A,G,0.14450002,-0.0031450710062062514
1:103078099,1,103078099,A,G,0.34649998,0.006712974003222118
1:103083861,1,103083861,A,G,0.487,0.0037545651519371205
1:103090837,1,103090837,A,G,0.25449997,0.010796169973568043
1:103119367,1,103119367,A,G,0.27249998,-0.004496172643780297
1:103136496,1,103136496,A,G,0.22750002,0.014095434532520013
1:103177696,1,103177696,A,G,0.17199999,0.002483916355073418
1:103221528,1,103221528,A,G,0.18900001,0.004855422376765065
1:103230884,1,103230884,A,G,0.45099998,0.001173074543557765
1:103231400,1,103231400,A,G,0.4985,-0.00489502483540676
1:103233763,1,103233763,A,G,0.43550003,-0.004810530975394623
1:103276572,1,103276572,A,G,0.057500005,0.003793902679837487
1:103312087,1,103312087,A,G,0.3125,0.004565208592826851
1:103316390,1,103316390,A,G,0.291,0.0007468188652618168
1:103319268,1,103319268,A,G,0.39099997,-0.002815007443388845
1:103326058,1,103326058,A,G,0.38349998,0.009801120871475125
1:103326343,1,103326343,A,G,0.25,-0.011976725365117109
1:103328046,1,103328046,A,G,0.17699999,-0.008738569514791628
1:103339814,1,103339814,A,G,0.083000004,0.002158773483807988
1:103357584,1,103357584,A,G,0.34600002,0.0025410816423986965
1:103358243,1,103358243,A,G,0.17699999,0.006133401359254125
1:103366291,1,103366291,A,G,0.454,0.0032374792154344005
1:103375090,1,103375090,A,G,0.064499974,-0.007510386797238827
1:103386705,1,103386705,A,G,0.4475,0.010353994029921395
1:103399879,1,103399879,A,G,0.2985,0.0011159383581446352
1:103401243,1,103401243,A,G,0.3135,-4.899961843508045e-05
1:103453655,1,103453655,A,G,0.29400003,0.0020284286963051655
1:103496849,1,103496849,A,G,0.376,-0.0006198865939121803
1:103509527,1,103509527,A,G,0.097,0.0018758520859240462
1:103527090,1,103527090,A,G,0.4525,0.007154179476445008
1:103545074,1,103545074,A,G,0.393,0.005719221827452814
1:103566930,1,103566930,A,G,0.45499998,0.008817988907917747
1:103568238,1,103568238,A,G,0.27999997,0.010063779071135199
1:103571353,1,103571353,A,G,0.3365,0.01187626828524447
1:103615017,1,103615017,A,G,0.24900001,-0.0033498933995667335
1:103643969,1,103643969,A,G,0.10699999,0.0010300662716533973
1:103662907,1,103662907,A,G,0.20249999,-0.010759423797845225
1:103762852,1,103762852,A,G,0.18599999,0.0020128082207861407
1:103769255,1,103769255,A,G,0.13050002,-0.006147234004799626
1:103791045,1,103791045,A,G,0.17000002,-0.005564068027178206
1:103802041,1,103802041,A,G,0.2745,0.005358514682929436
1:103841199,1,103841199,A,G,0.26349998,0.011063105408304115
1:103859637,1,103859637,A,G,0.21249998,0.002928345772813129
1:103898489,1,103898489,A,G,0.48150003,-0.010861481916212064
1:103902833,1,103902833,A,G,0.3965,0.00856366813892411
1:103960588,1,103960588,A,G,0.04949999,-0.0046472463161837015
1:103966686,1,103966686,A,G,0.2985,0.001291271001170191
1:103982441,1,103982441,A,G,0.33850002,-0.02004234536688235
1:104001739,1,104001739,A,G,0.070500016,-0.009117680962186599
1:104003513,1,104003513,A,G,0.08899999,-0.007467264603045291
1:104007547,1,104007547,A,G,0.1925,0.003936353974415129
1:104036160,1,104036160,A,G,0.3265,-0.005687731737789716
1:104079168,1,104079168,A,G,0.46600002,-0.008362992360174279
1:104100469,1,104100469,A,G,0.259,-0.009457230680562017
1:104133289,1,104133289,A,G,0.4935,0.012621370207163665
1:104149966,1,104149966,A,G,0.4945,-0.01037582828891946
1:104157976,1,104157976,A,G,0.33600003,-0.003501700001804195
1:104175961,1,104175961,A,G,0.2985,-0.0021848912037168875
1:104257355,1,104257355,A,G,0.37199998,-0.0030883781265248736
1:104263162,1,104263162,A,G,0.398,0.013622777240343383
1:104278949,1,104278949,A,G,0.45099998,0.006029854930167542
1:104325637,1,104325637,A,G,0.39850003,-0.003979341461259685
1:104374881,1,104374881,A,G,0.22850001,-0.027542312608450095
1:104379226,1,104379226,A,G,0.26849997,-0.0063523115853301735
1:104386243,1,104386243,A,G,0.074500024,0.0037624877458262837
1:104396446,1,104396446,A,G,0.061999977,-0.00643217673733895
1:104436060,1,104436060,A,G,0.16649997,0.000710716592048538
1:104436259,1,104436259,A,G,0.421,-0.012142954836151075
1:104463612,1,104463612,A,G,0.18900001,0.006037114073664681
1:104476567,1,104476567,A,G,0.10399997,0.008721552275773438
1:104503144,1,104503144,A,G,0.208,0.00601396834672836
1:104541660,1,104541660,A,G,0.185,0.002850161414166337
1:104544290,1,104544290,A,G,0.485,0.002353495082156596
1:104554448,1,104554448,A,G,0.496,0.003587927416515613
1:104559255,1,104559255,A,G,0.38950002,0.012632723214161054
1:104561903,1,104561903,A,G,0.40350002,0.003738354158846171
1:104600567,1,104600567,A,G,0.15750003,0.007360676851346288
1:104611698,1,104611698,A,G,0.31,-0.005189191818388585
1:104662991,1,104662991,A,G,0.4785,-0.007932238779974001
1:104680433,1,104680433,A,G,0.20050001,0.004714219296694998
1:104703776,1,104703776,A,G,0.4935,0.008654906862905721
1:104755394,1,104755394,A,G,0.148,0.0030025899825482844
1:104763909,1,104763909,A,G,0.352,-0.004266945610286511
1:104772842,1,104772842,A,G,0.413,-0.0037087845939224643
1:104779108,1,104779108,A,G,0.314,-0.005855017768892084
1:104800567,1,104800567,A,G,0.19800001,0.004458045533166011
1:104812184,1,104812184,A,G,0.413,-0.004551072103243251
1:104821846,1,104821846,A,G,0.13950002,0.002542415939468684
1:104843600,1,104843600,A,G,0.22299999,-0.00039629180308821627
1:104860868,1,104860868,A,G,0.17699999,-0.0004207777224311813
1:104883756,1,104883756,A,G,0.28149998,0.00838026404652522
1:104884335,1,104884335,A,G,0.2245,0.006373186412649322
1:104892512,1,104892512,A,G,0.12849998,0.00016183389099181972
1:104904658,1,104904658,A,G,0.38300002,0.007689944383278934
1:104953994,1,104953994,A,G,0.11049998,0.005457705929789387
1:104981219,1,104981219,A,G,0.291,0.006775513737596146
1:104982750,1,104982750,A,G,0.4275,-0.006565254668295997
1:104998815,1,104998815,A,G,0.2845,-0.00010563540991629401
1:104999165,1,104999165,A,G,0.4605,-0.007465036245161831
