Window	SNP_i	SNP_j	LD_r	Pos_i	Pos_j	Distance
105	1:104999165	1:104999165	1.0	104999165	104999165	0
1	1:19676	1:19676	1.0	19676	19676	0
1	1:29726	1:29726	1.0	29726	29726	0
1	1:49977	1:49977	1.0	49977	49977	0
1	1:61088	1:61088	1.0	61088	61088	0
1	1:67662	1:67662	1.0	67662	67662	0
1	1:70641	1:70641	1.0	70641	70641	0
1	1:77176	1:77176	1.0	77176	77176	0
1	1:112936	1:112936	1.0	112936	112936	0
1	1:125356	1:125356	1.0	125356	125356	0
1	1:181361	1:181361	1.0	181361	181361	0
1	1:197776	1:197776	1.0	197776	197776	0
1	1:224696	1:224696	1.0	224696	224696	0
1	1:225392	1:225392	1.0	225392	225392	0
1	1:271837	1:271837	1.0	271837	271837	0
1	1:278496	1:278496	1.0	278496	278496	0
1	1:285712	1:285712	1.0	285712	285712	0
1	1:308618	1:308618	1.0	308618	308618	0
1	1:344127	1:344127	1.0	344127	344127	0
1	1:424529	1:424529	1.0	424529	424529	0
105	1:104263162	1:104263162	1.0	104263162	104263162	0
105	1:104278949	1:104278949	1.0	104278949	104278949	0
105	1:104325637	1:104325637	1.0	104325637	104325637	0
105	1:104374881	1:104374881	1.0	104374881	104374881	0
105	1:104379226	1:104379226	1.0	104379226	104379226	0
105	1:104386243	1:104386243	1.0	104386243	104386243	0
105	1:104396446	1:104396446	1.0	104396446	104396446	0
105	1:104436060	1:104436060	1.0	104436060	104436060	0
105	1:104036160	1:104036160	1.0	104036160	104036160	0
105	1:104079168	1:104079168	1.0	104079168	104079168	0
105	1:104100469	1:104100469	1.0	104100469	104100469	0
105	1:104133289	1:104133289	1.0	104133289	104133289	0
105	1:104149966	1:104149966	1.0	104149966	104149966	0
105	1:104157976	1:104157976	1.0	104157976	104157976	0
105	1:104175961	1:104175961	1.0	104175961	104175961	0
105	1:104257355	1:104257355	1.0	104257355	104257355	0
104	1:103898489	1:103898489	1.0	103898489	103898489	0
104	1:103902833	1:103902833	1.0	103902833	103902833	0
104	1:103960588	1:103960588	1.0	103960588	103960588	0
104	1:103966686	1:103966686	1.0	103966686	103966686	0
104	1:103982441	1:103982441	1.0	103982441	103982441	0
105	1:104001739	1:104001739	1.0	104001739	104001739	0
105	1:104003513	1:104003513	1.0	104003513	104003513	0
105	1:104007547	1:104007547	1.0	104007547	104007547	0
104	1:103643969	1:103643969	1.0	103643969	103643969	0
104	1:103662907	1:103662907	1.0	103662907	103662907	0
104	1:103762852	1:103762852	1.0	103762852	103762852	0
104	1:103769255	1:103769255	1.0	103769255	103769255	0
104	1:103791045	1:103791045	1.0	103791045	103791045	0
104	1:103802041	1:103802041	1.0	103802041	103802041	0
104	1:103841199	1:103841199	1.0	103841199	103841199	0
104	1:103859637	1:103859637	1.0	103859637	103859637	0
2	1:1443718	1:1443718	1.0	1443718	1443718	0
2	1:1472543	1:1472543	1.0	1472543	1472543	0
2	1:1500949	1:1500949	1.0	1500949	1500949	0
2	1:1514543	1:1514543	1.0	1514543	1514543	0
2	1:1524103	1:1524103	1.0	1524103	1524103	0
2	1:1531065	1:1531065	1.0	1531065	1531065	0
2	1:1534228	1:1534228	1.0	1534228	1534228	0
2	1:1543813	1:1543813	1.0	1543813	1543813	0
2	1:1308508	1:1308508	1.0	1308508	1308508	0
2	1:1369278	1:1369278	1.0	1369278	1369278	0
2	1:1383876	1:1383876	1.0	1383876	1383876	0
2	1:1406151	1:1406151	1.0	1406151	1406151	0
2	1:1406369	1:1406369	1.0	1406369	1406369	0
2	1:1416954	1:1416954	1.0	1416954	1416954	0
2	1:1428128	1:1428128	1.0	1428128	1428128	0
2	1:1429291	1:1429291	1.0	1429291	1429291	0
2	1:1132659	1:1132659	1.0	1132659	1132659	0
2	1:1135965	1:1135965	1.0	1135965	1135965	0
2	1:1164796	1:1164796	1.0	1164796	1164796	0
2	1:1193983	1:1193983	1.0	1193983	1193983	0
2	1:1222870	1:1222870	1.0	1222870	1222870	0
2	1:1228808	1:1228808	1.0	1228808	1228808	0
2	1:1270897	1:1270897	1.0	1270897	1270897	0
2	1:1286644	1:1286644	1.0	1286644	1286644	0
1	1:981884	1:981884	1.0	981884	981884	0
1	1:996162	1:996162	1.0	996162	996162	0
2	1:1003172	1:1003172	1.0	1003172	1003172	0
2	1:1020155	1:1020155	1.0	1020155	1020155	0
2	1:1043234	1:1043234	1.0	1043234	1043234	0
2	1:1074962	1:1074962	1.0	1074962	1074962	0
2	1:1079601	1:1079601	1.0	1079601	1079601	0
2	1:1116272	1:1116272	1.0	1116272	1116272	0
3	1:2009607	1:2009607	1.0	2009607	2009607	0
3	1:2014018	1:2014018	1.0	2014018	2014018	0
3	1:2059386	1:2059386	1.0	2059386	2059386	0
3	1:2086214	1:2086214	1.0	2086214	2086214	0
3	1:2090213	1:2090213	1.0	2090213	2090213	0
3	1:2120712	1:2120712	1.0	2120712	2120712	0
3	1:2141913	1:2141913	1.0	2141913	2141913	0
3	1:2155749	1:2155749	1.0	2155749	2155749	0
2	1:1894555	1:1894555	1.0	1894555	1894555	0
2	1:1901741	1:1901741	1.0	1901741	1901741	0
2	1:1912585	1:1912585	1.0	1912585	1912585	0
2	1:1940370	1:1940370	1.0	1940370	1940370	0
2	1:1983510	1:1983510	1.0	1983510	1983510	0
2	1:1989174	1:1989174	1.0	1989174	1989174	0
2	1:1992826	1:1992826	1.0	1992826	1992826	0
2	1:1998174	1:1998174	1.0	1998174	1998174	0
2	1:1722908	1:1722908	1.0	1722908	1722908	0
2	1:1726200	1:1726200	1.0	1726200	1726200	0
2	1:1748015	1:1748015	1.0	1748015	1748015	0
2	1:1749737	1:1749737	1.0	1749737	1749737	0
2	1:1760512	1:1760512	1.0	1760512	1760512	0
2	1:1805519	1:1805519	1.0	1805519	1805519	0
2	1:1805809	1:1805809	1.0	1805809	1805809	0
2	1:1821368	1:1821368	1.0	1821368	1821368	0
2	1:1559758	1:1559758	1.0	1559758	1559758	0
2	1:1578316	1:1578316	1.0	1578316	1578316	0
2	1:1635157	1:1635157	1.0	1635157	1635157	0
2	1:1636676	1:1636676	1.0	1636676	1636676	0
2	1:1649730	1:1649730	1.0	1649730	1649730	0
2	1:1656672	1:1656672	1.0	1656672	1656672	0
2	1:1668322	1:1668322	1.0	1668322	1668322	0
2	1:1722321	1:1722321	1.0	1722321	1722321	0
3	1:2640329	1:2640329	1.0	2640329	2640329	0
3	1:2667868	1:2667868	1.0	2667868	2667868	0
3	1:2681207	1:2681207	1.0	2681207	2681207	0
3	1:2721865	1:2721865	1.0	2721865	2721865	0
3	1:2726017	1:2726017	1.0	2726017	2726017	0
3	1:2744805	1:2744805	1.0	2744805	2744805	0
3	1:2750026	1:2750026	1.0	2750026	2750026	0
3	1:2773940	1:2773940	1.0	2773940	2773940	0
3	1:2484414	1:2484414	1.0	2484414	2484414	0
3	1:2503772	1:2503772	1.0	2503772	2503772	0
3	1:2592317	1:2592317	1.0	2592317	2592317	0
3	1:2592537	1:2592537	1.0	2592537	2592537	0
3	1:2597481	1:2597481	1.0	2597481	2597481	0
3	1:2607412	1:2607412	1.0	2607412	2607412	0
3	1:2609090	1:2609090	1.0	2609090	2609090	0
3	1:2615805	1:2615805	1.0	2615805	2615805	0
3	1:2320689	1:2320689	1.0	2320689	2320689	0
3	1:2322524	1:2322524	1.0	2322524	2322524	0
3	1:2338378	1:2338378	1.0	2338378	2338378	0
3	1:2363163	1:2363163	1.0	2363163	2363163	0
3	1:2373140	1:2373140	1.0	2373140	2373140	0
3	1:2382358	1:2382358	1.0	2382358	2382358	0
3	1:2464723	1:2464723	1.0	2464723	2464723	0
3	1:2480018	1:2480018	1.0	2480018	2480018	0
3	1:2173514	1:2173514	1.0	2173514	2173514	0
3	1:2195691	1:2195691	1.0	2195691	2195691	0
3	1:2235001	1:2235001	1.0	2235001	2235001	0
3	1:2250398	1:2250398	1.0	2250398	2250398	0
3	1:2253723	1:2253723	1.0	2253723	2253723	0
3	1:2276361	1:2276361	1.0	2276361	2276361	0
3	1:2276788	1:2276788	1.0	2276788	2276788	0
3	1:2298757	1:2298757	1.0	2298757	2298757	0
4	1:3314345	1:3314345	1.0	3314345	3314345	0
4	1:3325316	1:3325316	1.0	3325316	3325316	0
4	1:3330923	1:3330923	1.0	3330923	3330923	0
4	1:3331069	1:3331069	1.0	3331069	3331069	0
4	1:3341862	1:3341862	1.0	3341862	3341862	0
4	1:3344770	1:3344770	1.0	3344770	3344770	0
4	1:3366613	1:3366613	1.0	3366613	3366613	0
4	1:3369721	1:3369721	1.0	3369721	3369721	0
4	1:3119613	1:3119613	1.0	3119613	3119613	0
4	1:3125355	1:3125355	1.0	3125355	3125355	0
4	1:3133212	1:3133212	1.0	3133212	3133212	0
4	1:3138146	1:3138146	1.0	3138146	3138146	0
4	1:3151883	1:3151883	1.0	3151883	3151883	0
4	1:3184791	1:3184791	1.0	3184791	3184791	0
4	1:3266403	1:3266403	1.0	3266403	3266403	0
4	1:3287094	1:3287094	1.0	3287094	3287094	0
3	1:2976243	1:2976243	1.0	2976243	2976243	0
4	1:3028632	1:3028632	1.0	3028632	3028632	0
4	1:3033350	1:3033350	1.0	3033350	3033350	0
4	1:3040268	1:3040268	1.0	3040268	3040268	0
4	1:3049317	1:3049317	1.0	3049317	3049317	0
4	1:3094236	1:3094236	1.0	3094236	3094236	0
4	1:3100582	1:3100582	1.0	3100582	3100582	0
4	1:3110692	1:3110692	1.0	3110692	3110692	0
3	1:2825897	1:2825897	1.0	2825897	2825897	0
3	1:2843237	1:2843237	1.0	2843237	2843237	0
3	1:2844665	1:2844665	1.0	2844665	2844665	0
3	1:2846275	1:2846275	1.0	2846275	2846275	0
3	1:2887297	1:2887297	1.0	2887297	2887297	0
3	1:2887699	1:2887699	1.0	2887699	2887699	0
3	1:2966423	1:2966423	1.0	2966423	2966423	0
3	1:2975606	1:2975606	1.0	2975606	2975606	0
4	1:3830122	1:3830122	1.0	3830122	3830122	0
4	1:3835599	1:3835599	1.0	3835599	3835599	0
4	1:3845475	1:3845475	1.0	3845475	3845475	0
4	1:3875755	1:3875755	1.0	3875755	3875755	0
4	1:3881858	1:3881858	1.0	3881858	3881858	0
4	1:3887009	1:3887009	1.0	3887009	3887009	0
4	1:3901404	1:3901404	1.0	3901404	3901404	0
4	1:3924483	1:3924483	1.0	3924483	3924483	0
4	1:3699392	1:3699392	1.0	3699392	3699392	0
4	1:3708655	1:3708655	1.0	3708655	3708655	0
4	1:3741197	1:3741197	1.0	3741197	3741197	0
4	1:3757975	1:3757975	1.0	3757975	3757975	0
4	1:3792825	1:3792825	1.0	3792825	3792825	0
4	1:3800987	1:3800987	1.0	3800987	3800987	0
4	1:3815145	1:3815145	1.0	3815145	3815145	0
4	1:3828434	1:3828434	1.0	3828434	3828434	0
4	1:3609737	1:3609737	1.0	3609737	3609737	0
4	1:3641772	1:3641772	1.0	3641772	3641772	0
4	1:3646805	1:3646805	1.0	3646805	3646805	0
4	1:3668281	1:3668281	1.0	3668281	3668281	0
4	1:3678622	1:3678622	1.0	3678622	3678622	0
4	1:3683910	1:3683910	1.0	3683910	3683910	0
4	1:3693306	1:3693306	1.0	3693306	3693306	0
4	1:3695962	1:3695962	1.0	3695962	3695962	0
4	1:3379570	1:3379570	1.0	3379570	3379570	0
4	1:3385358	1:3385358	1.0	3385358	3385358	0
4	1:3388446	1:3388446	1.0	3388446	3388446	0
4	1:3433383	1:3433383	1.0	3433383	3433383	0
4	1:3452815	1:3452815	1.0	3452815	3452815	0
4	1:3456654	1:3456654	1.0	3456654	3456654	0
4	1:3541816	1:3541816	1.0	3541816	3541816	0
4	1:3584703	1:3584703	1.0	3584703	3584703	0
5	1:4460277	1:4460277	1.0	4460277	4460277	0
5	1:4464345	1:4464345	1.0	4464345	4464345	0
5	1:4466272	1:4466272	1.0	4466272	4466272	0
5	1:4469354	1:4469354	1.0	4469354	4469354	0
5	1:4473015	1:4473015	1.0	4473015	4473015	0
5	1:4521374	1:4521374	1.0	4521374	4521374	0
5	1:4523536	1:4523536	1.0	4523536	4523536	0
5	1:4532689	1:4532689	1.0	4532689	4532689	0
5	1:4327309	1:4327309	1.0	4327309	4327309	0
5	1:4338844	1:4338844	1.0	4338844	4338844	0
5	1:4345761	1:4345761	1.0	4345761	4345761	0
5	1:4394644	1:4394644	1.0	4394644	4394644	0
5	1:4409353	1:4409353	1.0	4409353	4409353	0
5	1:4421591	1:4421591	1.0	4421591	4421591	0
5	1:4429900	1:4429900	1.0	4429900	4429900	0
5	1:4437678	1:4437678	1.0	4437678	4437678	0
5	1:4109405	1:4109405	1.0	4109405	4109405	0
5	1:4151786	1:4151786	1.0	4151786	4151786	0
5	1:4183840	1:4183840	1.0	4183840	4183840	0
5	1:4264424	1:4264424	1.0	4264424	4264424	0
5	1:4268174	1:4268174	1.0	4268174	4268174	0
5	1:4273446	1:4273446	1.0	4273446	4273446	0
5	1:4294540	1:4294540	1.0	4294540	4294540	0
5	1:4300916	1:4300916	1.0	4300916	4300916	0
4	1:3956779	1:3956779	1.0	3956779	3956779	0
5	1:4024734	1:4024734	1.0	4024734	4024734	0
5	1:4032655	1:4032655	1.0	4032655	4032655	0
5	1:4035852	1:4035852	1.0	4035852	4035852	0
5	1:4036406	1:4036406	1.0	4036406	4036406	0
5	1:4058849	1:4058849	1.0	4058849	4058849	0
5	1:4079442	1:4079442	1.0	4079442	4079442	0
5	1:4109071	1:4109071	1.0	4109071	4109071	0
6	1:5001046	1:5001046	1.0	5001046	5001046	0
6	1:5016240	1:5016240	1.0	5016240	5016240	0
6	1:5028036	1:5028036	1.0	5028036	5028036	0
6	1:5051647	1:5051647	1.0	5051647	5051647	0
6	1:5059668	1:5059668	1.0	5059668	5059668	0
6	1:5071916	1:5071916	1.0	5071916	5071916	0
6	1:5130398	1:5130398	1.0	5130398	5130398	0
6	1:5184503	1:5184503	1.0	5184503	5184503	0
5	1:4876873	1:4876873	1.0	4876873	4876873	0
5	1:4889085	1:4889085	1.0	4889085	4889085	0
5	1:4900165	1:4900165	1.0	4900165	4900165	0
5	1:4952076	1:4952076	1.0	4952076	4952076	0
5	1:4975468	1:4975468	1.0	4975468	4975468	0
5	1:4981506	1:4981506	1.0	4981506	4981506	0
5	1:4982043	1:4982043	1.0	4982043	4982043	0
5	1:4990962	1:4990962	1.0	4990962	4990962	0
5	1:4755470	1:4755470	1.0	4755470	4755470	0
5	1:4790692	1:4790692	1.0	4790692	4790692	0
5	1:4810834	1:4810834	1.0	4810834	4810834	0
5	1:4816130	1:4816130	1.0	4816130	4816130	0
5	1:4833178	1:4833178	1.0	4833178	4833178	0
5	1:4848288	1:4848288	1.0	4848288	4848288	0
5	1:4854043	1:4854043	1.0	4854043	4854043	0
5	1:4860320	1:4860320	1.0	4860320	4860320	0
5	1:4545584	1:4545584	1.0	4545584	4545584	0
5	1:4578239	1:4578239	1.0	4578239	4578239	0
5	1:4600109	1:4600109	1.0	4600109	4600109	0
5	1:4622581	1:4622581	1.0	4622581	4622581	0
5	1:4672413	1:4672413	1.0	4672413	4672413	0
5	1:4684347	1:4684347	1.0	4684347	4684347	0
5	1:4739401	1:4739401	1.0	4739401	4739401	0
5	1:4746772	1:4746772	1.0	4746772	4746772	0
6	1:5579080	1:5579080	1.0	5579080	5579080	0
6	1:5596527	1:5596527	1.0	5596527	5596527	0
6	1:5627746	1:5627746	1.0	5627746	5627746	0
6	1:5654238	1:5654238	1.0	5654238	5654238	0
6	1:5666913	1:5666913	1.0	5666913	5666913	0
6	1:5674720	1:5674720	1.0	5674720	5674720	0
6	1:5698619	1:5698619	1.0	5698619	5698619	0
6	1:5703395	1:5703395	1.0	5703395	5703395	0
6	1:5409862	1:5409862	1.0	5409862	5409862	0
6	1:5418953	1:5418953	1.0	5418953	5418953	0
6	1:5432020	1:5432020	1.0	5432020	5432020	0
6	1:5438685	1:5438685	1.0	5438685	5438685	0
6	1:5481141	1:5481141	1.0	5481141	5481141	0
6	1:5525634	1:5525634	1.0	5525634	5525634	0
6	1:5553536	1:5553536	1.0	5553536	5553536	0
6	1:5562068	1:5562068	1.0	5562068	5562068	0
6	1:5311500	1:5311500	1.0	5311500	5311500	0
6	1:5318332	1:5318332	1.0	5318332	5318332	0
6	1:5337356	1:5337356	1.0	5337356	5337356	0
6	1:5345855	1:5345855	1.0	5345855	5345855	0
6	1:5351827	1:5351827	1.0	5351827	5351827	0
6	1:5384936	1:5384936	1.0	5384936	5384936	0
6	1:5386160	1:5386160	1.0	5386160	5386160	0
6	1:5403253	1:5403253	1.0	5403253	5403253	0
6	1:5241219	1:5241219	1.0	5241219	5241219	0
6	1:5250296	1:5250296	1.0	5250296	5250296	0
6	1:5272865	1:5272865	1.0	5272865	5272865	0
6	1:5277421	1:5277421	1.0	5277421	5277421	0
6	1:5287914	1:5287914	1.0	5287914	5287914	0
6	1:5290718	1:5290718	1.0	5290718	5290718	0
6	1:5301359	1:5301359	1.0	5301359	5301359	0
6	1:5303944	1:5303944	1.0	5303944	5303944	0
7	1:6202259	1:6202259	1.0	6202259	6202259	0
7	1:6210716	1:6210716	1.0	6210716	6210716	0
7	1:6238796	1:6238796	1.0	6238796	6238796	0
7	1:6285089	1:6285089	1.0	6285089	6285089	0
7	1:6292519	1:6292519	1.0	6292519	6292519	0
7	1:6299493	1:6299493	1.0	6299493	6299493	0
7	1:6314769	1:6314769	1.0	6314769	6314769	0
7	1:6319708	1:6319708	1.0	6319708	6319708	0
6	1:5994377	1:5994377	1.0	5994377	5994377	0
7	1:6124153	1:6124153	1.0	6124153	6124153	0
7	1:6152942	1:6152942	1.0	6152942	6152942	0
7	1:6155580	1:6155580	1.0	6155580	6155580	0
7	1:6193957	1:6193957	1.0	6193957	6193957	0
7	1:6194225	1:6194225	1.0	6194225	6194225	0
7	1:6195201	1:6195201	1.0	6195201	6195201	0
7	1:6200647	1:6200647	1.0	6200647	6200647	0
6	1:5846867	1:5846867	1.0	5846867	5846867	0
6	1:5853585	1:5853585	1.0	5853585	5853585	0
6	1:5872355	1:5872355	1.0	5872355	5872355	0
6	1:5875294	1:5875294	1.0	5875294	5875294	0
6	1:5905951	1:5905951	1.0	5905951	5905951	0
6	1:5934262	1:5934262	1.0	5934262	5934262	0
6	1:5939335	1:5939335	1.0	5939335	5939335	0
6	1:5949853	1:5949853	1.0	5949853	5949853	0
6	1:5720627	1:5720627	1.0	5720627	5720627	0
6	1:5723602	1:5723602	1.0	5723602	5723602	0
6	1:5730386	1:5730386	1.0	5730386	5730386	0
6	1:5752811	1:5752811	1.0	5752811	5752811	0
6	1:5786266	1:5786266	1.0	5786266	5786266	0
6	1:5809042	1:5809042	1.0	5809042	5809042	0
6	1:5813776	1:5813776	1.0	5813776	5813776	0
6	1:5845448	1:5845448	1.0	5845448	5845448	0
7	1:6822604	1:6822604	1.0	6822604	6822604	0
7	1:6837389	1:6837389	1.0	6837389	6837389	0
7	1:6839790	1:6839790	1.0	6839790	6839790	0
7	1:6851804	1:6851804	1.0	6851804	6851804	0
7	1:6852903	1:6852903	1.0	6852903	6852903	0
7	1:6857659	1:6857659	1.0	6857659	6857659	0
7	1:6913463	1:6913463	1.0	6913463	6913463	0
7	1:6941246	1:6941246	1.0	6941246	6941246	0
7	1:6703561	1:6703561	1.0	6703561	6703561	0
7	1:6722056	1:6722056	1.0	6722056	6722056	0
7	1:6733216	1:6733216	1.0	6733216	6733216	0
7	1:6736550	1:6736550	1.0	6736550	6736550	0
7	1:6737321	1:6737321	1.0	6737321	6737321	0
7	1:6739014	1:6739014	1.0	6739014	6739014	0
7	1:6760404	1:6760404	1.0	6760404	6760404	0
7	1:6767568	1:6767568	1.0	6767568	6767568	0
7	1:6491879	1:6491879	1.0	6491879	6491879	0
7	1:6508857	1:6508857	1.0	6508857	6508857	0
7	1:6512441	1:6512441	1.0	6512441	6512441	0
7	1:6612209	1:6612209	1.0	6612209	6612209	0
7	1:6659909	1:6659909	1.0	6659909	6659909	0
7	1:6671204	1:6671204	1.0	6671204	6671204	0
7	1:6687667	1:6687667	1.0	6687667	6687667	0
7	1:6698542	1:6698542	1.0	6698542	6698542	0
7	1:6327091	1:6327091	1.0	6327091	6327091	0
7	1:6330035	1:6330035	1.0	6330035	6330035	0
7	1:6336357	1:6336357	1.0	6336357	6336357	0
7	1:6356382	1:6356382	1.0	6356382	6356382	0
7	1:6404004	1:6404004	1.0	6404004	6404004	0
7	1:6423960	1:6423960	1.0	6423960	6423960	0
7	1:6469724	1:6469724	1.0	6469724	6469724	0
7	1:6472974	1:6472974	1.0	6472974	6472974	0
8	1:7583355	1:7583355	1.0	7583355	7583355	0
8	1:7585154	1:7585154	1.0	7585154	7585154	0
8	1:7587677	1:7587677	1.0	7587677	7587677	0
8	1:7611433	1:7611433	1.0	7611433	7611433	0
8	1:7640168	1:7640168	1.0	7640168	7640168	0
8	1:7654910	1:7654910	1.0	7654910	7654910	0
8	1:7667858	1:7667858	1.0	7667858	7667858	0
8	1:7726891	1:7726891	1.0	7726891	7726891	0
8	1:7347001	1:7347001	1.0	7347001	7347001	0
8	1:7393980	1:7393980	1.0	7393980	7393980	0
8	1:7446154	1:7446154	1.0	7446154	7446154	0
8	1:7449608	1:7449608	1.0	7449608	7449608	0
8	1:7456986	1:7456986	1.0	7456986	7456986	0
8	1:7466512	1:7466512	1.0	7466512	7466512	0
8	1:7468811	1:7468811	1.0	7468811	7468811	0
8	1:7503277	1:7503277	1.0	7503277	7503277	0
8	1:7102174	1:7102174	1.0	7102174	7102174	0
8	1:7130145	1:7130145	1.0	7130145	7130145	0
8	1:7136030	1:7136030	1.0	7136030	7136030	0
8	1:7152748	1:7152748	1.0	7152748	7152748	0
8	1:7281506	1:7281506	1.0	7281506	7281506	0
8	1:7322154	1:7322154	1.0	7322154	7322154	0
8	1:7334902	1:7334902	1.0	7334902	7334902	0
8	1:7339839	1:7339839	1.0	7339839	7339839	0
7	1:6964706	1:6964706	1.0	6964706	6964706	0
7	1:6982253	1:6982253	1.0	6982253	6982253	0
8	1:7021863	1:7021863	1.0	7021863	7021863	0
8	1:7022337	1:7022337	1.0	7022337	7022337	0
8	1:7081531	1:7081531	1.0	7081531	7081531	0
8	1:7083611	1:7083611	1.0	7083611	7083611	0
8	1:7085905	1:7085905	1.0	7085905	7085905	0
8	1:7089976	1:7089976	1.0	7089976	7089976	0
9	1:8437713	1:8437713	1.0	8437713	8437713	0
9	1:8439470	1:8439470	1.0	8439470	8439470	0
9	1:8454562	1:8454562	1.0	8454562	8454562	0
9	1:8497553	1:8497553	1.0	8497553	8497553	0
9	1:8527836	1:8527836	1.0	8527836	8527836	0
9	1:8552443	1:8552443	1.0	8552443	8552443	0
9	1:8556136	1:8556136	1.0	8556136	8556136	0
9	1:8556256	1:8556256	1.0	8556256	8556256	0
9	1:8274438	1:8274438	1.0	8274438	8274438	0
9	1:8329443	1:8329443	1.0	8329443	8329443	0
9	1:8336901	1:8336901	1.0	8336901	8336901	0
9	1:8351246	1:8351246	1.0	8351246	8351246	0
9	1:8357957	1:8357957	1.0	8357957	8357957	0
9	1:8368353	1:8368353	1.0	8368353	8368353	0
9	1:8388513	1:8388513	1.0	8388513	8388513	0
9	1:8411884	1:8411884	1.0	8411884	8411884	0
9	1:8027523	1:8027523	1.0	8027523	8027523	0
9	1:8074038	1:8074038	1.0	8074038	8074038	0
9	1:8112075	1:8112075	1.0	8112075	8112075	0
9	1:8167708	1:8167708	1.0	8167708	8167708	0
9	1:8181884	1:8181884	1.0	8181884	8181884	0
9	1:8182536	1:8182536	1.0	8182536	8182536	0
9	1:8221253	1:8221253	1.0	8221253	8221253	0
9	1:8234680	1:8234680	1.0	8234680	8234680	0
8	1:7734103	1:7734103	1.0	7734103	7734103	0
8	1:7778749	1:7778749	1.0	7778749	7778749	0
8	1:7797699	1:7797699	1.0	7797699	7797699	0
8	1:7887740	1:7887740	1.0	7887740	7887740	0
8	1:7946156	1:7946156	1.0	7946156	7946156	0
8	1:7964444	1:7964444	1.0	7964444	7964444	0
8	1:7971380	1:7971380	1.0	7971380	7971380	0
8	1:7997044	1:7997044	1.0	7997044	7997044	0
10	1:9091045	1:9091045	1.0	9091045	9091045	0
10	1:9137345	1:9137345	1.0	9137345	9137345	0
10	1:9144221	1:9144221	1.0	9144221	9144221	0
10	1:9161409	1:9161409	1.0	9161409	9161409	0
10	1:9163767	1:9163767	1.0	9163767	9163767	0
10	1:9176749	1:9176749	1.0	9176749	9176749	0
10	1:9184537	1:9184537	1.0	9184537	9184537	0
10	1:9240659	1:9240659	1.0	9240659	9240659	0
9	1:8860936	1:8860936	1.0	8860936	8860936	0
9	1:8910853	1:8910853	1.0	8910853	8910853	0
9	1:8978990	1:8978990	1.0	8978990	8978990	0
9	1:8989139	1:8989139	1.0	8989139	8989139	0
10	1:9004645	1:9004645	1.0	9004645	9004645	0
10	1:9017498	1:9017498	1.0	9017498	9017498	0
10	1:9031371	1:9031371	1.0	9031371	9031371	0
10	1:9035950	1:9035950	1.0	9035950	9035950	0
9	1:8669442	1:8669442	1.0	8669442	8669442	0
9	1:8674164	1:8674164	1.0	8674164	8674164	0
9	1:8704814	1:8704814	1.0	8704814	8704814	0
9	1:8805587	1:8805587	1.0	8805587	8805587	0
9	1:8815996	1:8815996	1.0	8815996	8815996	0
9	1:8825151	1:8825151	1.0	8825151	8825151	0
9	1:8831925	1:8831925	1.0	8831925	8831925	0
9	1:8849852	1:8849852	1.0	8849852	8849852	0
9	1:8570557	1:8570557	1.0	8570557	8570557	0
9	1:8585378	1:8585378	1.0	8585378	8585378	0
9	1:8589748	1:8589748	1.0	8589748	8589748	0
9	1:8593060	1:8593060	1.0	8593060	8593060	0
9	1:8595961	1:8595961	1.0	8595961	8595961	0
9	1:8640146	1:8640146	1.0	8640146	8640146	0
9	1:8658145	1:8658145	1.0	8658145	8658145	0
9	1:8659523	1:8659523	1.0	8659523	8659523	0
10	1:9787558	1:9787558	1.0	9787558	9787558	0
10	1:9803006	1:9803006	1.0	9803006	9803006	0
10	1:9810405	1:9810405	1.0	9810405	9810405	0
10	1:9818160	1:9818160	1.0	9818160	9818160	0
10	1:9828367	1:9828367	1.0	9828367	9828367	0
10	1:9837696	1:9837696	1.0	9837696	9837696	0
10	1:9909552	1:9909552	1.0	9909552	9909552	0
10	1:9913842	1:9913842	1.0	9913842	9913842	0
10	1:9618396	1:9618396	1.0	9618396	9618396	0
10	1:9622824	1:9622824	1.0	9622824	9622824	0
10	1:9625106	1:9625106	1.0	9625106	9625106	0
10	1:9702702	1:9702702	1.0	9702702	9702702	0
10	1:9714178	1:9714178	1.0	9714178	9714178	0
10	1:9714892	1:9714892	1.0	9714892	9714892	0
10	1:9734817	1:9734817	1.0	9734817	9734817	0
10	1:9742258	1:9742258	1.0	9742258	9742258	0
10	1:9427505	1:9427505	1.0	9427505	9427505	0
10	1:9447934	1:9447934	1.0	9447934	9447934	0
10	1:9451245	1:9451245	1.0	9451245	9451245	0
10	1:9451338	1:9451338	1.0	9451338	9451338	0
10	1:9456808	1:9456808	1.0	9456808	9456808	0
10	1:9462744	1:9462744	1.0	9462744	9462744	0
10	1:9496564	1:9496564	1.0	9496564	9496564	0
10	1:9615755	1:9615755	1.0	9615755	9615755	0
10	1:9249678	1:9249678	1.0	9249678	9249678	0
10	1:9322005	1:9322005	1.0	9322005	9322005	0
10	1:9326244	1:9326244	1.0	9326244	9326244	0
10	1:9331796	1:9331796	1.0	9331796	9331796	0
10	1:9384452	1:9384452	1.0	9384452	9384452	0
10	1:9392610	1:9392610	1.0	9392610	9392610	0
10	1:9405635	1:9405635	1.0	9405635	9405635	0
10	1:9426808	1:9426808	1.0	9426808	9426808	0
11	1:10292659	1:10292659	1.0	10292659	10292659	0
11	1:10320856	1:10320856	1.0	10320856	10320856	0
11	1:10321337	1:10321337	1.0	10321337	10321337	0
11	1:10384779	1:10384779	1.0	10384779	10384779	0
11	1:10390285	1:10390285	1.0	10390285	10390285	0
11	1:10392035	1:10392035	1.0	10392035	10392035	0
11	1:10421318	1:10421318	1.0	10421318	10421318	0
11	1:10421959	1:10421959	1.0	10421959	10421959	0
11	1:10115079	1:10115079	1.0	10115079	10115079	0
11	1:10117274	1:10117274	1.0	10117274	10117274	0
11	1:10151608	1:10151608	1.0	10151608	10151608	0
11	1:10192258	1:10192258	1.0	10192258	10192258	0
11	1:10196895	1:10196895	1.0	10196895	10196895	0
11	1:10198500	1:10198500	1.0	10198500	10198500	0
11	1:10249580	1:10249580	1.0	10249580	10249580	0
11	1:10274622	1:10274622	1.0	10274622	10274622	0
11	1:10016390	1:10016390	1.0	10016390	10016390	0
11	1:10047454	1:10047454	1.0	10047454	10047454	0
11	1:10047596	1:10047596	1.0	10047596	10047596	0
11	1:10055080	1:10055080	1.0	10055080	10055080	0
11	1:10091986	1:10091986	1.0	10091986	10091986	0
11	1:10095126	1:10095126	1.0	10095126	10095126	0
11	1:10104108	1:10104108	1.0	10104108	10104108	0
11	1:10108632	1:10108632	1.0	10108632	10108632	0
10	1:9935870	1:9935870	1.0	9935870	9935870	0
10	1:9937094	1:9937094	1.0	9937094	9937094	0
10	1:9944146	1:9944146	1.0	9944146	9944146	0
10	1:9944791	1:9944791	1.0	9944791	9944791	0
10	1:9953822	1:9953822	1.0	9953822	9953822	0
10	1:9955952	1:9955952	1.0	9955952	9955952	0
10	1:9963442	1:9963442	1.0	9963442	9963442	0
10	1:9986299	1:9986299	1.0	9986299	9986299	0
11	1:10774987	1:10774987	1.0	10774987	10774987	0
11	1:10779707	1:10779707	1.0	10779707	10779707	0
11	1:10822815	1:10822815	1.0	10822815	10822815	0
11	1:10831891	1:10831891	1.0	10831891	10831891	0
11	1:10833584	1:10833584	1.0	10833584	10833584	0
11	1:10848681	1:10848681	1.0	10848681	10848681	0
11	1:10854521	1:10854521	1.0	10854521	10854521	0
11	1:10856761	1:10856761	1.0	10856761	10856761	0
11	1:10679044	1:10679044	1.0	10679044	10679044	0
11	1:10679745	1:10679745	1.0	10679745	10679745	0
11	1:10686963	1:10686963	1.0	10686963	10686963	0
11	1:10688728	1:10688728	1.0	10688728	10688728	0
11	1:10717208	1:10717208	1.0	10717208	10717208	0
11	1:10736302	1:10736302	1.0	10736302	10736302	0
11	1:10758431	1:10758431	1.0	10758431	10758431	0
11	1:10760889	1:10760889	1.0	10760889	10760889	0
11	1:10539670	1:10539670	1.0	10539670	10539670	0
11	1:10556087	1:10556087	1.0	10556087	10556087	0
11	1:10563215	1:10563215	1.0	10563215	10563215	0
11	1:10569321	1:10569321	1.0	10569321	10569321	0
11	1:10608791	1:10608791	1.0	10608791	10608791	0
11	1:10617245	1:10617245	1.0	10617245	10617245	0
11	1:10669436	1:10669436	1.0	10669436	10669436	0
11	1:10670217	1:10670217	1.0	10670217	10670217	0
11	1:10427149	1:10427149	1.0	10427149	10427149	0
11	1:10431930	1:10431930	1.0	10431930	10431930	0
11	1:10444454	1:10444454	1.0	10444454	10444454	0
11	1:10466616	1:10466616	1.0	10466616	10466616	0
11	1:10478543	1:10478543	1.0	10478543	10478543	0
11	1:10488952	1:10488952	1.0	10488952	10488952	0
11	1:10495301	1:10495301	1.0	10495301	10495301	0
11	1:10528295	1:10528295	1.0	10528295	10528295	0
12	1:11301120	1:11301120	1.0	11301120	11301120	0
12	1:11309412	1:11309412	1.0	11309412	11309412	0
12	1:11310553	1:11310553	1.0	11310553	11310553	0
12	1:11319248	1:11319248	1.0	11319248	11319248	0
12	1:11326238	1:11326238	1.0	11326238	11326238	0
12	1:11331384	1:11331384	1.0	11331384	11331384	0
12	1:11353541	1:11353541	1.0	11353541	11353541	0
12	1:11360590	1:11360590	1.0	11360590	11360590	0
12	1:11135475	1:11135475	1.0	11135475	11135475	0
12	1:11145553	1:11145553	1.0	11145553	11145553	0
12	1:11149698	1:11149698	1.0	11149698	11149698	0
12	1:11152154	1:11152154	1.0	11152154	11152154	0
12	1:11186362	1:11186362	1.0	11186362	11186362	0
12	1:11199748	1:11199748	1.0	11199748	11199748	0
12	1:11245870	1:11245870	1.0	11245870	11245870	0
12	1:11292149	1:11292149	1.0	11292149	11292149	0
12	1:11044591	1:11044591	1.0	11044591	11044591	0
12	1:11045634	1:11045634	1.0	11045634	11045634	0
12	1:11059861	1:11059861	1.0	11059861	11059861	0
12	1:11074356	1:11074356	1.0	11074356	11074356	0
12	1:11082323	1:11082323	1.0	11082323	11082323	0
12	1:11091990	1:11091990	1.0	11091990	11091990	0
12	1:11098253	1:11098253	1.0	11098253	11098253	0
12	1:11103832	1:11103832	1.0	11103832	11103832	0
11	1:10880727	1:10880727	1.0	10880727	10880727	0
11	1:10897035	1:10897035	1.0	10897035	10897035	0
11	1:10916877	1:10916877	1.0	10916877	10916877	0
11	1:10959015	1:10959015	1.0	10959015	10959015	0
11	1:10970724	1:10970724	1.0	10970724	10970724	0
11	1:10971178	1:10971178	1.0	10971178	10971178	0
11	1:10986869	1:10986869	1.0	10986869	10986869	0
12	1:11021187	1:11021187	1.0	11021187	11021187	0
12	1:11683983	1:11683983	1.0	11683983	11683983	0
12	1:11707869	1:11707869	1.0	11707869	11707869	0
12	1:11720478	1:11720478	1.0	11720478	11720478	0
12	1:11726299	1:11726299	1.0	11726299	11726299	0
12	1:11748769	1:11748769	1.0	11748769	11748769	0
12	1:11756879	1:11756879	1.0	11756879	11756879	0
12	1:11872753	1:11872753	1.0	11872753	11872753	0
12	1:11914971	1:11914971	1.0	11914971	11914971	0
12	1:11609077	1:11609077	1.0	11609077	11609077	0
12	1:11616153	1:11616153	1.0	11616153	11616153	0
12	1:11618628	1:11618628	1.0	11618628	11618628	0
12	1:11630983	1:11630983	1.0	11630983	11630983	0
12	1:11643209	1:11643209	1.0	11643209	11643209	0
12	1:11654305	1:11654305	1.0	11654305	11654305	0
12	1:11667878	1:11667878	1.0	11667878	11667878	0
12	1:11671440	1:11671440	1.0	11671440	11671440	0
12	1:11484509	1:11484509	1.0	11484509	11484509	0
12	1:11506306	1:11506306	1.0	11506306	11506306	0
12	1:11546082	1:11546082	1.0	11546082	11546082	0
12	1:11551410	1:11551410	1.0	11551410	11551410	0
12	1:11552292	1:11552292	1.0	11552292	11552292	0
12	1:11579150	1:11579150	1.0	11579150	11579150	0
12	1:11592112	1:11592112	1.0	11592112	11592112	0
12	1:11606244	1:11606244	1.0	11606244	11606244	0
12	1:11368857	1:11368857	1.0	11368857	11368857	0
12	1:11368955	1:11368955	1.0	11368955	11368955	0
12	1:11377788	1:11377788	1.0	11377788	11377788	0
12	1:11392367	1:11392367	1.0	11392367	11392367	0
12	1:11415377	1:11415377	1.0	11415377	11415377	0
12	1:11416758	1:11416758	1.0	11416758	11416758	0
12	1:11471762	1:11471762	1.0	11471762	11471762	0
12	1:11476430	1:11476430	1.0	11476430	11476430	0
13	1:12417421	1:12417421	1.0	12417421	12417421	0
13	1:12431396	1:12431396	1.0	12431396	12431396	0
13	1:12433197	1:12433197	1.0	12433197	12433197	0
13	1:12457081	1:12457081	1.0	12457081	12457081	0
13	1:12485001	1:12485001	1.0	12485001	12485001	0
13	1:12503248	1:12503248	1.0	12503248	12503248	0
13	1:12545746	1:12545746	1.0	12545746	12545746	0
13	1:12569022	1:12569022	1.0	12569022	12569022	0
13	1:12195227	1:12195227	1.0	12195227	12195227	0
13	1:12225856	1:12225856	1.0	12225856	12225856	0
13	1:12243027	1:12243027	1.0	12243027	12243027	0
13	1:12267884	1:12267884	1.0	12267884	12267884	0
13	1:12299756	1:12299756	1.0	12299756	12299756	0
13	1:12310060	1:12310060	1.0	12310060	12310060	0
13	1:12312830	1:12312830	1.0	12312830	12312830	0
13	1:12374889	1:12374889	1.0	12374889	12374889	0
12	1:11984399	1:11984399	1.0	11984399	11984399	0
13	1:12006206	1:12006206	1.0	12006206	12006206	0
13	1:12084336	1:12084336	1.0	12084336	12084336	0
13	1:12126468	1:12126468	1.0	12126468	12126468	0
13	1:12132694	1:12132694	1.0	12132694	12132694	0
13	1:12138392	1:12138392	1.0	12138392	12138392	0
13	1:12155093	1:12155093	1.0	12155093	12155093	0
13	1:12155864	1:12155864	1.0	12155864	12155864	0
12	1:11918530	1:11918530	1.0	11918530	11918530	0
12	1:11950572	1:11950572	1.0	11950572	11950572	0
12	1:11950832	1:11950832	1.0	11950832	11950832	0
12	1:11951553	1:11951553	1.0	11951553	11951553	0
12	1:11952315	1:11952315	1.0	11952315	11952315	0
12	1:11953071	1:11953071	1.0	11953071	11953071	0
12	1:11959208	1:11959208	1.0	11959208	11959208	0
12	1:11963777	1:11963777	1.0	11963777	11963777	0
14	1:13021574	1:13021574	1.0	13021574	13021574	0
14	1:13022705	1:13022705	1.0	13022705	13022705	0
14	1:13045698	1:13045698	1.0	13045698	13045698	0
14	1:13059041	1:13059041	1.0	13059041	13059041	0
14	1:13081783	1:13081783	1.0	13081783	13081783	0
14	1:13099508	1:13099508	1.0	13099508	13099508	0
14	1:13116916	1:13116916	1.0	13116916	13116916	0
14	1:13135872	1:13135872	1.0	13135872	13135872	0
13	1:12842660	1:12842660	1.0	12842660	12842660	0
13	1:12851425	1:12851425	1.0	12851425	12851425	0
13	1:12856499	1:12856499	1.0	12856499	12856499	0
13	1:12866620	1:12866620	1.0	12866620	12866620	0
13	1:12920740	1:12920740	1.0	12920740	12920740	0
13	1:12984809	1:12984809	1.0	12984809	12984809	0
13	1:12988366	1:12988366	1.0	12988366	12988366	0
13	1:12998379	1:12998379	1.0	12998379	12998379	0
13	1:12756936	1:12756936	1.0	12756936	12756936	0
13	1:12762751	1:12762751	1.0	12762751	12762751	0
13	1:12774616	1:12774616	1.0	12774616	12774616	0
13	1:12790903	1:12790903	1.0	12790903	12790903	0
13	1:12796933	1:12796933	1.0	12796933	12796933	0
13	1:12818332	1:12818332	1.0	12818332	12818332	0
13	1:12831596	1:12831596	1.0	12831596	12831596	0
13	1:12834264	1:12834264	1.0	12834264	12834264	0
13	1:12613998	1:12613998	1.0	12613998	12613998	0
13	1:12617620	1:12617620	1.0	12617620	12617620	0
13	1:12633011	1:12633011	1.0	12633011	12633011	0
13	1:12663724	1:12663724	1.0	12663724	12663724	0
13	1:12670381	1:12670381	1.0	12670381	12670381	0
13	1:12707036	1:12707036	1.0	12707036	12707036	0
13	1:12719243	1:12719243	1.0	12719243	12719243	0
13	1:12722095	1:12722095	1.0	12722095	12722095	0
14	1:13618724	1:13618724	1.0	13618724	13618724	0
14	1:13630085	1:13630085	1.0	13630085	13630085	0
14	1:13654688	1:13654688	1.0	13654688	13654688	0
14	1:13654773	1:13654773	1.0	13654773	13654773	0
14	1:13657006	1:13657006	1.0	13657006	13657006	0
14	1:13689494	1:13689494	1.0	13689494	13689494	0
14	1:13691165	1:13691165	1.0	13691165	13691165	0
14	1:13721795	1:13721795	1.0	13721795	13721795	0
14	1:13476006	1:13476006	1.0	13476006	13476006	0
14	1:13479855	1:13479855	1.0	13479855	13479855	0
14	1:13487011	1:13487011	1.0	13487011	13487011	0
14	1:13531115	1:13531115	1.0	13531115	13531115	0
14	1:13579174	1:13579174	1.0	13579174	13579174	0
14	1:13580995	1:13580995	1.0	13580995	13580995	0
14	1:13605805	1:13605805	1.0	13605805	13605805	0
14	1:13609570	1:13609570	1.0	13609570	13609570	0
14	1:13315093	1:13315093	1.0	13315093	13315093	0
14	1:13321009	1:13321009	1.0	13321009	13321009	0
14	1:13322451	1:13322451	1.0	13322451	13322451	0
14	1:13331234	1:13331234	1.0	13331234	13331234	0
14	1:13426717	1:13426717	1.0	13426717	13426717	0
14	1:13431836	1:13431836	1.0	13431836	13431836	0
14	1:13453859	1:13453859	1.0	13453859	13453859	0
14	1:13470138	1:13470138	1.0	13470138	13470138	0
14	1:13143609	1:13143609	1.0	13143609	13143609	0
14	1:13187278	1:13187278	1.0	13187278	13187278	0
14	1:13217649	1:13217649	1.0	13217649	13217649	0
14	1:13245463	1:13245463	1.0	13245463	13245463	0
14	1:13245697	1:13245697	1.0	13245697	13245697	0
14	1:13283693	1:13283693	1.0	13283693	13283693	0
14	1:13296139	1:13296139	1.0	13296139	13296139	0
14	1:13298373	1:13298373	1.0	13298373	13298373	0
15	1:14072990	1:14072990	1.0	14072990	14072990	0
15	1:14106895	1:14106895	1.0	14106895	14106895	0
15	1:14150541	1:14150541	1.0	14150541	14150541	0
15	1:14160135	1:14160135	1.0	14160135	14160135	0
15	1:14218201	1:14218201	1.0	14218201	14218201	0
15	1:14219887	1:14219887	1.0	14219887	14219887	0
15	1:14226225	1:14226225	1.0	14226225	14226225	0
15	1:14246174	1:14246174	1.0	14246174	14246174	0
14	1:13953368	1:13953368	1.0	13953368	13953368	0
14	1:13981529	1:13981529	1.0	13981529	13981529	0
15	1:14004882	1:14004882	1.0	14004882	14004882	0
15	1:14013404	1:14013404	1.0	14013404	14013404	0
15	1:14054780	1:14054780	1.0	14054780	14054780	0
15	1:14058703	1:14058703	1.0	14058703	14058703	0
15	1:14063919	1:14063919	1.0	14063919	14063919	0
15	1:14067122	1:14067122	1.0	14067122	14067122	0
14	1:13832641	1:13832641	1.0	13832641	13832641	0
14	1:13839095	1:13839095	1.0	13839095	13839095	0
14	1:13863530	1:13863530	1.0	13863530	13863530	0
14	1:13881179	1:13881179	1.0	13881179	13881179	0
14	1:13907580	1:13907580	1.0	13907580	13907580	0
14	1:13925414	1:13925414	1.0	13925414	13925414	0
14	1:13942403	1:13942403	1.0	13942403	13942403	0
14	1:13952822	1:13952822	1.0	13952822	13952822	0
14	1:13757650	1:13757650	1.0	13757650	13757650	0
14	1:13763701	1:13763701	1.0	13763701	13763701	0
14	1:13769206	1:13769206	1.0	13769206	13769206	0
14	1:13781010	1:13781010	1.0	13781010	13781010	0
14	1:13792250	1:13792250	1.0	13792250	13792250	0
14	1:13798271	1:13798271	1.0	13798271	13798271	0
14	1:13822357	1:13822357	1.0	13822357	13822357	0
14	1:13824881	1:13824881	1.0	13824881	13824881	0
15	1:14716533	1:14716533	1.0	14716533	14716533	0
15	1:14716696	1:14716696	1.0	14716696	14716696	0
15	1:14717084	1:14717084	1.0	14717084	14717084	0
15	1:14722792	1:14722792	1.0	14722792	14722792	0
15	1:14749152	1:14749152	1.0	14749152	14749152	0
15	1:14764961	1:14764961	1.0	14764961	14764961	0
15	1:14793753	1:14793753	1.0	14793753	14793753	0
15	1:14804512	1:14804512	1.0	14804512	14804512	0
15	1:14578364	1:14578364	1.0	14578364	14578364	0
15	1:14625667	1:14625667	1.0	14625667	14625667	0
15	1:14650272	1:14650272	1.0	14650272	14650272	0
15	1:14677070	1:14677070	1.0	14677070	14677070	0
15	1:14677442	1:14677442	1.0	14677442	14677442	0
15	1:14681317	1:14681317	1.0	14681317	14681317	0
15	1:14689950	1:14689950	1.0	14689950	14689950	0
15	1:14693326	1:14693326	1.0	14693326	14693326	0
15	1:14503357	1:14503357	1.0	14503357	14503357	0
15	1:14509188	1:14509188	1.0	14509188	14509188	0
15	1:14512254	1:14512254	1.0	14512254	14512254	0
15	1:14514255	1:14514255	1.0	14514255	14514255	0
15	1:14534057	1:14534057	1.0	14534057	14534057	0
15	1:14557760	1:14557760	1.0	14557760	14557760	0
15	1:14573459	1:14573459	1.0	14573459	14573459	0
15	1:14573835	1:14573835	1.0	14573835	14573835	0
15	1:14263316	1:14263316	1.0	14263316	14263316	0
15	1:14284504	1:14284504	1.0	14284504	14284504	0
15	1:14315680	1:14315680	1.0	14315680	14315680	0
15	1:14369953	1:14369953	1.0	14369953	14369953	0
15	1:14372529	1:14372529	1.0	14372529	14372529	0
15	1:14418935	1:14418935	1.0	14418935	14418935	0
15	1:14421669	1:14421669	1.0	14421669	14421669	0
15	1:14497055	1:14497055	1.0	14497055	14497055	0
16	1:15551271	1:15551271	1.0	15551271	15551271	0
16	1:15560244	1:15560244	1.0	15560244	15560244	0
16	1:15586927	1:15586927	1.0	15586927	15586927	0
16	1:15590662	1:15590662	1.0	15590662	15590662	0
16	1:15624799	1:15624799	1.0	15624799	15624799	0
16	1:15648246	1:15648246	1.0	15648246	15648246	0
16	1:15663646	1:15663646	1.0	15663646	15663646	0
16	1:15697606	1:15697606	1.0	15697606	15697606	0
16	1:15342277	1:15342277	1.0	15342277	15342277	0
16	1:15421041	1:15421041	1.0	15421041	15421041	0
16	1:15433223	1:15433223	1.0	15433223	15433223	0
16	1:15438826	1:15438826	1.0	15438826	15438826	0
16	1:15510436	1:15510436	1.0	15510436	15510436	0
16	1:15512660	1:15512660	1.0	15512660	15512660	0
16	1:15527001	1:15527001	1.0	15527001	15527001	0
16	1:15542212	1:15542212	1.0	15542212	15542212	0
16	1:15105102	1:15105102	1.0	15105102	15105102	0
16	1:15125441	1:15125441	1.0	15125441	15125441	0
16	1:15135764	1:15135764	1.0	15135764	15135764	0
16	1:15148531	1:15148531	1.0	15148531	15148531	0
16	1:15152995	1:15152995	1.0	15152995	15152995	0
16	1:15168971	1:15168971	1.0	15168971	15168971	0
16	1:15170522	1:15170522	1.0	15170522	15170522	0
16	1:15192218	1:15192218	1.0	15192218	15192218	0
15	1:14812144	1:14812144	1.0	14812144	14812144	0
15	1:14881729	1:14881729	1.0	14881729	14881729	0
15	1:14931116	1:14931116	1.0	14931116	14931116	0
15	1:14986158	1:14986158	1.0	14986158	14986158	0
16	1:15033889	1:15033889	1.0	15033889	15033889	0
16	1:15043404	1:15043404	1.0	15043404	15043404	0
16	1:15074662	1:15074662	1.0	15074662	15074662	0
16	1:15099204	1:15099204	1.0	15099204	15099204	0
17	1:16167671	1:16167671	1.0	16167671	16167671	0
17	1:16169765	1:16169765	1.0	16169765	16169765	0
17	1:16177173	1:16177173	1.0	16177173	16177173	0
17	1:16192669	1:16192669	1.0	16192669	16192669	0
17	1:16202559	1:16202559	1.0	16202559	16202559	0
17	1:16203306	1:16203306	1.0	16203306	16203306	0
17	1:16213226	1:16213226	1.0	16213226	16213226	0
17	1:16215666	1:16215666	1.0	16215666	16215666	0
17	1:16037628	1:16037628	1.0	16037628	16037628	0
17	1:16045908	1:16045908	1.0	16045908	16045908	0
17	1:16052466	1:16052466	1.0	16052466	16052466	0
17	1:16077580	1:16077580	1.0	16077580	16077580	0
17	1:16099249	1:16099249	1.0	16099249	16099249	0
17	1:16136572	1:16136572	1.0	16136572	16136572	0
17	1:16140114	1:16140114	1.0	16140114	16140114	0
17	1:16150866	1:16150866	1.0	16150866	16150866	0
16	1:15861937	1:15861937	1.0	15861937	15861937	0
16	1:15876697	1:15876697	1.0	15876697	15876697	0
16	1:15886373	1:15886373	1.0	15886373	15886373	0
16	1:15900477	1:15900477	1.0	15900477	15900477	0
16	1:15942097	1:15942097	1.0	15942097	15942097	0
16	1:15985250	1:15985250	1.0	15985250	15985250	0
16	1:15993239	1:15993239	1.0	15993239	15993239	0
17	1:16002438	1:16002438	1.0	16002438	16002438	0
16	1:15702853	1:15702853	1.0	15702853	15702853	0
16	1:15711073	1:15711073	1.0	15711073	15711073	0
16	1:15732904	1:15732904	1.0	15732904	15732904	0
16	1:15734210	1:15734210	1.0	15734210	15734210	0
16	1:15762513	1:15762513	1.0	15762513	15762513	0
16	1:15808459	1:15808459	1.0	15808459	15808459	0
16	1:15814829	1:15814829	1.0	15814829	15814829	0
16	1:15851429	1:15851429	1.0	15851429	15851429	0
17	1:16816570	1:16816570	1.0	16816570	16816570	0
17	1:16828924	1:16828924	1.0	16828924	16828924	0
17	1:16845365	1:16845365	1.0	16845365	16845365	0
17	1:16861871	1:16861871	1.0	16861871	16861871	0
17	1:16869253	1:16869253	1.0	16869253	16869253	0
17	1:16887295	1:16887295	1.0	16887295	16887295	0
17	1:16920197	1:16920197	1.0	16920197	16920197	0
17	1:16934381	1:16934381	1.0	16934381	16934381	0
17	1:16620938	1:16620938	1.0	16620938	16620938	0
17	1:16663289	1:16663289	1.0	16663289	16663289	0
17	1:16684389	1:16684389	1.0	16684389	16684389	0
17	1:16689089	1:16689089	1.0	16689089	16689089	0
17	1:16701251	1:16701251	1.0	16701251	16701251	0
17	1:16770275	1:16770275	1.0	16770275	16770275	0
17	1:16794514	1:16794514	1.0	16794514	16794514	0
17	1:16796694	1:16796694	1.0	16796694	16796694	0
17	1:16413807	1:16413807	1.0	16413807	16413807	0
17	1:16434344	1:16434344	1.0	16434344	16434344	0
17	1:16448426	1:16448426	1.0	16448426	16448426	0
17	1:16514878	1:16514878	1.0	16514878	16514878	0
17	1:16525824	1:16525824	1.0	16525824	16525824	0
17	1:16530110	1:16530110	1.0	16530110	16530110	0
17	1:16600353	1:16600353	1.0	16600353	16600353	0
17	1:16618154	1:16618154	1.0	16618154	16618154	0
17	1:16263883	1:16263883	1.0	16263883	16263883	0
17	1:16374602	1:16374602	1.0	16374602	16374602	0
17	1:16394488	1:16394488	1.0	16394488	16394488	0
17	1:16405567	1:16405567	1.0	16405567	16405567	0
17	1:16406441	1:16406441	1.0	16406441	16406441	0
17	1:16411414	1:16411414	1.0	16411414	16411414	0
17	1:16413329	1:16413329	1.0	16413329	16413329	0
17	1:16413487	1:16413487	1.0	16413487	16413487	0
18	1:17443382	1:17443382	1.0	17443382	17443382	0
18	1:17456058	1:17456058	1.0	17456058	17456058	0
18	1:17457884	1:17457884	1.0	17457884	17457884	0
18	1:17486879	1:17486879	1.0	17486879	17486879	0
18	1:17503548	1:17503548	1.0	17503548	17503548	0
18	1:17541338	1:17541338	1.0	17541338	17541338	0
18	1:17547390	1:17547390	1.0	17547390	17547390	0
18	1:17562549	1:17562549	1.0	17562549	17562549	0
18	1:17296382	1:17296382	1.0	17296382	17296382	0
18	1:17298461	1:17298461	1.0	17298461	17298461	0
18	1:17310853	1:17310853	1.0	17310853	17310853	0
18	1:17353136	1:17353136	1.0	17353136	17353136	0
18	1:17393154	1:17393154	1.0	17393154	17393154	0
18	1:17406302	1:17406302	1.0	17406302	17406302	0
18	1:17434168	1:17434168	1.0	17434168	17434168	0
18	1:17438119	1:17438119	1.0	17438119	17438119	0
18	1:17071963	1:17071963	1.0	17071963	17071963	0
18	1:17089240	1:17089240	1.0	17089240	17089240	0
18	1:17127284	1:17127284	1.0	17127284	17127284	0
18	1:17163811	1:17163811	1.0	17163811	17163811	0
18	1:17196046	1:17196046	1.0	17196046	17196046	0
18	1:17260672	1:17260672	1.0	17260672	17260672	0
18	1:17278807	1:17278807	1.0	17278807	17278807	0
18	1:17292910	1:17292910	1.0	17292910	17292910	0
17	1:16938662	1:16938662	1.0	16938662	16938662	0
17	1:16953832	1:16953832	1.0	16953832	16953832	0
17	1:16994987	1:16994987	1.0	16994987	16994987	0
18	1:17016234	1:17016234	1.0	17016234	17016234	0
18	1:17021094	1:17021094	1.0	17021094	17021094	0
18	1:17022361	1:17022361	1.0	17022361	17022361	0
18	1:17028709	1:17028709	1.0	17028709	17028709	0
18	1:17066319	1:17066319	1.0	17066319	17066319	0
18	1:17977749	1:17977749	1.0	17977749	17977749	0
19	1:18001961	1:18001961	1.0	18001961	18001961	0
19	1:18004439	1:18004439	1.0	18004439	18004439	0
19	1:18093040	1:18093040	1.0	18093040	18093040	0
19	1:18100700	1:18100700	1.0	18100700	18100700	0
19	1:18130255	1:18130255	1.0	18130255	18130255	0
19	1:18130541	1:18130541	1.0	18130541	18130541	0
19	1:18138520	1:18138520	1.0	18138520	18138520	0
18	1:17824014	1:17824014	1.0	17824014	17824014	0
18	1:17824560	1:17824560	1.0	17824560	17824560	0
18	1:17832892	1:17832892	1.0	17832892	17832892	0
18	1:17864558	1:17864558	1.0	17864558	17864558	0
18	1:17882751	1:17882751	1.0	17882751	17882751	0
18	1:17920170	1:17920170	1.0	17920170	17920170	0
18	1:17943887	1:17943887	1.0	17943887	17943887	0
18	1:17962328	1:17962328	1.0	17962328	17962328	0
18	1:17687992	1:17687992	1.0	17687992	17687992	0
18	1:17691445	1:17691445	1.0	17691445	17691445	0
18	1:17728139	1:17728139	1.0	17728139	17728139	0
18	1:17750765	1:17750765	1.0	17750765	17750765	0
18	1:17789601	1:17789601	1.0	17789601	17789601	0
18	1:17807334	1:17807334	1.0	17807334	17807334	0
18	1:17810472	1:17810472	1.0	17810472	17810472	0
18	1:17811803	1:17811803	1.0	17811803	17811803	0
18	1:17569188	1:17569188	1.0	17569188	17569188	0
18	1:17579066	1:17579066	1.0	17579066	17579066	0
18	1:17583781	1:17583781	1.0	17583781	17583781	0
18	1:17606952	1:17606952	1.0	17606952	17606952	0
18	1:17642356	1:17642356	1.0	17642356	17642356	0
18	1:17644181	1:17644181	1.0	17644181	17644181	0
18	1:17675549	1:17675549	1.0	17675549	17675549	0
18	1:17686928	1:17686928	1.0	17686928	17686928	0
19	1:18583427	1:18583427	1.0	18583427	18583427	0
19	1:18589322	1:18589322	1.0	18589322	18589322	0
19	1:18608311	1:18608311	1.0	18608311	18608311	0
19	1:18644523	1:18644523	1.0	18644523	18644523	0
19	1:18664180	1:18664180	1.0	18664180	18664180	0
19	1:18673437	1:18673437	1.0	18673437	18673437	0
19	1:18720028	1:18720028	1.0	18720028	18720028	0
19	1:18727584	1:18727584	1.0	18727584	18727584	0
19	1:18392994	1:18392994	1.0	18392994	18392994	0
19	1:18434370	1:18434370	1.0	18434370	18434370	0
19	1:18458858	1:18458858	1.0	18458858	18458858	0
19	1:18463213	1:18463213	1.0	18463213	18463213	0
19	1:18484759	1:18484759	1.0	18484759	18484759	0
19	1:18492847	1:18492847	1.0	18492847	18492847	0
19	1:18557969	1:18557969	1.0	18557969	18557969	0
19	1:18562776	1:18562776	1.0	18562776	18562776	0
19	1:18283362	1:18283362	1.0	18283362	18283362	0
19	1:18291318	1:18291318	1.0	18291318	18291318	0
19	1:18298918	1:18298918	1.0	18298918	18298918	0
19	1:18303751	1:18303751	1.0	18303751	18303751	0
19	1:18317941	1:18317941	1.0	18317941	18317941	0
19	1:18321830	1:18321830	1.0	18321830	18321830	0
19	1:18333735	1:18333735	1.0	18333735	18333735	0
19	1:18380187	1:18380187	1.0	18380187	18380187	0
19	1:18144440	1:18144440	1.0	18144440	18144440	0
19	1:18149287	1:18149287	1.0	18149287	18149287	0
19	1:18152862	1:18152862	1.0	18152862	18152862	0
19	1:18161635	1:18161635	1.0	18161635	18161635	0
19	1:18173653	1:18173653	1.0	18173653	18173653	0
19	1:18246136	1:18246136	1.0	18246136	18246136	0
19	1:18268850	1:18268850	1.0	18268850	18268850	0
19	1:18275556	1:18275556	1.0	18275556	18275556	0
20	1:19221243	1:19221243	1.0	19221243	19221243	0
20	1:19262887	1:19262887	1.0	19262887	19262887	0
20	1:19312611	1:19312611	1.0	19312611	19312611	0
20	1:19339822	1:19339822	1.0	19339822	19339822	0
20	1:19350836	1:19350836	1.0	19350836	19350836	0
20	1:19363134	1:19363134	1.0	19363134	19363134	0
20	1:19369887	1:19369887	1.0	19369887	19369887	0
20	1:19384839	1:19384839	1.0	19384839	19384839	0
20	1:19032580	1:19032580	1.0	19032580	19032580	0
20	1:19053323	1:19053323	1.0	19053323	19053323	0
20	1:19097932	1:19097932	1.0	19097932	19097932	0
20	1:19155152	1:19155152	1.0	19155152	19155152	0
20	1:19156054	1:19156054	1.0	19156054	19156054	0
20	1:19164529	1:19164529	1.0	19164529	19164529	0
20	1:19214048	1:19214048	1.0	19214048	19214048	0
20	1:19215281	1:19215281	1.0	19215281	19215281	0
19	1:18892009	1:18892009	1.0	18892009	18892009	0
19	1:18895650	1:18895650	1.0	18895650	18895650	0
19	1:18904816	1:18904816	1.0	18904816	18904816	0
19	1:18926200	1:18926200	1.0	18926200	18926200	0
19	1:18967439	1:18967439	1.0	18967439	18967439	0
19	1:18992384	1:18992384	1.0	18992384	18992384	0
19	1:18994398	1:18994398	1.0	18994398	18994398	0
20	1:19012022	1:19012022	1.0	19012022	19012022	0
19	1:18737372	1:18737372	1.0	18737372	18737372	0
19	1:18740106	1:18740106	1.0	18740106	18740106	0
19	1:18757507	1:18757507	1.0	18757507	18757507	0
19	1:18786177	1:18786177	1.0	18786177	18786177	0
19	1:18803797	1:18803797	1.0	18803797	18803797	0
19	1:18804537	1:18804537	1.0	18804537	18804537	0
19	1:18861721	1:18861721	1.0	18861721	18861721	0
19	1:18877238	1:18877238	1.0	18877238	18877238	0
20	1:19877715	1:19877715	1.0	19877715	19877715	0
20	1:19894389	1:19894389	1.0	19894389	19894389	0
20	1:19896951	1:19896951	1.0	19896951	19896951	0
20	1:19908426	1:19908426	1.0	19908426	19908426	0
20	1:19931457	1:19931457	1.0	19931457	19931457	0
20	1:19952901	1:19952901	1.0	19952901	19952901	0
20	1:19975373	1:19975373	1.0	19975373	19975373	0
20	1:19992067	1:19992067	1.0	19992067	19992067	0
20	1:19659207	1:19659207	1.0	19659207	19659207	0
20	1:19661008	1:19661008	1.0	19661008	19661008	0
20	1:19678934	1:19678934	1.0	19678934	19678934	0
20	1:19699314	1:19699314	1.0	19699314	19699314	0
20	1:19749000	1:19749000	1.0	19749000	19749000	0
20	1:19759627	1:19759627	1.0	19759627	19759627	0
20	1:19789003	1:19789003	1.0	19789003	19789003	0
20	1:19847988	1:19847988	1.0	19847988	19847988	0
20	1:19511513	1:19511513	1.0	19511513	19511513	0
20	1:19575138	1:19575138	1.0	19575138	19575138	0
20	1:19576704	1:19576704	1.0	19576704	19576704	0
20	1:19628491	1:19628491	1.0	19628491	19628491	0
20	1:19636870	1:19636870	1.0	19636870	19636870	0
20	1:19643674	1:19643674	1.0	19643674	19643674	0
20	1:19651516	1:19651516	1.0	19651516	19651516	0
20	1:19655821	1:19655821	1.0	19655821	19655821	0
20	1:19391452	1:19391452	1.0	19391452	19391452	0
20	1:19397197	1:19397197	1.0	19397197	19397197	0
20	1:19398375	1:19398375	1.0	19398375	19398375	0
20	1:19413939	1:19413939	1.0	19413939	19413939	0
20	1:19432054	1:19432054	1.0	19432054	19432054	0
20	1:19433355	1:19433355	1.0	19433355	19433355	0
20	1:19471462	1:19471462	1.0	19471462	19471462	0
20	1:19482216	1:19482216	1.0	19482216	19482216	0
21	1:20462321	1:20462321	1.0	20462321	20462321	0
21	1:20481914	1:20481914	1.0	20481914	20481914	0
21	1:20491596	1:20491596	1.0	20491596	20491596	0
21	1:20515190	1:20515190	1.0	20515190	20515190	0
21	1:20521014	1:20521014	1.0	20521014	20521014	0
21	1:20523386	1:20523386	1.0	20523386	20523386	0
21	1:20536722	1:20536722	1.0	20536722	20536722	0
21	1:20554755	1:20554755	1.0	20554755	20554755	0
21	1:20176969	1:20176969	1.0	20176969	20176969	0
21	1:20193881	1:20193881	1.0	20193881	20193881	0
21	1:20218083	1:20218083	1.0	20218083	20218083	0
21	1:20279847	1:20279847	1.0	20279847	20279847	0
21	1:20281690	1:20281690	1.0	20281690	20281690	0
21	1:20353728	1:20353728	1.0	20353728	20353728	0
21	1:20411012	1:20411012	1.0	20411012	20411012	0
21	1:20426496	1:20426496	1.0	20426496	20426496	0
21	1:20096060	1:20096060	1.0	20096060	20096060	0
21	1:20122243	1:20122243	1.0	20122243	20122243	0
21	1:20137709	1:20137709	1.0	20137709	20137709	0
21	1:20153174	1:20153174	1.0	20153174	20153174	0
21	1:20153730	1:20153730	1.0	20153730	20153730	0
21	1:20154995	1:20154995	1.0	20154995	20154995	0
21	1:20159132	1:20159132	1.0	20159132	20159132	0
21	1:20167959	1:20167959	1.0	20167959	20167959	0
21	1:20000739	1:20000739	1.0	20000739	20000739	0
21	1:20020304	1:20020304	1.0	20020304	20020304	0
21	1:20057989	1:20057989	1.0	20057989	20057989	0
21	1:20060189	1:20060189	1.0	20060189	20060189	0
21	1:20060833	1:20060833	1.0	20060833	20060833	0
21	1:20080581	1:20080581	1.0	20080581	20080581	0
21	1:20080674	1:20080674	1.0	20080674	20080674	0
21	1:20088366	1:20088366	1.0	20088366	20088366	0
21	1:20885051	1:20885051	1.0	20885051	20885051	0
21	1:20892579	1:20892579	1.0	20892579	20892579	0
21	1:20969113	1:20969113	1.0	20969113	20969113	0
21	1:20974296	1:20974296	1.0	20974296	20974296	0
21	1:20978982	1:20978982	1.0	20978982	20978982	0
21	1:20989594	1:20989594	1.0	20989594	20989594	0
22	1:21081789	1:21081789	1.0	21081789	21081789	0
22	1:21088013	1:21088013	1.0	21088013	21088013	0
21	1:20803159	1:20803159	1.0	20803159	20803159	0
21	1:20808636	1:20808636	1.0	20808636	20808636	0
21	1:20811681	1:20811681	1.0	20811681	20811681	0
21	1:20812710	1:20812710	1.0	20812710	20812710	0
21	1:20814993	1:20814993	1.0	20814993	20814993	0
21	1:20833174	1:20833174	1.0	20833174	20833174	0
21	1:20840175	1:20840175	1.0	20840175	20840175	0
21	1:20868902	1:20868902	1.0	20868902	20868902	0
21	1:20686656	1:20686656	1.0	20686656	20686656	0
21	1:20696166	1:20696166	1.0	20696166	20696166	0
21	1:20709964	1:20709964	1.0	20709964	20709964	0
21	1:20717502	1:20717502	1.0	20717502	20717502	0
21	1:20718454	1:20718454	1.0	20718454	20718454	0
21	1:20729472	1:20729472	1.0	20729472	20729472	0
21	1:20757270	1:20757270	1.0	20757270	20757270	0
21	1:20778287	1:20778287	1.0	20778287	20778287	0
21	1:20560092	1:20560092	1.0	20560092	20560092	0
21	1:20568698	1:20568698	1.0	20568698	20568698	0
21	1:20589227	1:20589227	1.0	20589227	20589227	0
21	1:20596929	1:20596929	1.0	20596929	20596929	0
21	1:20606266	1:20606266	1.0	20606266	20606266	0
21	1:20610501	1:20610501	1.0	20610501	20610501	0
21	1:20668330	1:20668330	1.0	20668330	20668330	0
21	1:20681939	1:20681939	1.0	20681939	20681939	0
22	1:21609308	1:21609308	1.0	21609308	21609308	0
22	1:21609908	1:21609908	1.0	21609908	21609908	0
22	1:21614134	1:21614134	1.0	21614134	21614134	0
22	1:21636438	1:21636438	1.0	21636438	21636438	0
22	1:21646140	1:21646140	1.0	21646140	21646140	0
22	1:21650279	1:21650279	1.0	21650279	21650279	0
22	1:21654925	1:21654925	1.0	21654925	21654925	0
22	1:21670308	1:21670308	1.0	21670308	21670308	0
22	1:21320140	1:21320140	1.0	21320140	21320140	0
22	1:21351510	1:21351510	1.0	21351510	21351510	0
22	1:21444022	1:21444022	1.0	21444022	21444022	0
22	1:21485786	1:21485786	1.0	21485786	21485786	0
22	1:21496824	1:21496824	1.0	21496824	21496824	0
22	1:21498556	1:21498556	1.0	21498556	21498556	0
22	1:21586326	1:21586326	1.0	21586326	21586326	0
22	1:21595967	1:21595967	1.0	21595967	21595967	0
22	1:21217067	1:21217067	1.0	21217067	21217067	0
22	1:21223035	1:21223035	1.0	21223035	21223035	0
22	1:21223677	1:21223677	1.0	21223677	21223677	0
22	1:21227469	1:21227469	1.0	21227469	21227469	0
22	1:21232431	1:21232431	1.0	21232431	21232431	0
22	1:21258834	1:21258834	1.0	21258834	21258834	0
22	1:21284384	1:21284384	1.0	21284384	21284384	0
22	1:21288949	1:21288949	1.0	21288949	21288949	0
22	1:21089934	1:21089934	1.0	21089934	21089934	0
22	1:21104793	1:21104793	1.0	21104793	21104793	0
22	1:21114004	1:21114004	1.0	21114004	21114004	0
22	1:21123874	1:21123874	1.0	21123874	21123874	0
22	1:21130344	1:21130344	1.0	21130344	21130344	0
22	1:21173867	1:21173867	1.0	21173867	21173867	0
22	1:21200097	1:21200097	1.0	21200097	21200097	0
22	1:21200625	1:21200625	1.0	21200625	21200625	0
22	1:21992839	1:21992839	1.0	21992839	21992839	0
23	1:22005783	1:22005783	1.0	22005783	22005783	0
23	1:22015778	1:22015778	1.0	22015778	22015778	0
23	1:22064335	1:22064335	1.0	22064335	22064335	0
23	1:22076455	1:22076455	1.0	22076455	22076455	0
23	1:22098346	1:22098346	1.0	22098346	22098346	0
23	1:22148024	1:22148024	1.0	22148024	22148024	0
23	1:22178435	1:22178435	1.0	22178435	22178435	0
22	1:21900147	1:21900147	1.0	21900147	21900147	0
22	1:21900339	1:21900339	1.0	21900339	21900339	0
22	1:21921118	1:21921118	1.0	21921118	21921118	0
22	1:21937541	1:21937541	1.0	21937541	21937541	0
22	1:21958274	1:21958274	1.0	21958274	21958274	0
22	1:21959318	1:21959318	1.0	21959318	21959318	0
22	1:21970759	1:21970759	1.0	21970759	21970759	0
22	1:21982814	1:21982814	1.0	21982814	21982814	0
22	1:21814502	1:21814502	1.0	21814502	21814502	0
22	1:21821297	1:21821297	1.0	21821297	21821297	0
22	1:21827622	1:21827622	1.0	21827622	21827622	0
22	1:21845219	1:21845219	1.0	21845219	21845219	0
22	1:21847631	1:21847631	1.0	21847631	21847631	0
22	1:21859074	1:21859074	1.0	21859074	21859074	0
22	1:21882941	1:21882941	1.0	21882941	21882941	0
22	1:21884602	1:21884602	1.0	21884602	21884602	0
22	1:21672157	1:21672157	1.0	21672157	21672157	0
22	1:21680042	1:21680042	1.0	21680042	21680042	0
22	1:21725225	1:21725225	1.0	21725225	21725225	0
22	1:21731799	1:21731799	1.0	21731799	21731799	0
22	1:21739357	1:21739357	1.0	21739357	21739357	0
22	1:21765240	1:21765240	1.0	21765240	21765240	0
22	1:21777763	1:21777763	1.0	21777763	21777763	0
22	1:21794867	1:21794867	1.0	21794867	21794867	0
23	1:22674715	1:22674715	1.0	22674715	22674715	0
23	1:22700315	1:22700315	1.0	22700315	22700315	0
23	1:22725757	1:22725757	1.0	22725757	22725757	0
23	1:22740076	1:22740076	1.0	22740076	22740076	0
23	1:22761901	1:22761901	1.0	22761901	22761901	0
23	1:22763343	1:22763343	1.0	22763343	22763343	0
23	1:22791343	1:22791343	1.0	22791343	22791343	0
23	1:22802312	1:22802312	1.0	22802312	22802312	0
23	1:22536637	1:22536637	1.0	22536637	22536637	0
23	1:22558782	1:22558782	1.0	22558782	22558782	0
23	1:22564966	1:22564966	1.0	22564966	22564966	0
23	1:22576163	1:22576163	1.0	22576163	22576163	0
23	1:22632536	1:22632536	1.0	22632536	22632536	0
23	1:22636263	1:22636263	1.0	22636263	22636263	0
23	1:22640052	1:22640052	1.0	22640052	22640052	0
23	1:22644721	1:22644721	1.0	22644721	22644721	0
23	1:22406698	1:22406698	1.0	22406698	22406698	0
23	1:22419481	1:22419481	1.0	22419481	22419481	0
23	1:22432852	1:22432852	1.0	22432852	22432852	0
23	1:22438281	1:22438281	1.0	22438281	22438281	0
23	1:22456259	1:22456259	1.0	22456259	22456259	0
23	1:22461014	1:22461014	1.0	22461014	22461014	0
23	1:22468493	1:22468493	1.0	22468493	22468493	0
23	1:22470292	1:22470292	1.0	22470292	22470292	0
23	1:22197929	1:22197929	1.0	22197929	22197929	0
23	1:22210218	1:22210218	1.0	22210218	22210218	0
23	1:22268807	1:22268807	1.0	22268807	22268807	0
23	1:22315020	1:22315020	1.0	22315020	22315020	0
23	1:22335236	1:22335236	1.0	22335236	22335236	0
23	1:22362926	1:22362926	1.0	22362926	22362926	0
23	1:22371393	1:22371393	1.0	22371393	22371393	0
23	1:22383811	1:22383811	1.0	22383811	22383811	0
24	1:23278770	1:23278770	1.0	23278770	23278770	0
24	1:23284857	1:23284857	1.0	23284857	23284857	0
24	1:23284877	1:23284877	1.0	23284877	23284877	0
24	1:23289644	1:23289644	1.0	23289644	23289644	0
24	1:23295180	1:23295180	1.0	23295180	23295180	0
24	1:23313512	1:23313512	1.0	23313512	23313512	0
24	1:23317397	1:23317397	1.0	23317397	23317397	0
24	1:23335438	1:23335438	1.0	23335438	23335438	0
24	1:23195171	1:23195171	1.0	23195171	23195171	0
24	1:23215062	1:23215062	1.0	23215062	23215062	0
24	1:23216268	1:23216268	1.0	23216268	23216268	0
24	1:23234511	1:23234511	1.0	23234511	23234511	0
24	1:23240985	1:23240985	1.0	23240985	23240985	0
24	1:23250724	1:23250724	1.0	23250724	23250724	0
24	1:23255667	1:23255667	1.0	23255667	23255667	0
24	1:23277459	1:23277459	1.0	23277459	23277459	0
23	1:22993421	1:22993421	1.0	22993421	22993421	0
24	1:23020886	1:23020886	1.0	23020886	23020886	0
24	1:23027076	1:23027076	1.0	23027076	23027076	0
24	1:23063156	1:23063156	1.0	23063156	23063156	0
24	1:23066466	1:23066466	1.0	23066466	23066466	0
24	1:23101384	1:23101384	1.0	23101384	23101384	0
24	1:23116993	1:23116993	1.0	23116993	23116993	0
24	1:23151418	1:23151418	1.0	23151418	23151418	0
23	1:22821212	1:22821212	1.0	22821212	22821212	0
23	1:22826748	1:22826748	1.0	22826748	22826748	0
23	1:22897065	1:22897065	1.0	22897065	22897065	0
23	1:22910283	1:22910283	1.0	22910283	22910283	0
23	1:22922482	1:22922482	1.0	22922482	22922482	0
23	1:22937903	1:22937903	1.0	22937903	22937903	0
23	1:22961594	1:22961594	1.0	22961594	22961594	0
23	1:22992357	1:22992357	1.0	22992357	22992357	0
24	1:23683334	1:23683334	1.0	23683334	23683334	0
24	1:23685748	1:23685748	1.0	23685748	23685748	0
24	1:23689072	1:23689072	1.0	23689072	23689072	0
24	1:23698371	1:23698371	1.0	23698371	23698371	0
24	1:23705257	1:23705257	1.0	23705257	23705257	0
24	1:23706104	1:23706104	1.0	23706104	23706104	0
24	1:23717336	1:23717336	1.0	23717336	23717336	0
24	1:23737189	1:23737189	1.0	23737189	23737189	0
24	1:23612249	1:23612249	1.0	23612249	23612249	0
24	1:23614650	1:23614650	1.0	23614650	23614650	0
24	1:23623756	1:23623756	1.0	23623756	23623756	0
24	1:23637223	1:23637223	1.0	23637223	23637223	0
24	1:23643901	1:23643901	1.0	23643901	23643901	0
24	1:23647206	1:23647206	1.0	23647206	23647206	0
24	1:23656191	1:23656191	1.0	23656191	23656191	0
24	1:23659944	1:23659944	1.0	23659944	23659944	0
24	1:23480676	1:23480676	1.0	23480676	23480676	0
24	1:23484188	1:23484188	1.0	23484188	23484188	0
24	1:23499307	1:23499307	1.0	23499307	23499307	0
24	1:23508103	1:23508103	1.0	23508103	23508103	0
24	1:23544745	1:23544745	1.0	23544745	23544745	0
24	1:23552819	1:23552819	1.0	23552819	23552819	0
24	1:23567810	1:23567810	1.0	23567810	23567810	0
24	1:23593742	1:23593742	1.0	23593742	23593742	0
24	1:23340094	1:23340094	1.0	23340094	23340094	0
24	1:23383687	1:23383687	1.0	23383687	23383687	0
24	1:23387093	1:23387093	1.0	23387093	23387093	0
24	1:23388870	1:23388870	1.0	23388870	23388870	0
24	1:23429563	1:23429563	1.0	23429563	23429563	0
24	1:23443416	1:23443416	1.0	23443416	23443416	0
24	1:23448675	1:23448675	1.0	23448675	23448675	0
24	1:23468626	1:23468626	1.0	23468626	23468626	0
25	1:24151843	1:24151843	1.0	24151843	24151843	0
25	1:24192962	1:24192962	1.0	24192962	24192962	0
25	1:24198506	1:24198506	1.0	24198506	24198506	0
25	1:24210513	1:24210513	1.0	24210513	24210513	0
25	1:24210750	1:24210750	1.0	24210750	24210750	0
25	1:24244265	1:24244265	1.0	24244265	24244265	0
25	1:24245083	1:24245083	1.0	24245083	24245083	0
25	1:24276629	1:24276629	1.0	24276629	24276629	0
25	1:24019664	1:24019664	1.0	24019664	24019664	0
25	1:24027786	1:24027786	1.0	24027786	24027786	0
25	1:24062170	1:24062170	1.0	24062170	24062170	0
25	1:24070925	1:24070925	1.0	24070925	24070925	0
25	1:24101439	1:24101439	1.0	24101439	24101439	0
25	1:24115112	1:24115112	1.0	24115112	24115112	0
25	1:24133278	1:24133278	1.0	24133278	24133278	0
25	1:24147348	1:24147348	1.0	24147348	24147348	0
24	1:23930985	1:23930985	1.0	23930985	23930985	0
24	1:23948054	1:23948054	1.0	23948054	23948054	0
24	1:23969984	1:23969984	1.0	23969984	23969984	0
24	1:23991832	1:23991832	1.0	23991832	23991832	0
24	1:23992155	1:23992155	1.0	23992155	23992155	0
25	1:24003802	1:24003802	1.0	24003802	24003802	0
25	1:24005378	1:24005378	1.0	24005378	24005378	0
25	1:24012791	1:24012791	1.0	24012791	24012791	0
24	1:23773963	1:23773963	1.0	23773963	23773963	0
24	1:23787348	1:23787348	1.0	23787348	23787348	0
24	1:23809062	1:23809062	1.0	23809062	23809062	0
24	1:23841963	1:23841963	1.0	23841963	23841963	0
24	1:23846148	1:23846148	1.0	23846148	23846148	0
24	1:23846554	1:23846554	1.0	23846554	23846554	0
24	1:23877269	1:23877269	1.0	23877269	23877269	0
24	1:23912114	1:23912114	1.0	23912114	23912114	0
25	1:24795223	1:24795223	1.0	24795223	24795223	0
25	1:24859872	1:24859872	1.0	24859872	24859872	0
25	1:24899066	1:24899066	1.0	24899066	24899066	0
25	1:24938779	1:24938779	1.0	24938779	24938779	0
25	1:24947745	1:24947745	1.0	24947745	24947745	0
26	1:25050091	1:25050091	1.0	25050091	25050091	0
26	1:25057300	1:25057300	1.0	25057300	25057300	0
26	1:25086628	1:25086628	1.0	25086628	25086628	0
25	1:24586223	1:24586223	1.0	24586223	24586223	0
25	1:24694813	1:24694813	1.0	24694813	24694813	0
25	1:24723449	1:24723449	1.0	24723449	24723449	0
25	1:24728253	1:24728253	1.0	24728253	24728253	0
25	1:24728849	1:24728849	1.0	24728849	24728849	0
25	1:24733273	1:24733273	1.0	24733273	24733273	0
25	1:24755667	1:24755667	1.0	24755667	24755667	0
25	1:24768425	1:24768425	1.0	24768425	24768425	0
25	1:24455290	1:24455290	1.0	24455290	24455290	0
25	1:24483330	1:24483330	1.0	24483330	24483330	0
25	1:24509969	1:24509969	1.0	24509969	24509969	0
25	1:24516083	1:24516083	1.0	24516083	24516083	0
25	1:24525887	1:24525887	1.0	24525887	24525887	0
25	1:24561091	1:24561091	1.0	24561091	24561091	0
25	1:24562663	1:24562663	1.0	24562663	24562663	0
25	1:24567791	1:24567791	1.0	24567791	24567791	0
25	1:24281105	1:24281105	1.0	24281105	24281105	0
25	1:24334477	1:24334477	1.0	24334477	24334477	0
25	1:24362376	1:24362376	1.0	24362376	24362376	0
25	1:24363942	1:24363942	1.0	24363942	24363942	0
25	1:24374843	1:24374843	1.0	24374843	24374843	0
25	1:24437008	1:24437008	1.0	24437008	24437008	0
25	1:24440806	1:24440806	1.0	24440806	24440806	0
25	1:24444322	1:24444322	1.0	24444322	24444322	0
26	1:25589002	1:25589002	1.0	25589002	25589002	0
26	1:25592499	1:25592499	1.0	25592499	25592499	0
26	1:25653876	1:25653876	1.0	25653876	25653876	0
26	1:25698551	1:25698551	1.0	25698551	25698551	0
26	1:25722526	1:25722526	1.0	25722526	25722526	0
26	1:25793045	1:25793045	1.0	25793045	25793045	0
26	1:25827439	1:25827439	1.0	25827439	25827439	0
26	1:25836513	1:25836513	1.0	25836513	25836513	0
26	1:25301055	1:25301055	1.0	25301055	25301055	0
26	1:25329098	1:25329098	1.0	25329098	25329098	0
26	1:25381225	1:25381225	1.0	25381225	25381225	0
26	1:25433908	1:25433908	1.0	25433908	25433908	0
26	1:25554415	1:25554415	1.0	25554415	25554415	0
26	1:25560099	1:25560099	1.0	25560099	25560099	0
26	1:25568907	1:25568907	1.0	25568907	25568907	0
26	1:25580124	1:25580124	1.0	25580124	25580124	0
26	1:25214699	1:25214699	1.0	25214699	25214699	0
26	1:25227192	1:25227192	1.0	25227192	25227192	0
26	1:25239822	1:25239822	1.0	25239822	25239822	0
26	1:25254493	1:25254493	1.0	25254493	25254493	0
26	1:25258149	1:25258149	1.0	25258149	25258149	0
26	1:25258426	1:25258426	1.0	25258426	25258426	0
26	1:25288600	1:25288600	1.0	25288600	25288600	0
26	1:25291710	1:25291710	1.0	25291710	25291710	0
26	1:25090374	1:25090374	1.0	25090374	25090374	0
26	1:25137139	1:25137139	1.0	25137139	25137139	0
26	1:25139318	1:25139318	1.0	25139318	25139318	0
26	1:25146283	1:25146283	1.0	25146283	25146283	0
26	1:25153647	1:25153647	1.0	25153647	25153647	0
26	1:25177128	1:25177128	1.0	25177128	25177128	0
26	1:25192631	1:25192631	1.0	25192631	25192631	0
26	1:25209589	1:25209589	1.0	25209589	25209589	0
27	1:26379086	1:26379086	1.0	26379086	26379086	0
27	1:26395161	1:26395161	1.0	26395161	26395161	0
27	1:26455292	1:26455292	1.0	26455292	26455292	0
27	1:26471312	1:26471312	1.0	26471312	26471312	0
27	1:26502746	1:26502746	1.0	26502746	26502746	0
27	1:26540397	1:26540397	1.0	26540397	26540397	0
27	1:26552477	1:26552477	1.0	26552477	26552477	0
27	1:26560141	1:26560141	1.0	26560141	26560141	0
27	1:26271535	1:26271535	1.0	26271535	26271535	0
27	1:26276834	1:26276834	1.0	26276834	26276834	0
27	1:26299579	1:26299579	1.0	26299579	26299579	0
27	1:26336264	1:26336264	1.0	26336264	26336264	0
27	1:26356227	1:26356227	1.0	26356227	26356227	0
27	1:26358328	1:26358328	1.0	26358328	26358328	0
27	1:26365211	1:26365211	1.0	26365211	26365211	0
27	1:26372009	1:26372009	1.0	26372009	26372009	0
27	1:26150957	1:26150957	1.0	26150957	26150957	0
27	1:26191540	1:26191540	1.0	26191540	26191540	0
27	1:26216318	1:26216318	1.0	26216318	26216318	0
27	1:26227229	1:26227229	1.0	26227229	26227229	0
27	1:26231748	1:26231748	1.0	26231748	26231748	0
27	1:26237809	1:26237809	1.0	26237809	26237809	0
27	1:26256630	1:26256630	1.0	26256630	26256630	0
27	1:26267669	1:26267669	1.0	26267669	26267669	0
26	1:25841847	1:25841847	1.0	25841847	25841847	0
26	1:25856920	1:25856920	1.0	25856920	25856920	0
26	1:25861357	1:25861357	1.0	25861357	25861357	0
26	1:25955177	1:25955177	1.0	25955177	25955177	0
26	1:25974083	1:25974083	1.0	25974083	25974083	0
27	1:26063246	1:26063246	1.0	26063246	26063246	0
27	1:26098642	1:26098642	1.0	26098642	26098642	0
27	1:26133386	1:26133386	1.0	26133386	26133386	0
28	1:27009225	1:27009225	1.0	27009225	27009225	0
28	1:27023421	1:27023421	1.0	27023421	27023421	0
28	1:27054354	1:27054354	1.0	27054354	27054354	0
28	1:27090739	1:27090739	1.0	27090739	27090739	0
28	1:27132022	1:27132022	1.0	27132022	27132022	0
28	1:27148869	1:27148869	1.0	27148869	27148869	0
28	1:27180309	1:27180309	1.0	27180309	27180309	0
28	1:27209163	1:27209163	1.0	27209163	27209163	0
27	1:26821568	1:26821568	1.0	26821568	26821568	0
27	1:26844512	1:26844512	1.0	26844512	26844512	0
27	1:26854297	1:26854297	1.0	26854297	26854297	0
27	1:26906512	1:26906512	1.0	26906512	26906512	0
27	1:26912513	1:26912513	1.0	26912513	26912513	0
27	1:26931807	1:26931807	1.0	26931807	26931807	0
27	1:26939240	1:26939240	1.0	26939240	26939240	0
27	1:26996640	1:26996640	1.0	26996640	26996640	0
27	1:26687547	1:26687547	1.0	26687547	26687547	0
27	1:26704426	1:26704426	1.0	26704426	26704426	0
27	1:26735831	1:26735831	1.0	26735831	26735831	0
27	1:26737776	1:26737776	1.0	26737776	26737776	0
27	1:26762678	1:26762678	1.0	26762678	26762678	0
27	1:26774620	1:26774620	1.0	26774620	26774620	0
27	1:26778643	1:26778643	1.0	26778643	26778643	0
27	1:26779150	1:26779150	1.0	26779150	26779150	0
27	1:26607071	1:26607071	1.0	26607071	26607071	0
27	1:26632955	1:26632955	1.0	26632955	26632955	0
27	1:26635618	1:26635618	1.0	26635618	26635618	0
27	1:26658610	1:26658610	1.0	26658610	26658610	0
27	1:26659118	1:26659118	1.0	26659118	26659118	0
27	1:26678908	1:26678908	1.0	26678908	26678908	0
27	1:26683912	1:26683912	1.0	26683912	26683912	0
27	1:26687291	1:26687291	1.0	26687291	26687291	0
28	1:27705859	1:27705859	1.0	27705859	27705859	0
28	1:27715390	1:27715390	1.0	27715390	27715390	0
28	1:27719139	1:27719139	1.0	27719139	27719139	0
28	1:27736990	1:27736990	1.0	27736990	27736990	0
28	1:27758456	1:27758456	1.0	27758456	27758456	0
28	1:27758631	1:27758631	1.0	27758631	27758631	0
28	1:27780900	1:27780900	1.0	27780900	27780900	0
28	1:27804334	1:27804334	1.0	27804334	27804334	0
28	1:27571339	1:27571339	1.0	27571339	27571339	0
28	1:27580297	1:27580297	1.0	27580297	27580297	0
28	1:27596546	1:27596546	1.0	27596546	27596546	0
28	1:27640478	1:27640478	1.0	27640478	27640478	0
28	1:27664039	1:27664039	1.0	27664039	27664039	0
28	1:27695859	1:27695859	1.0	27695859	27695859	0
28	1:27700782	1:27700782	1.0	27700782	27700782	0
28	1:27701435	1:27701435	1.0	27701435	27701435	0
28	1:27366869	1:27366869	1.0	27366869	27366869	0
28	1:27381510	1:27381510	1.0	27381510	27381510	0
28	1:27413630	1:27413630	1.0	27413630	27413630	0
28	1:27427111	1:27427111	1.0	27427111	27427111	0
28	1:27451728	1:27451728	1.0	27451728	27451728	0
28	1:27512407	1:27512407	1.0	27512407	27512407	0
28	1:27550116	1:27550116	1.0	27550116	27550116	0
28	1:27569058	1:27569058	1.0	27569058	27569058	0
28	1:27259198	1:27259198	1.0	27259198	27259198	0
28	1:27270508	1:27270508	1.0	27270508	27270508	0
28	1:27312499	1:27312499	1.0	27312499	27312499	0
28	1:27329174	1:27329174	1.0	27329174	27329174	0
28	1:27345256	1:27345256	1.0	27345256	27345256	0
28	1:27345821	1:27345821	1.0	27345821	27345821	0
28	1:27348976	1:27348976	1.0	27348976	27348976	0
28	1:27364436	1:27364436	1.0	27364436	27364436	0
29	1:28272917	1:28272917	1.0	28272917	28272917	0
29	1:28317303	1:28317303	1.0	28317303	28317303	0
29	1:28338207	1:28338207	1.0	28338207	28338207	0
29	1:28348818	1:28348818	1.0	28348818	28348818	0
29	1:28356739	1:28356739	1.0	28356739	28356739	0
29	1:28398069	1:28398069	1.0	28398069	28398069	0
29	1:28413965	1:28413965	1.0	28413965	28413965	0
29	1:28433649	1:28433649	1.0	28433649	28433649	0
29	1:28175912	1:28175912	1.0	28175912	28175912	0
29	1:28186922	1:28186922	1.0	28186922	28186922	0
29	1:28189840	1:28189840	1.0	28189840	28189840	0
29	1:28190068	1:28190068	1.0	28190068	28190068	0
29	1:28196680	1:28196680	1.0	28196680	28196680	0
29	1:28204740	1:28204740	1.0	28204740	28204740	0
29	1:28207971	1:28207971	1.0	28207971	28207971	0
29	1:28267185	1:28267185	1.0	28267185	28267185	0
29	1:28044175	1:28044175	1.0	28044175	28044175	0
29	1:28046418	1:28046418	1.0	28046418	28046418	0
29	1:28088633	1:28088633	1.0	28088633	28088633	0
29	1:28098060	1:28098060	1.0	28098060	28098060	0
29	1:28104321	1:28104321	1.0	28104321	28104321	0
29	1:28105187	1:28105187	1.0	28105187	28105187	0
29	1:28114457	1:28114457	1.0	28114457	28114457	0
29	1:28172141	1:28172141	1.0	28172141	28172141	0
28	1:27812616	1:27812616	1.0	27812616	27812616	0
28	1:27841305	1:27841305	1.0	27841305	27841305	0
28	1:27870541	1:27870541	1.0	27870541	27870541	0
28	1:27915003	1:27915003	1.0	27915003	27915003	0
28	1:27949892	1:27949892	1.0	27949892	27949892	0
28	1:27950197	1:27950197	1.0	27950197	27950197	0
28	1:27965075	1:27965075	1.0	27965075	27965075	0
28	1:27995740	1:27995740	1.0	27995740	27995740	0
29	1:28905855	1:28905855	1.0	28905855	28905855	0
29	1:28911862	1:28911862	1.0	28911862	28911862	0
29	1:28997486	1:28997486	1.0	28997486	28997486	0
29	1:28997890	1:28997890	1.0	28997890	28997890	0
30	1:29009513	1:29009513	1.0	29009513	29009513	0
30	1:29012950	1:29012950	1.0	29012950	29012950	0
30	1:29022581	1:29022581	1.0	29022581	29022581	0
30	1:29061847	1:29061847	1.0	29061847	29061847	0
29	1:28728438	1:28728438	1.0	28728438	28728438	0
29	1:28735943	1:28735943	1.0	28735943	28735943	0
29	1:28748124	1:28748124	1.0	28748124	28748124	0
29	1:28751506	1:28751506	1.0	28751506	28751506	0
29	1:28820899	1:28820899	1.0	28820899	28820899	0
29	1:28840827	1:28840827	1.0	28840827	28840827	0
29	1:28869117	1:28869117	1.0	28869117	28869117	0
29	1:28899869	1:28899869	1.0	28899869	28899869	0
29	1:28570056	1:28570056	1.0	28570056	28570056	0
29	1:28589908	1:28589908	1.0	28589908	28589908	0
29	1:28615155	1:28615155	1.0	28615155	28615155	0
29	1:28658788	1:28658788	1.0	28658788	28658788	0
29	1:28688730	1:28688730	1.0	28688730	28688730	0
29	1:28699541	1:28699541	1.0	28699541	28699541	0
29	1:28709380	1:28709380	1.0	28709380	28709380	0
29	1:28727994	1:28727994	1.0	28727994	28727994	0
29	1:28446756	1:28446756	1.0	28446756	28446756	0
29	1:28465798	1:28465798	1.0	28465798	28465798	0
29	1:28481083	1:28481083	1.0	28481083	28481083	0
29	1:28487590	1:28487590	1.0	28487590	28487590	0
29	1:28500557	1:28500557	1.0	28500557	28500557	0
29	1:28506245	1:28506245	1.0	28506245	28506245	0
29	1:28533676	1:28533676	1.0	28533676	28533676	0
29	1:28563972	1:28563972	1.0	28563972	28563972	0
30	1:29469069	1:29469069	1.0	29469069	29469069	0
30	1:29486439	1:29486439	1.0	29486439	29486439	0
30	1:29489479	1:29489479	1.0	29489479	29489479	0
30	1:29536205	1:29536205	1.0	29536205	29536205	0
30	1:29537370	1:29537370	1.0	29537370	29537370	0
30	1:29538041	1:29538041	1.0	29538041	29538041	0
30	1:29549536	1:29549536	1.0	29549536	29549536	0
30	1:29565897	1:29565897	1.0	29565897	29565897	0
30	1:29327428	1:29327428	1.0	29327428	29327428	0
30	1:29342049	1:29342049	1.0	29342049	29342049	0
30	1:29365615	1:29365615	1.0	29365615	29365615	0
30	1:29367078	1:29367078	1.0	29367078	29367078	0
30	1:29370828	1:29370828	1.0	29370828	29370828	0
30	1:29396164	1:29396164	1.0	29396164	29396164	0
30	1:29461505	1:29461505	1.0	29461505	29461505	0
30	1:29464340	1:29464340	1.0	29464340	29464340	0
30	1:29168465	1:29168465	1.0	29168465	29168465	0
30	1:29168538	1:29168538	1.0	29168538	29168538	0
30	1:29171430	1:29171430	1.0	29171430	29171430	0
30	1:29188753	1:29188753	1.0	29188753	29188753	0
30	1:29193727	1:29193727	1.0	29193727	29193727	0
30	1:29221380	1:29221380	1.0	29221380	29221380	0
30	1:29263889	1:29263889	1.0	29263889	29263889	0
30	1:29264327	1:29264327	1.0	29264327	29264327	0
30	1:29063436	1:29063436	1.0	29063436	29063436	0
30	1:29079222	1:29079222	1.0	29079222	29079222	0
30	1:29084872	1:29084872	1.0	29084872	29084872	0
30	1:29093908	1:29093908	1.0	29093908	29093908	0
30	1:29105136	1:29105136	1.0	29105136	29105136	0
30	1:29124901	1:29124901	1.0	29124901	29124901	0
30	1:29142799	1:29142799	1.0	29142799	29142799	0
30	1:29163440	1:29163440	1.0	29163440	29163440	0
31	1:30131277	1:30131277	1.0	30131277	30131277	0
31	1:30185055	1:30185055	1.0	30185055	30185055	0
31	1:30190180	1:30190180	1.0	30190180	30190180	0
31	1:30223478	1:30223478	1.0	30223478	30223478	0
31	1:30235641	1:30235641	1.0	30235641	30235641	0
31	1:30256338	1:30256338	1.0	30256338	30256338	0
31	1:30267798	1:30267798	1.0	30267798	30267798	0
31	1:30272856	1:30272856	1.0	30272856	30272856	0
30	1:29933824	1:29933824	1.0	29933824	29933824	0
30	1:29961289	1:29961289	1.0	29961289	29961289	0
30	1:29967941	1:29967941	1.0	29967941	29967941	0
30	1:29998128	1:29998128	1.0	29998128	29998128	0
31	1:30016159	1:30016159	1.0	30016159	30016159	0
31	1:30024205	1:30024205	1.0	30024205	30024205	0
31	1:30031138	1:30031138	1.0	30031138	30031138	0
31	1:30061032	1:30061032	1.0	30061032	30061032	0
30	1:29765234	1:29765234	1.0	29765234	29765234	0
30	1:29805506	1:29805506	1.0	29805506	29805506	0
30	1:29822181	1:29822181	1.0	29822181	29822181	0
30	1:29843908	1:29843908	1.0	29843908	29843908	0
30	1:29851991	1:29851991	1.0	29851991	29851991	0
30	1:29859175	1:29859175	1.0	29859175	29859175	0
30	1:29900788	1:29900788	1.0	29900788	29900788	0
30	1:29920721	1:29920721	1.0	29920721	29920721	0
30	1:29581502	1:29581502	1.0	29581502	29581502	0
30	1:29639842	1:29639842	1.0	29639842	29639842	0
30	1:29677044	1:29677044	1.0	29677044	29677044	0
30	1:29702915	1:29702915	1.0	29702915	29702915	0
30	1:29718819	1:29718819	1.0	29718819	29718819	0
30	1:29723045	1:29723045	1.0	29723045	29723045	0
30	1:29737668	1:29737668	1.0	29737668	29737668	0
30	1:29754470	1:29754470	1.0	29754470	29754470	0
31	1:30781303	1:30781303	1.0	30781303	30781303	0
31	1:30822202	1:30822202	1.0	30822202	30822202	0
31	1:30831220	1:30831220	1.0	30831220	30831220	0
31	1:30885971	1:30885971	1.0	30885971	30885971	0
31	1:30908588	1:30908588	1.0	30908588	30908588	0
31	1:30912355	1:30912355	1.0	30912355	30912355	0
31	1:30948144	1:30948144	1.0	30948144	30948144	0
31	1:30995054	1:30995054	1.0	30995054	30995054	0
31	1:30647216	1:30647216	1.0	30647216	30647216	0
31	1:30670202	1:30670202	1.0	30670202	30670202	0
31	1:30671004	1:30671004	1.0	30671004	30671004	0
31	1:30715396	1:30715396	1.0	30715396	30715396	0
31	1:30732365	1:30732365	1.0	30732365	30732365	0
31	1:30749807	1:30749807	1.0	30749807	30749807	0
31	1:30773483	1:30773483	1.0	30773483	30773483	0
31	1:30779670	1:30779670	1.0	30779670	30779670	0
31	1:30450574	1:30450574	1.0	30450574	30450574	0
31	1:30474647	1:30474647	1.0	30474647	30474647	0
31	1:30503181	1:30503181	1.0	30503181	30503181	0
31	1:30555354	1:30555354	1.0	30555354	30555354	0
31	1:30559799	1:30559799	1.0	30559799	30559799	0
31	1:30590973	1:30590973	1.0	30590973	30590973	0
31	1:30596309	1:30596309	1.0	30596309	30596309	0
31	1:30596659	1:30596659	1.0	30596659	30596659	0
31	1:30284262	1:30284262	1.0	30284262	30284262	0
31	1:30315283	1:30315283	1.0	30315283	30315283	0
31	1:30319321	1:30319321	1.0	30319321	30319321	0
31	1:30320940	1:30320940	1.0	30320940	30320940	0
31	1:30349565	1:30349565	1.0	30349565	30349565	0
31	1:30354782	1:30354782	1.0	30354782	30354782	0
31	1:30413514	1:30413514	1.0	30413514	30413514	0
31	1:30416729	1:30416729	1.0	30416729	30416729	0
32	1:31378292	1:31378292	1.0	31378292	31378292	0
32	1:31397111	1:31397111	1.0	31397111	31397111	0
32	1:31457081	1:31457081	1.0	31457081	31457081	0
32	1:31530804	1:31530804	1.0	31530804	31530804	0
32	1:31549032	1:31549032	1.0	31549032	31549032	0
32	1:31556004	1:31556004	1.0	31556004	31556004	0
32	1:31579613	1:31579613	1.0	31579613	31579613	0
32	1:31632287	1:31632287	1.0	31632287	31632287	0
32	1:31276623	1:31276623	1.0	31276623	31276623	0
32	1:31288563	1:31288563	1.0	31288563	31288563	0
32	1:31299029	1:31299029	1.0	31299029	31299029	0
32	1:31335283	1:31335283	1.0	31335283	31335283	0
32	1:31343820	1:31343820	1.0	31343820	31343820	0
32	1:31349380	1:31349380	1.0	31349380	31349380	0
32	1:31354978	1:31354978	1.0	31354978	31354978	0
32	1:31356086	1:31356086	1.0	31356086	31356086	0
32	1:31175240	1:31175240	1.0	31175240	31175240	0
32	1:31197882	1:31197882	1.0	31197882	31197882	0
32	1:31199894	1:31199894	1.0	31199894	31199894	0
32	1:31206053	1:31206053	1.0	31206053	31206053	0
32	1:31216360	1:31216360	1.0	31216360	31216360	0
32	1:31241030	1:31241030	1.0	31241030	31241030	0
32	1:31251098	1:31251098	1.0	31251098	31251098	0
32	1:31263041	1:31263041	1.0	31263041	31263041	0
31	1:30999907	1:30999907	1.0	30999907	30999907	0
32	1:31044490	1:31044490	1.0	31044490	31044490	0
32	1:31052239	1:31052239	1.0	31052239	31052239	0
32	1:31061294	1:31061294	1.0	31061294	31061294	0
32	1:31073265	1:31073265	1.0	31073265	31073265	0
32	1:31079503	1:31079503	1.0	31079503	31079503	0
32	1:31099209	1:31099209	1.0	31099209	31099209	0
32	1:31146083	1:31146083	1.0	31146083	31146083	0
32	1:31981909	1:31981909	1.0	31981909	31981909	0
32	1:31984288	1:31984288	1.0	31984288	31984288	0
33	1:32002178	1:32002178	1.0	32002178	32002178	0
33	1:32005217	1:32005217	1.0	32005217	32005217	0
33	1:32027217	1:32027217	1.0	32027217	32027217	0
33	1:32038061	1:32038061	1.0	32038061	32038061	0
33	1:32043446	1:32043446	1.0	32043446	32043446	0
33	1:32049004	1:32049004	1.0	32049004	32049004	0
32	1:31873647	1:31873647	1.0	31873647	31873647	0
32	1:31886948	1:31886948	1.0	31886948	31886948	0
32	1:31918508	1:31918508	1.0	31918508	31918508	0
32	1:31927922	1:31927922	1.0	31927922	31927922	0
32	1:31935647	1:31935647	1.0	31935647	31935647	0
32	1:31941563	1:31941563	1.0	31941563	31941563	0
32	1:31970600	1:31970600	1.0	31970600	31970600	0
32	1:31978889	1:31978889	1.0	31978889	31978889	0
32	1:31725527	1:31725527	1.0	31725527	31725527	0
32	1:31738454	1:31738454	1.0	31738454	31738454	0
32	1:31745494	1:31745494	1.0	31745494	31745494	0
32	1:31751306	1:31751306	1.0	31751306	31751306	0
32	1:31770094	1:31770094	1.0	31770094	31770094	0
32	1:31808286	1:31808286	1.0	31808286	31808286	0
32	1:31834023	1:31834023	1.0	31834023	31834023	0
32	1:31853088	1:31853088	1.0	31853088	31853088	0
32	1:31632484	1:31632484	1.0	31632484	31632484	0
32	1:31657525	1:31657525	1.0	31657525	31657525	0
32	1:31664127	1:31664127	1.0	31664127	31664127	0
32	1:31665405	1:31665405	1.0	31665405	31665405	0
32	1:31670311	1:31670311	1.0	31670311	31670311	0
32	1:31676807	1:31676807	1.0	31676807	31676807	0
32	1:31699264	1:31699264	1.0	31699264	31699264	0
32	1:31707049	1:31707049	1.0	31707049	31707049	0
33	1:32474984	1:32474984	1.0	32474984	32474984	0
33	1:32482295	1:32482295	1.0	32482295	32482295	0
33	1:32482873	1:32482873	1.0	32482873	32482873	0
33	1:32544961	1:32544961	1.0	32544961	32544961	0
33	1:32557231	1:32557231	1.0	32557231	32557231	0
33	1:32576170	1:32576170	1.0	32576170	32576170	0
33	1:32580458	1:32580458	1.0	32580458	32580458	0
33	1:32648169	1:32648169	1.0	32648169	32648169	0
33	1:32386346	1:32386346	1.0	32386346	32386346	0
33	1:32401728	1:32401728	1.0	32401728	32401728	0
33	1:32425302	1:32425302	1.0	32425302	32425302	0
33	1:32436729	1:32436729	1.0	32436729	32436729	0
33	1:32446437	1:32446437	1.0	32446437	32446437	0
33	1:32456982	1:32456982	1.0	32456982	32456982	0
33	1:32469248	1:32469248	1.0	32469248	32469248	0
33	1:32469421	1:32469421	1.0	32469421	32469421	0
33	1:32325150	1:32325150	1.0	32325150	32325150	0
33	1:32337260	1:32337260	1.0	32337260	32337260	0
33	1:32339835	1:32339835	1.0	32339835	32339835	0
33	1:32356073	1:32356073	1.0	32356073	32356073	0
33	1:32359861	1:32359861	1.0	32359861	32359861	0
33	1:32363576	1:32363576	1.0	32363576	32363576	0
33	1:32377376	1:32377376	1.0	32377376	32377376	0
33	1:32382712	1:32382712	1.0	32382712	32382712	0
33	1:32073693	1:32073693	1.0	32073693	32073693	0
33	1:32105737	1:32105737	1.0	32105737	32105737	0
33	1:32134441	1:32134441	1.0	32134441	32134441	0
33	1:32134445	1:32134445	1.0	32134445	32134445	0
33	1:32227331	1:32227331	1.0	32227331	32227331	0
33	1:32254833	1:32254833	1.0	32254833	32254833	0
33	1:32266498	1:32266498	1.0	32266498	32266498	0
33	1:32318233	1:32318233	1.0	32318233	32318233	0
34	1:33138882	1:33138882	1.0	33138882	33138882	0
34	1:33163774	1:33163774	1.0	33163774	33163774	0
34	1:33197176	1:33197176	1.0	33197176	33197176	0
34	1:33214627	1:33214627	1.0	33214627	33214627	0
34	1:33218944	1:33218944	1.0	33218944	33218944	0
34	1:33222266	1:33222266	1.0	33222266	33222266	0
34	1:33245661	1:33245661	1.0	33245661	33245661	0
34	1:33255877	1:33255877	1.0	33255877	33255877	0
33	1:32997729	1:32997729	1.0	32997729	32997729	0
34	1:33015349	1:33015349	1.0	33015349	33015349	0
34	1:33019808	1:33019808	1.0	33019808	33019808	0
34	1:33065407	1:33065407	1.0	33065407	33065407	0
34	1:33121541	1:33121541	1.0	33121541	33121541	0
34	1:33122267	1:33122267	1.0	33122267	33122267	0
34	1:33127677	1:33127677	1.0	33127677	33127677	0
34	1:33134206	1:33134206	1.0	33134206	33134206	0
33	1:32833109	1:32833109	1.0	32833109	32833109	0
33	1:32833207	1:32833207	1.0	32833207	32833207	0
33	1:32843746	1:32843746	1.0	32843746	32843746	0
33	1:32916782	1:32916782	1.0	32916782	32916782	0
33	1:32945954	1:32945954	1.0	32945954	32945954	0
33	1:32963685	1:32963685	1.0	32963685	32963685	0
33	1:32985193	1:32985193	1.0	32985193	32985193	0
33	1:32995940	1:32995940	1.0	32995940	32995940	0
33	1:32672749	1:32672749	1.0	32672749	32672749	0
33	1:32686305	1:32686305	1.0	32686305	32686305	0
33	1:32702703	1:32702703	1.0	32702703	32702703	0
33	1:32735804	1:32735804	1.0	32735804	32735804	0
33	1:32740088	1:32740088	1.0	32740088	32740088	0
33	1:32775007	1:32775007	1.0	32775007	32775007	0
33	1:32791817	1:32791817	1.0	32791817	32791817	0
33	1:32797856	1:32797856	1.0	32797856	32797856	0
34	1:33957755	1:33957755	1.0	33957755	33957755	0
34	1:33976814	1:33976814	1.0	33976814	33976814	0
34	1:33978003	1:33978003	1.0	33978003	33978003	0
34	1:33978659	1:33978659	1.0	33978659	33978659	0
34	1:33993872	1:33993872	1.0	33993872	33993872	0
34	1:33997464	1:33997464	1.0	33997464	33997464	0
34	1:33999534	1:33999534	1.0	33999534	33999534	0
35	1:34020415	1:34020415	1.0	34020415	34020415	0
34	1:33812950	1:33812950	1.0	33812950	33812950	0
34	1:33833648	1:33833648	1.0	33833648	33833648	0
34	1:33843292	1:33843292	1.0	33843292	33843292	0
34	1:33877351	1:33877351	1.0	33877351	33877351	0
34	1:33931227	1:33931227	1.0	33931227	33931227	0
34	1:33942385	1:33942385	1.0	33942385	33942385	0
34	1:33957165	1:33957165	1.0	33957165	33957165	0
34	1:33957413	1:33957413	1.0	33957413	33957413	0
34	1:33522481	1:33522481	1.0	33522481	33522481	0
34	1:33523311	1:33523311	1.0	33523311	33523311	0
34	1:33679365	1:33679365	1.0	33679365	33679365	0
34	1:33692119	1:33692119	1.0	33692119	33692119	0
34	1:33698789	1:33698789	1.0	33698789	33698789	0
34	1:33766263	1:33766263	1.0	33766263	33766263	0
34	1:33779714	1:33779714	1.0	33779714	33779714	0
34	1:33799194	1:33799194	1.0	33799194	33799194	0
34	1:33266320	1:33266320	1.0	33266320	33266320	0
34	1:33267859	1:33267859	1.0	33267859	33267859	0
34	1:33268891	1:33268891	1.0	33268891	33268891	0
34	1:33269286	1:33269286	1.0	33269286	33269286	0
34	1:33283772	1:33283772	1.0	33283772	33283772	0
34	1:33458472	1:33458472	1.0	33458472	33458472	0
34	1:33495436	1:33495436	1.0	33495436	33495436	0
34	1:33517380	1:33517380	1.0	33517380	33517380	0
35	1:34499222	1:34499222	1.0	34499222	34499222	0
35	1:34538589	1:34538589	1.0	34538589	34538589	0
35	1:34543769	1:34543769	1.0	34543769	34543769	0
35	1:34569362	1:34569362	1.0	34569362	34569362	0
35	1:34575902	1:34575902	1.0	34575902	34575902	0
35	1:34590324	1:34590324	1.0	34590324	34590324	0
35	1:34626633	1:34626633	1.0	34626633	34626633	0
35	1:34655000	1:34655000	1.0	34655000	34655000	0
35	1:34275470	1:34275470	1.0	34275470	34275470	0
35	1:34301852	1:34301852	1.0	34301852	34301852	0
35	1:34325125	1:34325125	1.0	34325125	34325125	0
35	1:34333232	1:34333232	1.0	34333232	34333232	0
35	1:34337310	1:34337310	1.0	34337310	34337310	0
35	1:34356388	1:34356388	1.0	34356388	34356388	0
35	1:34427605	1:34427605	1.0	34427605	34427605	0
35	1:34428804	1:34428804	1.0	34428804	34428804	0
35	1:34119118	1:34119118	1.0	34119118	34119118	0
35	1:34125540	1:34125540	1.0	34125540	34125540	0
35	1:34148990	1:34148990	1.0	34148990	34148990	0
35	1:34206849	1:34206849	1.0	34206849	34206849	0
35	1:34218901	1:34218901	1.0	34218901	34218901	0
35	1:34228245	1:34228245	1.0	34228245	34228245	0
35	1:34253389	1:34253389	1.0	34253389	34253389	0
35	1:34262608	1:34262608	1.0	34262608	34262608	0
35	1:34021443	1:34021443	1.0	34021443	34021443	0
35	1:34045469	1:34045469	1.0	34045469	34045469	0
35	1:34045505	1:34045505	1.0	34045505	34045505	0
35	1:34045667	1:34045667	1.0	34045667	34045667	0
35	1:34086264	1:34086264	1.0	34086264	34086264	0
35	1:34091077	1:34091077	1.0	34091077	34091077	0
35	1:34093078	1:34093078	1.0	34093078	34093078	0
35	1:34109027	1:34109027	1.0	34109027	34109027	0
36	1:35009898	1:35009898	1.0	35009898	35009898	0
36	1:35044450	1:35044450	1.0	35044450	35044450	0
36	1:35055277	1:35055277	1.0	35055277	35055277	0
36	1:35103853	1:35103853	1.0	35103853	35103853	0
36	1:35104617	1:35104617	1.0	35104617	35104617	0
36	1:35119151	1:35119151	1.0	35119151	35119151	0
36	1:35142252	1:35142252	1.0	35142252	35142252	0
36	1:35154341	1:35154341	1.0	35154341	35154341	0
35	1:34954716	1:34954716	1.0	34954716	34954716	0
35	1:34958763	1:34958763	1.0	34958763	34958763	0
35	1:34970445	1:34970445	1.0	34970445	34970445	0
35	1:34971275	1:34971275	1.0	34971275	34971275	0
35	1:34974353	1:34974353	1.0	34974353	34974353	0
35	1:34982513	1:34982513	1.0	34982513	34982513	0
36	1:35002380	1:35002380	1.0	35002380	35002380	0
36	1:35004424	1:35004424	1.0	35004424	35004424	0
35	1:34812382	1:34812382	1.0	34812382	34812382	0
35	1:34829067	1:34829067	1.0	34829067	34829067	0
35	1:34831080	1:34831080	1.0	34831080	34831080	0
35	1:34861939	1:34861939	1.0	34861939	34861939	0
35	1:34867176	1:34867176	1.0	34867176	34867176	0
35	1:34907128	1:34907128	1.0	34907128	34907128	0
35	1:34924918	1:34924918	1.0	34924918	34924918	0
35	1:34932802	1:34932802	1.0	34932802	34932802	0
35	1:34671807	1:34671807	1.0	34671807	34671807	0
35	1:34751595	1:34751595	1.0	34751595	34751595	0
35	1:34755915	1:34755915	1.0	34755915	34755915	0
35	1:34761184	1:34761184	1.0	34761184	34761184	0
35	1:34761501	1:34761501	1.0	34761501	34761501	0
35	1:34780909	1:34780909	1.0	34780909	34780909	0
35	1:34783891	1:34783891	1.0	34783891	34783891	0
35	1:34795515	1:34795515	1.0	34795515	34795515	0
36	1:35563454	1:35563454	1.0	35563454	35563454	0
36	1:35580543	1:35580543	1.0	35580543	35580543	0
36	1:35581226	1:35581226	1.0	35581226	35581226	0
36	1:35609213	1:35609213	1.0	35609213	35609213	0
36	1:35610156	1:35610156	1.0	35610156	35610156	0
36	1:35637396	1:35637396	1.0	35637396	35637396	0
36	1:35642495	1:35642495	1.0	35642495	35642495	0
36	1:35674972	1:35674972	1.0	35674972	35674972	0
36	1:35453172	1:35453172	1.0	35453172	35453172	0
36	1:35463344	1:35463344	1.0	35463344	35463344	0
36	1:35490173	1:35490173	1.0	35490173	35490173	0
36	1:35502494	1:35502494	1.0	35502494	35502494	0
36	1:35507774	1:35507774	1.0	35507774	35507774	0
36	1:35553687	1:35553687	1.0	35553687	35553687	0
36	1:35555042	1:35555042	1.0	35555042	35555042	0
36	1:35562620	1:35562620	1.0	35562620	35562620	0
36	1:35303415	1:35303415	1.0	35303415	35303415	0
36	1:35351952	1:35351952	1.0	35351952	35351952	0
36	1:35383986	1:35383986	1.0	35383986	35383986	0
36	1:35393866	1:35393866	1.0	35393866	35393866	0
36	1:35396081	1:35396081	1.0	35396081	35396081	0
36	1:35402298	1:35402298	1.0	35402298	35402298	0
36	1:35409404	1:35409404	1.0	35409404	35409404	0
36	1:35427854	1:35427854	1.0	35427854	35427854	0
36	1:35154829	1:35154829	1.0	35154829	35154829	0
36	1:35156029	1:35156029	1.0	35156029	35156029	0
36	1:35174148	1:35174148	1.0	35174148	35174148	0
36	1:35210754	1:35210754	1.0	35210754	35210754	0
36	1:35213499	1:35213499	1.0	35213499	35213499	0
36	1:35259676	1:35259676	1.0	35259676	35259676	0
36	1:35280123	1:35280123	1.0	35280123	35280123	0
36	1:35281841	1:35281841	1.0	35281841	35281841	0
37	1:36159647	1:36159647	1.0	36159647	36159647	0
37	1:36181577	1:36181577	1.0	36181577	36181577	0
37	1:36185156	1:36185156	1.0	36185156	36185156	0
37	1:36204668	1:36204668	1.0	36204668	36204668	0
37	1:36213004	1:36213004	1.0	36213004	36213004	0
37	1:36213516	1:36213516	1.0	36213516	36213516	0
37	1:36216070	1:36216070	1.0	36216070	36216070	0
37	1:36253448	1:36253448	1.0	36253448	36253448	0
37	1:36059027	1:36059027	1.0	36059027	36059027	0
37	1:36073940	1:36073940	1.0	36073940	36073940	0
37	1:36075712	1:36075712	1.0	36075712	36075712	0
37	1:36081387	1:36081387	1.0	36081387	36081387	0
37	1:36089370	1:36089370	1.0	36089370	36089370	0
37	1:36093881	1:36093881	1.0	36093881	36093881	0
37	1:36097070	1:36097070	1.0	36097070	36097070	0
37	1:36102854	1:36102854	1.0	36102854	36102854	0
36	1:35912254	1:35912254	1.0	35912254	35912254	0
36	1:35921755	1:35921755	1.0	35921755	35921755	0
36	1:35935919	1:35935919	1.0	35935919	35935919	0
36	1:35940921	1:35940921	1.0	35940921	35940921	0
36	1:35943816	1:35943816	1.0	35943816	35943816	0
36	1:35966582	1:35966582	1.0	35966582	35966582	0
37	1:36041544	1:36041544	1.0	36041544	36041544	0
37	1:36045139	1:36045139	1.0	36045139	36045139	0
36	1:35677260	1:35677260	1.0	35677260	35677260	0
36	1:35703248	1:35703248	1.0	35703248	35703248	0
36	1:35733874	1:35733874	1.0	35733874	35733874	0
36	1:35788922	1:35788922	1.0	35788922	35788922	0
36	1:35790316	1:35790316	1.0	35790316	35790316	0
36	1:35823503	1:35823503	1.0	35823503	35823503	0
36	1:35881162	1:35881162	1.0	35881162	35881162	0
36	1:35908280	1:35908280	1.0	35908280	35908280	0
37	1:36601695	1:36601695	1.0	36601695	36601695	0
37	1:36634822	1:36634822	1.0	36634822	36634822	0
37	1:36635194	1:36635194	1.0	36635194	36635194	0
37	1:36640609	1:36640609	1.0	36640609	36640609	0
37	1:36657074	1:36657074	1.0	36657074	36657074	0
37	1:36755906	1:36755906	1.0	36755906	36755906	0
37	1:36785618	1:36785618	1.0	36785618	36785618	0
37	1:36786885	1:36786885	1.0	36786885	36786885	0
37	1:36513467	1:36513467	1.0	36513467	36513467	0
37	1:36515316	1:36515316	1.0	36515316	36515316	0
37	1:36532023	1:36532023	1.0	36532023	36532023	0
37	1:36540129	1:36540129	1.0	36540129	36540129	0
37	1:36566792	1:36566792	1.0	36566792	36566792	0
37	1:36575805	1:36575805	1.0	36575805	36575805	0
37	1:36591532	1:36591532	1.0	36591532	36591532	0
37	1:36595774	1:36595774	1.0	36595774	36595774	0
37	1:36396425	1:36396425	1.0	36396425	36396425	0
37	1:36413677	1:36413677	1.0	36413677	36413677	0
37	1:36421190	1:36421190	1.0	36421190	36421190	0
37	1:36426089	1:36426089	1.0	36426089	36426089	0
37	1:36432550	1:36432550	1.0	36432550	36432550	0
37	1:36433623	1:36433623	1.0	36433623	36433623	0
37	1:36446345	1:36446345	1.0	36446345	36446345	0
37	1:36481542	1:36481542	1.0	36481542	36481542	0
37	1:36258671	1:36258671	1.0	36258671	36258671	0
37	1:36264674	1:36264674	1.0	36264674	36264674	0
37	1:36265059	1:36265059	1.0	36265059	36265059	0
37	1:36286071	1:36286071	1.0	36286071	36286071	0
37	1:36319764	1:36319764	1.0	36319764	36319764	0
37	1:36328140	1:36328140	1.0	36328140	36328140	0
37	1:36346860	1:36346860	1.0	36346860	36346860	0
37	1:36355878	1:36355878	1.0	36355878	36355878	0
38	1:37192253	1:37192253	1.0	37192253	37192253	0
38	1:37201804	1:37201804	1.0	37201804	37201804	0
38	1:37203677	1:37203677	1.0	37203677	37203677	0
38	1:37204319	1:37204319	1.0	37204319	37204319	0
38	1:37214418	1:37214418	1.0	37214418	37214418	0
38	1:37264821	1:37264821	1.0	37264821	37264821	0
38	1:37316108	1:37316108	1.0	37316108	37316108	0
38	1:37317457	1:37317457	1.0	37317457	37317457	0
38	1:37003111	1:37003111	1.0	37003111	37003111	0
38	1:37026183	1:37026183	1.0	37026183	37026183	0
38	1:37043862	1:37043862	1.0	37043862	37043862	0
38	1:37132659	1:37132659	1.0	37132659	37132659	0
38	1:37153970	1:37153970	1.0	37153970	37153970	0
38	1:37176571	1:37176571	1.0	37176571	37176571	0
38	1:37177858	1:37177858	1.0	37177858	37177858	0
38	1:37187065	1:37187065	1.0	37187065	37187065	0
37	1:36919128	1:36919128	1.0	36919128	36919128	0
37	1:36926888	1:36926888	1.0	36926888	36926888	0
37	1:36940934	1:36940934	1.0	36940934	36940934	0
37	1:36968087	1:36968087	1.0	36968087	36968087	0
37	1:36982408	1:36982408	1.0	36982408	36982408	0
37	1:36989388	1:36989388	1.0	36989388	36989388	0
37	1:36992983	1:36992983	1.0	36992983	36992983	0
37	1:36998517	1:36998517	1.0	36998517	36998517	0
37	1:36805731	1:36805731	1.0	36805731	36805731	0
37	1:36810848	1:36810848	1.0	36810848	36810848	0
37	1:36827956	1:36827956	1.0	36827956	36827956	0
37	1:36847764	1:36847764	1.0	36847764	36847764	0
37	1:36855539	1:36855539	1.0	36855539	36855539	0
37	1:36869125	1:36869125	1.0	36869125	36869125	0
37	1:36898447	1:36898447	1.0	36898447	36898447	0
37	1:36905711	1:36905711	1.0	36905711	36905711	0
38	1:37693722	1:37693722	1.0	37693722	37693722	0
38	1:37706356	1:37706356	1.0	37706356	37706356	0
38	1:37709732	1:37709732	1.0	37709732	37709732	0
38	1:37710965	1:37710965	1.0	37710965	37710965	0
38	1:37711696	1:37711696	1.0	37711696	37711696	0
38	1:37735089	1:37735089	1.0	37735089	37735089	0
38	1:37738489	1:37738489	1.0	37738489	37738489	0
38	1:37747493	1:37747493	1.0	37747493	37747493	0
38	1:37557414	1:37557414	1.0	37557414	37557414	0
38	1:37609880	1:37609880	1.0	37609880	37609880	0
38	1:37612326	1:37612326	1.0	37612326	37612326	0
38	1:37617742	1:37617742	1.0	37617742	37617742	0
38	1:37622749	1:37622749	1.0	37622749	37622749	0
38	1:37632149	1:37632149	1.0	37632149	37632149	0
38	1:37639185	1:37639185	1.0	37639185	37639185	0
38	1:37649510	1:37649510	1.0	37649510	37649510	0
38	1:37407772	1:37407772	1.0	37407772	37407772	0
38	1:37416207	1:37416207	1.0	37416207	37416207	0
38	1:37432023	1:37432023	1.0	37432023	37432023	0
38	1:37436582	1:37436582	1.0	37436582	37436582	0
38	1:37452623	1:37452623	1.0	37452623	37452623	0
38	1:37457341	1:37457341	1.0	37457341	37457341	0
38	1:37516109	1:37516109	1.0	37516109	37516109	0
38	1:37518168	1:37518168	1.0	37518168	37518168	0
38	1:37327244	1:37327244	1.0	37327244	37327244	0
38	1:37342773	1:37342773	1.0	37342773	37342773	0
38	1:37358842	1:37358842	1.0	37358842	37358842	0
38	1:37371475	1:37371475	1.0	37371475	37371475	0
38	1:37375320	1:37375320	1.0	37375320	37375320	0
38	1:37392620	1:37392620	1.0	37392620	37392620	0
38	1:37396844	1:37396844	1.0	37396844	37396844	0
38	1:37407754	1:37407754	1.0	37407754	37407754	0
39	1:38175225	1:38175225	1.0	38175225	38175225	0
39	1:38184665	1:38184665	1.0	38184665	38184665	0
39	1:38187511	1:38187511	1.0	38187511	38187511	0
39	1:38208852	1:38208852	1.0	38208852	38208852	0
39	1:38309052	1:38309052	1.0	38309052	38309052	0
39	1:38334883	1:38334883	1.0	38334883	38334883	0
39	1:38353226	1:38353226	1.0	38353226	38353226	0
39	1:38362596	1:38362596	1.0	38362596	38362596	0
38	1:37998211	1:37998211	1.0	37998211	37998211	0
39	1:38019583	1:38019583	1.0	38019583	38019583	0
39	1:38020567	1:38020567	1.0	38020567	38020567	0
39	1:38021656	1:38021656	1.0	38021656	38021656	0
39	1:38049944	1:38049944	1.0	38049944	38049944	0
39	1:38067503	1:38067503	1.0	38067503	38067503	0
39	1:38090552	1:38090552	1.0	38090552	38090552	0
39	1:38168899	1:38168899	1.0	38168899	38168899	0
38	1:37876685	1:37876685	1.0	37876685	37876685	0
38	1:37877059	1:37877059	1.0	37877059	37877059	0
38	1:37917522	1:37917522	1.0	37917522	37917522	0
38	1:37937227	1:37937227	1.0	37937227	37937227	0
38	1:37944453	1:37944453	1.0	37944453	37944453	0
38	1:37945834	1:37945834	1.0	37945834	37945834	0
38	1:37962718	1:37962718	1.0	37962718	37962718	0
38	1:37967792	1:37967792	1.0	37967792	37967792	0
38	1:37776535	1:37776535	1.0	37776535	37776535	0
38	1:37784640	1:37784640	1.0	37784640	37784640	0
38	1:37809282	1:37809282	1.0	37809282	37809282	0
38	1:37811774	1:37811774	1.0	37811774	37811774	0
38	1:37814055	1:37814055	1.0	37814055	37814055	0
38	1:37829125	1:37829125	1.0	37829125	37829125	0
38	1:37856187	1:37856187	1.0	37856187	37856187	0
38	1:37872853	1:37872853	1.0	37872853	37872853	0
39	1:38791629	1:38791629	1.0	38791629	38791629	0
39	1:38802833	1:38802833	1.0	38802833	38802833	0
39	1:38808657	1:38808657	1.0	38808657	38808657	0
39	1:38819914	1:38819914	1.0	38819914	38819914	0
39	1:38835524	1:38835524	1.0	38835524	38835524	0
39	1:38836812	1:38836812	1.0	38836812	38836812	0
39	1:38844163	1:38844163	1.0	38844163	38844163	0
39	1:38887322	1:38887322	1.0	38887322	38887322	0
39	1:38673355	1:38673355	1.0	38673355	38673355	0
39	1:38677397	1:38677397	1.0	38677397	38677397	0
39	1:38679228	1:38679228	1.0	38679228	38679228	0
39	1:38685537	1:38685537	1.0	38685537	38685537	0
39	1:38710305	1:38710305	1.0	38710305	38710305	0
39	1:38720112	1:38720112	1.0	38720112	38720112	0
39	1:38727469	1:38727469	1.0	38727469	38727469	0
39	1:38785285	1:38785285	1.0	38785285	38785285	0
39	1:38560291	1:38560291	1.0	38560291	38560291	0
39	1:38580197	1:38580197	1.0	38580197	38580197	0
39	1:38615933	1:38615933	1.0	38615933	38615933	0
39	1:38620545	1:38620545	1.0	38620545	38620545	0
39	1:38636253	1:38636253	1.0	38636253	38636253	0
39	1:38647225	1:38647225	1.0	38647225	38647225	0
39	1:38653587	1:38653587	1.0	38653587	38653587	0
39	1:38660996	1:38660996	1.0	38660996	38660996	0
39	1:38400143	1:38400143	1.0	38400143	38400143	0
39	1:38428027	1:38428027	1.0	38428027	38428027	0
39	1:38456877	1:38456877	1.0	38456877	38456877	0
39	1:38467911	1:38467911	1.0	38467911	38467911	0
39	1:38498938	1:38498938	1.0	38498938	38498938	0
39	1:38499602	1:38499602	1.0	38499602	38499602	0
39	1:38503932	1:38503932	1.0	38503932	38503932	0
39	1:38538878	1:38538878	1.0	38538878	38538878	0
40	1:39467751	1:39467751	1.0	39467751	39467751	0
40	1:39483076	1:39483076	1.0	39483076	39483076	0
40	1:39501027	1:39501027	1.0	39501027	39501027	0
40	1:39501581	1:39501581	1.0	39501581	39501581	0
40	1:39509311	1:39509311	1.0	39509311	39509311	0
40	1:39521539	1:39521539	1.0	39521539	39521539	0
40	1:39541462	1:39541462	1.0	39541462	39541462	0
40	1:39542532	1:39542532	1.0	39542532	39542532	0
40	1:39290063	1:39290063	1.0	39290063	39290063	0
40	1:39301805	1:39301805	1.0	39301805	39301805	0
40	1:39302468	1:39302468	1.0	39302468	39302468	0
40	1:39314352	1:39314352	1.0	39314352	39314352	0
40	1:39367798	1:39367798	1.0	39367798	39367798	0
40	1:39384828	1:39384828	1.0	39384828	39384828	0
40	1:39443227	1:39443227	1.0	39443227	39443227	0
40	1:39449977	1:39449977	1.0	39449977	39449977	0
40	1:39101527	1:39101527	1.0	39101527	39101527	0
40	1:39138696	1:39138696	1.0	39138696	39138696	0
40	1:39201328	1:39201328	1.0	39201328	39201328	0
40	1:39206377	1:39206377	1.0	39206377	39206377	0
40	1:39242671	1:39242671	1.0	39242671	39242671	0
40	1:39247229	1:39247229	1.0	39247229	39247229	0
40	1:39265187	1:39265187	1.0	39265187	39265187	0
40	1:39275055	1:39275055	1.0	39275055	39275055	0
39	1:38950797	1:38950797	1.0	38950797	38950797	0
39	1:38963186	1:38963186	1.0	38963186	38963186	0
39	1:38965696	1:38965696	1.0	38965696	38965696	0
40	1:39010203	1:39010203	1.0	39010203	39010203	0
40	1:39031526	1:39031526	1.0	39031526	39031526	0
40	1:39043897	1:39043897	1.0	39043897	39043897	0
40	1:39051624	1:39051624	1.0	39051624	39051624	0
40	1:39087759	1:39087759	1.0	39087759	39087759	0
40	1:39980721	1:39980721	1.0	39980721	39980721	0
40	1:39982532	1:39982532	1.0	39982532	39982532	0
40	1:39993955	1:39993955	1.0	39993955	39993955	0
41	1:40004652	1:40004652	1.0	40004652	40004652	0
41	1:40057649	1:40057649	1.0	40057649	40057649	0
41	1:40071049	1:40071049	1.0	40071049	40071049	0
41	1:40076122	1:40076122	1.0	40076122	40076122	0
41	1:40078992	1:40078992	1.0	40078992	40078992	0
40	1:39835190	1:39835190	1.0	39835190	39835190	0
40	1:39839284	1:39839284	1.0	39839284	39839284	0
40	1:39898335	1:39898335	1.0	39898335	39898335	0
40	1:39902997	1:39902997	1.0	39902997	39902997	0
40	1:39911038	1:39911038	1.0	39911038	39911038	0
40	1:39929258	1:39929258	1.0	39929258	39929258	0
40	1:39944892	1:39944892	1.0	39944892	39944892	0
40	1:39970871	1:39970871	1.0	39970871	39970871	0
40	1:39722996	1:39722996	1.0	39722996	39722996	0
40	1:39747800	1:39747800	1.0	39747800	39747800	0
40	1:39769057	1:39769057	1.0	39769057	39769057	0
40	1:39770507	1:39770507	1.0	39770507	39770507	0
40	1:39785652	1:39785652	1.0	39785652	39785652	0
40	1:39787172	1:39787172	1.0	39787172	39787172	0
40	1:39816538	1:39816538	1.0	39816538	39816538	0
40	1:39824449	1:39824449	1.0	39824449	39824449	0
40	1:39550235	1:39550235	1.0	39550235	39550235	0
40	1:39564767	1:39564767	1.0	39564767	39564767	0
40	1:39648900	1:39648900	1.0	39648900	39648900	0
40	1:39658561	1:39658561	1.0	39658561	39658561	0
40	1:39673333	1:39673333	1.0	39673333	39673333	0
40	1:39678202	1:39678202	1.0	39678202	39678202	0
40	1:39683872	1:39683872	1.0	39683872	39683872	0
40	1:39711171	1:39711171	1.0	39711171	39711171	0
41	1:40468177	1:40468177	1.0	40468177	40468177	0
41	1:40473322	1:40473322	1.0	40473322	40473322	0
41	1:40476416	1:40476416	1.0	40476416	40476416	0
41	1:40476929	1:40476929	1.0	40476929	40476929	0
41	1:40480310	1:40480310	1.0	40480310	40480310	0
41	1:40483088	1:40483088	1.0	40483088	40483088	0
41	1:40487100	1:40487100	1.0	40487100	40487100	0
41	1:40523562	1:40523562	1.0	40523562	40523562	0
41	1:40279708	1:40279708	1.0	40279708	40279708	0
41	1:40308783	1:40308783	1.0	40308783	40308783	0
41	1:40339105	1:40339105	1.0	40339105	40339105	0
41	1:40365238	1:40365238	1.0	40365238	40365238	0
41	1:40381732	1:40381732	1.0	40381732	40381732	0
41	1:40425112	1:40425112	1.0	40425112	40425112	0
41	1:40435722	1:40435722	1.0	40435722	40435722	0
41	1:40467716	1:40467716	1.0	40467716	40467716	0
41	1:40174674	1:40174674	1.0	40174674	40174674	0
41	1:40179602	1:40179602	1.0	40179602	40179602	0
41	1:40201138	1:40201138	1.0	40201138	40201138	0
41	1:40216747	1:40216747	1.0	40216747	40216747	0
41	1:40249666	1:40249666	1.0	40249666	40249666	0
41	1:40253577	1:40253577	1.0	40253577	40253577	0
41	1:40260457	1:40260457	1.0	40260457	40260457	0
41	1:40271959	1:40271959	1.0	40271959	40271959	0
41	1:40093088	1:40093088	1.0	40093088	40093088	0
41	1:40104524	1:40104524	1.0	40104524	40104524	0
41	1:40113380	1:40113380	1.0	40113380	40113380	0
41	1:40113875	1:40113875	1.0	40113875	40113875	0
41	1:40131084	1:40131084	1.0	40131084	40131084	0
41	1:40133570	1:40133570	1.0	40133570	40133570	0
41	1:40162345	1:40162345	1.0	40162345	40162345	0
41	1:40163713	1:40163713	1.0	40163713	40163713	0
41	1:40956757	1:40956757	1.0	40956757	40956757	0
41	1:40981643	1:40981643	1.0	40981643	40981643	0
41	1:40981730	1:40981730	1.0	40981730	40981730	0
41	1:40990130	1:40990130	1.0	40990130	40990130	0
42	1:41006180	1:41006180	1.0	41006180	41006180	0
42	1:41011121	1:41011121	1.0	41011121	41011121	0
42	1:41040760	1:41040760	1.0	41040760	41040760	0
42	1:41055393	1:41055393	1.0	41055393	41055393	0
41	1:40820228	1:40820228	1.0	40820228	40820228	0
41	1:40824951	1:40824951	1.0	40824951	40824951	0
41	1:40844646	1:40844646	1.0	40844646	40844646	0
41	1:40850838	1:40850838	1.0	40850838	40850838	0
41	1:40869793	1:40869793	1.0	40869793	40869793	0
41	1:40907605	1:40907605	1.0	40907605	40907605	0
41	1:40909999	1:40909999	1.0	40909999	40909999	0
41	1:40910173	1:40910173	1.0	40910173	40910173	0
41	1:40733589	1:40733589	1.0	40733589	40733589	0
41	1:40735912	1:40735912	1.0	40735912	40735912	0
41	1:40739305	1:40739305	1.0	40739305	40739305	0
41	1:40739630	1:40739630	1.0	40739630	40739630	0
41	1:40794347	1:40794347	1.0	40794347	40794347	0
41	1:40801246	1:40801246	1.0	40801246	40801246	0
41	1:40808250	1:40808250	1.0	40808250	40808250	0
41	1:40819839	1:40819839	1.0	40819839	40819839	0
41	1:40539153	1:40539153	1.0	40539153	40539153	0
41	1:40576288	1:40576288	1.0	40576288	40576288	0
41	1:40580925	1:40580925	1.0	40580925	40580925	0
41	1:40636645	1:40636645	1.0	40636645	40636645	0
41	1:40657663	1:40657663	1.0	40657663	40657663	0
41	1:40670788	1:40670788	1.0	40670788	40670788	0
41	1:40686941	1:40686941	1.0	40686941	40686941	0
41	1:40711153	1:40711153	1.0	40711153	40711153	0
42	1:41634985	1:41634985	1.0	41634985	41634985	0
42	1:41654365	1:41654365	1.0	41654365	41654365	0
42	1:41655139	1:41655139	1.0	41655139	41655139	0
42	1:41672087	1:41672087	1.0	41672087	41672087	0
42	1:41681558	1:41681558	1.0	41681558	41681558	0
42	1:41682180	1:41682180	1.0	41682180	41682180	0
42	1:41701480	1:41701480	1.0	41701480	41701480	0
42	1:41707318	1:41707318	1.0	41707318	41707318	0
42	1:41434750	1:41434750	1.0	41434750	41434750	0
42	1:41464132	1:41464132	1.0	41464132	41464132	0
42	1:41467923	1:41467923	1.0	41467923	41467923	0
42	1:41478074	1:41478074	1.0	41478074	41478074	0
42	1:41537805	1:41537805	1.0	41537805	41537805	0
42	1:41538256	1:41538256	1.0	41538256	41538256	0
42	1:41542437	1:41542437	1.0	41542437	41542437	0
42	1:41574797	1:41574797	1.0	41574797	41574797	0
42	1:41241274	1:41241274	1.0	41241274	41241274	0
42	1:41245273	1:41245273	1.0	41245273	41245273	0
42	1:41266067	1:41266067	1.0	41266067	41266067	0
42	1:41279355	1:41279355	1.0	41279355	41279355	0
42	1:41280793	1:41280793	1.0	41280793	41280793	0
42	1:41311635	1:41311635	1.0	41311635	41311635	0
42	1:41385471	1:41385471	1.0	41385471	41385471	0
42	1:41400303	1:41400303	1.0	41400303	41400303	0
42	1:41130559	1:41130559	1.0	41130559	41130559	0
42	1:41142201	1:41142201	1.0	41142201	41142201	0
42	1:41156156	1:41156156	1.0	41156156	41156156	0
42	1:41156181	1:41156181	1.0	41156181	41156181	0
42	1:41159936	1:41159936	1.0	41159936	41159936	0
42	1:41164397	1:41164397	1.0	41164397	41164397	0
42	1:41191607	1:41191607	1.0	41191607	41191607	0
42	1:41208935	1:41208935	1.0	41208935	41208935	0
43	1:42321933	1:42321933	1.0	42321933	42321933	0
43	1:42397459	1:42397459	1.0	42397459	42397459	0
43	1:42413493	1:42413493	1.0	42413493	42413493	0
43	1:42439799	1:42439799	1.0	42439799	42439799	0
43	1:42465195	1:42465195	1.0	42465195	42465195	0
43	1:42489278	1:42489278	1.0	42489278	42489278	0
43	1:42491925	1:42491925	1.0	42491925	42491925	0
43	1:42495480	1:42495480	1.0	42495480	42495480	0
43	1:42081604	1:42081604	1.0	42081604	42081604	0
43	1:42090759	1:42090759	1.0	42090759	42090759	0
43	1:42106079	1:42106079	1.0	42106079	42106079	0
43	1:42106228	1:42106228	1.0	42106228	42106228	0
43	1:42147407	1:42147407	1.0	42147407	42147407	0
43	1:42161442	1:42161442	1.0	42161442	42161442	0
43	1:42165907	1:42165907	1.0	42165907	42165907	0
43	1:42307400	1:42307400	1.0	42307400	42307400	0
42	1:41892168	1:41892168	1.0	41892168	41892168	0
42	1:41965472	1:41965472	1.0	41965472	41965472	0
42	1:41969657	1:41969657	1.0	41969657	41969657	0
42	1:41985097	1:41985097	1.0	41985097	41985097	0
42	1:41985332	1:41985332	1.0	41985332	41985332	0
43	1:42019118	1:42019118	1.0	42019118	42019118	0
43	1:42023298	1:42023298	1.0	42023298	42023298	0
43	1:42058335	1:42058335	1.0	42058335	42058335	0
42	1:41727754	1:41727754	1.0	41727754	41727754	0
42	1:41765313	1:41765313	1.0	41765313	41765313	0
42	1:41819038	1:41819038	1.0	41819038	41819038	0
42	1:41822974	1:41822974	1.0	41822974	41822974	0
42	1:41835880	1:41835880	1.0	41835880	41835880	0
42	1:41846293	1:41846293	1.0	41846293	41846293	0
42	1:41859264	1:41859264	1.0	41859264	41859264	0
42	1:41869823	1:41869823	1.0	41869823	41869823	0
43	1:42827418	1:42827418	1.0	42827418	42827418	0
43	1:42858521	1:42858521	1.0	42858521	42858521	0
43	1:42860081	1:42860081	1.0	42860081	42860081	0
43	1:42866201	1:42866201	1.0	42866201	42866201	0
43	1:42942595	1:42942595	1.0	42942595	42942595	0
43	1:42955158	1:42955158	1.0	42955158	42955158	0
44	1:43020874	1:43020874	1.0	43020874	43020874	0
44	1:43069839	1:43069839	1.0	43069839	43069839	0
43	1:42758172	1:42758172	1.0	42758172	42758172	0
43	1:42778077	1:42778077	1.0	42778077	42778077	0
43	1:42796370	1:42796370	1.0	42796370	42796370	0
43	1:42801199	1:42801199	1.0	42801199	42801199	0
43	1:42812487	1:42812487	1.0	42812487	42812487	0
43	1:42812848	1:42812848	1.0	42812848	42812848	0
43	1:42822944	1:42822944	1.0	42822944	42822944	0
43	1:42827097	1:42827097	1.0	42827097	42827097	0
43	1:42635178	1:42635178	1.0	42635178	42635178	0
43	1:42639399	1:42639399	1.0	42639399	42639399	0
43	1:42642936	1:42642936	1.0	42642936	42642936	0
43	1:42664042	1:42664042	1.0	42664042	42664042	0
43	1:42710917	1:42710917	1.0	42710917	42710917	0
43	1:42720676	1:42720676	1.0	42720676	42720676	0
43	1:42721554	1:42721554	1.0	42721554	42721554	0
43	1:42734308	1:42734308	1.0	42734308	42734308	0
43	1:42499759	1:42499759	1.0	42499759	42499759	0
43	1:42537346	1:42537346	1.0	42537346	42537346	0
43	1:42541547	1:42541547	1.0	42541547	42541547	0
43	1:42573306	1:42573306	1.0	42573306	42573306	0
43	1:42590049	1:42590049	1.0	42590049	42590049	0
43	1:42607221	1:42607221	1.0	42607221	42607221	0
43	1:42616259	1:42616259	1.0	42616259	42616259	0
43	1:42622488	1:42622488	1.0	42622488	42622488	0
44	1:43465575	1:43465575	1.0	43465575	43465575	0
44	1:43470978	1:43470978	1.0	43470978	43470978	0
44	1:43488532	1:43488532	1.0	43488532	43488532	0
44	1:43497664	1:43497664	1.0	43497664	43497664	0
44	1:43513098	1:43513098	1.0	43513098	43513098	0
44	1:43531277	1:43531277	1.0	43531277	43531277	0
44	1:43558993	1:43558993	1.0	43558993	43558993	0
44	1:43563238	1:43563238	1.0	43563238	43563238	0
44	1:43369429	1:43369429	1.0	43369429	43369429	0
44	1:43381574	1:43381574	1.0	43381574	43381574	0
44	1:43391804	1:43391804	1.0	43391804	43391804	0
44	1:43410213	1:43410213	1.0	43410213	43410213	0
44	1:43420893	1:43420893	1.0	43420893	43420893	0
44	1:43428296	1:43428296	1.0	43428296	43428296	0
44	1:43440659	1:43440659	1.0	43440659	43440659	0
44	1:43463414	1:43463414	1.0	43463414	43463414	0
44	1:43167706	1:43167706	1.0	43167706	43167706	0
44	1:43193997	1:43193997	1.0	43193997	43193997	0
44	1:43300174	1:43300174	1.0	43300174	43300174	0
44	1:43309894	1:43309894	1.0	43309894	43309894	0
44	1:43332371	1:43332371	1.0	43332371	43332371	0
44	1:43338837	1:43338837	1.0	43338837	43338837	0
44	1:43351877	1:43351877	1.0	43351877	43351877	0
44	1:43353747	1:43353747	1.0	43353747	43353747	0
44	1:43092988	1:43092988	1.0	43092988	43092988	0
44	1:43099124	1:43099124	1.0	43099124	43099124	0
44	1:43099659	1:43099659	1.0	43099659	43099659	0
44	1:43109629	1:43109629	1.0	43109629	43109629	0
44	1:43117887	1:43117887	1.0	43117887	43117887	0
44	1:43144879	1:43144879	1.0	43144879	43144879	0
44	1:43148704	1:43148704	1.0	43148704	43148704	0
44	1:43156516	1:43156516	1.0	43156516	43156516	0
45	1:44054179	1:44054179	1.0	44054179	44054179	0
45	1:44066132	1:44066132	1.0	44066132	44066132	0
45	1:44079274	1:44079274	1.0	44079274	44079274	0
45	1:44132456	1:44132456	1.0	44132456	44132456	0
45	1:44165850	1:44165850	1.0	44165850	44165850	0
45	1:44181714	1:44181714	1.0	44181714	44181714	0
45	1:44194442	1:44194442	1.0	44194442	44194442	0
45	1:44196735	1:44196735	1.0	44196735	44196735	0
44	1:43928337	1:43928337	1.0	43928337	43928337	0
44	1:43942055	1:43942055	1.0	43942055	43942055	0
44	1:43942325	1:43942325	1.0	43942325	43942325	0
44	1:43951995	1:43951995	1.0	43951995	43951995	0
44	1:43965825	1:43965825	1.0	43965825	43965825	0
45	1:44005128	1:44005128	1.0	44005128	44005128	0
45	1:44042450	1:44042450	1.0	44042450	44042450	0
45	1:44050400	1:44050400	1.0	44050400	44050400	0
44	1:43728951	1:43728951	1.0	43728951	43728951	0
44	1:43750191	1:43750191	1.0	43750191	43750191	0
44	1:43757229	1:43757229	1.0	43757229	43757229	0
44	1:43799967	1:43799967	1.0	43799967	43799967	0
44	1:43840924	1:43840924	1.0	43840924	43840924	0
44	1:43842484	1:43842484	1.0	43842484	43842484	0
44	1:43860084	1:43860084	1.0	43860084	43860084	0
44	1:43864713	1:43864713	1.0	43864713	43864713	0
44	1:43570728	1:43570728	1.0	43570728	43570728	0
44	1:43626564	1:43626564	1.0	43626564	43626564	0
44	1:43627392	1:43627392	1.0	43627392	43627392	0
44	1:43663897	1:43663897	1.0	43663897	43663897	0
44	1:43669392	1:43669392	1.0	43669392	43669392	0
44	1:43682502	1:43682502	1.0	43682502	43682502	0
44	1:43683575	1:43683575	1.0	43683575	43683575	0
44	1:43694539	1:43694539	1.0	43694539	43694539	0
45	1:44738554	1:44738554	1.0	44738554	44738554	0
45	1:44761948	1:44761948	1.0	44761948	44761948	0
45	1:44766029	1:44766029	1.0	44766029	44766029	0
45	1:44768535	1:44768535	1.0	44768535	44768535	0
45	1:44786627	1:44786627	1.0	44786627	44786627	0
45	1:44804550	1:44804550	1.0	44804550	44804550	0
45	1:44807181	1:44807181	1.0	44807181	44807181	0
45	1:44810381	1:44810381	1.0	44810381	44810381	0
45	1:44613349	1:44613349	1.0	44613349	44613349	0
45	1:44620659	1:44620659	1.0	44620659	44620659	0
45	1:44652277	1:44652277	1.0	44652277	44652277	0
45	1:44653149	1:44653149	1.0	44653149	44653149	0
45	1:44653350	1:44653350	1.0	44653350	44653350	0
45	1:44675522	1:44675522	1.0	44675522	44675522	0
45	1:44696954	1:44696954	1.0	44696954	44696954	0
45	1:44721696	1:44721696	1.0	44721696	44721696	0
45	1:44470460	1:44470460	1.0	44470460	44470460	0
45	1:44474127	1:44474127	1.0	44474127	44474127	0
45	1:44489782	1:44489782	1.0	44489782	44489782	0
45	1:44494355	1:44494355	1.0	44494355	44494355	0
45	1:44564079	1:44564079	1.0	44564079	44564079	0
45	1:44599848	1:44599848	1.0	44599848	44599848	0
45	1:44604239	1:44604239	1.0	44604239	44604239	0
45	1:44607537	1:44607537	1.0	44607537	44607537	0
45	1:44273385	1:44273385	1.0	44273385	44273385	0
45	1:44306169	1:44306169	1.0	44306169	44306169	0
45	1:44324347	1:44324347	1.0	44324347	44324347	0
45	1:44331270	1:44331270	1.0	44331270	44331270	0
45	1:44336334	1:44336334	1.0	44336334	44336334	0
45	1:44362903	1:44362903	1.0	44362903	44362903	0
45	1:44454951	1:44454951	1.0	44454951	44454951	0
45	1:44467096	1:44467096	1.0	44467096	44467096	0
46	1:45275090	1:45275090	1.0	45275090	45275090	0
46	1:45276219	1:45276219	1.0	45276219	45276219	0
46	1:45362589	1:45362589	1.0	45362589	45362589	0
46	1:45388539	1:45388539	1.0	45388539	45388539	0
46	1:45447479	1:45447479	1.0	45447479	45447479	0
46	1:45504303	1:45504303	1.0	45504303	45504303	0
46	1:45515442	1:45515442	1.0	45515442	45515442	0
46	1:45516299	1:45516299	1.0	45516299	45516299	0
46	1:45144249	1:45144249	1.0	45144249	45144249	0
46	1:45145250	1:45145250	1.0	45145250	45145250	0
46	1:45148269	1:45148269	1.0	45148269	45148269	0
46	1:45173472	1:45173472	1.0	45173472	45173472	0
46	1:45188746	1:45188746	1.0	45188746	45188746	0
46	1:45191245	1:45191245	1.0	45191245	45191245	0
46	1:45214598	1:45214598	1.0	45214598	45214598	0
46	1:45221401	1:45221401	1.0	45221401	45221401	0
45	1:44988956	1:44988956	1.0	44988956	44988956	0
46	1:45014516	1:45014516	1.0	45014516	45014516	0
46	1:45027603	1:45027603	1.0	45027603	45027603	0
46	1:45031630	1:45031630	1.0	45031630	45031630	0
46	1:45038051	1:45038051	1.0	45038051	45038051	0
46	1:45084110	1:45084110	1.0	45084110	45084110	0
46	1:45103151	1:45103151	1.0	45103151	45103151	0
46	1:45140486	1:45140486	1.0	45140486	45140486	0
45	1:44855107	1:44855107	1.0	44855107	44855107	0
45	1:44882343	1:44882343	1.0	44882343	44882343	0
45	1:44903074	1:44903074	1.0	44903074	44903074	0
45	1:44910238	1:44910238	1.0	44910238	44910238	0
45	1:44918676	1:44918676	1.0	44918676	44918676	0
45	1:44924393	1:44924393	1.0	44924393	44924393	0
45	1:44969435	1:44969435	1.0	44969435	44969435	0
45	1:44976490	1:44976490	1.0	44976490	44976490	0
46	1:45938650	1:45938650	1.0	45938650	45938650	0
46	1:45961406	1:45961406	1.0	45961406	45961406	0
46	1:45968758	1:45968758	1.0	45968758	45968758	0
46	1:45969431	1:45969431	1.0	45969431	45969431	0
47	1:46013252	1:46013252	1.0	46013252	46013252	0
47	1:46048560	1:46048560	1.0	46048560	46048560	0
47	1:46108296	1:46108296	1.0	46108296	46108296	0
47	1:46128265	1:46128265	1.0	46128265	46128265	0
46	1:45759167	1:45759167	1.0	45759167	45759167	0
46	1:45787927	1:45787927	1.0	45787927	45787927	0
46	1:45791734	1:45791734	1.0	45791734	45791734	0
46	1:45816039	1:45816039	1.0	45816039	45816039	0
46	1:45844570	1:45844570	1.0	45844570	45844570	0
46	1:45848554	1:45848554	1.0	45848554	45848554	0
46	1:45874855	1:45874855	1.0	45874855	45874855	0
46	1:45932659	1:45932659	1.0	45932659	45932659	0
46	1:45598221	1:45598221	1.0	45598221	45598221	0
46	1:45611549	1:45611549	1.0	45611549	45611549	0
46	1:45658329	1:45658329	1.0	45658329	45658329	0
46	1:45677381	1:45677381	1.0	45677381	45677381	0
46	1:45677486	1:45677486	1.0	45677486	45677486	0
46	1:45718844	1:45718844	1.0	45718844	45718844	0
46	1:45745051	1:45745051	1.0	45745051	45745051	0
46	1:45745470	1:45745470	1.0	45745470	45745470	0
46	1:45516506	1:45516506	1.0	45516506	45516506	0
46	1:45545656	1:45545656	1.0	45545656	45545656	0
46	1:45545725	1:45545725	1.0	45545725	45545725	0
46	1:45562389	1:45562389	1.0	45562389	45562389	0
46	1:45570488	1:45570488	1.0	45570488	45570488	0
46	1:45584685	1:45584685	1.0	45584685	45584685	0
46	1:45587884	1:45587884	1.0	45587884	45587884	0
46	1:45594402	1:45594402	1.0	45594402	45594402	0
47	1:46673571	1:46673571	1.0	46673571	46673571	0
47	1:46693000	1:46693000	1.0	46693000	46693000	0
47	1:46695566	1:46695566	1.0	46695566	46695566	0
47	1:46705647	1:46705647	1.0	46705647	46705647	0
47	1:46737862	1:46737862	1.0	46737862	46737862	0
47	1:46787764	1:46787764	1.0	46787764	46787764	0
47	1:46792156	1:46792156	1.0	46792156	46792156	0
47	1:46801034	1:46801034	1.0	46801034	46801034	0
47	1:46547340	1:46547340	1.0	46547340	46547340	0
47	1:46571161	1:46571161	1.0	46571161	46571161	0
47	1:46573029	1:46573029	1.0	46573029	46573029	0
47	1:46592495	1:46592495	1.0	46592495	46592495	0
47	1:46597589	1:46597589	1.0	46597589	46597589	0
47	1:46606103	1:46606103	1.0	46606103	46606103	0
47	1:46619070	1:46619070	1.0	46619070	46619070	0
47	1:46626915	1:46626915	1.0	46626915	46626915	0
47	1:46361482	1:46361482	1.0	46361482	46361482	0
47	1:46389269	1:46389269	1.0	46389269	46389269	0
47	1:46426161	1:46426161	1.0	46426161	46426161	0
47	1:46433553	1:46433553	1.0	46433553	46433553	0
47	1:46462257	1:46462257	1.0	46462257	46462257	0
47	1:46467515	1:46467515	1.0	46467515	46467515	0
47	1:46510961	1:46510961	1.0	46510961	46510961	0
47	1:46523538	1:46523538	1.0	46523538	46523538	0
47	1:46159304	1:46159304	1.0	46159304	46159304	0
47	1:46206265	1:46206265	1.0	46206265	46206265	0
47	1:46216126	1:46216126	1.0	46216126	46216126	0
47	1:46276889	1:46276889	1.0	46276889	46276889	0
47	1:46316697	1:46316697	1.0	46316697	46316697	0
47	1:46321409	1:46321409	1.0	46321409	46321409	0
47	1:46338605	1:46338605	1.0	46338605	46338605	0
47	1:46350912	1:46350912	1.0	46350912	46350912	0
48	1:47427054	1:47427054	1.0	47427054	47427054	0
48	1:47494033	1:47494033	1.0	47494033	47494033	0
48	1:47517691	1:47517691	1.0	47517691	47517691	0
48	1:47548565	1:47548565	1.0	47548565	47548565	0
48	1:47550907	1:47550907	1.0	47550907	47550907	0
48	1:47602636	1:47602636	1.0	47602636	47602636	0
48	1:47623906	1:47623906	1.0	47623906	47623906	0
48	1:47637043	1:47637043	1.0	47637043	47637043	0
48	1:47364510	1:47364510	1.0	47364510	47364510	0
48	1:47368964	1:47368964	1.0	47368964	47368964	0
48	1:47378942	1:47378942	1.0	47378942	47378942	0
48	1:47379180	1:47379180	1.0	47379180	47379180	0
48	1:47380430	1:47380430	1.0	47380430	47380430	0
48	1:47384058	1:47384058	1.0	47384058	47384058	0
48	1:47406956	1:47406956	1.0	47406956	47406956	0
48	1:47423959	1:47423959	1.0	47423959	47423959	0
48	1:47189675	1:47189675	1.0	47189675	47189675	0
48	1:47204954	1:47204954	1.0	47204954	47204954	0
48	1:47226730	1:47226730	1.0	47226730	47226730	0
48	1:47230659	1:47230659	1.0	47230659	47230659	0
48	1:47246349	1:47246349	1.0	47246349	47246349	0
48	1:47278685	1:47278685	1.0	47278685	47278685	0
48	1:47336079	1:47336079	1.0	47336079	47336079	0
48	1:47347700	1:47347700	1.0	47347700	47347700	0
47	1:46918819	1:46918819	1.0	46918819	46918819	0
47	1:46977875	1:46977875	1.0	46977875	46977875	0
47	1:46988352	1:46988352	1.0	46988352	46988352	0
48	1:47010677	1:47010677	1.0	47010677	47010677	0
48	1:47044084	1:47044084	1.0	47044084	47044084	0
48	1:47050088	1:47050088	1.0	47050088	47050088	0
48	1:47108179	1:47108179	1.0	47108179	47108179	0
48	1:47149072	1:47149072	1.0	47149072	47149072	0
49	1:48014454	1:48014454	1.0	48014454	48014454	0
49	1:48018520	1:48018520	1.0	48018520	48018520	0
49	1:48055662	1:48055662	1.0	48055662	48055662	0
49	1:48076249	1:48076249	1.0	48076249	48076249	0
49	1:48085528	1:48085528	1.0	48085528	48085528	0
49	1:48120512	1:48120512	1.0	48120512	48120512	0
49	1:48123407	1:48123407	1.0	48123407	48123407	0
49	1:48155152	1:48155152	1.0	48155152	48155152	0
48	1:47816342	1:47816342	1.0	47816342	47816342	0
48	1:47870027	1:47870027	1.0	47870027	47870027	0
48	1:47876338	1:47876338	1.0	47876338	47876338	0
48	1:47911177	1:47911177	1.0	47911177	47911177	0
48	1:47936137	1:47936137	1.0	47936137	47936137	0
48	1:47984650	1:47984650	1.0	47984650	47984650	0
48	1:47994792	1:47994792	1.0	47994792	47994792	0
49	1:48006404	1:48006404	1.0	48006404	48006404	0
48	1:47718419	1:47718419	1.0	47718419	47718419	0
48	1:47719805	1:47719805	1.0	47719805	47719805	0
48	1:47720651	1:47720651	1.0	47720651	47720651	0
48	1:47732821	1:47732821	1.0	47732821	47732821	0
48	1:47756480	1:47756480	1.0	47756480	47756480	0
48	1:47766656	1:47766656	1.0	47766656	47766656	0
48	1:47784181	1:47784181	1.0	47784181	47784181	0
48	1:47799290	1:47799290	1.0	47799290	47799290	0
48	1:47640982	1:47640982	1.0	47640982	47640982	0
48	1:47645935	1:47645935	1.0	47645935	47645935	0
48	1:47657170	1:47657170	1.0	47657170	47657170	0
48	1:47675855	1:47675855	1.0	47675855	47675855	0
48	1:47685443	1:47685443	1.0	47685443	47685443	0
48	1:47704341	1:47704341	1.0	47704341	47704341	0
48	1:47715953	1:47715953	1.0	47715953	47715953	0
48	1:47718022	1:47718022	1.0	47718022	47718022	0
49	1:48494717	1:48494717	1.0	48494717	48494717	0
49	1:48495983	1:48495983	1.0	48495983	48495983	0
49	1:48515115	1:48515115	1.0	48515115	48515115	0
49	1:48515839	1:48515839	1.0	48515839	48515839	0
49	1:48518373	1:48518373	1.0	48518373	48518373	0
49	1:48532682	1:48532682	1.0	48532682	48532682	0
49	1:48548948	1:48548948	1.0	48548948	48548948	0
49	1:48566365	1:48566365	1.0	48566365	48566365	0
49	1:48436829	1:48436829	1.0	48436829	48436829	0
49	1:48439032	1:48439032	1.0	48439032	48439032	0
49	1:48448103	1:48448103	1.0	48448103	48448103	0
49	1:48458274	1:48458274	1.0	48458274	48458274	0
49	1:48465993	1:48465993	1.0	48465993	48465993	0
49	1:48487261	1:48487261	1.0	48487261	48487261	0
49	1:48491184	1:48491184	1.0	48491184	48491184	0
49	1:48491821	1:48491821	1.0	48491821	48491821	0
49	1:48294318	1:48294318	1.0	48294318	48294318	0
49	1:48302505	1:48302505	1.0	48302505	48302505	0
49	1:48344514	1:48344514	1.0	48344514	48344514	0
49	1:48356323	1:48356323	1.0	48356323	48356323	0
49	1:48383191	1:48383191	1.0	48383191	48383191	0
49	1:48393095	1:48393095	1.0	48393095	48393095	0
49	1:48410264	1:48410264	1.0	48410264	48410264	0
49	1:48427723	1:48427723	1.0	48427723	48427723	0
49	1:48170988	1:48170988	1.0	48170988	48170988	0
49	1:48190952	1:48190952	1.0	48190952	48190952	0
49	1:48193846	1:48193846	1.0	48193846	48193846	0
49	1:48206786	1:48206786	1.0	48206786	48206786	0
49	1:48226616	1:48226616	1.0	48226616	48226616	0
49	1:48243575	1:48243575	1.0	48243575	48243575	0
49	1:48257588	1:48257588	1.0	48257588	48257588	0
49	1:48280116	1:48280116	1.0	48280116	48280116	0
49	1:48978080	1:48978080	1.0	48978080	48978080	0
50	1:49007335	1:49007335	1.0	49007335	49007335	0
50	1:49039848	1:49039848	1.0	49039848	49039848	0
50	1:49092555	1:49092555	1.0	49092555	49092555	0
50	1:49114108	1:49114108	1.0	49114108	49114108	0
50	1:49133347	1:49133347	1.0	49133347	49133347	0
50	1:49160572	1:49160572	1.0	49160572	49160572	0
50	1:49172325	1:49172325	1.0	49172325	49172325	0
49	1:48786501	1:48786501	1.0	48786501	48786501	0
49	1:48830420	1:48830420	1.0	48830420	48830420	0
49	1:48840102	1:48840102	1.0	48840102	48840102	0
49	1:48852190	1:48852190	1.0	48852190	48852190	0
49	1:48890528	1:48890528	1.0	48890528	48890528	0
49	1:48900484	1:48900484	1.0	48900484	48900484	0
49	1:48939583	1:48939583	1.0	48939583	48939583	0
49	1:48968539	1:48968539	1.0	48968539	48968539	0
49	1:48726899	1:48726899	1.0	48726899	48726899	0
49	1:48730050	1:48730050	1.0	48730050	48730050	0
49	1:48730510	1:48730510	1.0	48730510	48730510	0
49	1:48743176	1:48743176	1.0	48743176	48743176	0
49	1:48761067	1:48761067	1.0	48761067	48761067	0
49	1:48763533	1:48763533	1.0	48763533	48763533	0
49	1:48766346	1:48766346	1.0	48766346	48766346	0
49	1:48774837	1:48774837	1.0	48774837	48774837	0
49	1:48591743	1:48591743	1.0	48591743	48591743	0
49	1:48632669	1:48632669	1.0	48632669	48632669	0
49	1:48665286	1:48665286	1.0	48665286	48665286	0
49	1:48673238	1:48673238	1.0	48673238	48673238	0
49	1:48710325	1:48710325	1.0	48710325	48710325	0
49	1:48715251	1:48715251	1.0	48715251	48715251	0
49	1:48715258	1:48715258	1.0	48715258	48715258	0
49	1:48719462	1:48719462	1.0	48719462	48719462	0
50	1:49691697	1:49691697	1.0	49691697	49691697	0
50	1:49697914	1:49697914	1.0	49697914	49697914	0
50	1:49701516	1:49701516	1.0	49701516	49701516	0
50	1:49742524	1:49742524	1.0	49742524	49742524	0
50	1:49756121	1:49756121	1.0	49756121	49756121	0
50	1:49768170	1:49768170	1.0	49768170	49768170	0
50	1:49802236	1:49802236	1.0	49802236	49802236	0
50	1:49818663	1:49818663	1.0	49818663	49818663	0
50	1:49437770	1:49437770	1.0	49437770	49437770	0
50	1:49439295	1:49439295	1.0	49439295	49439295	0
50	1:49464217	1:49464217	1.0	49464217	49464217	0
50	1:49558084	1:49558084	1.0	49558084	49558084	0
50	1:49566095	1:49566095	1.0	49566095	49566095	0
50	1:49573447	1:49573447	1.0	49573447	49573447	0
50	1:49583877	1:49583877	1.0	49583877	49583877	0
50	1:49626985	1:49626985	1.0	49626985	49626985	0
50	1:49359782	1:49359782	1.0	49359782	49359782	0
50	1:49375566	1:49375566	1.0	49375566	49375566	0
50	1:49375651	1:49375651	1.0	49375651	49375651	0
50	1:49396073	1:49396073	1.0	49396073	49396073	0
50	1:49402808	1:49402808	1.0	49402808	49402808	0
50	1:49426961	1:49426961	1.0	49426961	49426961	0
50	1:49431583	1:49431583	1.0	49431583	49431583	0
50	1:49437615	1:49437615	1.0	49437615	49437615	0
50	1:49207389	1:49207389	1.0	49207389	49207389	0
50	1:49223967	1:49223967	1.0	49223967	49223967	0
50	1:49282340	1:49282340	1.0	49282340	49282340	0
50	1:49309064	1:49309064	1.0	49309064	49309064	0
50	1:49349431	1:49349431	1.0	49349431	49349431	0
50	1:49351999	1:49351999	1.0	49351999	49351999	0
50	1:49352347	1:49352347	1.0	49352347	49352347	0
50	1:49358350	1:49358350	1.0	49358350	49358350	0
51	1:50122261	1:50122261	1.0	50122261	50122261	0
51	1:50154222	1:50154222	1.0	50154222	50154222	0
51	1:50166884	1:50166884	1.0	50166884	50166884	0
51	1:50171170	1:50171170	1.0	50171170	50171170	0
51	1:50189144	1:50189144	1.0	50189144	50189144	0
51	1:50234073	1:50234073	1.0	50234073	50234073	0
51	1:50254112	1:50254112	1.0	50254112	50254112	0
51	1:50275548	1:50275548	1.0	50275548	50275548	0
50	1:49975040	1:49975040	1.0	49975040	49975040	0
51	1:50007247	1:50007247	1.0	50007247	50007247	0
51	1:50011986	1:50011986	1.0	50011986	50011986	0
51	1:50018038	1:50018038	1.0	50018038	50018038	0
51	1:50066488	1:50066488	1.0	50066488	50066488	0
51	1:50086879	1:50086879	1.0	50086879	50086879	0
51	1:50107907	1:50107907	1.0	50107907	50107907	0
51	1:50120904	1:50120904	1.0	50120904	50120904	0
50	1:49896931	1:49896931	1.0	49896931	49896931	0
50	1:49902137	1:49902137	1.0	49902137	49902137	0
50	1:49905867	1:49905867	1.0	49905867	49905867	0
50	1:49907858	1:49907858	1.0	49907858	49907858	0
50	1:49908283	1:49908283	1.0	49908283	49908283	0
50	1:49909832	1:49909832	1.0	49909832	49909832	0
50	1:49913225	1:49913225	1.0	49913225	49913225	0
50	1:49970089	1:49970089	1.0	49970089	49970089	0
50	1:49825496	1:49825496	1.0	49825496	49825496	0
50	1:49839732	1:49839732	1.0	49839732	49839732	0
50	1:49840604	1:49840604	1.0	49840604	49840604	0
50	1:49844909	1:49844909	1.0	49844909	49844909	0
50	1:49873779	1:49873779	1.0	49873779	49873779	0
50	1:49875089	1:49875089	1.0	49875089	49875089	0
50	1:49885717	1:49885717	1.0	49885717	49885717	0
50	1:49895283	1:49895283	1.0	49895283	49895283	0
51	1:50676915	1:50676915	1.0	50676915	50676915	0
51	1:50709814	1:50709814	1.0	50709814	50709814	0
51	1:50746643	1:50746643	1.0	50746643	50746643	0
51	1:50760637	1:50760637	1.0	50760637	50760637	0
51	1:50763062	1:50763062	1.0	50763062	50763062	0
51	1:50794650	1:50794650	1.0	50794650	50794650	0
51	1:50795720	1:50795720	1.0	50795720	50795720	0
51	1:50796111	1:50796111	1.0	50796111	50796111	0
51	1:50495723	1:50495723	1.0	50495723	50495723	0
51	1:50516163	1:50516163	1.0	50516163	50516163	0
51	1:50526895	1:50526895	1.0	50526895	50526895	0
51	1:50538136	1:50538136	1.0	50538136	50538136	0
51	1:50553201	1:50553201	1.0	50553201	50553201	0
51	1:50571428	1:50571428	1.0	50571428	50571428	0
51	1:50629739	1:50629739	1.0	50629739	50629739	0
51	1:50672856	1:50672856	1.0	50672856	50672856	0
51	1:50402944	1:50402944	1.0	50402944	50402944	0
51	1:50422655	1:50422655	1.0	50422655	50422655	0
51	1:50426677	1:50426677	1.0	50426677	50426677	0
51	1:50435844	1:50435844	1.0	50435844	50435844	0
51	1:50441205	1:50441205	1.0	50441205	50441205	0
51	1:50450230	1:50450230	1.0	50450230	50450230	0
51	1:50486341	1:50486341	1.0	50486341	50486341	0
51	1:50495702	1:50495702	1.0	50495702	50495702	0
51	1:50277284	1:50277284	1.0	50277284	50277284	0
51	1:50279505	1:50279505	1.0	50279505	50279505	0
51	1:50288176	1:50288176	1.0	50288176	50288176	0
51	1:50296558	1:50296558	1.0	50296558	50296558	0
51	1:50305762	1:50305762	1.0	50305762	50305762	0
51	1:50316726	1:50316726	1.0	50316726	50316726	0
51	1:50352902	1:50352902	1.0	50352902	50352902	0
51	1:50391427	1:50391427	1.0	50391427	50391427	0
52	1:51327756	1:51327756	1.0	51327756	51327756	0
52	1:51359206	1:51359206	1.0	51359206	51359206	0
52	1:51371107	1:51371107	1.0	51371107	51371107	0
52	1:51379822	1:51379822	1.0	51379822	51379822	0
52	1:51424150	1:51424150	1.0	51424150	51424150	0
52	1:51465755	1:51465755	1.0	51465755	51465755	0
52	1:51484873	1:51484873	1.0	51484873	51484873	0
52	1:51492717	1:51492717	1.0	51492717	51492717	0
52	1:51195210	1:51195210	1.0	51195210	51195210	0
52	1:51207680	1:51207680	1.0	51207680	51207680	0
52	1:51212061	1:51212061	1.0	51212061	51212061	0
52	1:51217070	1:51217070	1.0	51217070	51217070	0
52	1:51255429	1:51255429	1.0	51255429	51255429	0
52	1:51296837	1:51296837	1.0	51296837	51296837	0
52	1:51308082	1:51308082	1.0	51308082	51308082	0
52	1:51309688	1:51309688	1.0	51309688	51309688	0
52	1:51079501	1:51079501	1.0	51079501	51079501	0
52	1:51100383	1:51100383	1.0	51100383	51100383	0
52	1:51112290	1:51112290	1.0	51112290	51112290	0
52	1:51117910	1:51117910	1.0	51117910	51117910	0
52	1:51120092	1:51120092	1.0	51120092	51120092	0
52	1:51139393	1:51139393	1.0	51139393	51139393	0
52	1:51152701	1:51152701	1.0	51152701	51152701	0
52	1:51173180	1:51173180	1.0	51173180	51173180	0
51	1:50825597	1:50825597	1.0	50825597	50825597	0
51	1:50831525	1:50831525	1.0	50831525	50831525	0
51	1:50837728	1:50837728	1.0	50837728	50837728	0
51	1:50873984	1:50873984	1.0	50873984	50873984	0
51	1:50894270	1:50894270	1.0	50894270	50894270	0
51	1:50973242	1:50973242	1.0	50973242	50973242	0
52	1:51048405	1:51048405	1.0	51048405	51048405	0
52	1:51058097	1:51058097	1.0	51058097	51058097	0
52	1:51899795	1:51899795	1.0	51899795	51899795	0
52	1:51900772	1:51900772	1.0	51900772	51900772	0
52	1:51908239	1:51908239	1.0	51908239	51908239	0
52	1:51910808	1:51910808	1.0	51910808	51910808	0
52	1:51913069	1:51913069	1.0	51913069	51913069	0
52	1:51913179	1:51913179	1.0	51913179	51913179	0
52	1:51914895	1:51914895	1.0	51914895	51914895	0
52	1:51929748	1:51929748	1.0	51929748	51929748	0
52	1:51756594	1:51756594	1.0	51756594	51756594	0
52	1:51757121	1:51757121	1.0	51757121	51757121	0
52	1:51791349	1:51791349	1.0	51791349	51791349	0
52	1:51831783	1:51831783	1.0	51831783	51831783	0
52	1:51844409	1:51844409	1.0	51844409	51844409	0
52	1:51877885	1:51877885	1.0	51877885	51877885	0
52	1:51879724	1:51879724	1.0	51879724	51879724	0
52	1:51880951	1:51880951	1.0	51880951	51880951	0
52	1:51599949	1:51599949	1.0	51599949	51599949	0
52	1:51628165	1:51628165	1.0	51628165	51628165	0
52	1:51646181	1:51646181	1.0	51646181	51646181	0
52	1:51665221	1:51665221	1.0	51665221	51665221	0
52	1:51689102	1:51689102	1.0	51689102	51689102	0
52	1:51715899	1:51715899	1.0	51715899	51715899	0
52	1:51721930	1:51721930	1.0	51721930	51721930	0
52	1:51731418	1:51731418	1.0	51731418	51731418	0
52	1:51493838	1:51493838	1.0	51493838	51493838	0
52	1:51509698	1:51509698	1.0	51509698	51509698	0
52	1:51535569	1:51535569	1.0	51535569	51535569	0
52	1:51562395	1:51562395	1.0	51562395	51562395	0
52	1:51569364	1:51569364	1.0	51569364	51569364	0
52	1:51588364	1:51588364	1.0	51588364	51588364	0
52	1:51590273	1:51590273	1.0	51590273	51590273	0
52	1:51592035	1:51592035	1.0	51592035	51592035	0
53	1:52297379	1:52297379	1.0	52297379	52297379	0
53	1:52315766	1:52315766	1.0	52315766	52315766	0
53	1:52316858	1:52316858	1.0	52316858	52316858	0
53	1:52374472	1:52374472	1.0	52374472	52374472	0
53	1:52374648	1:52374648	1.0	52374648	52374648	0
53	1:52404939	1:52404939	1.0	52404939	52404939	0
53	1:52411803	1:52411803	1.0	52411803	52411803	0
53	1:52418907	1:52418907	1.0	52418907	52418907	0
53	1:52203052	1:52203052	1.0	52203052	52203052	0
53	1:52208794	1:52208794	1.0	52208794	52208794	0
53	1:52209620	1:52209620	1.0	52209620	52209620	0
53	1:52212946	1:52212946	1.0	52212946	52212946	0
53	1:52215025	1:52215025	1.0	52215025	52215025	0
53	1:52237688	1:52237688	1.0	52237688	52237688	0
53	1:52286003	1:52286003	1.0	52286003	52286003	0
53	1:52295220	1:52295220	1.0	52295220	52295220	0
53	1:52139051	1:52139051	1.0	52139051	52139051	0
53	1:52141507	1:52141507	1.0	52141507	52141507	0
53	1:52157314	1:52157314	1.0	52157314	52157314	0
53	1:52158174	1:52158174	1.0	52158174	52158174	0
53	1:52177349	1:52177349	1.0	52177349	52177349	0
53	1:52182966	1:52182966	1.0	52182966	52182966	0
53	1:52187216	1:52187216	1.0	52187216	52187216	0
53	1:52200319	1:52200319	1.0	52200319	52200319	0
52	1:51939267	1:51939267	1.0	51939267	51939267	0
52	1:51982473	1:51982473	1.0	51982473	51982473	0
52	1:51989537	1:51989537	1.0	51989537	51989537	0
53	1:52005528	1:52005528	1.0	52005528	52005528	0
53	1:52010810	1:52010810	1.0	52010810	52010810	0
53	1:52044152	1:52044152	1.0	52044152	52044152	0
53	1:52058325	1:52058325	1.0	52058325	52058325	0
53	1:52097173	1:52097173	1.0	52097173	52097173	0
53	1:52827730	1:52827730	1.0	52827730	52827730	0
53	1:52839392	1:52839392	1.0	52839392	52839392	0
53	1:52840398	1:52840398	1.0	52840398	52840398	0
53	1:52866881	1:52866881	1.0	52866881	52866881	0
53	1:52869792	1:52869792	1.0	52869792	52869792	0
53	1:52879149	1:52879149	1.0	52879149	52879149	0
53	1:52919200	1:52919200	1.0	52919200	52919200	0
53	1:52925375	1:52925375	1.0	52925375	52925375	0
53	1:52673684	1:52673684	1.0	52673684	52673684	0
53	1:52715015	1:52715015	1.0	52715015	52715015	0
53	1:52740279	1:52740279	1.0	52740279	52740279	0
53	1:52762174	1:52762174	1.0	52762174	52762174	0
53	1:52762641	1:52762641	1.0	52762641	52762641	0
53	1:52764242	1:52764242	1.0	52764242	52764242	0
53	1:52775940	1:52775940	1.0	52775940	52775940	0
53	1:52777489	1:52777489	1.0	52777489	52777489	0
53	1:52558688	1:52558688	1.0	52558688	52558688	0
53	1:52559152	1:52559152	1.0	52559152	52559152	0
53	1:52562568	1:52562568	1.0	52562568	52562568	0
53	1:52565355	1:52565355	1.0	52565355	52565355	0
53	1:52569706	1:52569706	1.0	52569706	52569706	0
53	1:52576780	1:52576780	1.0	52576780	52576780	0
53	1:52584290	1:52584290	1.0	52584290	52584290	0
53	1:52631084	1:52631084	1.0	52631084	52631084	0
53	1:52441467	1:52441467	1.0	52441467	52441467	0
53	1:52453339	1:52453339	1.0	52453339	52453339	0
53	1:52488929	1:52488929	1.0	52488929	52488929	0
53	1:52492737	1:52492737	1.0	52492737	52492737	0
53	1:52496016	1:52496016	1.0	52496016	52496016	0
53	1:52496900	1:52496900	1.0	52496900	52496900	0
53	1:52499003	1:52499003	1.0	52499003	52499003	0
53	1:52534224	1:52534224	1.0	52534224	52534224	0
54	1:53412977	1:53412977	1.0	53412977	53412977	0
54	1:53423844	1:53423844	1.0	53423844	53423844	0
54	1:53440240	1:53440240	1.0	53440240	53440240	0
54	1:53505233	1:53505233	1.0	53505233	53505233	0
54	1:53509642	1:53509642	1.0	53509642	53509642	0
54	1:53517363	1:53517363	1.0	53517363	53517363	0
54	1:53520378	1:53520378	1.0	53520378	53520378	0
54	1:53613590	1:53613590	1.0	53613590	53613590	0
54	1:53242839	1:53242839	1.0	53242839	53242839	0
54	1:53274944	1:53274944	1.0	53274944	53274944	0
54	1:53307680	1:53307680	1.0	53307680	53307680	0
54	1:53363405	1:53363405	1.0	53363405	53363405	0
54	1:53376964	1:53376964	1.0	53376964	53376964	0
54	1:53377178	1:53377178	1.0	53377178	53377178	0
54	1:53386039	1:53386039	1.0	53386039	53386039	0
54	1:53410691	1:53410691	1.0	53410691	53410691	0
54	1:53102023	1:53102023	1.0	53102023	53102023	0
54	1:53119756	1:53119756	1.0	53119756	53119756	0
54	1:53175589	1:53175589	1.0	53175589	53175589	0
54	1:53215076	1:53215076	1.0	53215076	53215076	0
54	1:53225749	1:53225749	1.0	53225749	53225749	0
54	1:53228467	1:53228467	1.0	53228467	53228467	0
54	1:53230682	1:53230682	1.0	53230682	53230682	0
54	1:53237807	1:53237807	1.0	53237807	53237807	0
53	1:52934616	1:52934616	1.0	52934616	52934616	0
53	1:52959637	1:52959637	1.0	52959637	52959637	0
53	1:52991089	1:52991089	1.0	52991089	52991089	0
54	1:53007837	1:53007837	1.0	53007837	53007837	0
54	1:53009396	1:53009396	1.0	53009396	53009396	0
54	1:53028792	1:53028792	1.0	53028792	53028792	0
54	1:53050918	1:53050918	1.0	53050918	53050918	0
54	1:53059072	1:53059072	1.0	53059072	53059072	0
55	1:54045192	1:54045192	1.0	54045192	54045192	0
55	1:54079038	1:54079038	1.0	54079038	54079038	0
55	1:54089634	1:54089634	1.0	54089634	54089634	0
55	1:54091483	1:54091483	1.0	54091483	54091483	0
55	1:54096104	1:54096104	1.0	54096104	54096104	0
55	1:54101106	1:54101106	1.0	54101106	54101106	0
55	1:54133826	1:54133826	1.0	54133826	54133826	0
55	1:54134635	1:54134635	1.0	54134635	54134635	0
54	1:53892569	1:53892569	1.0	53892569	53892569	0
54	1:53899324	1:53899324	1.0	53899324	53899324	0
54	1:53915846	1:53915846	1.0	53915846	53915846	0
54	1:53926453	1:53926453	1.0	53926453	53926453	0
54	1:53933928	1:53933928	1.0	53933928	53933928	0
54	1:53953230	1:53953230	1.0	53953230	53953230	0
54	1:53972790	1:53972790	1.0	53972790	53972790	0
55	1:54006164	1:54006164	1.0	54006164	54006164	0
54	1:53773277	1:53773277	1.0	53773277	53773277	0
54	1:53775258	1:53775258	1.0	53775258	53775258	0
54	1:53777025	1:53777025	1.0	53777025	53777025	0
54	1:53789199	1:53789199	1.0	53789199	53789199	0
54	1:53811240	1:53811240	1.0	53811240	53811240	0
54	1:53834275	1:53834275	1.0	53834275	53834275	0
54	1:53873132	1:53873132	1.0	53873132	53873132	0
54	1:53889338	1:53889338	1.0	53889338	53889338	0
54	1:53621440	1:53621440	1.0	53621440	53621440	0
54	1:53625354	1:53625354	1.0	53625354	53625354	0
54	1:53628552	1:53628552	1.0	53628552	53628552	0
54	1:53640154	1:53640154	1.0	53640154	53640154	0
54	1:53660698	1:53660698	1.0	53660698	53660698	0
54	1:53689328	1:53689328	1.0	53689328	53689328	0
54	1:53698472	1:53698472	1.0	53698472	53698472	0
54	1:53699694	1:53699694	1.0	53699694	53699694	0
55	1:54481925	1:54481925	1.0	54481925	54481925	0
55	1:54495609	1:54495609	1.0	54495609	54495609	0
55	1:54496749	1:54496749	1.0	54496749	54496749	0
55	1:54503423	1:54503423	1.0	54503423	54503423	0
55	1:54536604	1:54536604	1.0	54536604	54536604	0
55	1:54549382	1:54549382	1.0	54549382	54549382	0
55	1:54564055	1:54564055	1.0	54564055	54564055	0
55	1:54610033	1:54610033	1.0	54610033	54610033	0
55	1:54407486	1:54407486	1.0	54407486	54407486	0
55	1:54432685	1:54432685	1.0	54432685	54432685	0
55	1:54434671	1:54434671	1.0	54434671	54434671	0
55	1:54440646	1:54440646	1.0	54440646	54440646	0
55	1:54441452	1:54441452	1.0	54441452	54441452	0
55	1:54445289	1:54445289	1.0	54445289	54445289	0
55	1:54456148	1:54456148	1.0	54456148	54456148	0
55	1:54474456	1:54474456	1.0	54474456	54474456	0
55	1:54254876	1:54254876	1.0	54254876	54254876	0
55	1:54256931	1:54256931	1.0	54256931	54256931	0
55	1:54278857	1:54278857	1.0	54278857	54278857	0
55	1:54326177	1:54326177	1.0	54326177	54326177	0
55	1:54331102	1:54331102	1.0	54331102	54331102	0
55	1:54332386	1:54332386	1.0	54332386	54332386	0
55	1:54351769	1:54351769	1.0	54351769	54351769	0
55	1:54388674	1:54388674	1.0	54388674	54388674	0
55	1:54148095	1:54148095	1.0	54148095	54148095	0
55	1:54148891	1:54148891	1.0	54148891	54148891	0
55	1:54181890	1:54181890	1.0	54181890	54181890	0
55	1:54187582	1:54187582	1.0	54187582	54187582	0
55	1:54206559	1:54206559	1.0	54206559	54206559	0
55	1:54216899	1:54216899	1.0	54216899	54216899	0
55	1:54221526	1:54221526	1.0	54221526	54221526	0
55	1:54248292	1:54248292	1.0	54248292	54248292	0
56	1:55073946	1:55073946	1.0	55073946	55073946	0
56	1:55087646	1:55087646	1.0	55087646	55087646	0
56	1:55098997	1:55098997	1.0	55098997	55098997	0
56	1:55105832	1:55105832	1.0	55105832	55105832	0
56	1:55109051	1:55109051	1.0	55109051	55109051	0
56	1:55145322	1:55145322	1.0	55145322	55145322	0
56	1:55160410	1:55160410	1.0	55160410	55160410	0
56	1:55174260	1:55174260	1.0	55174260	55174260	0
55	1:54915907	1:54915907	1.0	54915907	54915907	0
55	1:54920707	1:54920707	1.0	54920707	54920707	0
55	1:54935272	1:54935272	1.0	54935272	54935272	0
55	1:54952705	1:54952705	1.0	54952705	54952705	0
55	1:54954686	1:54954686	1.0	54954686	54954686	0
55	1:54968852	1:54968852	1.0	54968852	54968852	0
55	1:54972743	1:54972743	1.0	54972743	54972743	0
56	1:55030362	1:55030362	1.0	55030362	55030362	0
55	1:54777624	1:54777624	1.0	54777624	54777624	0
55	1:54779044	1:54779044	1.0	54779044	54779044	0
55	1:54832047	1:54832047	1.0	54832047	54832047	0
55	1:54847137	1:54847137	1.0	54847137	54847137	0
55	1:54856770	1:54856770	1.0	54856770	54856770	0
55	1:54856857	1:54856857	1.0	54856857	54856857	0
55	1:54869007	1:54869007	1.0	54869007	54869007	0
55	1:54898350	1:54898350	1.0	54898350	54898350	0
55	1:54633049	1:54633049	1.0	54633049	54633049	0
55	1:54659451	1:54659451	1.0	54659451	54659451	0
55	1:54706506	1:54706506	1.0	54706506	54706506	0
55	1:54710376	1:54710376	1.0	54710376	54710376	0
55	1:54716659	1:54716659	1.0	54716659	54716659	0
55	1:54717185	1:54717185	1.0	54717185	54717185	0
55	1:54745733	1:54745733	1.0	54745733	54745733	0
55	1:54769259	1:54769259	1.0	54769259	54769259	0
56	1:55553465	1:55553465	1.0	55553465	55553465	0
56	1:55608377	1:55608377	1.0	55608377	55608377	0
56	1:55616607	1:55616607	1.0	55616607	55616607	0
56	1:55620932	1:55620932	1.0	55620932	55620932	0
56	1:55638139	1:55638139	1.0	55638139	55638139	0
56	1:55651377	1:55651377	1.0	55651377	55651377	0
56	1:55659229	1:55659229	1.0	55659229	55659229	0
56	1:55665617	1:55665617	1.0	55665617	55665617	0
56	1:55456323	1:55456323	1.0	55456323	55456323	0
56	1:55471392	1:55471392	1.0	55471392	55471392	0
56	1:55472358	1:55472358	1.0	55472358	55472358	0
56	1:55478035	1:55478035	1.0	55478035	55478035	0
56	1:55482284	1:55482284	1.0	55482284	55482284	0
56	1:55495164	1:55495164	1.0	55495164	55495164	0
56	1:55498299	1:55498299	1.0	55498299	55498299	0
56	1:55519129	1:55519129	1.0	55519129	55519129	0
56	1:55306694	1:55306694	1.0	55306694	55306694	0
56	1:55339990	1:55339990	1.0	55339990	55339990	0
56	1:55395427	1:55395427	1.0	55395427	55395427	0
56	1:55403797	1:55403797	1.0	55403797	55403797	0
56	1:55415450	1:55415450	1.0	55415450	55415450	0
56	1:55419341	1:55419341	1.0	55419341	55419341	0
56	1:55445377	1:55445377	1.0	55445377	55445377	0
56	1:55454432	1:55454432	1.0	55454432	55454432	0
56	1:55182837	1:55182837	1.0	55182837	55182837	0
56	1:55194543	1:55194543	1.0	55194543	55194543	0
56	1:55213558	1:55213558	1.0	55213558	55213558	0
56	1:55223955	1:55223955	1.0	55223955	55223955	0
56	1:55229239	1:55229239	1.0	55229239	55229239	0
56	1:55229603	1:55229603	1.0	55229603	55229603	0
56	1:55257852	1:55257852	1.0	55257852	55257852	0
56	1:55280249	1:55280249	1.0	55280249	55280249	0
57	1:56024142	1:56024142	1.0	56024142	56024142	0
57	1:56043693	1:56043693	1.0	56043693	56043693	0
57	1:56062131	1:56062131	1.0	56062131	56062131	0
57	1:56086289	1:56086289	1.0	56086289	56086289	0
57	1:56093352	1:56093352	1.0	56093352	56093352	0
57	1:56193693	1:56193693	1.0	56193693	56193693	0
57	1:56224958	1:56224958	1.0	56224958	56224958	0
57	1:56240284	1:56240284	1.0	56240284	56240284	0
56	1:55860632	1:55860632	1.0	55860632	55860632	0
56	1:55927605	1:55927605	1.0	55927605	55927605	0
56	1:55940774	1:55940774	1.0	55940774	55940774	0
56	1:55961554	1:55961554	1.0	55961554	55961554	0
56	1:55967938	1:55967938	1.0	55967938	55967938	0
56	1:55978832	1:55978832	1.0	55978832	55978832	0
57	1:56002355	1:56002355	1.0	56002355	56002355	0
57	1:56004003	1:56004003	1.0	56004003	56004003	0
56	1:55757487	1:55757487	1.0	55757487	55757487	0
56	1:55771030	1:55771030	1.0	55771030	55771030	0
56	1:55777728	1:55777728	1.0	55777728	55777728	0
56	1:55831369	1:55831369	1.0	55831369	55831369	0
56	1:55842823	1:55842823	1.0	55842823	55842823	0
56	1:55848858	1:55848858	1.0	55848858	55848858	0
56	1:55849015	1:55849015	1.0	55849015	55849015	0
56	1:55851597	1:55851597	1.0	55851597	55851597	0
56	1:55666187	1:55666187	1.0	55666187	55666187	0
56	1:55684474	1:55684474	1.0	55684474	55684474	0
56	1:55685561	1:55685561	1.0	55685561	55685561	0
56	1:55723672	1:55723672	1.0	55723672	55723672	0
56	1:55725104	1:55725104	1.0	55725104	55725104	0
56	1:55726067	1:55726067	1.0	55726067	55726067	0
56	1:55742546	1:55742546	1.0	55742546	55742546	0
56	1:55756090	1:55756090	1.0	55756090	55756090	0
57	1:56635465	1:56635465	1.0	56635465	56635465	0
57	1:56681098	1:56681098	1.0	56681098	56681098	0
57	1:56684949	1:56684949	1.0	56684949	56684949	0
57	1:56688831	1:56688831	1.0	56688831	56688831	0
57	1:56692405	1:56692405	1.0	56692405	56692405	0
57	1:56728216	1:56728216	1.0	56728216	56728216	0
57	1:56755037	1:56755037	1.0	56755037	56755037	0
57	1:56761260	1:56761260	1.0	56761260	56761260	0
57	1:56434194	1:56434194	1.0	56434194	56434194	0
57	1:56437580	1:56437580	1.0	56437580	56437580	0
57	1:56444323	1:56444323	1.0	56444323	56444323	0
57	1:56483186	1:56483186	1.0	56483186	56483186	0
57	1:56501561	1:56501561	1.0	56501561	56501561	0
57	1:56503287	1:56503287	1.0	56503287	56503287	0
57	1:56546287	1:56546287	1.0	56546287	56546287	0
57	1:56564402	1:56564402	1.0	56564402	56564402	0
57	1:56348503	1:56348503	1.0	56348503	56348503	0
57	1:56366867	1:56366867	1.0	56366867	56366867	0
57	1:56378563	1:56378563	1.0	56378563	56378563	0
57	1:56379704	1:56379704	1.0	56379704	56379704	0
57	1:56381499	1:56381499	1.0	56381499	56381499	0
57	1:56418581	1:56418581	1.0	56418581	56418581	0
57	1:56424722	1:56424722	1.0	56424722	56424722	0
57	1:56426294	1:56426294	1.0	56426294	56426294	0
57	1:56251008	1:56251008	1.0	56251008	56251008	0
57	1:56251275	1:56251275	1.0	56251275	56251275	0
57	1:56285724	1:56285724	1.0	56285724	56285724	0
57	1:56294784	1:56294784	1.0	56294784	56294784	0
57	1:56299982	1:56299982	1.0	56299982	56299982	0
57	1:56318066	1:56318066	1.0	56318066	56318066	0
57	1:56339158	1:56339158	1.0	56339158	56339158	0
57	1:56342203	1:56342203	1.0	56342203	56342203	0
58	1:57121057	1:57121057	1.0	57121057	57121057	0
58	1:57182456	1:57182456	1.0	57182456	57182456	0
58	1:57190865	1:57190865	1.0	57190865	57190865	0
58	1:57195031	1:57195031	1.0	57195031	57195031	0
58	1:57218589	1:57218589	1.0	57218589	57218589	0
58	1:57222358	1:57222358	1.0	57222358	57222358	0
58	1:57235485	1:57235485	1.0	57235485	57235485	0
58	1:57244529	1:57244529	1.0	57244529	57244529	0
57	1:56996737	1:56996737	1.0	56996737	56996737	0
58	1:57005841	1:57005841	1.0	57005841	57005841	0
58	1:57021207	1:57021207	1.0	57021207	57021207	0
58	1:57034341	1:57034341	1.0	57034341	57034341	0
58	1:57041563	1:57041563	1.0	57041563	57041563	0
58	1:57055420	1:57055420	1.0	57055420	57055420	0
58	1:57079390	1:57079390	1.0	57079390	57079390	0
58	1:57084657	1:57084657	1.0	57084657	57084657	0
57	1:56882319	1:56882319	1.0	56882319	56882319	0
57	1:56895263	1:56895263	1.0	56895263	56895263	0
57	1:56912767	1:56912767	1.0	56912767	56912767	0
57	1:56933106	1:56933106	1.0	56933106	56933106	0
57	1:56972562	1:56972562	1.0	56972562	56972562	0
57	1:56975082	1:56975082	1.0	56975082	56975082	0
57	1:56986403	1:56986403	1.0	56986403	56986403	0
57	1:56987272	1:56987272	1.0	56987272	56987272	0
57	1:56775994	1:56775994	1.0	56775994	56775994	0
57	1:56825158	1:56825158	1.0	56825158	56825158	0
57	1:56832434	1:56832434	1.0	56832434	56832434	0
57	1:56846597	1:56846597	1.0	56846597	56846597	0
57	1:56852294	1:56852294	1.0	56852294	56852294	0
57	1:56861494	1:56861494	1.0	56861494	56861494	0
57	1:56877184	1:56877184	1.0	56877184	56877184	0
57	1:56882283	1:56882283	1.0	56882283	56882283	0
58	1:57647085	1:57647085	1.0	57647085	57647085	0
58	1:57658083	1:57658083	1.0	57658083	57658083	0
58	1:57661941	1:57661941	1.0	57661941	57661941	0
58	1:57675377	1:57675377	1.0	57675377	57675377	0
58	1:57678211	1:57678211	1.0	57678211	57678211	0
58	1:57681018	1:57681018	1.0	57681018	57681018	0
58	1:57696035	1:57696035	1.0	57696035	57696035	0
58	1:57697273	1:57697273	1.0	57697273	57697273	0
58	1:57434909	1:57434909	1.0	57434909	57434909	0
58	1:57464780	1:57464780	1.0	57464780	57464780	0
58	1:57563861	1:57563861	1.0	57563861	57563861	0
58	1:57568343	1:57568343	1.0	57568343	57568343	0
58	1:57597409	1:57597409	1.0	57597409	57597409	0
58	1:57628640	1:57628640	1.0	57628640	57628640	0
58	1:57631344	1:57631344	1.0	57631344	57631344	0
58	1:57641757	1:57641757	1.0	57641757	57641757	0
58	1:57395059	1:57395059	1.0	57395059	57395059	0
58	1:57396049	1:57396049	1.0	57396049	57396049	0
58	1:57399770	1:57399770	1.0	57399770	57399770	0
58	1:57413554	1:57413554	1.0	57413554	57413554	0
58	1:57413771	1:57413771	1.0	57413771	57413771	0
58	1:57416013	1:57416013	1.0	57416013	57416013	0
58	1:57421127	1:57421127	1.0	57421127	57421127	0
58	1:57428686	1:57428686	1.0	57428686	57428686	0
58	1:57292183	1:57292183	1.0	57292183	57292183	0
58	1:57293032	1:57293032	1.0	57293032	57293032	0
58	1:57312220	1:57312220	1.0	57312220	57312220	0
58	1:57315946	1:57315946	1.0	57315946	57315946	0
58	1:57338103	1:57338103	1.0	57338103	57338103	0
58	1:57349052	1:57349052	1.0	57349052	57349052	0
58	1:57351080	1:57351080	1.0	57351080	57351080	0
58	1:57376858	1:57376858	1.0	57376858	57376858	0
59	1:58272528	1:58272528	1.0	58272528	58272528	0
59	1:58315588	1:58315588	1.0	58315588	58315588	0
59	1:58321650	1:58321650	1.0	58321650	58321650	0
59	1:58327847	1:58327847	1.0	58327847	58327847	0
59	1:58401946	1:58401946	1.0	58401946	58401946	0
59	1:58406093	1:58406093	1.0	58406093	58406093	0
59	1:58426862	1:58426862	1.0	58426862	58426862	0
59	1:58435659	1:58435659	1.0	58435659	58435659	0
59	1:58114586	1:58114586	1.0	58114586	58114586	0
59	1:58149763	1:58149763	1.0	58149763	58149763	0
59	1:58224510	1:58224510	1.0	58224510	58224510	0
59	1:58231612	1:58231612	1.0	58231612	58231612	0
59	1:58235051	1:58235051	1.0	58235051	58235051	0
59	1:58237815	1:58237815	1.0	58237815	58237815	0
59	1:58245346	1:58245346	1.0	58245346	58245346	0
59	1:58261870	1:58261870	1.0	58261870	58261870	0
58	1:57888504	1:57888504	1.0	57888504	57888504	0
58	1:57889422	1:57889422	1.0	57889422	57889422	0
58	1:57975252	1:57975252	1.0	57975252	57975252	0
59	1:58016014	1:58016014	1.0	58016014	58016014	0
59	1:58043728	1:58043728	1.0	58043728	58043728	0
59	1:58075713	1:58075713	1.0	58075713	58075713	0
59	1:58093499	1:58093499	1.0	58093499	58093499	0
59	1:58104229	1:58104229	1.0	58104229	58104229	0
58	1:57701083	1:57701083	1.0	57701083	57701083	0
58	1:57705021	1:57705021	1.0	57705021	57705021	0
58	1:57805564	1:57805564	1.0	57805564	57805564	0
58	1:57821849	1:57821849	1.0	57821849	57821849	0
58	1:57827936	1:57827936	1.0	57827936	57827936	0
58	1:57849485	1:57849485	1.0	57849485	57849485	0
58	1:57874184	1:57874184	1.0	57874184	57874184	0
58	1:57884624	1:57884624	1.0	57884624	57884624	0
60	1:59010025	1:59010025	1.0	59010025	59010025	0
60	1:59036719	1:59036719	1.0	59036719	59036719	0
60	1:59047561	1:59047561	1.0	59047561	59047561	0
60	1:59057626	1:59057626	1.0	59057626	59057626	0
60	1:59072622	1:59072622	1.0	59072622	59072622	0
60	1:59081566	1:59081566	1.0	59081566	59081566	0
60	1:59145780	1:59145780	1.0	59145780	59145780	0
60	1:59171414	1:59171414	1.0	59171414	59171414	0
59	1:58720661	1:58720661	1.0	58720661	58720661	0
59	1:58743504	1:58743504	1.0	58743504	58743504	0
59	1:58771483	1:58771483	1.0	58771483	58771483	0
59	1:58834846	1:58834846	1.0	58834846	58834846	0
59	1:58835616	1:58835616	1.0	58835616	58835616	0
59	1:58842659	1:58842659	1.0	58842659	58842659	0
59	1:58865528	1:58865528	1.0	58865528	58865528	0
60	1:59009477	1:59009477	1.0	59009477	59009477	0
59	1:58581602	1:58581602	1.0	58581602	58581602	0
59	1:58630790	1:58630790	1.0	58630790	58630790	0
59	1:58638330	1:58638330	1.0	58638330	58638330	0
59	1:58665297	1:58665297	1.0	58665297	58665297	0
59	1:58674848	1:58674848	1.0	58674848	58674848	0
59	1:58685856	1:58685856	1.0	58685856	58685856	0
59	1:58701338	1:58701338	1.0	58701338	58701338	0
59	1:58711615	1:58711615	1.0	58711615	58711615	0
59	1:58436438	1:58436438	1.0	58436438	58436438	0
59	1:58438966	1:58438966	1.0	58438966	58438966	0
59	1:58454885	1:58454885	1.0	58454885	58454885	0
59	1:58458982	1:58458982	1.0	58458982	58458982	0
59	1:58534436	1:58534436	1.0	58534436	58534436	0
59	1:58544069	1:58544069	1.0	58544069	58544069	0
59	1:58544711	1:58544711	1.0	58544711	58544711	0
59	1:58558972	1:58558972	1.0	58558972	58558972	0
60	1:59680869	1:59680869	1.0	59680869	59680869	0
60	1:59714427	1:59714427	1.0	59714427	59714427	0
60	1:59772464	1:59772464	1.0	59772464	59772464	0
60	1:59799782	1:59799782	1.0	59799782	59799782	0
60	1:59828067	1:59828067	1.0	59828067	59828067	0
60	1:59844251	1:59844251	1.0	59844251	59844251	0
60	1:59855505	1:59855505	1.0	59855505	59855505	0
60	1:59880551	1:59880551	1.0	59880551	59880551	0
60	1:59544512	1:59544512	1.0	59544512	59544512	0
60	1:59551514	1:59551514	1.0	59551514	59551514	0
60	1:59565731	1:59565731	1.0	59565731	59565731	0
60	1:59576883	1:59576883	1.0	59576883	59576883	0
60	1:59635370	1:59635370	1.0	59635370	59635370	0
60	1:59636640	1:59636640	1.0	59636640	59636640	0
60	1:59644301	1:59644301	1.0	59644301	59644301	0
60	1:59646036	1:59646036	1.0	59646036	59646036	0
60	1:59365445	1:59365445	1.0	59365445	59365445	0
60	1:59376959	1:59376959	1.0	59376959	59376959	0
60	1:59387254	1:59387254	1.0	59387254	59387254	0
60	1:59435596	1:59435596	1.0	59435596	59435596	0
60	1:59468270	1:59468270	1.0	59468270	59468270	0
60	1:59488207	1:59488207	1.0	59488207	59488207	0
60	1:59504449	1:59504449	1.0	59504449	59504449	0
60	1:59509025	1:59509025	1.0	59509025	59509025	0
60	1:59220572	1:59220572	1.0	59220572	59220572	0
60	1:59230627	1:59230627	1.0	59230627	59230627	0
60	1:59245262	1:59245262	1.0	59245262	59245262	0
60	1:59248435	1:59248435	1.0	59248435	59248435	0
60	1:59276367	1:59276367	1.0	59276367	59276367	0
60	1:59292992	1:59292992	1.0	59292992	59292992	0
60	1:59322533	1:59322533	1.0	59322533	59322533	0
60	1:59323548	1:59323548	1.0	59323548	59323548	0
61	1:60303471	1:60303471	1.0	60303471	60303471	0
61	1:60303850	1:60303850	1.0	60303850	60303850	0
61	1:60304655	1:60304655	1.0	60304655	60304655	0
61	1:60332192	1:60332192	1.0	60332192	60332192	0
61	1:60336853	1:60336853	1.0	60336853	60336853	0
61	1:60344168	1:60344168	1.0	60344168	60344168	0
61	1:60350106	1:60350106	1.0	60350106	60350106	0
61	1:60350626	1:60350626	1.0	60350626	60350626	0
61	1:60141084	1:60141084	1.0	60141084	60141084	0
61	1:60148246	1:60148246	1.0	60148246	60148246	0
61	1:60186001	1:60186001	1.0	60186001	60186001	0
61	1:60200292	1:60200292	1.0	60200292	60200292	0
61	1:60203881	1:60203881	1.0	60203881	60203881	0
61	1:60221199	1:60221199	1.0	60221199	60221199	0
61	1:60251071	1:60251071	1.0	60251071	60251071	0
61	1:60267676	1:60267676	1.0	60267676	60267676	0
61	1:60058563	1:60058563	1.0	60058563	60058563	0
61	1:60072821	1:60072821	1.0	60072821	60072821	0
61	1:60078383	1:60078383	1.0	60078383	60078383	0
61	1:60084390	1:60084390	1.0	60084390	60084390	0
61	1:60089648	1:60089648	1.0	60089648	60089648	0
61	1:60094330	1:60094330	1.0	60094330	60094330	0
61	1:60111795	1:60111795	1.0	60111795	60111795	0
61	1:60138669	1:60138669	1.0	60138669	60138669	0
60	1:59910713	1:59910713	1.0	59910713	59910713	0
60	1:59912159	1:59912159	1.0	59912159	59912159	0
60	1:59946864	1:59946864	1.0	59946864	59946864	0
60	1:59963388	1:59963388	1.0	59963388	59963388	0
60	1:59994989	1:59994989	1.0	59994989	59994989	0
61	1:60031993	1:60031993	1.0	60031993	60031993	0
61	1:60037448	1:60037448	1.0	60037448	60037448	0
61	1:60043430	1:60043430	1.0	60043430	60043430	0
61	1:60796172	1:60796172	1.0	60796172	60796172	0
61	1:60910678	1:60910678	1.0	60910678	60910678	0
61	1:60945798	1:60945798	1.0	60945798	60945798	0
61	1:60961538	1:60961538	1.0	60961538	60961538	0
61	1:60966111	1:60966111	1.0	60966111	60966111	0
61	1:60972985	1:60972985	1.0	60972985	60972985	0
61	1:60974360	1:60974360	1.0	60974360	60974360	0
61	1:60974871	1:60974871	1.0	60974871	60974871	0
61	1:60727595	1:60727595	1.0	60727595	60727595	0
61	1:60736973	1:60736973	1.0	60736973	60736973	0
61	1:60749711	1:60749711	1.0	60749711	60749711	0
61	1:60769148	1:60769148	1.0	60769148	60769148	0
61	1:60779109	1:60779109	1.0	60779109	60779109	0
61	1:60782619	1:60782619	1.0	60782619	60782619	0
61	1:60787893	1:60787893	1.0	60787893	60787893	0
61	1:60795663	1:60795663	1.0	60795663	60795663	0
61	1:60628584	1:60628584	1.0	60628584	60628584	0
61	1:60637834	1:60637834	1.0	60637834	60637834	0
61	1:60644658	1:60644658	1.0	60644658	60644658	0
61	1:60676366	1:60676366	1.0	60676366	60676366	0
61	1:60678948	1:60678948	1.0	60678948	60678948	0
61	1:60692681	1:60692681	1.0	60692681	60692681	0
61	1:60711340	1:60711340	1.0	60711340	60711340	0
61	1:60712826	1:60712826	1.0	60712826	60712826	0
61	1:60350925	1:60350925	1.0	60350925	60350925	0
61	1:60361506	1:60361506	1.0	60361506	60361506	0
61	1:60395759	1:60395759	1.0	60395759	60395759	0
61	1:60404789	1:60404789	1.0	60404789	60404789	0
61	1:60427083	1:60427083	1.0	60427083	60427083	0
61	1:60472383	1:60472383	1.0	60472383	60472383	0
61	1:60523997	1:60523997	1.0	60523997	60523997	0
61	1:60627119	1:60627119	1.0	60627119	60627119	0
62	1:61313916	1:61313916	1.0	61313916	61313916	0
62	1:61316091	1:61316091	1.0	61316091	61316091	0
62	1:61356951	1:61356951	1.0	61356951	61356951	0
62	1:61373785	1:61373785	1.0	61373785	61373785	0
62	1:61399189	1:61399189	1.0	61399189	61399189	0
62	1:61413012	1:61413012	1.0	61413012	61413012	0
62	1:61423139	1:61423139	1.0	61423139	61423139	0
62	1:61468642	1:61468642	1.0	61468642	61468642	0
62	1:61183417	1:61183417	1.0	61183417	61183417	0
62	1:61189403	1:61189403	1.0	61189403	61189403	0
62	1:61218835	1:61218835	1.0	61218835	61218835	0
62	1:61247833	1:61247833	1.0	61247833	61247833	0
62	1:61279201	1:61279201	1.0	61279201	61279201	0
62	1:61298112	1:61298112	1.0	61298112	61298112	0
62	1:61303242	1:61303242	1.0	61303242	61303242	0
62	1:61306901	1:61306901	1.0	61306901	61306901	0
62	1:61069573	1:61069573	1.0	61069573	61069573	0
62	1:61071027	1:61071027	1.0	61071027	61071027	0
62	1:61108535	1:61108535	1.0	61108535	61108535	0
62	1:61119362	1:61119362	1.0	61119362	61119362	0
62	1:61119403	1:61119403	1.0	61119403	61119403	0
62	1:61136439	1:61136439	1.0	61136439	61136439	0
62	1:61144227	1:61144227	1.0	61144227	61144227	0
62	1:61171236	1:61171236	1.0	61171236	61171236	0
61	1:60980033	1:60980033	1.0	60980033	60980033	0
61	1:60988372	1:60988372	1.0	60988372	60988372	0
61	1:60993016	1:60993016	1.0	60993016	60993016	0
61	1:60995761	1:60995761	1.0	60995761	60995761	0
61	1:60998838	1:60998838	1.0	60998838	60998838	0
62	1:61020156	1:61020156	1.0	61020156	61020156	0
62	1:61029246	1:61029246	1.0	61029246	61029246	0
62	1:61051513	1:61051513	1.0	61051513	61051513	0
62	1:61902172	1:61902172	1.0	61902172	61902172	0
62	1:61910921	1:61910921	1.0	61910921	61910921	0
62	1:61957161	1:61957161	1.0	61957161	61957161	0
62	1:61963741	1:61963741	1.0	61963741	61963741	0
62	1:61983307	1:61983307	1.0	61983307	61983307	0
63	1:62005984	1:62005984	1.0	62005984	62005984	0
63	1:62022455	1:62022455	1.0	62022455	62022455	0
63	1:62039408	1:62039408	1.0	62039408	62039408	0
62	1:61730144	1:61730144	1.0	61730144	61730144	0
62	1:61767846	1:61767846	1.0	61767846	61767846	0
62	1:61777470	1:61777470	1.0	61777470	61777470	0
62	1:61808529	1:61808529	1.0	61808529	61808529	0
62	1:61819577	1:61819577	1.0	61819577	61819577	0
62	1:61842138	1:61842138	1.0	61842138	61842138	0
62	1:61864220	1:61864220	1.0	61864220	61864220	0
62	1:61868748	1:61868748	1.0	61868748	61868748	0
62	1:61647310	1:61647310	1.0	61647310	61647310	0
62	1:61647594	1:61647594	1.0	61647594	61647594	0
62	1:61658870	1:61658870	1.0	61658870	61658870	0
62	1:61681550	1:61681550	1.0	61681550	61681550	0
62	1:61684648	1:61684648	1.0	61684648	61684648	0
62	1:61688719	1:61688719	1.0	61688719	61688719	0
62	1:61704883	1:61704883	1.0	61704883	61704883	0
62	1:61720366	1:61720366	1.0	61720366	61720366	0
62	1:61482338	1:61482338	1.0	61482338	61482338	0
62	1:61483655	1:61483655	1.0	61483655	61483655	0
62	1:61509504	1:61509504	1.0	61509504	61509504	0
62	1:61553125	1:61553125	1.0	61553125	61553125	0
62	1:61555094	1:61555094	1.0	61555094	61555094	0
62	1:61569140	1:61569140	1.0	61569140	61569140	0
62	1:61580594	1:61580594	1.0	61580594	61580594	0
62	1:61585038	1:61585038	1.0	61585038	61585038	0
63	1:62670768	1:62670768	1.0	62670768	62670768	0
63	1:62671673	1:62671673	1.0	62671673	62671673	0
63	1:62697276	1:62697276	1.0	62697276	62697276	0
63	1:62730419	1:62730419	1.0	62730419	62730419	0
63	1:62744323	1:62744323	1.0	62744323	62744323	0
63	1:62754885	1:62754885	1.0	62754885	62754885	0
63	1:62784217	1:62784217	1.0	62784217	62784217	0
63	1:62802751	1:62802751	1.0	62802751	62802751	0
63	1:62419438	1:62419438	1.0	62419438	62419438	0
63	1:62451661	1:62451661	1.0	62451661	62451661	0
63	1:62460304	1:62460304	1.0	62460304	62460304	0
63	1:62468786	1:62468786	1.0	62468786	62468786	0
63	1:62468860	1:62468860	1.0	62468860	62468860	0
63	1:62516087	1:62516087	1.0	62516087	62516087	0
63	1:62527342	1:62527342	1.0	62527342	62527342	0
63	1:62612096	1:62612096	1.0	62612096	62612096	0
63	1:62194932	1:62194932	1.0	62194932	62194932	0
63	1:62199284	1:62199284	1.0	62199284	62199284	0
63	1:62201083	1:62201083	1.0	62201083	62201083	0
63	1:62242811	1:62242811	1.0	62242811	62242811	0
63	1:62250666	1:62250666	1.0	62250666	62250666	0
63	1:62344321	1:62344321	1.0	62344321	62344321	0
63	1:62348361	1:62348361	1.0	62348361	62348361	0
63	1:62396415	1:62396415	1.0	62396415	62396415	0
63	1:62056264	1:62056264	1.0	62056264	62056264	0
63	1:62076002	1:62076002	1.0	62076002	62076002	0
63	1:62132761	1:62132761	1.0	62132761	62132761	0
63	1:62134784	1:62134784	1.0	62134784	62134784	0
63	1:62155345	1:62155345	1.0	62155345	62155345	0
63	1:62182822	1:62182822	1.0	62182822	62182822	0
63	1:62188839	1:62188839	1.0	62188839	62188839	0
63	1:62190752	1:62190752	1.0	62190752	62190752	0
64	1:63213073	1:63213073	1.0	63213073	63213073	0
64	1:63218225	1:63218225	1.0	63218225	63218225	0
64	1:63229579	1:63229579	1.0	63229579	63229579	0
64	1:63292405	1:63292405	1.0	63292405	63292405	0
64	1:63293831	1:63293831	1.0	63293831	63293831	0
64	1:63327233	1:63327233	1.0	63327233	63327233	0
64	1:63349632	1:63349632	1.0	63349632	63349632	0
64	1:63362117	1:63362117	1.0	63362117	63362117	0
64	1:63065655	1:63065655	1.0	63065655	63065655	0
64	1:63072617	1:63072617	1.0	63072617	63072617	0
64	1:63105481	1:63105481	1.0	63105481	63105481	0
64	1:63105981	1:63105981	1.0	63105981	63105981	0
64	1:63107630	1:63107630	1.0	63107630	63107630	0
64	1:63131846	1:63131846	1.0	63131846	63131846	0
64	1:63135533	1:63135533	1.0	63135533	63135533	0
64	1:63203559	1:63203559	1.0	63203559	63203559	0
63	1:62953196	1:62953196	1.0	62953196	62953196	0
63	1:62953840	1:62953840	1.0	62953840	62953840	0
63	1:62959656	1:62959656	1.0	62959656	62959656	0
63	1:62976037	1:62976037	1.0	62976037	62976037	0
63	1:62989021	1:62989021	1.0	62989021	62989021	0
63	1:62994534	1:62994534	1.0	62994534	62994534	0
64	1:63019116	1:63019116	1.0	63019116	63019116	0
64	1:63020642	1:63020642	1.0	63020642	63020642	0
63	1:62803547	1:62803547	1.0	62803547	62803547	0
63	1:62827875	1:62827875	1.0	62827875	62827875	0
63	1:62856982	1:62856982	1.0	62856982	62856982	0
63	1:62867960	1:62867960	1.0	62867960	62867960	0
63	1:62900523	1:62900523	1.0	62900523	62900523	0
63	1:62904495	1:62904495	1.0	62904495	62904495	0
63	1:62926676	1:62926676	1.0	62926676	62926676	0
63	1:62929995	1:62929995	1.0	62929995	62929995	0
64	1:63981207	1:63981207	1.0	63981207	63981207	0
65	1:64027109	1:64027109	1.0	64027109	64027109	0
65	1:64119241	1:64119241	1.0	64119241	64119241	0
65	1:64138258	1:64138258	1.0	64138258	64138258	0
65	1:64164716	1:64164716	1.0	64164716	64164716	0
65	1:64261659	1:64261659	1.0	64261659	64261659	0
65	1:64274068	1:64274068	1.0	64274068	64274068	0
65	1:64276432	1:64276432	1.0	64276432	64276432	0
64	1:63813566	1:63813566	1.0	63813566	63813566	0
64	1:63842021	1:63842021	1.0	63842021	63842021	0
64	1:63848249	1:63848249	1.0	63848249	63848249	0
64	1:63876264	1:63876264	1.0	63876264	63876264	0
64	1:63881481	1:63881481	1.0	63881481	63881481	0
64	1:63923120	1:63923120	1.0	63923120	63923120	0
64	1:63967151	1:63967151	1.0	63967151	63967151	0
64	1:63975460	1:63975460	1.0	63975460	63975460	0
64	1:63569690	1:63569690	1.0	63569690	63569690	0
64	1:63588208	1:63588208	1.0	63588208	63588208	0
64	1:63594453	1:63594453	1.0	63594453	63594453	0
64	1:63607606	1:63607606	1.0	63607606	63607606	0
64	1:63640056	1:63640056	1.0	63640056	63640056	0
64	1:63644058	1:63644058	1.0	63644058	63644058	0
64	1:63655987	1:63655987	1.0	63655987	63655987	0
64	1:63687771	1:63687771	1.0	63687771	63687771	0
64	1:63368712	1:63368712	1.0	63368712	63368712	0
64	1:63388427	1:63388427	1.0	63388427	63388427	0
64	1:63391074	1:63391074	1.0	63391074	63391074	0
64	1:63442984	1:63442984	1.0	63442984	63442984	0
64	1:63446856	1:63446856	1.0	63446856	63446856	0
64	1:63467904	1:63467904	1.0	63467904	63467904	0
64	1:63475442	1:63475442	1.0	63475442	63475442	0
64	1:63546820	1:63546820	1.0	63546820	63546820	0
65	1:64674116	1:64674116	1.0	64674116	64674116	0
65	1:64711286	1:64711286	1.0	64711286	64711286	0
65	1:64770180	1:64770180	1.0	64770180	64770180	0
65	1:64785346	1:64785346	1.0	64785346	64785346	0
65	1:64812393	1:64812393	1.0	64812393	64812393	0
65	1:64825508	1:64825508	1.0	64825508	64825508	0
65	1:64841272	1:64841272	1.0	64841272	64841272	0
65	1:64884071	1:64884071	1.0	64884071	64884071	0
65	1:64525469	1:64525469	1.0	64525469	64525469	0
65	1:64528008	1:64528008	1.0	64528008	64528008	0
65	1:64587278	1:64587278	1.0	64587278	64587278	0
65	1:64598447	1:64598447	1.0	64598447	64598447	0
65	1:64623936	1:64623936	1.0	64623936	64623936	0
65	1:64648546	1:64648546	1.0	64648546	64648546	0
65	1:64669428	1:64669428	1.0	64669428	64669428	0
65	1:64671524	1:64671524	1.0	64671524	64671524	0
65	1:64437249	1:64437249	1.0	64437249	64437249	0
65	1:64445752	1:64445752	1.0	64445752	64445752	0
65	1:64447436	1:64447436	1.0	64447436	64447436	0
65	1:64448824	1:64448824	1.0	64448824	64448824	0
65	1:64451672	1:64451672	1.0	64451672	64451672	0
65	1:64485847	1:64485847	1.0	64485847	64485847	0
65	1:64504150	1:64504150	1.0	64504150	64504150	0
65	1:64505779	1:64505779	1.0	64505779	64505779	0
65	1:64283283	1:64283283	1.0	64283283	64283283	0
65	1:64341006	1:64341006	1.0	64341006	64341006	0
65	1:64356139	1:64356139	1.0	64356139	64356139	0
65	1:64365537	1:64365537	1.0	64365537	64365537	0
65	1:64384100	1:64384100	1.0	64384100	64384100	0
65	1:64387808	1:64387808	1.0	64387808	64387808	0
65	1:64413146	1:64413146	1.0	64413146	64413146	0
65	1:64416145	1:64416145	1.0	64416145	64416145	0
66	1:65285251	1:65285251	1.0	65285251	65285251	0
66	1:65293687	1:65293687	1.0	65293687	65293687	0
66	1:65304698	1:65304698	1.0	65304698	65304698	0
66	1:65312199	1:65312199	1.0	65312199	65312199	0
66	1:65347940	1:65347940	1.0	65347940	65347940	0
66	1:65377053	1:65377053	1.0	65377053	65377053	0
66	1:65402243	1:65402243	1.0	65402243	65402243	0
66	1:65408694	1:65408694	1.0	65408694	65408694	0
66	1:65174204	1:65174204	1.0	65174204	65174204	0
66	1:65174695	1:65174695	1.0	65174695	65174695	0
66	1:65176853	1:65176853	1.0	65176853	65176853	0
66	1:65198969	1:65198969	1.0	65198969	65198969	0
66	1:65215547	1:65215547	1.0	65215547	65215547	0
66	1:65244262	1:65244262	1.0	65244262	65244262	0
66	1:65257896	1:65257896	1.0	65257896	65257896	0
66	1:65276241	1:65276241	1.0	65276241	65276241	0
66	1:65030703	1:65030703	1.0	65030703	65030703	0
66	1:65040041	1:65040041	1.0	65040041	65040041	0
66	1:65062908	1:65062908	1.0	65062908	65062908	0
66	1:65065902	1:65065902	1.0	65065902	65065902	0
66	1:65111329	1:65111329	1.0	65111329	65111329	0
66	1:65147040	1:65147040	1.0	65147040	65147040	0
66	1:65147545	1:65147545	1.0	65147545	65147545	0
66	1:65170481	1:65170481	1.0	65170481	65170481	0
65	1:64899874	1:64899874	1.0	64899874	64899874	0
65	1:64910616	1:64910616	1.0	64910616	64910616	0
65	1:64916909	1:64916909	1.0	64916909	64916909	0
65	1:64991257	1:64991257	1.0	64991257	64991257	0
65	1:64994171	1:64994171	1.0	64994171	64994171	0
65	1:64999069	1:64999069	1.0	64999069	64999069	0
66	1:65026708	1:65026708	1.0	65026708	65026708	0
66	1:65029126	1:65029126	1.0	65029126	65029126	0
66	1:65829578	1:65829578	1.0	65829578	65829578	0
66	1:65856751	1:65856751	1.0	65856751	65856751	0
66	1:65954739	1:65954739	1.0	65954739	65954739	0
66	1:65969099	1:65969099	1.0	65969099	65969099	0
66	1:65972087	1:65972087	1.0	65972087	65972087	0
67	1:66006682	1:66006682	1.0	66006682	66006682	0
67	1:66009352	1:66009352	1.0	66009352	66009352	0
67	1:66088430	1:66088430	1.0	66088430	66088430	0
66	1:65732490	1:65732490	1.0	65732490	65732490	0
66	1:65749278	1:65749278	1.0	65749278	65749278	0
66	1:65755572	1:65755572	1.0	65755572	65755572	0
66	1:65777504	1:65777504	1.0	65777504	65777504	0
66	1:65812634	1:65812634	1.0	65812634	65812634	0
66	1:65818321	1:65818321	1.0	65818321	65818321	0
66	1:65825273	1:65825273	1.0	65825273	65825273	0
66	1:65829276	1:65829276	1.0	65829276	65829276	0
66	1:65554801	1:65554801	1.0	65554801	65554801	0
66	1:65557448	1:65557448	1.0	65557448	65557448	0
66	1:65564146	1:65564146	1.0	65564146	65564146	0
66	1:65626103	1:65626103	1.0	65626103	65626103	0
66	1:65651054	1:65651054	1.0	65651054	65651054	0
66	1:65658414	1:65658414	1.0	65658414	65658414	0
66	1:65682868	1:65682868	1.0	65682868	65682868	0
66	1:65702371	1:65702371	1.0	65702371	65702371	0
66	1:65432284	1:65432284	1.0	65432284	65432284	0
66	1:65438363	1:65438363	1.0	65438363	65438363	0
66	1:65452593	1:65452593	1.0	65452593	65452593	0
66	1:65454345	1:65454345	1.0	65454345	65454345	0
66	1:65489315	1:65489315	1.0	65489315	65489315	0
66	1:65500779	1:65500779	1.0	65500779	65500779	0
66	1:65532834	1:65532834	1.0	65532834	65532834	0
66	1:65541802	1:65541802	1.0	65541802	65541802	0
67	1:66469097	1:66469097	1.0	66469097	66469097	0
67	1:66475937	1:66475937	1.0	66475937	66475937	0
67	1:66500569	1:66500569	1.0	66500569	66500569	0
67	1:66575222	1:66575222	1.0	66575222	66575222	0
67	1:66607762	1:66607762	1.0	66607762	66607762	0
67	1:66626363	1:66626363	1.0	66626363	66626363	0
67	1:66627398	1:66627398	1.0	66627398	66627398	0
67	1:66633033	1:66633033	1.0	66633033	66633033	0
67	1:66346144	1:66346144	1.0	66346144	66346144	0
67	1:66359477	1:66359477	1.0	66359477	66359477	0
67	1:66360177	1:66360177	1.0	66360177	66360177	0
67	1:66371731	1:66371731	1.0	66371731	66371731	0
67	1:66374126	1:66374126	1.0	66374126	66374126	0
67	1:66385641	1:66385641	1.0	66385641	66385641	0
67	1:66401386	1:66401386	1.0	66401386	66401386	0
67	1:66447110	1:66447110	1.0	66447110	66447110	0
67	1:66268269	1:66268269	1.0	66268269	66268269	0
67	1:66277349	1:66277349	1.0	66277349	66277349	0
67	1:66290436	1:66290436	1.0	66290436	66290436	0
67	1:66293901	1:66293901	1.0	66293901	66293901	0
67	1:66298693	1:66298693	1.0	66298693	66298693	0
67	1:66318091	1:66318091	1.0	66318091	66318091	0
67	1:66329076	1:66329076	1.0	66329076	66329076	0
67	1:66331073	1:66331073	1.0	66331073	66331073	0
67	1:66109356	1:66109356	1.0	66109356	66109356	0
67	1:66120561	1:66120561	1.0	66120561	66120561	0
67	1:66128720	1:66128720	1.0	66128720	66128720	0
67	1:66134856	1:66134856	1.0	66134856	66134856	0
67	1:66146941	1:66146941	1.0	66146941	66146941	0
67	1:66183388	1:66183388	1.0	66183388	66183388	0
67	1:66190033	1:66190033	1.0	66190033	66190033	0
67	1:66209792	1:66209792	1.0	66209792	66209792	0
68	1:67154340	1:67154340	1.0	67154340	67154340	0
68	1:67157849	1:67157849	1.0	67157849	67157849	0
68	1:67185083	1:67185083	1.0	67185083	67185083	0
68	1:67201058	1:67201058	1.0	67201058	67201058	0
68	1:67209599	1:67209599	1.0	67209599	67209599	0
68	1:67225604	1:67225604	1.0	67225604	67225604	0
68	1:67227699	1:67227699	1.0	67227699	67227699	0
68	1:67256610	1:67256610	1.0	67256610	67256610	0
68	1:67007552	1:67007552	1.0	67007552	67007552	0
68	1:67009690	1:67009690	1.0	67009690	67009690	0
68	1:67042894	1:67042894	1.0	67042894	67042894	0
68	1:67066689	1:67066689	1.0	67066689	67066689	0
68	1:67073773	1:67073773	1.0	67073773	67073773	0
68	1:67084286	1:67084286	1.0	67084286	67084286	0
68	1:67105584	1:67105584	1.0	67105584	67105584	0
68	1:67113003	1:67113003	1.0	67113003	67113003	0
67	1:66880549	1:66880549	1.0	66880549	66880549	0
67	1:66907756	1:66907756	1.0	66907756	66907756	0
67	1:66927750	1:66927750	1.0	66927750	66927750	0
67	1:66974035	1:66974035	1.0	66974035	66974035	0
67	1:66977551	1:66977551	1.0	66977551	66977551	0
67	1:66984431	1:66984431	1.0	66984431	66984431	0
67	1:66994947	1:66994947	1.0	66994947	66994947	0
68	1:67001667	1:67001667	1.0	67001667	67001667	0
67	1:66653417	1:66653417	1.0	66653417	66653417	0
67	1:66657979	1:66657979	1.0	66657979	66657979	0
67	1:66689169	1:66689169	1.0	66689169	66689169	0
67	1:66729566	1:66729566	1.0	66729566	66729566	0
67	1:66772798	1:66772798	1.0	66772798	66772798	0
67	1:66777437	1:66777437	1.0	66777437	66777437	0
67	1:66799469	1:66799469	1.0	66799469	66799469	0
67	1:66834973	1:66834973	1.0	66834973	66834973	0
68	1:67808898	1:67808898	1.0	67808898	67808898	0
68	1:67812527	1:67812527	1.0	67812527	67812527	0
68	1:67853613	1:67853613	1.0	67853613	67853613	0
68	1:67873130	1:67873130	1.0	67873130	67873130	0
68	1:67886432	1:67886432	1.0	67886432	67886432	0
68	1:67908966	1:67908966	1.0	67908966	67908966	0
68	1:67917166	1:67917166	1.0	67917166	67917166	0
68	1:67922033	1:67922033	1.0	67922033	67922033	0
68	1:67642499	1:67642499	1.0	67642499	67642499	0
68	1:67658104	1:67658104	1.0	67658104	67658104	0
68	1:67667846	1:67667846	1.0	67667846	67667846	0
68	1:67744470	1:67744470	1.0	67744470	67744470	0
68	1:67758015	1:67758015	1.0	67758015	67758015	0
68	1:67775191	1:67775191	1.0	67775191	67775191	0
68	1:67792894	1:67792894	1.0	67792894	67792894	0
68	1:67800622	1:67800622	1.0	67800622	67800622	0
68	1:67499584	1:67499584	1.0	67499584	67499584	0
68	1:67506575	1:67506575	1.0	67506575	67506575	0
68	1:67511984	1:67511984	1.0	67511984	67511984	0
68	1:67530145	1:67530145	1.0	67530145	67530145	0
68	1:67552810	1:67552810	1.0	67552810	67552810	0
68	1:67606427	1:67606427	1.0	67606427	67606427	0
68	1:67607728	1:67607728	1.0	67607728	67607728	0
68	1:67615318	1:67615318	1.0	67615318	67615318	0
68	1:67284076	1:67284076	1.0	67284076	67284076	0
68	1:67342647	1:67342647	1.0	67342647	67342647	0
68	1:67354165	1:67354165	1.0	67354165	67354165	0
68	1:67399863	1:67399863	1.0	67399863	67399863	0
68	1:67404928	1:67404928	1.0	67404928	67404928	0
68	1:67411051	1:67411051	1.0	67411051	67411051	0
68	1:67480481	1:67480481	1.0	67480481	67480481	0
68	1:67487904	1:67487904	1.0	67487904	67487904	0
69	1:68452892	1:68452892	1.0	68452892	68452892	0
69	1:68488769	1:68488769	1.0	68488769	68488769	0
69	1:68493687	1:68493687	1.0	68493687	68493687	0
69	1:68529723	1:68529723	1.0	68529723	68529723	0
69	1:68532151	1:68532151	1.0	68532151	68532151	0
69	1:68546053	1:68546053	1.0	68546053	68546053	0
69	1:68574554	1:68574554	1.0	68574554	68574554	0
69	1:68587633	1:68587633	1.0	68587633	68587633	0
69	1:68233770	1:68233770	1.0	68233770	68233770	0
69	1:68255981	1:68255981	1.0	68255981	68255981	0
69	1:68304750	1:68304750	1.0	68304750	68304750	0
69	1:68315726	1:68315726	1.0	68315726	68315726	0
69	1:68374763	1:68374763	1.0	68374763	68374763	0
69	1:68393247	1:68393247	1.0	68393247	68393247	0
69	1:68394025	1:68394025	1.0	68394025	68394025	0
69	1:68446633	1:68446633	1.0	68446633	68446633	0
69	1:68105395	1:68105395	1.0	68105395	68105395	0
69	1:68120795	1:68120795	1.0	68120795	68120795	0
69	1:68126346	1:68126346	1.0	68126346	68126346	0
69	1:68168487	1:68168487	1.0	68168487	68168487	0
69	1:68181512	1:68181512	1.0	68181512	68181512	0
69	1:68208442	1:68208442	1.0	68208442	68208442	0
69	1:68209365	1:68209365	1.0	68209365	68209365	0
69	1:68227908	1:68227908	1.0	68227908	68227908	0
68	1:67925917	1:67925917	1.0	67925917	67925917	0
68	1:67951051	1:67951051	1.0	67951051	67951051	0
68	1:67973510	1:67973510	1.0	67973510	67973510	0
68	1:67980387	1:67980387	1.0	67980387	67980387	0
69	1:68028979	1:68028979	1.0	68028979	68028979	0
69	1:68080113	1:68080113	1.0	68080113	68080113	0
69	1:68082046	1:68082046	1.0	68082046	68082046	0
69	1:68098986	1:68098986	1.0	68098986	68098986	0
70	1:69069691	1:69069691	1.0	69069691	69069691	0
70	1:69070842	1:69070842	1.0	69070842	69070842	0
70	1:69071030	1:69071030	1.0	69071030	69071030	0
70	1:69111189	1:69111189	1.0	69111189	69111189	0
70	1:69144713	1:69144713	1.0	69144713	69144713	0
70	1:69170639	1:69170639	1.0	69170639	69170639	0
70	1:69185063	1:69185063	1.0	69185063	69185063	0
70	1:69217407	1:69217407	1.0	69217407	69217407	0
70	1:69019570	1:69019570	1.0	69019570	69019570	0
70	1:69036581	1:69036581	1.0	69036581	69036581	0
70	1:69055695	1:69055695	1.0	69055695	69055695	0
70	1:69056103	1:69056103	1.0	69056103	69056103	0
70	1:69056628	1:69056628	1.0	69056628	69056628	0
70	1:69058767	1:69058767	1.0	69058767	69058767	0
70	1:69058878	1:69058878	1.0	69058878	69058878	0
70	1:69062974	1:69062974	1.0	69062974	69062974	0
69	1:68894683	1:68894683	1.0	68894683	68894683	0
69	1:68903156	1:68903156	1.0	68903156	68903156	0
69	1:68914333	1:68914333	1.0	68914333	68914333	0
69	1:68958260	1:68958260	1.0	68958260	68958260	0
69	1:68967862	1:68967862	1.0	68967862	68967862	0
69	1:68979793	1:68979793	1.0	68979793	68979793	0
69	1:68985201	1:68985201	1.0	68985201	68985201	0
69	1:68997671	1:68997671	1.0	68997671	68997671	0
69	1:68599552	1:68599552	1.0	68599552	68599552	0
69	1:68602416	1:68602416	1.0	68602416	68602416	0
69	1:68660195	1:68660195	1.0	68660195	68660195	0
69	1:68667107	1:68667107	1.0	68667107	68667107	0
69	1:68802304	1:68802304	1.0	68802304	68802304	0
69	1:68841330	1:68841330	1.0	68841330	68841330	0
69	1:68860662	1:68860662	1.0	68860662	68860662	0
69	1:68870234	1:68870234	1.0	68870234	68870234	0
70	1:69863928	1:69863928	1.0	69863928	69863928	0
70	1:69872507	1:69872507	1.0	69872507	69872507	0
70	1:69913667	1:69913667	1.0	69913667	69913667	0
70	1:69953045	1:69953045	1.0	69953045	69953045	0
70	1:69963055	1:69963055	1.0	69963055	69963055	0
70	1:69974934	1:69974934	1.0	69974934	69974934	0
70	1:69996622	1:69996622	1.0	69996622	69996622	0
71	1:70001236	1:70001236	1.0	70001236	70001236	0
70	1:69623584	1:69623584	1.0	69623584	69623584	0
70	1:69678980	1:69678980	1.0	69678980	69678980	0
70	1:69739573	1:69739573	1.0	69739573	69739573	0
70	1:69748794	1:69748794	1.0	69748794	69748794	0
70	1:69778860	1:69778860	1.0	69778860	69778860	0
70	1:69790584	1:69790584	1.0	69790584	69790584	0
70	1:69800141	1:69800141	1.0	69800141	69800141	0
70	1:69825072	1:69825072	1.0	69825072	69825072	0
70	1:69472864	1:69472864	1.0	69472864	69472864	0
70	1:69475475	1:69475475	1.0	69475475	69475475	0
70	1:69518246	1:69518246	1.0	69518246	69518246	0
70	1:69537253	1:69537253	1.0	69537253	69537253	0
70	1:69551131	1:69551131	1.0	69551131	69551131	0
70	1:69562617	1:69562617	1.0	69562617	69562617	0
70	1:69577530	1:69577530	1.0	69577530	69577530	0
70	1:69583833	1:69583833	1.0	69583833	69583833	0
70	1:69297235	1:69297235	1.0	69297235	69297235	0
70	1:69334165	1:69334165	1.0	69334165	69334165	0
70	1:69353567	1:69353567	1.0	69353567	69353567	0
70	1:69397492	1:69397492	1.0	69397492	69397492	0
70	1:69426201	1:69426201	1.0	69426201	69426201	0
70	1:69437341	1:69437341	1.0	69437341	69437341	0
70	1:69441079	1:69441079	1.0	69441079	69441079	0
70	1:69448632	1:69448632	1.0	69448632	69448632	0
71	1:70503914	1:70503914	1.0	70503914	70503914	0
71	1:70542237	1:70542237	1.0	70542237	70542237	0
71	1:70560221	1:70560221	1.0	70560221	70560221	0
71	1:70605470	1:70605470	1.0	70605470	70605470	0
71	1:70612022	1:70612022	1.0	70612022	70612022	0
71	1:70635602	1:70635602	1.0	70635602	70635602	0
71	1:70638666	1:70638666	1.0	70638666	70638666	0
71	1:70665075	1:70665075	1.0	70665075	70665075	0
71	1:70321748	1:70321748	1.0	70321748	70321748	0
71	1:70337893	1:70337893	1.0	70337893	70337893	0
71	1:70348119	1:70348119	1.0	70348119	70348119	0
71	1:70366046	1:70366046	1.0	70366046	70366046	0
71	1:70373773	1:70373773	1.0	70373773	70373773	0
71	1:70379074	1:70379074	1.0	70379074	70379074	0
71	1:70393186	1:70393186	1.0	70393186	70393186	0
71	1:70399935	1:70399935	1.0	70399935	70399935	0
71	1:70180505	1:70180505	1.0	70180505	70180505	0
71	1:70189956	1:70189956	1.0	70189956	70189956	0
71	1:70199795	1:70199795	1.0	70199795	70199795	0
71	1:70231816	1:70231816	1.0	70231816	70231816	0
71	1:70253176	1:70253176	1.0	70253176	70253176	0
71	1:70286690	1:70286690	1.0	70286690	70286690	0
71	1:70314093	1:70314093	1.0	70314093	70314093	0
71	1:70318881	1:70318881	1.0	70318881	70318881	0
71	1:70001343	1:70001343	1.0	70001343	70001343	0
71	1:70009468	1:70009468	1.0	70009468	70009468	0
71	1:70009957	1:70009957	1.0	70009957	70009957	0
71	1:70016225	1:70016225	1.0	70016225	70016225	0
71	1:70036965	1:70036965	1.0	70036965	70036965	0
71	1:70047064	1:70047064	1.0	70047064	70047064	0
71	1:70065016	1:70065016	1.0	70065016	70065016	0
71	1:70098340	1:70098340	1.0	70098340	70098340	0
72	1:71087567	1:71087567	1.0	71087567	71087567	0
72	1:71098149	1:71098149	1.0	71098149	71098149	0
72	1:71140329	1:71140329	1.0	71140329	71140329	0
72	1:71178893	1:71178893	1.0	71178893	71178893	0
72	1:71209538	1:71209538	1.0	71209538	71209538	0
72	1:71214088	1:71214088	1.0	71214088	71214088	0
72	1:71226788	1:71226788	1.0	71226788	71226788	0
72	1:71240344	1:71240344	1.0	71240344	71240344	0
71	1:70972909	1:70972909	1.0	70972909	70972909	0
71	1:70977317	1:70977317	1.0	70977317	70977317	0
71	1:70995267	1:70995267	1.0	70995267	70995267	0
72	1:71009244	1:71009244	1.0	71009244	71009244	0
72	1:71015994	1:71015994	1.0	71015994	71015994	0
72	1:71020011	1:71020011	1.0	71020011	71020011	0
72	1:71021807	1:71021807	1.0	71021807	71021807	0
72	1:71086131	1:71086131	1.0	71086131	71086131	0
71	1:70797889	1:70797889	1.0	70797889	70797889	0
71	1:70805041	1:70805041	1.0	70805041	70805041	0
71	1:70860063	1:70860063	1.0	70860063	70860063	0
71	1:70873921	1:70873921	1.0	70873921	70873921	0
71	1:70897828	1:70897828	1.0	70897828	70897828	0
71	1:70931592	1:70931592	1.0	70931592	70931592	0
71	1:70941843	1:70941843	1.0	70941843	70941843	0
71	1:70943107	1:70943107	1.0	70943107	70943107	0
71	1:70706571	1:70706571	1.0	70706571	70706571	0
71	1:70721465	1:70721465	1.0	70721465	70721465	0
71	1:70721475	1:70721475	1.0	70721475	70721475	0
71	1:70734519	1:70734519	1.0	70734519	70734519	0
71	1:70760252	1:70760252	1.0	70760252	70760252	0
71	1:70775209	1:70775209	1.0	70775209	70775209	0
71	1:70781142	1:70781142	1.0	70781142	70781142	0
71	1:70790127	1:70790127	1.0	70790127	70790127	0
72	1:71766716	1:71766716	1.0	71766716	71766716	0
72	1:71769894	1:71769894	1.0	71769894	71769894	0
72	1:71772619	1:71772619	1.0	71772619	71772619	0
72	1:71797347	1:71797347	1.0	71797347	71797347	0
72	1:71819940	1:71819940	1.0	71819940	71819940	0
72	1:71829507	1:71829507	1.0	71829507	71829507	0
72	1:71873677	1:71873677	1.0	71873677	71873677	0
72	1:71894821	1:71894821	1.0	71894821	71894821	0
72	1:71582312	1:71582312	1.0	71582312	71582312	0
72	1:71619444	1:71619444	1.0	71619444	71619444	0
72	1:71619649	1:71619649	1.0	71619649	71619649	0
72	1:71626427	1:71626427	1.0	71626427	71626427	0
72	1:71648035	1:71648035	1.0	71648035	71648035	0
72	1:71709885	1:71709885	1.0	71709885	71709885	0
72	1:71719011	1:71719011	1.0	71719011	71719011	0
72	1:71766558	1:71766558	1.0	71766558	71766558	0
72	1:71425913	1:71425913	1.0	71425913	71425913	0
72	1:71433525	1:71433525	1.0	71433525	71433525	0
72	1:71450612	1:71450612	1.0	71450612	71450612	0
72	1:71531066	1:71531066	1.0	71531066	71531066	0
72	1:71531240	1:71531240	1.0	71531240	71531240	0
72	1:71537555	1:71537555	1.0	71537555	71537555	0
72	1:71572023	1:71572023	1.0	71572023	71572023	0
72	1:71572283	1:71572283	1.0	71572283	71572283	0
72	1:71244179	1:71244179	1.0	71244179	71244179	0
72	1:71247151	1:71247151	1.0	71247151	71247151	0
72	1:71275365	1:71275365	1.0	71275365	71275365	0
72	1:71297756	1:71297756	1.0	71297756	71297756	0
72	1:71335021	1:71335021	1.0	71335021	71335021	0
72	1:71370811	1:71370811	1.0	71370811	71370811	0
72	1:71389515	1:71389515	1.0	71389515	71389515	0
72	1:71415951	1:71415951	1.0	71415951	71415951	0
73	1:72487615	1:72487615	1.0	72487615	72487615	0
73	1:72506527	1:72506527	1.0	72506527	72506527	0
73	1:72507734	1:72507734	1.0	72507734	72507734	0
73	1:72548972	1:72548972	1.0	72548972	72548972	0
73	1:72554180	1:72554180	1.0	72554180	72554180	0
73	1:72555306	1:72555306	1.0	72555306	72555306	0
73	1:72562039	1:72562039	1.0	72562039	72562039	0
73	1:72571675	1:72571675	1.0	72571675	72571675	0
73	1:72347196	1:72347196	1.0	72347196	72347196	0
73	1:72350549	1:72350549	1.0	72350549	72350549	0
73	1:72405855	1:72405855	1.0	72405855	72405855	0
73	1:72410437	1:72410437	1.0	72410437	72410437	0
73	1:72412985	1:72412985	1.0	72412985	72412985	0
73	1:72429250	1:72429250	1.0	72429250	72429250	0
73	1:72456282	1:72456282	1.0	72456282	72456282	0
73	1:72465295	1:72465295	1.0	72465295	72465295	0
73	1:72141526	1:72141526	1.0	72141526	72141526	0
73	1:72164958	1:72164958	1.0	72164958	72164958	0
73	1:72193786	1:72193786	1.0	72193786	72193786	0
73	1:72216607	1:72216607	1.0	72216607	72216607	0
73	1:72225799	1:72225799	1.0	72225799	72225799	0
73	1:72258399	1:72258399	1.0	72258399	72258399	0
73	1:72294638	1:72294638	1.0	72294638	72294638	0
73	1:72325957	1:72325957	1.0	72325957	72325957	0
72	1:71964785	1:71964785	1.0	71964785	71964785	0
73	1:72010924	1:72010924	1.0	72010924	72010924	0
73	1:72017912	1:72017912	1.0	72017912	72017912	0
73	1:72045465	1:72045465	1.0	72045465	72045465	0
73	1:72073915	1:72073915	1.0	72073915	72073915	0
73	1:72079674	1:72079674	1.0	72079674	72079674	0
73	1:72098769	1:72098769	1.0	72098769	72098769	0
73	1:72112226	1:72112226	1.0	72112226	72112226	0
74	1:73199976	1:73199976	1.0	73199976	73199976	0
74	1:73204794	1:73204794	1.0	73204794	73204794	0
74	1:73205956	1:73205956	1.0	73205956	73205956	0
74	1:73208493	1:73208493	1.0	73208493	73208493	0
74	1:73214390	1:73214390	1.0	73214390	73214390	0
74	1:73248218	1:73248218	1.0	73248218	73248218	0
74	1:73263377	1:73263377	1.0	73263377	73263377	0
74	1:73317579	1:73317579	1.0	73317579	73317579	0
73	1:72999163	1:72999163	1.0	72999163	72999163	0
74	1:73007750	1:73007750	1.0	73007750	73007750	0
74	1:73111161	1:73111161	1.0	73111161	73111161	0
74	1:73135853	1:73135853	1.0	73135853	73135853	0
74	1:73143587	1:73143587	1.0	73143587	73143587	0
74	1:73150360	1:73150360	1.0	73150360	73150360	0
74	1:73190815	1:73190815	1.0	73190815	73190815	0
74	1:73195233	1:73195233	1.0	73195233	73195233	0
73	1:72789685	1:72789685	1.0	72789685	72789685	0
73	1:72807713	1:72807713	1.0	72807713	72807713	0
73	1:72846445	1:72846445	1.0	72846445	72846445	0
73	1:72851398	1:72851398	1.0	72851398	72851398	0
73	1:72888142	1:72888142	1.0	72888142	72888142	0
73	1:72892047	1:72892047	1.0	72892047	72892047	0
73	1:72894132	1:72894132	1.0	72894132	72894132	0
73	1:72931049	1:72931049	1.0	72931049	72931049	0
73	1:72586912	1:72586912	1.0	72586912	72586912	0
73	1:72613246	1:72613246	1.0	72613246	72613246	0
73	1:72641275	1:72641275	1.0	72641275	72641275	0
73	1:72648935	1:72648935	1.0	72648935	72648935	0
73	1:72668142	1:72668142	1.0	72668142	72668142	0
73	1:72739626	1:72739626	1.0	72739626	72739626	0
73	1:72759217	1:72759217	1.0	72759217	72759217	0
73	1:72764243	1:72764243	1.0	72764243	72764243	0
74	1:73788020	1:73788020	1.0	73788020	73788020	0
74	1:73790800	1:73790800	1.0	73790800	73790800	0
74	1:73798007	1:73798007	1.0	73798007	73798007	0
74	1:73808609	1:73808609	1.0	73808609	73808609	0
74	1:73823166	1:73823166	1.0	73823166	73823166	0
74	1:73851336	1:73851336	1.0	73851336	73851336	0
74	1:73963365	1:73963365	1.0	73963365	73963365	0
74	1:73976083	1:73976083	1.0	73976083	73976083	0
74	1:73663900	1:73663900	1.0	73663900	73663900	0
74	1:73665033	1:73665033	1.0	73665033	73665033	0
74	1:73678497	1:73678497	1.0	73678497	73678497	0
74	1:73684581	1:73684581	1.0	73684581	73684581	0
74	1:73701775	1:73701775	1.0	73701775	73701775	0
74	1:73706384	1:73706384	1.0	73706384	73706384	0
74	1:73741007	1:73741007	1.0	73741007	73741007	0
74	1:73746505	1:73746505	1.0	73746505	73746505	0
74	1:73545311	1:73545311	1.0	73545311	73545311	0
74	1:73548875	1:73548875	1.0	73548875	73548875	0
74	1:73574242	1:73574242	1.0	73574242	73574242	0
74	1:73581517	1:73581517	1.0	73581517	73581517	0
74	1:73603368	1:73603368	1.0	73603368	73603368	0
74	1:73619290	1:73619290	1.0	73619290	73619290	0
74	1:73657759	1:73657759	1.0	73657759	73657759	0
74	1:73658411	1:73658411	1.0	73658411	73658411	0
74	1:73378189	1:73378189	1.0	73378189	73378189	0
74	1:73380136	1:73380136	1.0	73380136	73380136	0
74	1:73390511	1:73390511	1.0	73390511	73390511	0
74	1:73418979	1:73418979	1.0	73418979	73418979	0
74	1:73422992	1:73422992	1.0	73422992	73422992	0
74	1:73476577	1:73476577	1.0	73476577	73476577	0
74	1:73506851	1:73506851	1.0	73506851	73506851	0
74	1:73537405	1:73537405	1.0	73537405	73537405	0
75	1:74380341	1:74380341	1.0	74380341	74380341	0
75	1:74412558	1:74412558	1.0	74412558	74412558	0
75	1:74488798	1:74488798	1.0	74488798	74488798	0
75	1:74504215	1:74504215	1.0	74504215	74504215	0
75	1:74504738	1:74504738	1.0	74504738	74504738	0
75	1:74531077	1:74531077	1.0	74531077	74531077	0
75	1:74583312	1:74583312	1.0	74583312	74583312	0
75	1:74588686	1:74588686	1.0	74588686	74588686	0
75	1:74144520	1:74144520	1.0	74144520	74144520	0
75	1:74149771	1:74149771	1.0	74149771	74149771	0
75	1:74154765	1:74154765	1.0	74154765	74154765	0
75	1:74170048	1:74170048	1.0	74170048	74170048	0
75	1:74193474	1:74193474	1.0	74193474	74193474	0
75	1:74282742	1:74282742	1.0	74282742	74282742	0
75	1:74304907	1:74304907	1.0	74304907	74304907	0
75	1:74313641	1:74313641	1.0	74313641	74313641	0
75	1:74052986	1:74052986	1.0	74052986	74052986	0
75	1:74062622	1:74062622	1.0	74062622	74062622	0
75	1:74080003	1:74080003	1.0	74080003	74080003	0
75	1:74085475	1:74085475	1.0	74085475	74085475	0
75	1:74087005	1:74087005	1.0	74087005	74087005	0
75	1:74090305	1:74090305	1.0	74090305	74090305	0
75	1:74092761	1:74092761	1.0	74092761	74092761	0
75	1:74099472	1:74099472	1.0	74099472	74099472	0
74	1:73985778	1:73985778	1.0	73985778	73985778	0
74	1:73991664	1:73991664	1.0	73991664	73991664	0
75	1:74002593	1:74002593	1.0	74002593	74002593	0
75	1:74006538	1:74006538	1.0	74006538	74006538	0
75	1:74023415	1:74023415	1.0	74023415	74023415	0
75	1:74042570	1:74042570	1.0	74042570	74042570	0
75	1:74042971	1:74042971	1.0	74042971	74042971	0
75	1:74044639	1:74044639	1.0	74044639	74044639	0
76	1:75092306	1:75092306	1.0	75092306	75092306	0
76	1:75094485	1:75094485	1.0	75094485	75094485	0
76	1:75111484	1:75111484	1.0	75111484	75111484	0
76	1:75134272	1:75134272	1.0	75134272	75134272	0
76	1:75142816	1:75142816	1.0	75142816	75142816	0
76	1:75147627	1:75147627	1.0	75147627	75147627	0
76	1:75149844	1:75149844	1.0	75149844	75149844	0
76	1:75169698	1:75169698	1.0	75169698	75169698	0
75	1:74993344	1:74993344	1.0	74993344	74993344	0
76	1:75008149	1:75008149	1.0	75008149	75008149	0
76	1:75012934	1:75012934	1.0	75012934	75012934	0
76	1:75013293	1:75013293	1.0	75013293	75013293	0
76	1:75057005	1:75057005	1.0	75057005	75057005	0
76	1:75071231	1:75071231	1.0	75071231	75071231	0
76	1:75081233	1:75081233	1.0	75081233	75081233	0
76	1:75092304	1:75092304	1.0	75092304	75092304	0
75	1:74813559	1:74813559	1.0	74813559	74813559	0
75	1:74815223	1:74815223	1.0	74815223	74815223	0
75	1:74842173	1:74842173	1.0	74842173	74842173	0
75	1:74926169	1:74926169	1.0	74926169	74926169	0
75	1:74931501	1:74931501	1.0	74931501	74931501	0
75	1:74936359	1:74936359	1.0	74936359	74936359	0
75	1:74948995	1:74948995	1.0	74948995	74948995	0
75	1:74982356	1:74982356	1.0	74982356	74982356	0
75	1:74607931	1:74607931	1.0	74607931	74607931	0
75	1:74614056	1:74614056	1.0	74614056	74614056	0
75	1:74645630	1:74645630	1.0	74645630	74645630	0
75	1:74652024	1:74652024	1.0	74652024	74652024	0
75	1:74705450	1:74705450	1.0	74705450	74705450	0
75	1:74712741	1:74712741	1.0	74712741	74712741	0
75	1:74741150	1:74741150	1.0	74741150	74741150	0
75	1:74765360	1:74765360	1.0	74765360	74765360	0
76	1:75543475	1:75543475	1.0	75543475	75543475	0
76	1:75559980	1:75559980	1.0	75559980	75559980	0
76	1:75566276	1:75566276	1.0	75566276	75566276	0
76	1:75575550	1:75575550	1.0	75575550	75575550	0
76	1:75589338	1:75589338	1.0	75589338	75589338	0
76	1:75594879	1:75594879	1.0	75594879	75594879	0
76	1:75623581	1:75623581	1.0	75623581	75623581	0
76	1:75628657	1:75628657	1.0	75628657	75628657	0
76	1:75488206	1:75488206	1.0	75488206	75488206	0
76	1:75495045	1:75495045	1.0	75495045	75495045	0
76	1:75495234	1:75495234	1.0	75495234	75495234	0
76	1:75524263	1:75524263	1.0	75524263	75524263	0
76	1:75530793	1:75530793	1.0	75530793	75530793	0
76	1:75532174	1:75532174	1.0	75532174	75532174	0
76	1:75533886	1:75533886	1.0	75533886	75533886	0
76	1:75542705	1:75542705	1.0	75542705	75542705	0
76	1:75356617	1:75356617	1.0	75356617	75356617	0
76	1:75386848	1:75386848	1.0	75386848	75386848	0
76	1:75412008	1:75412008	1.0	75412008	75412008	0
76	1:75415326	1:75415326	1.0	75415326	75415326	0
76	1:75421799	1:75421799	1.0	75421799	75421799	0
76	1:75441965	1:75441965	1.0	75441965	75441965	0
76	1:75452393	1:75452393	1.0	75452393	75452393	0
76	1:75460975	1:75460975	1.0	75460975	75460975	0
76	1:75173085	1:75173085	1.0	75173085	75173085	0
76	1:75176852	1:75176852	1.0	75176852	75176852	0
76	1:75191988	1:75191988	1.0	75191988	75191988	0
76	1:75211738	1:75211738	1.0	75211738	75211738	0
76	1:75230622	1:75230622	1.0	75230622	75230622	0
76	1:75261978	1:75261978	1.0	75261978	75261978	0
76	1:75304675	1:75304675	1.0	75304675	75304675	0
76	1:75306160	1:75306160	1.0	75306160	75306160	0
77	1:76116476	1:76116476	1.0	76116476	76116476	0
77	1:76123518	1:76123518	1.0	76123518	76123518	0
77	1:76151697	1:76151697	1.0	76151697	76151697	0
77	1:76152969	1:76152969	1.0	76152969	76152969	0
77	1:76165879	1:76165879	1.0	76165879	76165879	0
77	1:76176891	1:76176891	1.0	76176891	76176891	0
77	1:76204646	1:76204646	1.0	76204646	76204646	0
77	1:76210813	1:76210813	1.0	76210813	76210813	0
76	1:75996189	1:75996189	1.0	75996189	75996189	0
76	1:75998647	1:75998647	1.0	75998647	75998647	0
77	1:76039129	1:76039129	1.0	76039129	76039129	0
77	1:76070914	1:76070914	1.0	76070914	76070914	0
77	1:76085631	1:76085631	1.0	76085631	76085631	0
77	1:76106219	1:76106219	1.0	76106219	76106219	0
77	1:76107469	1:76107469	1.0	76107469	76107469	0
77	1:76113336	1:76113336	1.0	76113336	76113336	0
76	1:75814821	1:75814821	1.0	75814821	75814821	0
76	1:75899394	1:75899394	1.0	75899394	75899394	0
76	1:75900554	1:75900554	1.0	75900554	75900554	0
76	1:75900630	1:75900630	1.0	75900630	75900630	0
76	1:75902245	1:75902245	1.0	75902245	75902245	0
76	1:75912073	1:75912073	1.0	75912073	75912073	0
76	1:75935098	1:75935098	1.0	75935098	75935098	0
76	1:75968555	1:75968555	1.0	75968555	75968555	0
76	1:75643943	1:75643943	1.0	75643943	75643943	0
76	1:75655175	1:75655175	1.0	75655175	75655175	0
76	1:75656765	1:75656765	1.0	75656765	75656765	0
76	1:75677303	1:75677303	1.0	75677303	75677303	0
76	1:75759564	1:75759564	1.0	75759564	75759564	0
76	1:75761696	1:75761696	1.0	75761696	75761696	0
76	1:75779043	1:75779043	1.0	75779043	75779043	0
76	1:75785789	1:75785789	1.0	75785789	75785789	0
77	1:76767937	1:76767937	1.0	76767937	76767937	0
77	1:76776653	1:76776653	1.0	76776653	76776653	0
77	1:76794549	1:76794549	1.0	76794549	76794549	0
77	1:76795292	1:76795292	1.0	76795292	76795292	0
77	1:76795464	1:76795464	1.0	76795464	76795464	0
77	1:76796918	1:76796918	1.0	76796918	76796918	0
77	1:76802239	1:76802239	1.0	76802239	76802239	0
77	1:76818040	1:76818040	1.0	76818040	76818040	0
77	1:76599401	1:76599401	1.0	76599401	76599401	0
77	1:76630656	1:76630656	1.0	76630656	76630656	0
77	1:76655128	1:76655128	1.0	76655128	76655128	0
77	1:76658630	1:76658630	1.0	76658630	76658630	0
77	1:76666405	1:76666405	1.0	76666405	76666405	0
77	1:76705259	1:76705259	1.0	76705259	76705259	0
77	1:76716231	1:76716231	1.0	76716231	76716231	0
77	1:76737384	1:76737384	1.0	76737384	76737384	0
77	1:76351078	1:76351078	1.0	76351078	76351078	0
77	1:76362382	1:76362382	1.0	76362382	76362382	0
77	1:76386966	1:76386966	1.0	76386966	76386966	0
77	1:76415032	1:76415032	1.0	76415032	76415032	0
77	1:76423688	1:76423688	1.0	76423688	76423688	0
77	1:76531659	1:76531659	1.0	76531659	76531659	0
77	1:76586436	1:76586436	1.0	76586436	76586436	0
77	1:76591882	1:76591882	1.0	76591882	76591882	0
77	1:76241447	1:76241447	1.0	76241447	76241447	0
77	1:76246547	1:76246547	1.0	76246547	76246547	0
77	1:76288118	1:76288118	1.0	76288118	76288118	0
77	1:76294530	1:76294530	1.0	76294530	76294530	0
77	1:76294552	1:76294552	1.0	76294552	76294552	0
77	1:76301165	1:76301165	1.0	76301165	76301165	0
77	1:76321232	1:76321232	1.0	76321232	76321232	0
77	1:76350219	1:76350219	1.0	76350219	76350219	0
78	1:77275699	1:77275699	1.0	77275699	77275699	0
78	1:77277158	1:77277158	1.0	77277158	77277158	0
78	1:77309809	1:77309809	1.0	77309809	77309809	0
78	1:77337556	1:77337556	1.0	77337556	77337556	0
78	1:77344058	1:77344058	1.0	77344058	77344058	0
78	1:77347389	1:77347389	1.0	77347389	77347389	0
78	1:77411195	1:77411195	1.0	77411195	77411195	0
78	1:77456783	1:77456783	1.0	77456783	77456783	0
78	1:77183766	1:77183766	1.0	77183766	77183766	0
78	1:77189211	1:77189211	1.0	77189211	77189211	0
78	1:77198716	1:77198716	1.0	77198716	77198716	0
78	1:77202070	1:77202070	1.0	77202070	77202070	0
78	1:77209214	1:77209214	1.0	77209214	77209214	0
78	1:77219672	1:77219672	1.0	77219672	77219672	0
78	1:77264089	1:77264089	1.0	77264089	77264089	0
78	1:77273676	1:77273676	1.0	77273676	77273676	0
78	1:77055614	1:77055614	1.0	77055614	77055614	0
78	1:77064526	1:77064526	1.0	77064526	77064526	0
78	1:77066033	1:77066033	1.0	77066033	77066033	0
78	1:77076111	1:77076111	1.0	77076111	77076111	0
78	1:77138705	1:77138705	1.0	77138705	77138705	0
78	1:77139898	1:77139898	1.0	77139898	77139898	0
78	1:77141180	1:77141180	1.0	77141180	77141180	0
78	1:77170268	1:77170268	1.0	77170268	77170268	0
77	1:76835155	1:76835155	1.0	76835155	76835155	0
77	1:76885982	1:76885982	1.0	76885982	76885982	0
77	1:76893498	1:76893498	1.0	76893498	76893498	0
77	1:76914301	1:76914301	1.0	76914301	76914301	0
77	1:76934009	1:76934009	1.0	76934009	76934009	0
77	1:76961280	1:76961280	1.0	76961280	76961280	0
77	1:76989725	1:76989725	1.0	76989725	76989725	0
78	1:77031057	1:77031057	1.0	77031057	77031057	0
78	1:77822270	1:77822270	1.0	77822270	77822270	0
78	1:77827226	1:77827226	1.0	77827226	77827226	0
78	1:77840867	1:77840867	1.0	77840867	77840867	0
78	1:77842161	1:77842161	1.0	77842161	77842161	0
78	1:77859105	1:77859105	1.0	77859105	77859105	0
78	1:77870421	1:77870421	1.0	77870421	77870421	0
78	1:77882248	1:77882248	1.0	77882248	77882248	0
78	1:77897543	1:77897543	1.0	77897543	77897543	0
78	1:77707326	1:77707326	1.0	77707326	77707326	0
78	1:77729133	1:77729133	1.0	77729133	77729133	0
78	1:77734508	1:77734508	1.0	77734508	77734508	0
78	1:77745412	1:77745412	1.0	77745412	77745412	0
78	1:77751355	1:77751355	1.0	77751355	77751355	0
78	1:77752209	1:77752209	1.0	77752209	77752209	0
78	1:77782639	1:77782639	1.0	77782639	77782639	0
78	1:77809460	1:77809460	1.0	77809460	77809460	0
78	1:77620711	1:77620711	1.0	77620711	77620711	0
78	1:77632266	1:77632266	1.0	77632266	77632266	0
78	1:77633092	1:77633092	1.0	77633092	77633092	0
78	1:77647697	1:77647697	1.0	77647697	77647697	0
78	1:77652170	1:77652170	1.0	77652170	77652170	0
78	1:77678180	1:77678180	1.0	77678180	77678180	0
78	1:77688895	1:77688895	1.0	77688895	77688895	0
78	1:77696864	1:77696864	1.0	77696864	77696864	0
78	1:77457398	1:77457398	1.0	77457398	77457398	0
78	1:77462429	1:77462429	1.0	77462429	77462429	0
78	1:77498464	1:77498464	1.0	77498464	77498464	0
78	1:77510794	1:77510794	1.0	77510794	77510794	0
78	1:77540510	1:77540510	1.0	77540510	77540510	0
78	1:77566144	1:77566144	1.0	77566144	77566144	0
78	1:77582732	1:77582732	1.0	77582732	77582732	0
78	1:77620694	1:77620694	1.0	77620694	77620694	0
79	1:78369649	1:78369649	1.0	78369649	78369649	0
79	1:78384477	1:78384477	1.0	78384477	78384477	0
79	1:78414096	1:78414096	1.0	78414096	78414096	0
79	1:78427657	1:78427657	1.0	78427657	78427657	0
79	1:78445366	1:78445366	1.0	78445366	78445366	0
79	1:78483722	1:78483722	1.0	78483722	78483722	0
79	1:78500948	1:78500948	1.0	78500948	78500948	0
79	1:78502807	1:78502807	1.0	78502807	78502807	0
79	1:78127619	1:78127619	1.0	78127619	78127619	0
79	1:78140534	1:78140534	1.0	78140534	78140534	0
79	1:78147797	1:78147797	1.0	78147797	78147797	0
79	1:78164454	1:78164454	1.0	78164454	78164454	0
79	1:78262146	1:78262146	1.0	78262146	78262146	0
79	1:78308333	1:78308333	1.0	78308333	78308333	0
79	1:78326928	1:78326928	1.0	78326928	78326928	0
79	1:78350879	1:78350879	1.0	78350879	78350879	0
79	1:78014807	1:78014807	1.0	78014807	78014807	0
79	1:78021861	1:78021861	1.0	78021861	78021861	0
79	1:78037949	1:78037949	1.0	78037949	78037949	0
79	1:78039490	1:78039490	1.0	78039490	78039490	0
79	1:78107942	1:78107942	1.0	78107942	78107942	0
79	1:78110974	1:78110974	1.0	78110974	78110974	0
79	1:78113714	1:78113714	1.0	78113714	78113714	0
79	1:78119051	1:78119051	1.0	78119051	78119051	0
78	1:77906502	1:77906502	1.0	77906502	77906502	0
78	1:77921523	1:77921523	1.0	77921523	77921523	0
78	1:77934718	1:77934718	1.0	77934718	77934718	0
78	1:77937328	1:77937328	1.0	77937328	77937328	0
78	1:77960089	1:77960089	1.0	77960089	77960089	0
78	1:77973012	1:77973012	1.0	77973012	77973012	0
78	1:77982668	1:77982668	1.0	77982668	77982668	0
78	1:77998329	1:77998329	1.0	77998329	77998329	0
79	1:78911294	1:78911294	1.0	78911294	78911294	0
79	1:78929434	1:78929434	1.0	78929434	78929434	0
79	1:78931276	1:78931276	1.0	78931276	78931276	0
79	1:78981712	1:78981712	1.0	78981712	78981712	0
79	1:78987339	1:78987339	1.0	78987339	78987339	0
79	1:78998741	1:78998741	1.0	78998741	78998741	0
80	1:79018914	1:79018914	1.0	79018914	79018914	0
80	1:79061848	1:79061848	1.0	79061848	79061848	0
79	1:78797827	1:78797827	1.0	78797827	78797827	0
79	1:78815703	1:78815703	1.0	78815703	78815703	0
79	1:78826935	1:78826935	1.0	78826935	78826935	0
79	1:78839576	1:78839576	1.0	78839576	78839576	0
79	1:78846397	1:78846397	1.0	78846397	78846397	0
79	1:78877828	1:78877828	1.0	78877828	78877828	0
79	1:78881541	1:78881541	1.0	78881541	78881541	0
79	1:78888399	1:78888399	1.0	78888399	78888399	0
79	1:78649102	1:78649102	1.0	78649102	78649102	0
79	1:78665232	1:78665232	1.0	78665232	78665232	0
79	1:78703072	1:78703072	1.0	78703072	78703072	0
79	1:78725275	1:78725275	1.0	78725275	78725275	0
79	1:78733131	1:78733131	1.0	78733131	78733131	0
79	1:78742440	1:78742440	1.0	78742440	78742440	0
79	1:78774892	1:78774892	1.0	78774892	78774892	0
79	1:78795079	1:78795079	1.0	78795079	78795079	0
79	1:78507231	1:78507231	1.0	78507231	78507231	0
79	1:78510012	1:78510012	1.0	78510012	78510012	0
79	1:78535843	1:78535843	1.0	78535843	78535843	0
79	1:78542652	1:78542652	1.0	78542652	78542652	0
79	1:78547324	1:78547324	1.0	78547324	78547324	0
79	1:78550239	1:78550239	1.0	78550239	78550239	0
79	1:78566366	1:78566366	1.0	78566366	78566366	0
79	1:78645388	1:78645388	1.0	78645388	78645388	0
80	1:79590439	1:79590439	1.0	79590439	79590439	0
80	1:79594424	1:79594424	1.0	79594424	79594424	0
80	1:79601872	1:79601872	1.0	79601872	79601872	0
80	1:79612818	1:79612818	1.0	79612818	79612818	0
80	1:79638836	1:79638836	1.0	79638836	79638836	0
80	1:79655366	1:79655366	1.0	79655366	79655366	0
80	1:79659373	1:79659373	1.0	79659373	79659373	0
80	1:79673899	1:79673899	1.0	79673899	79673899	0
80	1:79491893	1:79491893	1.0	79491893	79491893	0
80	1:79521700	1:79521700	1.0	79521700	79521700	0
80	1:79534579	1:79534579	1.0	79534579	79534579	0
80	1:79538532	1:79538532	1.0	79538532	79538532	0
80	1:79540081	1:79540081	1.0	79540081	79540081	0
80	1:79549362	1:79549362	1.0	79549362	79549362	0
80	1:79557592	1:79557592	1.0	79557592	79557592	0
80	1:79569120	1:79569120	1.0	79569120	79569120	0
80	1:79243801	1:79243801	1.0	79243801	79243801	0
80	1:79322731	1:79322731	1.0	79322731	79322731	0
80	1:79348897	1:79348897	1.0	79348897	79348897	0
80	1:79357217	1:79357217	1.0	79357217	79357217	0
80	1:79367899	1:79367899	1.0	79367899	79367899	0
80	1:79394365	1:79394365	1.0	79394365	79394365	0
80	1:79452961	1:79452961	1.0	79452961	79452961	0
80	1:79491183	1:79491183	1.0	79491183	79491183	0
80	1:79108266	1:79108266	1.0	79108266	79108266	0
80	1:79110217	1:79110217	1.0	79110217	79110217	0
80	1:79140166	1:79140166	1.0	79140166	79140166	0
80	1:79146439	1:79146439	1.0	79146439	79146439	0
80	1:79157204	1:79157204	1.0	79157204	79157204	0
80	1:79165064	1:79165064	1.0	79165064	79165064	0
80	1:79214743	1:79214743	1.0	79214743	79214743	0
80	1:79232917	1:79232917	1.0	79232917	79232917	0
81	1:80235675	1:80235675	1.0	80235675	80235675	0
81	1:80244868	1:80244868	1.0	80244868	80244868	0
81	1:80246176	1:80246176	1.0	80246176	80246176	0
81	1:80256455	1:80256455	1.0	80256455	80256455	0
81	1:80286598	1:80286598	1.0	80286598	80286598	0
81	1:80320157	1:80320157	1.0	80320157	80320157	0
81	1:80337040	1:80337040	1.0	80337040	80337040	0
81	1:80390653	1:80390653	1.0	80390653	80390653	0
81	1:80137649	1:80137649	1.0	80137649	80137649	0
81	1:80155333	1:80155333	1.0	80155333	80155333	0
81	1:80170223	1:80170223	1.0	80170223	80170223	0
81	1:80183227	1:80183227	1.0	80183227	80183227	0
81	1:80197727	1:80197727	1.0	80197727	80197727	0
81	1:80213173	1:80213173	1.0	80213173	80213173	0
81	1:80218638	1:80218638	1.0	80218638	80218638	0
81	1:80235128	1:80235128	1.0	80235128	80235128	0
80	1:79890014	1:79890014	1.0	79890014	79890014	0
80	1:79908992	1:79908992	1.0	79908992	79908992	0
80	1:79916796	1:79916796	1.0	79916796	79916796	0
80	1:79945267	1:79945267	1.0	79945267	79945267	0
81	1:80021415	1:80021415	1.0	80021415	80021415	0
81	1:80074929	1:80074929	1.0	80074929	80074929	0
81	1:80097618	1:80097618	1.0	80097618	80097618	0
81	1:80123511	1:80123511	1.0	80123511	80123511	0
80	1:79688896	1:79688896	1.0	79688896	79688896	0
80	1:79690287	1:79690287	1.0	79690287	79690287	0
80	1:79723878	1:79723878	1.0	79723878	79723878	0
80	1:79757502	1:79757502	1.0	79757502	79757502	0
80	1:79790595	1:79790595	1.0	79790595	79790595	0
80	1:79837565	1:79837565	1.0	79837565	79837565	0
80	1:79852158	1:79852158	1.0	79852158	79852158	0
80	1:79885560	1:79885560	1.0	79885560	79885560	0
81	1:80884101	1:80884101	1.0	80884101	80884101	0
81	1:80890202	1:80890202	1.0	80890202	80890202	0
81	1:80908855	1:80908855	1.0	80908855	80908855	0
81	1:80925518	1:80925518	1.0	80925518	80925518	0
81	1:80946129	1:80946129	1.0	80946129	80946129	0
81	1:80947293	1:80947293	1.0	80947293	80947293	0
81	1:80954885	1:80954885	1.0	80954885	80954885	0
81	1:80975217	1:80975217	1.0	80975217	80975217	0
81	1:80807021	1:80807021	1.0	80807021	80807021	0
81	1:80813045	1:80813045	1.0	80813045	80813045	0
81	1:80831681	1:80831681	1.0	80831681	80831681	0
81	1:80835434	1:80835434	1.0	80835434	80835434	0
81	1:80836397	1:80836397	1.0	80836397	80836397	0
81	1:80846039	1:80846039	1.0	80846039	80846039	0
81	1:80846201	1:80846201	1.0	80846201	80846201	0
81	1:80875918	1:80875918	1.0	80875918	80875918	0
81	1:80558428	1:80558428	1.0	80558428	80558428	0
81	1:80566549	1:80566549	1.0	80566549	80566549	0
81	1:80610415	1:80610415	1.0	80610415	80610415	0
81	1:80705120	1:80705120	1.0	80705120	80705120	0
81	1:80716716	1:80716716	1.0	80716716	80716716	0
81	1:80720177	1:80720177	1.0	80720177	80720177	0
81	1:80733259	1:80733259	1.0	80733259	80733259	0
81	1:80768648	1:80768648	1.0	80768648	80768648	0
81	1:80411178	1:80411178	1.0	80411178	80411178	0
81	1:80440555	1:80440555	1.0	80440555	80440555	0
81	1:80472703	1:80472703	1.0	80472703	80472703	0
81	1:80480037	1:80480037	1.0	80480037	80480037	0
81	1:80497274	1:80497274	1.0	80497274	80497274	0
81	1:80535970	1:80535970	1.0	80535970	80535970	0
81	1:80539719	1:80539719	1.0	80539719	80539719	0
81	1:80545600	1:80545600	1.0	80545600	80545600	0
82	1:81483153	1:81483153	1.0	81483153	81483153	0
82	1:81485806	1:81485806	1.0	81485806	81485806	0
82	1:81500099	1:81500099	1.0	81500099	81500099	0
82	1:81501372	1:81501372	1.0	81501372	81501372	0
82	1:81503617	1:81503617	1.0	81503617	81503617	0
82	1:81510679	1:81510679	1.0	81510679	81510679	0
82	1:81550309	1:81550309	1.0	81550309	81550309	0
82	1:81560165	1:81560165	1.0	81560165	81560165	0
82	1:81251089	1:81251089	1.0	81251089	81251089	0
82	1:81252250	1:81252250	1.0	81252250	81252250	0
82	1:81266263	1:81266263	1.0	81266263	81266263	0
82	1:81272709	1:81272709	1.0	81272709	81272709	0
82	1:81354906	1:81354906	1.0	81354906	81354906	0
82	1:81428040	1:81428040	1.0	81428040	81428040	0
82	1:81447633	1:81447633	1.0	81447633	81447633	0
82	1:81467081	1:81467081	1.0	81467081	81467081	0
82	1:81143015	1:81143015	1.0	81143015	81143015	0
82	1:81173012	1:81173012	1.0	81173012	81173012	0
82	1:81193129	1:81193129	1.0	81193129	81193129	0
82	1:81200126	1:81200126	1.0	81200126	81200126	0
82	1:81216091	1:81216091	1.0	81216091	81216091	0
82	1:81242299	1:81242299	1.0	81242299	81242299	0
82	1:81248173	1:81248173	1.0	81248173	81248173	0
82	1:81250938	1:81250938	1.0	81250938	81250938	0
82	1:81022005	1:81022005	1.0	81022005	81022005	0
82	1:81036162	1:81036162	1.0	81036162	81036162	0
82	1:81052419	1:81052419	1.0	81052419	81052419	0
82	1:81061140	1:81061140	1.0	81061140	81061140	0
82	1:81079561	1:81079561	1.0	81079561	81079561	0
82	1:81121403	1:81121403	1.0	81121403	81121403	0
82	1:81132211	1:81132211	1.0	81132211	81132211	0
82	1:81133958	1:81133958	1.0	81133958	81133958	0
83	1:82058637	1:82058637	1.0	82058637	82058637	0
83	1:82061829	1:82061829	1.0	82061829	82061829	0
83	1:82096676	1:82096676	1.0	82096676	82096676	0
83	1:82102992	1:82102992	1.0	82102992	82102992	0
83	1:82117697	1:82117697	1.0	82117697	82117697	0
83	1:82125255	1:82125255	1.0	82125255	82125255	0
83	1:82129605	1:82129605	1.0	82129605	82129605	0
83	1:82158289	1:82158289	1.0	82158289	82158289	0
82	1:81949125	1:81949125	1.0	81949125	81949125	0
82	1:81955632	1:81955632	1.0	81955632	81955632	0
83	1:82008892	1:82008892	1.0	82008892	82008892	0
83	1:82009391	1:82009391	1.0	82009391	82009391	0
83	1:82030460	1:82030460	1.0	82030460	82030460	0
83	1:82039029	1:82039029	1.0	82039029	82039029	0
83	1:82051236	1:82051236	1.0	82051236	82051236	0
83	1:82054817	1:82054817	1.0	82054817	82054817	0
82	1:81752860	1:81752860	1.0	81752860	81752860	0
82	1:81756930	1:81756930	1.0	81756930	81756930	0
82	1:81806562	1:81806562	1.0	81806562	81806562	0
82	1:81831757	1:81831757	1.0	81831757	81831757	0
82	1:81861169	1:81861169	1.0	81861169	81861169	0
82	1:81861232	1:81861232	1.0	81861232	81861232	0
82	1:81882259	1:81882259	1.0	81882259	81882259	0
82	1:81942766	1:81942766	1.0	81942766	81942766	0
82	1:81576053	1:81576053	1.0	81576053	81576053	0
82	1:81597127	1:81597127	1.0	81597127	81597127	0
82	1:81602414	1:81602414	1.0	81602414	81602414	0
82	1:81610373	1:81610373	1.0	81610373	81610373	0
82	1:81638281	1:81638281	1.0	81638281	81638281	0
82	1:81688738	1:81688738	1.0	81688738	81688738	0
82	1:81718172	1:81718172	1.0	81718172	81718172	0
82	1:81743036	1:81743036	1.0	81743036	81743036	0
83	1:82562816	1:82562816	1.0	82562816	82562816	0
83	1:82568905	1:82568905	1.0	82568905	82568905	0
83	1:82572230	1:82572230	1.0	82572230	82572230	0
83	1:82630637	1:82630637	1.0	82630637	82630637	0
83	1:82632530	1:82632530	1.0	82632530	82632530	0
83	1:82649049	1:82649049	1.0	82649049	82649049	0
83	1:82649492	1:82649492	1.0	82649492	82649492	0
83	1:82664493	1:82664493	1.0	82664493	82664493	0
83	1:82424161	1:82424161	1.0	82424161	82424161	0
83	1:82430198	1:82430198	1.0	82430198	82430198	0
83	1:82434204	1:82434204	1.0	82434204	82434204	0
83	1:82438367	1:82438367	1.0	82438367	82438367	0
83	1:82438758	1:82438758	1.0	82438758	82438758	0
83	1:82450686	1:82450686	1.0	82450686	82450686	0
83	1:82537518	1:82537518	1.0	82537518	82537518	0
83	1:82559573	1:82559573	1.0	82559573	82559573	0
83	1:82249314	1:82249314	1.0	82249314	82249314	0
83	1:82323320	1:82323320	1.0	82323320	82323320	0
83	1:82335424	1:82335424	1.0	82335424	82335424	0
83	1:82358283	1:82358283	1.0	82358283	82358283	0
83	1:82384529	1:82384529	1.0	82384529	82384529	0
83	1:82396203	1:82396203	1.0	82396203	82396203	0
83	1:82405139	1:82405139	1.0	82405139	82405139	0
83	1:82418649	1:82418649	1.0	82418649	82418649	0
83	1:82162145	1:82162145	1.0	82162145	82162145	0
83	1:82162635	1:82162635	1.0	82162635	82162635	0
83	1:82164889	1:82164889	1.0	82164889	82164889	0
83	1:82181047	1:82181047	1.0	82181047	82181047	0
83	1:82184133	1:82184133	1.0	82184133	82184133	0
83	1:82226580	1:82226580	1.0	82226580	82226580	0
83	1:82235367	1:82235367	1.0	82235367	82235367	0
83	1:82245260	1:82245260	1.0	82245260	82245260	0
84	1:83163964	1:83163964	1.0	83163964	83163964	0
84	1:83173419	1:83173419	1.0	83173419	83173419	0
84	1:83261654	1:83261654	1.0	83261654	83261654	0
84	1:83267947	1:83267947	1.0	83267947	83267947	0
84	1:83269227	1:83269227	1.0	83269227	83269227	0
84	1:83273069	1:83273069	1.0	83273069	83273069	0
84	1:83375338	1:83375338	1.0	83375338	83375338	0
84	1:83428996	1:83428996	1.0	83428996	83428996	0
84	1:83031558	1:83031558	1.0	83031558	83031558	0
84	1:83050482	1:83050482	1.0	83050482	83050482	0
84	1:83055485	1:83055485	1.0	83055485	83055485	0
84	1:83110765	1:83110765	1.0	83110765	83110765	0
84	1:83122311	1:83122311	1.0	83122311	83122311	0
84	1:83139153	1:83139153	1.0	83139153	83139153	0
84	1:83144762	1:83144762	1.0	83144762	83144762	0
84	1:83149787	1:83149787	1.0	83149787	83149787	0
83	1:82913878	1:82913878	1.0	82913878	82913878	0
83	1:82932419	1:82932419	1.0	82932419	82932419	0
83	1:82959737	1:82959737	1.0	82959737	82959737	0
83	1:82972374	1:82972374	1.0	82972374	82972374	0
83	1:82974993	1:82974993	1.0	82974993	82974993	0
84	1:83011542	1:83011542	1.0	83011542	83011542	0
84	1:83022131	1:83022131	1.0	83022131	83022131	0
84	1:83027289	1:83027289	1.0	83027289	83027289	0
83	1:82707003	1:82707003	1.0	82707003	82707003	0
83	1:82716911	1:82716911	1.0	82716911	82716911	0
83	1:82773487	1:82773487	1.0	82773487	82773487	0
83	1:82795009	1:82795009	1.0	82795009	82795009	0
83	1:82822507	1:82822507	1.0	82822507	82822507	0
83	1:82832588	1:82832588	1.0	82832588	82832588	0
83	1:82892080	1:82892080	1.0	82892080	82892080	0
83	1:82896668	1:82896668	1.0	82896668	82896668	0
84	1:83981637	1:83981637	1.0	83981637	83981637	0
85	1:84077468	1:84077468	1.0	84077468	84077468	0
85	1:84078593	1:84078593	1.0	84078593	84078593	0
85	1:84111130	1:84111130	1.0	84111130	84111130	0
85	1:84123280	1:84123280	1.0	84123280	84123280	0
85	1:84143435	1:84143435	1.0	84143435	84143435	0
85	1:84143762	1:84143762	1.0	84143762	84143762	0
85	1:84159533	1:84159533	1.0	84159533	84159533	0
84	1:83802797	1:83802797	1.0	83802797	83802797	0
84	1:83831438	1:83831438	1.0	83831438	83831438	0
84	1:83836421	1:83836421	1.0	83836421	83836421	0
84	1:83845478	1:83845478	1.0	83845478	83845478	0
84	1:83860396	1:83860396	1.0	83860396	83860396	0
84	1:83930897	1:83930897	1.0	83930897	83930897	0
84	1:83952231	1:83952231	1.0	83952231	83952231	0
84	1:83976174	1:83976174	1.0	83976174	83976174	0
84	1:83667965	1:83667965	1.0	83667965	83667965	0
84	1:83692387	1:83692387	1.0	83692387	83692387	0
84	1:83700526	1:83700526	1.0	83700526	83700526	0
84	1:83713818	1:83713818	1.0	83713818	83713818	0
84	1:83719992	1:83719992	1.0	83719992	83719992	0
84	1:83721516	1:83721516	1.0	83721516	83721516	0
84	1:83750881	1:83750881	1.0	83750881	83750881	0
84	1:83752813	1:83752813	1.0	83752813	83752813	0
84	1:83463151	1:83463151	1.0	83463151	83463151	0
84	1:83494667	1:83494667	1.0	83494667	83494667	0
84	1:83548085	1:83548085	1.0	83548085	83548085	0
84	1:83624213	1:83624213	1.0	83624213	83624213	0
84	1:83629046	1:83629046	1.0	83629046	83629046	0
84	1:83649972	1:83649972	1.0	83649972	83649972	0
84	1:83650854	1:83650854	1.0	83650854	83650854	0
84	1:83665692	1:83665692	1.0	83665692	83665692	0
85	1:84607828	1:84607828	1.0	84607828	84607828	0
85	1:84629169	1:84629169	1.0	84629169	84629169	0
85	1:84641192	1:84641192	1.0	84641192	84641192	0
85	1:84648452	1:84648452	1.0	84648452	84648452	0
85	1:84656125	1:84656125	1.0	84656125	84656125	0
85	1:84669147	1:84669147	1.0	84669147	84669147	0
85	1:84673575	1:84673575	1.0	84673575	84673575	0
85	1:84710224	1:84710224	1.0	84710224	84710224	0
85	1:84483978	1:84483978	1.0	84483978	84483978	0
85	1:84489184	1:84489184	1.0	84489184	84489184	0
85	1:84504548	1:84504548	1.0	84504548	84504548	0
85	1:84538836	1:84538836	1.0	84538836	84538836	0
85	1:84572349	1:84572349	1.0	84572349	84572349	0
85	1:84574186	1:84574186	1.0	84574186	84574186	0
85	1:84605488	1:84605488	1.0	84605488	84605488	0
85	1:84607465	1:84607465	1.0	84607465	84607465	0
85	1:84369523	1:84369523	1.0	84369523	84369523	0
85	1:84370895	1:84370895	1.0	84370895	84370895	0
85	1:84380673	1:84380673	1.0	84380673	84380673	0
85	1:84388501	1:84388501	1.0	84388501	84388501	0
85	1:84399394	1:84399394	1.0	84399394	84399394	0
85	1:84445005	1:84445005	1.0	84445005	84445005	0
85	1:84461359	1:84461359	1.0	84461359	84461359	0
85	1:84464769	1:84464769	1.0	84464769	84464769	0
85	1:84171703	1:84171703	1.0	84171703	84171703	0
85	1:84178656	1:84178656	1.0	84178656	84178656	0
85	1:84194704	1:84194704	1.0	84194704	84194704	0
85	1:84212997	1:84212997	1.0	84212997	84212997	0
85	1:84287148	1:84287148	1.0	84287148	84287148	0
85	1:84302961	1:84302961	1.0	84302961	84302961	0
85	1:84328142	1:84328142	1.0	84328142	84328142	0
85	1:84365164	1:84365164	1.0	84365164	84365164	0
86	1:85130441	1:85130441	1.0	85130441	85130441	0
86	1:85138638	1:85138638	1.0	85138638	85138638	0
86	1:85157822	1:85157822	1.0	85157822	85157822	0
86	1:85180396	1:85180396	1.0	85180396	85180396	0
86	1:85183719	1:85183719	1.0	85183719	85183719	0
86	1:85218478	1:85218478	1.0	85218478	85218478	0
86	1:85235671	1:85235671	1.0	85235671	85235671	0
86	1:85241612	1:85241612	1.0	85241612	85241612	0
86	1:85023492	1:85023492	1.0	85023492	85023492	0
86	1:85029728	1:85029728	1.0	85029728	85029728	0
86	1:85050031	1:85050031	1.0	85050031	85050031	0
86	1:85072968	1:85072968	1.0	85072968	85072968	0
86	1:85079012	1:85079012	1.0	85079012	85079012	0
86	1:85103141	1:85103141	1.0	85103141	85103141	0
86	1:85111892	1:85111892	1.0	85111892	85111892	0
86	1:85129375	1:85129375	1.0	85129375	85129375	0
85	1:84823922	1:84823922	1.0	84823922	84823922	0
85	1:84890727	1:84890727	1.0	84890727	84890727	0
85	1:84903514	1:84903514	1.0	84903514	84903514	0
85	1:84912634	1:84912634	1.0	84912634	84912634	0
85	1:84924299	1:84924299	1.0	84924299	84924299	0
85	1:84928458	1:84928458	1.0	84928458	84928458	0
85	1:84938506	1:84938506	1.0	84938506	84938506	0
86	1:85021708	1:85021708	1.0	85021708	85021708	0
85	1:84711897	1:84711897	1.0	84711897	84711897	0
85	1:84729604	1:84729604	1.0	84729604	84729604	0
85	1:84740097	1:84740097	1.0	84740097	84740097	0
85	1:84749484	1:84749484	1.0	84749484	84749484	0
85	1:84758409	1:84758409	1.0	84758409	84758409	0
85	1:84776776	1:84776776	1.0	84776776	84776776	0
85	1:84792531	1:84792531	1.0	84792531	84792531	0
85	1:84806840	1:84806840	1.0	84806840	84806840	0
86	1:85711045	1:85711045	1.0	85711045	85711045	0
86	1:85749317	1:85749317	1.0	85749317	85749317	0
86	1:85784032	1:85784032	1.0	85784032	85784032	0
86	1:85808216	1:85808216	1.0	85808216	85808216	0
86	1:85871669	1:85871669	1.0	85871669	85871669	0
86	1:85936030	1:85936030	1.0	85936030	85936030	0
86	1:85964889	1:85964889	1.0	85964889	85964889	0
87	1:86012534	1:86012534	1.0	86012534	86012534	0
86	1:85604305	1:85604305	1.0	85604305	85604305	0
86	1:85607691	1:85607691	1.0	85607691	85607691	0
86	1:85641773	1:85641773	1.0	85641773	85641773	0
86	1:85652972	1:85652972	1.0	85652972	85652972	0
86	1:85655048	1:85655048	1.0	85655048	85655048	0
86	1:85659136	1:85659136	1.0	85659136	85659136	0
86	1:85661848	1:85661848	1.0	85661848	85661848	0
86	1:85676089	1:85676089	1.0	85676089	85676089	0
86	1:85433014	1:85433014	1.0	85433014	85433014	0
86	1:85440591	1:85440591	1.0	85440591	85440591	0
86	1:85447810	1:85447810	1.0	85447810	85447810	0
86	1:85456970	1:85456970	1.0	85456970	85456970	0
86	1:85518074	1:85518074	1.0	85518074	85518074	0
86	1:85561924	1:85561924	1.0	85561924	85561924	0
86	1:85567157	1:85567157	1.0	85567157	85567157	0
86	1:85588240	1:85588240	1.0	85588240	85588240	0
86	1:85244178	1:85244178	1.0	85244178	85244178	0
86	1:85272770	1:85272770	1.0	85272770	85272770	0
86	1:85290436	1:85290436	1.0	85290436	85290436	0
86	1:85364162	1:85364162	1.0	85364162	85364162	0
86	1:85382257	1:85382257	1.0	85382257	85382257	0
86	1:85388418	1:85388418	1.0	85388418	85388418	0
86	1:85390465	1:85390465	1.0	85390465	85390465	0
86	1:85407063	1:85407063	1.0	85407063	85407063	0
87	1:86578875	1:86578875	1.0	86578875	86578875	0
87	1:86601595	1:86601595	1.0	86601595	86601595	0
87	1:86621345	1:86621345	1.0	86621345	86621345	0
87	1:86629055	1:86629055	1.0	86629055	86629055	0
87	1:86641504	1:86641504	1.0	86641504	86641504	0
87	1:86654443	1:86654443	1.0	86654443	86654443	0
87	1:86656823	1:86656823	1.0	86656823	86656823	0
87	1:86674444	1:86674444	1.0	86674444	86674444	0
87	1:86437412	1:86437412	1.0	86437412	86437412	0
87	1:86448550	1:86448550	1.0	86448550	86448550	0
87	1:86461589	1:86461589	1.0	86461589	86461589	0
87	1:86468895	1:86468895	1.0	86468895	86468895	0
87	1:86487704	1:86487704	1.0	86487704	86487704	0
87	1:86490965	1:86490965	1.0	86490965	86490965	0
87	1:86534283	1:86534283	1.0	86534283	86534283	0
87	1:86544586	1:86544586	1.0	86544586	86544586	0
87	1:86279000	1:86279000	1.0	86279000	86279000	0
87	1:86314162	1:86314162	1.0	86314162	86314162	0
87	1:86320219	1:86320219	1.0	86320219	86320219	0
87	1:86343265	1:86343265	1.0	86343265	86343265	0
87	1:86357459	1:86357459	1.0	86357459	86357459	0
87	1:86401500	1:86401500	1.0	86401500	86401500	0
87	1:86404719	1:86404719	1.0	86404719	86404719	0
87	1:86405051	1:86405051	1.0	86405051	86405051	0
87	1:86015966	1:86015966	1.0	86015966	86015966	0
87	1:86017099	1:86017099	1.0	86017099	86017099	0
87	1:86097819	1:86097819	1.0	86097819	86097819	0
87	1:86117866	1:86117866	1.0	86117866	86117866	0
87	1:86131990	1:86131990	1.0	86131990	86131990	0
87	1:86191494	1:86191494	1.0	86191494	86191494	0
87	1:86205130	1:86205130	1.0	86205130	86205130	0
87	1:86247297	1:86247297	1.0	86247297	86247297	0
88	1:87144165	1:87144165	1.0	87144165	87144165	0
88	1:87173139	1:87173139	1.0	87173139	87173139	0
88	1:87182131	1:87182131	1.0	87182131	87182131	0
88	1:87210745	1:87210745	1.0	87210745	87210745	0
88	1:87217187	1:87217187	1.0	87217187	87217187	0
88	1:87220898	1:87220898	1.0	87220898	87220898	0
88	1:87255619	1:87255619	1.0	87255619	87255619	0
88	1:87318288	1:87318288	1.0	87318288	87318288	0
87	1:86963180	1:86963180	1.0	86963180	86963180	0
87	1:86966282	1:86966282	1.0	86966282	86966282	0
88	1:87030561	1:87030561	1.0	87030561	87030561	0
88	1:87087159	1:87087159	1.0	87087159	87087159	0
88	1:87093474	1:87093474	1.0	87093474	87093474	0
88	1:87094904	1:87094904	1.0	87094904	87094904	0
88	1:87132498	1:87132498	1.0	87132498	87132498	0
88	1:87144026	1:87144026	1.0	87144026	87144026	0
87	1:86786818	1:86786818	1.0	86786818	86786818	0
87	1:86787695	1:86787695	1.0	86787695	86787695	0
87	1:86808070	1:86808070	1.0	86808070	86808070	0
87	1:86824768	1:86824768	1.0	86824768	86824768	0
87	1:86835362	1:86835362	1.0	86835362	86835362	0
87	1:86850025	1:86850025	1.0	86850025	86850025	0
87	1:86881846	1:86881846	1.0	86881846	86881846	0
87	1:86916567	1:86916567	1.0	86916567	86916567	0
87	1:86676454	1:86676454	1.0	86676454	86676454	0
87	1:86687823	1:86687823	1.0	86687823	86687823	0
87	1:86708217	1:86708217	1.0	86708217	86708217	0
87	1:86717650	1:86717650	1.0	86717650	86717650	0
87	1:86743362	1:86743362	1.0	86743362	86743362	0
87	1:86755841	1:86755841	1.0	86755841	86755841	0
87	1:86756655	1:86756655	1.0	86756655	86756655	0
87	1:86783787	1:86783787	1.0	86783787	86783787	0
88	1:87818522	1:87818522	1.0	87818522	87818522	0
88	1:87859394	1:87859394	1.0	87859394	87859394	0
88	1:87901551	1:87901551	1.0	87901551	87901551	0
88	1:87908342	1:87908342	1.0	87908342	87908342	0
88	1:87927857	1:87927857	1.0	87927857	87927857	0
88	1:87929145	1:87929145	1.0	87929145	87929145	0
88	1:87952702	1:87952702	1.0	87952702	87952702	0
88	1:87979967	1:87979967	1.0	87979967	87979967	0
88	1:87697747	1:87697747	1.0	87697747	87697747	0
88	1:87729220	1:87729220	1.0	87729220	87729220	0
88	1:87746643	1:87746643	1.0	87746643	87746643	0
88	1:87753581	1:87753581	1.0	87753581	87753581	0
88	1:87763890	1:87763890	1.0	87763890	87763890	0
88	1:87764531	1:87764531	1.0	87764531	87764531	0
88	1:87767266	1:87767266	1.0	87767266	87767266	0
88	1:87796278	1:87796278	1.0	87796278	87796278	0
88	1:87554947	1:87554947	1.0	87554947	87554947	0
88	1:87558295	1:87558295	1.0	87558295	87558295	0
88	1:87580057	1:87580057	1.0	87580057	87580057	0
88	1:87588499	1:87588499	1.0	87588499	87588499	0
88	1:87649203	1:87649203	1.0	87649203	87649203	0
88	1:87655031	1:87655031	1.0	87655031	87655031	0
88	1:87655396	1:87655396	1.0	87655396	87655396	0
88	1:87692769	1:87692769	1.0	87692769	87692769	0
88	1:87322333	1:87322333	1.0	87322333	87322333	0
88	1:87324861	1:87324861	1.0	87324861	87324861	0
88	1:87338582	1:87338582	1.0	87338582	87338582	0
88	1:87349432	1:87349432	1.0	87349432	87349432	0
88	1:87350523	1:87350523	1.0	87350523	87350523	0
88	1:87384489	1:87384489	1.0	87384489	87384489	0
88	1:87384553	1:87384553	1.0	87384553	87384553	0
88	1:87385782	1:87385782	1.0	87385782	87385782	0
89	1:88511759	1:88511759	1.0	88511759	88511759	0
89	1:88589936	1:88589936	1.0	88589936	88589936	0
89	1:88592878	1:88592878	1.0	88592878	88592878	0
89	1:88635847	1:88635847	1.0	88635847	88635847	0
89	1:88670889	1:88670889	1.0	88670889	88670889	0
89	1:88695126	1:88695126	1.0	88695126	88695126	0
89	1:88720438	1:88720438	1.0	88720438	88720438	0
89	1:88726432	1:88726432	1.0	88726432	88726432	0
89	1:88334829	1:88334829	1.0	88334829	88334829	0
89	1:88353032	1:88353032	1.0	88353032	88353032	0
89	1:88358552	1:88358552	1.0	88358552	88358552	0
89	1:88362402	1:88362402	1.0	88362402	88362402	0
89	1:88362657	1:88362657	1.0	88362657	88362657	0
89	1:88409750	1:88409750	1.0	88409750	88409750	0
89	1:88415356	1:88415356	1.0	88415356	88415356	0
89	1:88494555	1:88494555	1.0	88494555	88494555	0
89	1:88142227	1:88142227	1.0	88142227	88142227	0
89	1:88146619	1:88146619	1.0	88146619	88146619	0
89	1:88196599	1:88196599	1.0	88196599	88196599	0
89	1:88200461	1:88200461	1.0	88200461	88200461	0
89	1:88213939	1:88213939	1.0	88213939	88213939	0
89	1:88225316	1:88225316	1.0	88225316	88225316	0
89	1:88238973	1:88238973	1.0	88238973	88238973	0
89	1:88240466	1:88240466	1.0	88240466	88240466	0
88	1:87994961	1:87994961	1.0	87994961	87994961	0
89	1:88028616	1:88028616	1.0	88028616	88028616	0
89	1:88055043	1:88055043	1.0	88055043	88055043	0
89	1:88111970	1:88111970	1.0	88111970	88111970	0
89	1:88121123	1:88121123	1.0	88121123	88121123	0
89	1:88132130	1:88132130	1.0	88132130	88132130	0
89	1:88132319	1:88132319	1.0	88132319	88132319	0
89	1:88136248	1:88136248	1.0	88136248	88136248	0
90	1:89097674	1:89097674	1.0	89097674	89097674	0
90	1:89124712	1:89124712	1.0	89124712	89124712	0
90	1:89132961	1:89132961	1.0	89132961	89132961	0
90	1:89148777	1:89148777	1.0	89148777	89148777	0
90	1:89152743	1:89152743	1.0	89152743	89152743	0
90	1:89164253	1:89164253	1.0	89164253	89164253	0
90	1:89165629	1:89165629	1.0	89165629	89165629	0
90	1:89178976	1:89178976	1.0	89178976	89178976	0
90	1:89020625	1:89020625	1.0	89020625	89020625	0
90	1:89054635	1:89054635	1.0	89054635	89054635	0
90	1:89067458	1:89067458	1.0	89067458	89067458	0
90	1:89074838	1:89074838	1.0	89074838	89074838	0
90	1:89078940	1:89078940	1.0	89078940	89078940	0
90	1:89079815	1:89079815	1.0	89079815	89079815	0
90	1:89088494	1:89088494	1.0	89088494	89088494	0
90	1:89089997	1:89089997	1.0	89089997	89089997	0
89	1:88833877	1:88833877	1.0	88833877	88833877	0
89	1:88849482	1:88849482	1.0	88849482	88849482	0
89	1:88866218	1:88866218	1.0	88866218	88866218	0
89	1:88866330	1:88866330	1.0	88866330	88866330	0
89	1:88883976	1:88883976	1.0	88883976	88883976	0
89	1:88917676	1:88917676	1.0	88917676	88917676	0
89	1:88934080	1:88934080	1.0	88934080	88934080	0
89	1:88997223	1:88997223	1.0	88997223	88997223	0
89	1:88762790	1:88762790	1.0	88762790	88762790	0
89	1:88780368	1:88780368	1.0	88780368	88780368	0
89	1:88782880	1:88782880	1.0	88782880	88782880	0
89	1:88785937	1:88785937	1.0	88785937	88785937	0
89	1:88797489	1:88797489	1.0	88797489	88797489	0
89	1:88798297	1:88798297	1.0	88798297	88798297	0
89	1:88825084	1:88825084	1.0	88825084	88825084	0
89	1:88826440	1:88826440	1.0	88826440	88826440	0
90	1:89595921	1:89595921	1.0	89595921	89595921	0
90	1:89597894	1:89597894	1.0	89597894	89597894	0
90	1:89605801	1:89605801	1.0	89605801	89605801	0
90	1:89630669	1:89630669	1.0	89630669	89630669	0
90	1:89638694	1:89638694	1.0	89638694	89638694	0
90	1:89681331	1:89681331	1.0	89681331	89681331	0
90	1:89729574	1:89729574	1.0	89729574	89729574	0
90	1:89763926	1:89763926	1.0	89763926	89763926	0
90	1:89473855	1:89473855	1.0	89473855	89473855	0
90	1:89482492	1:89482492	1.0	89482492	89482492	0
90	1:89523106	1:89523106	1.0	89523106	89523106	0
90	1:89567716	1:89567716	1.0	89567716	89567716	0
90	1:89583550	1:89583550	1.0	89583550	89583550	0
90	1:89588015	1:89588015	1.0	89588015	89588015	0
90	1:89589818	1:89589818	1.0	89589818	89589818	0
90	1:89595716	1:89595716	1.0	89595716	89595716	0
90	1:89380420	1:89380420	1.0	89380420	89380420	0
90	1:89381752	1:89381752	1.0	89381752	89381752	0
90	1:89386387	1:89386387	1.0	89386387	89386387	0
90	1:89393764	1:89393764	1.0	89393764	89393764	0
90	1:89398015	1:89398015	1.0	89398015	89398015	0
90	1:89408648	1:89408648	1.0	89408648	89408648	0
90	1:89418469	1:89418469	1.0	89418469	89418469	0
90	1:89431484	1:89431484	1.0	89431484	89431484	0
90	1:89191512	1:89191512	1.0	89191512	89191512	0
90	1:89198480	1:89198480	1.0	89198480	89198480	0
90	1:89252067	1:89252067	1.0	89252067	89252067	0
90	1:89268368	1:89268368	1.0	89268368	89268368	0
90	1:89268939	1:89268939	1.0	89268939	89268939	0
90	1:89323230	1:89323230	1.0	89323230	89323230	0
90	1:89338054	1:89338054	1.0	89338054	89338054	0
90	1:89362501	1:89362501	1.0	89362501	89362501	0
91	1:90050095	1:90050095	1.0	90050095	90050095	0
91	1:90053375	1:90053375	1.0	90053375	90053375	0
91	1:90067503	1:90067503	1.0	90067503	90067503	0
91	1:90075654	1:90075654	1.0	90075654	90075654	0
91	1:90109835	1:90109835	1.0	90109835	90109835	0
91	1:90126860	1:90126860	1.0	90126860	90126860	0
91	1:90133875	1:90133875	1.0	90133875	90133875	0
91	1:90150079	1:90150079	1.0	90150079	90150079	0
90	1:89966607	1:89966607	1.0	89966607	89966607	0
90	1:89967768	1:89967768	1.0	89967768	89967768	0
90	1:89973676	1:89973676	1.0	89973676	89973676	0
91	1:90012400	1:90012400	1.0	90012400	90012400	0
91	1:90013845	1:90013845	1.0	90013845	90013845	0
91	1:90029324	1:90029324	1.0	90029324	90029324	0
91	1:90033641	1:90033641	1.0	90033641	90033641	0
91	1:90040054	1:90040054	1.0	90040054	90040054	0
90	1:89854714	1:89854714	1.0	89854714	89854714	0
90	1:89856307	1:89856307	1.0	89856307	89856307	0
90	1:89858639	1:89858639	1.0	89858639	89858639	0
90	1:89859625	1:89859625	1.0	89859625	89859625	0
90	1:89884304	1:89884304	1.0	89884304	89884304	0
90	1:89920288	1:89920288	1.0	89920288	89920288	0
90	1:89948214	1:89948214	1.0	89948214	89948214	0
90	1:89957926	1:89957926	1.0	89957926	89957926	0
90	1:89775199	1:89775199	1.0	89775199	89775199	0
90	1:89796265	1:89796265	1.0	89796265	89796265	0
90	1:89803135	1:89803135	1.0	89803135	89803135	0
90	1:89809442	1:89809442	1.0	89809442	89809442	0
90	1:89813694	1:89813694	1.0	89813694	89813694	0
90	1:89817242	1:89817242	1.0	89817242	89817242	0
90	1:89838874	1:89838874	1.0	89838874	89838874	0
90	1:89843596	1:89843596	1.0	89843596	89843596	0
91	1:90615007	1:90615007	1.0	90615007	90615007	0
91	1:90642431	1:90642431	1.0	90642431	90642431	0
91	1:90645372	1:90645372	1.0	90645372	90645372	0
91	1:90652967	1:90652967	1.0	90652967	90652967	0
91	1:90721816	1:90721816	1.0	90721816	90721816	0
91	1:90727381	1:90727381	1.0	90727381	90727381	0
91	1:90740534	1:90740534	1.0	90740534	90740534	0
91	1:90745779	1:90745779	1.0	90745779	90745779	0
91	1:90516921	1:90516921	1.0	90516921	90516921	0
91	1:90551850	1:90551850	1.0	90551850	90551850	0
91	1:90567215	1:90567215	1.0	90567215	90567215	0
91	1:90576002	1:90576002	1.0	90576002	90576002	0
91	1:90581387	1:90581387	1.0	90581387	90581387	0
91	1:90586460	1:90586460	1.0	90586460	90586460	0
91	1:90607389	1:90607389	1.0	90607389	90607389	0
91	1:90607716	1:90607716	1.0	90607716	90607716	0
91	1:90369566	1:90369566	1.0	90369566	90369566	0
91	1:90372541	1:90372541	1.0	90372541	90372541	0
91	1:90401431	1:90401431	1.0	90401431	90401431	0
91	1:90427681	1:90427681	1.0	90427681	90427681	0
91	1:90438982	1:90438982	1.0	90438982	90438982	0
91	1:90493044	1:90493044	1.0	90493044	90493044	0
91	1:90503569	1:90503569	1.0	90503569	90503569	0
91	1:90508656	1:90508656	1.0	90508656	90508656	0
91	1:90185022	1:90185022	1.0	90185022	90185022	0
91	1:90190761	1:90190761	1.0	90190761	90190761	0
91	1:90197407	1:90197407	1.0	90197407	90197407	0
91	1:90228138	1:90228138	1.0	90228138	90228138	0
91	1:90239466	1:90239466	1.0	90239466	90239466	0
91	1:90275389	1:90275389	1.0	90275389	90275389	0
91	1:90293135	1:90293135	1.0	90293135	90293135	0
91	1:90354784	1:90354784	1.0	90354784	90354784	0
92	1:91223775	1:91223775	1.0	91223775	91223775	0
92	1:91233770	1:91233770	1.0	91233770	91233770	0
92	1:91245282	1:91245282	1.0	91245282	91245282	0
92	1:91249361	1:91249361	1.0	91249361	91249361	0
92	1:91253745	1:91253745	1.0	91253745	91253745	0
92	1:91272214	1:91272214	1.0	91272214	91272214	0
92	1:91275925	1:91275925	1.0	91275925	91275925	0
92	1:91299104	1:91299104	1.0	91299104	91299104	0
92	1:91097260	1:91097260	1.0	91097260	91097260	0
92	1:91111674	1:91111674	1.0	91111674	91111674	0
92	1:91144827	1:91144827	1.0	91144827	91144827	0
92	1:91153888	1:91153888	1.0	91153888	91153888	0
92	1:91174619	1:91174619	1.0	91174619	91174619	0
92	1:91177997	1:91177997	1.0	91177997	91177997	0
92	1:91199915	1:91199915	1.0	91199915	91199915	0
92	1:91209575	1:91209575	1.0	91209575	91209575	0
91	1:90936007	1:90936007	1.0	90936007	90936007	0
91	1:90962123	1:90962123	1.0	90962123	90962123	0
91	1:90980257	1:90980257	1.0	90980257	90980257	0
92	1:91008394	1:91008394	1.0	91008394	91008394	0
92	1:91042487	1:91042487	1.0	91042487	91042487	0
92	1:91054443	1:91054443	1.0	91054443	91054443	0
92	1:91063626	1:91063626	1.0	91063626	91063626	0
92	1:91090293	1:91090293	1.0	91090293	91090293	0
91	1:90784127	1:90784127	1.0	90784127	90784127	0
91	1:90809062	1:90809062	1.0	90809062	90809062	0
91	1:90827528	1:90827528	1.0	90827528	90827528	0
91	1:90838395	1:90838395	1.0	90838395	90838395	0
91	1:90856280	1:90856280	1.0	90856280	90856280	0
91	1:90864818	1:90864818	1.0	90864818	90864818	0
91	1:90876183	1:90876183	1.0	90876183	90876183	0
91	1:90922359	1:90922359	1.0	90922359	90922359	0
92	1:91838098	1:91838098	1.0	91838098	91838098	0
92	1:91870719	1:91870719	1.0	91870719	91870719	0
92	1:91883569	1:91883569	1.0	91883569	91883569	0
92	1:91893488	1:91893488	1.0	91893488	91893488	0
92	1:91905294	1:91905294	1.0	91905294	91905294	0
92	1:91952594	1:91952594	1.0	91952594	91952594	0
92	1:91959542	1:91959542	1.0	91959542	91959542	0
92	1:91961123	1:91961123	1.0	91961123	91961123	0
92	1:91636053	1:91636053	1.0	91636053	91636053	0
92	1:91636656	1:91636656	1.0	91636656	91636656	0
92	1:91639031	1:91639031	1.0	91639031	91639031	0
92	1:91693394	1:91693394	1.0	91693394	91693394	0
92	1:91703290	1:91703290	1.0	91703290	91703290	0
92	1:91757998	1:91757998	1.0	91757998	91757998	0
92	1:91766136	1:91766136	1.0	91766136	91766136	0
92	1:91800601	1:91800601	1.0	91800601	91800601	0
92	1:91443926	1:91443926	1.0	91443926	91443926	0
92	1:91444239	1:91444239	1.0	91444239	91444239	0
92	1:91448241	1:91448241	1.0	91448241	91448241	0
92	1:91449574	1:91449574	1.0	91449574	91449574	0
92	1:91465832	1:91465832	1.0	91465832	91465832	0
92	1:91485681	1:91485681	1.0	91485681	91485681	0
92	1:91499350	1:91499350	1.0	91499350	91499350	0
92	1:91544507	1:91544507	1.0	91544507	91544507	0
92	1:91312344	1:91312344	1.0	91312344	91312344	0
92	1:91323774	1:91323774	1.0	91323774	91323774	0
92	1:91326530	1:91326530	1.0	91326530	91326530	0
92	1:91335275	1:91335275	1.0	91335275	91335275	0
92	1:91351454	1:91351454	1.0	91351454	91351454	0
92	1:91355425	1:91355425	1.0	91355425	91355425	0
92	1:91365897	1:91365897	1.0	91365897	91365897	0
92	1:91403831	1:91403831	1.0	91403831	91403831	0
93	1:92525564	1:92525564	1.0	92525564	92525564	0
93	1:92526140	1:92526140	1.0	92526140	92526140	0
93	1:92538314	1:92538314	1.0	92538314	92538314	0
93	1:92540487	1:92540487	1.0	92540487	92540487	0
93	1:92543849	1:92543849	1.0	92543849	92543849	0
93	1:92548038	1:92548038	1.0	92548038	92548038	0
93	1:92556385	1:92556385	1.0	92556385	92556385	0
93	1:92572364	1:92572364	1.0	92572364	92572364	0
93	1:92336442	1:92336442	1.0	92336442	92336442	0
93	1:92351587	1:92351587	1.0	92351587	92351587	0
93	1:92379917	1:92379917	1.0	92379917	92379917	0
93	1:92400749	1:92400749	1.0	92400749	92400749	0
93	1:92406062	1:92406062	1.0	92406062	92406062	0
93	1:92412167	1:92412167	1.0	92412167	92412167	0
93	1:92441161	1:92441161	1.0	92441161	92441161	0
93	1:92479304	1:92479304	1.0	92479304	92479304	0
93	1:92127434	1:92127434	1.0	92127434	92127434	0
93	1:92157411	1:92157411	1.0	92157411	92157411	0
93	1:92164580	1:92164580	1.0	92164580	92164580	0
93	1:92165224	1:92165224	1.0	92165224	92165224	0
93	1:92168437	1:92168437	1.0	92168437	92168437	0
93	1:92184933	1:92184933	1.0	92184933	92184933	0
93	1:92210535	1:92210535	1.0	92210535	92210535	0
93	1:92294505	1:92294505	1.0	92294505	92294505	0
92	1:91992690	1:91992690	1.0	91992690	91992690	0
92	1:91996210	1:91996210	1.0	91996210	91996210	0
93	1:92057629	1:92057629	1.0	92057629	92057629	0
93	1:92078003	1:92078003	1.0	92078003	92078003	0
93	1:92086333	1:92086333	1.0	92086333	92086333	0
93	1:92098492	1:92098492	1.0	92098492	92098492	0
93	1:92108543	1:92108543	1.0	92108543	92108543	0
93	1:92122862	1:92122862	1.0	92122862	92122862	0
93	1:92956358	1:92956358	1.0	92956358	92956358	0
93	1:92962841	1:92962841	1.0	92962841	92962841	0
93	1:92963021	1:92963021	1.0	92963021	92963021	0
93	1:92981362	1:92981362	1.0	92981362	92981362	0
93	1:92983351	1:92983351	1.0	92983351	92983351	0
93	1:92992905	1:92992905	1.0	92992905	92992905	0
94	1:93028004	1:93028004	1.0	93028004	93028004	0
94	1:93050124	1:93050124	1.0	93050124	93050124	0
93	1:92815366	1:92815366	1.0	92815366	92815366	0
93	1:92821908	1:92821908	1.0	92821908	92821908	0
93	1:92886870	1:92886870	1.0	92886870	92886870	0
93	1:92903550	1:92903550	1.0	92903550	92903550	0
93	1:92910408	1:92910408	1.0	92910408	92910408	0
93	1:92924888	1:92924888	1.0	92924888	92924888	0
93	1:92935016	1:92935016	1.0	92935016	92935016	0
93	1:92942923	1:92942923	1.0	92942923	92942923	0
93	1:92733986	1:92733986	1.0	92733986	92733986	0
93	1:92763661	1:92763661	1.0	92763661	92763661	0
93	1:92768681	1:92768681	1.0	92768681	92768681	0
93	1:92786100	1:92786100	1.0	92786100	92786100	0
93	1:92792002	1:92792002	1.0	92792002	92792002	0
93	1:92796687	1:92796687	1.0	92796687	92796687	0
93	1:92800519	1:92800519	1.0	92800519	92800519	0
93	1:92800582	1:92800582	1.0	92800582	92800582	0
93	1:92573560	1:92573560	1.0	92573560	92573560	0
93	1:92601714	1:92601714	1.0	92601714	92601714	0
93	1:92603510	1:92603510	1.0	92603510	92603510	0
93	1:92613229	1:92613229	1.0	92613229	92613229	0
93	1:92637144	1:92637144	1.0	92637144	92637144	0
93	1:92642343	1:92642343	1.0	92642343	92642343	0
93	1:92649394	1:92649394	1.0	92649394	92649394	0
93	1:92663038	1:92663038	1.0	92663038	92663038	0
94	1:93613219	1:93613219	1.0	93613219	93613219	0
94	1:93616746	1:93616746	1.0	93616746	93616746	0
94	1:93635925	1:93635925	1.0	93635925	93635925	0
94	1:93644762	1:93644762	1.0	93644762	93644762	0
94	1:93691766	1:93691766	1.0	93691766	93691766	0
94	1:93693515	1:93693515	1.0	93693515	93693515	0
94	1:93719754	1:93719754	1.0	93719754	93719754	0
94	1:93730770	1:93730770	1.0	93730770	93730770	0
94	1:93446148	1:93446148	1.0	93446148	93446148	0
94	1:93480812	1:93480812	1.0	93480812	93480812	0
94	1:93481783	1:93481783	1.0	93481783	93481783	0
94	1:93484898	1:93484898	1.0	93484898	93484898	0
94	1:93526767	1:93526767	1.0	93526767	93526767	0
94	1:93560814	1:93560814	1.0	93560814	93560814	0
94	1:93569991	1:93569991	1.0	93569991	93569991	0
94	1:93580483	1:93580483	1.0	93580483	93580483	0
94	1:93329835	1:93329835	1.0	93329835	93329835	0
94	1:93365357	1:93365357	1.0	93365357	93365357	0
94	1:93372042	1:93372042	1.0	93372042	93372042	0
94	1:93389282	1:93389282	1.0	93389282	93389282	0
94	1:93410763	1:93410763	1.0	93410763	93410763	0
94	1:93421776	1:93421776	1.0	93421776	93421776	0
94	1:93424423	1:93424423	1.0	93424423	93424423	0
94	1:93437617	1:93437617	1.0	93437617	93437617	0
94	1:93053572	1:93053572	1.0	93053572	93053572	0
94	1:93118770	1:93118770	1.0	93118770	93118770	0
94	1:93138348	1:93138348	1.0	93138348	93138348	0
94	1:93144812	1:93144812	1.0	93144812	93144812	0
94	1:93154543	1:93154543	1.0	93154543	93154543	0
94	1:93198564	1:93198564	1.0	93198564	93198564	0
94	1:93262160	1:93262160	1.0	93262160	93262160	0
94	1:93313025	1:93313025	1.0	93313025	93313025	0
95	1:94260646	1:94260646	1.0	94260646	94260646	0
95	1:94269830	1:94269830	1.0	94269830	94269830	0
95	1:94272886	1:94272886	1.0	94272886	94272886	0
95	1:94273360	1:94273360	1.0	94273360	94273360	0
95	1:94308590	1:94308590	1.0	94308590	94308590	0
95	1:94329099	1:94329099	1.0	94329099	94329099	0
95	1:94409908	1:94409908	1.0	94409908	94409908	0
95	1:94436041	1:94436041	1.0	94436041	94436041	0
95	1:94159766	1:94159766	1.0	94159766	94159766	0
95	1:94185021	1:94185021	1.0	94185021	94185021	0
95	1:94191849	1:94191849	1.0	94191849	94191849	0
95	1:94197656	1:94197656	1.0	94197656	94197656	0
95	1:94206449	1:94206449	1.0	94206449	94206449	0
95	1:94243230	1:94243230	1.0	94243230	94243230	0
95	1:94249013	1:94249013	1.0	94249013	94249013	0
95	1:94257536	1:94257536	1.0	94257536	94257536	0
94	1:93957367	1:93957367	1.0	93957367	93957367	0
94	1:93966817	1:93966817	1.0	93966817	93966817	0
94	1:93982381	1:93982381	1.0	93982381	93982381	0
94	1:93986641	1:93986641	1.0	93986641	93986641	0
95	1:94015782	1:94015782	1.0	94015782	94015782	0
95	1:94027063	1:94027063	1.0	94027063	94027063	0
95	1:94117049	1:94117049	1.0	94117049	94117049	0
95	1:94153951	1:94153951	1.0	94153951	94153951	0
94	1:93746867	1:93746867	1.0	93746867	93746867	0
94	1:93774760	1:93774760	1.0	93774760	93774760	0
94	1:93826588	1:93826588	1.0	93826588	93826588	0
94	1:93831306	1:93831306	1.0	93831306	93831306	0
94	1:93837988	1:93837988	1.0	93837988	93837988	0
94	1:93842127	1:93842127	1.0	93842127	93842127	0
94	1:93878235	1:93878235	1.0	93878235	93878235	0
94	1:93900040	1:93900040	1.0	93900040	93900040	0
95	1:94923792	1:94923792	1.0	94923792	94923792	0
95	1:94962819	1:94962819	1.0	94962819	94962819	0
95	1:94975402	1:94975402	1.0	94975402	94975402	0
96	1:95000617	1:95000617	1.0	95000617	95000617	0
96	1:95009779	1:95009779	1.0	95009779	95009779	0
96	1:95015783	1:95015783	1.0	95015783	95015783	0
96	1:95019915	1:95019915	1.0	95019915	95019915	0
96	1:95042580	1:95042580	1.0	95042580	95042580	0
95	1:94779348	1:94779348	1.0	94779348	94779348	0
95	1:94783768	1:94783768	1.0	94783768	94783768	0
95	1:94790656	1:94790656	1.0	94790656	94790656	0
95	1:94804868	1:94804868	1.0	94804868	94804868	0
95	1:94818477	1:94818477	1.0	94818477	94818477	0
95	1:94892392	1:94892392	1.0	94892392	94892392	0
95	1:94910155	1:94910155	1.0	94910155	94910155	0
95	1:94919178	1:94919178	1.0	94919178	94919178	0
95	1:94562312	1:94562312	1.0	94562312	94562312	0
95	1:94569233	1:94569233	1.0	94569233	94569233	0
95	1:94597310	1:94597310	1.0	94597310	94597310	0
95	1:94604918	1:94604918	1.0	94604918	94604918	0
95	1:94640289	1:94640289	1.0	94640289	94640289	0
95	1:94754941	1:94754941	1.0	94754941	94754941	0
95	1:94766207	1:94766207	1.0	94766207	94766207	0
95	1:94770078	1:94770078	1.0	94770078	94770078	0
95	1:94455027	1:94455027	1.0	94455027	94455027	0
95	1:94484062	1:94484062	1.0	94484062	94484062	0
95	1:94488386	1:94488386	1.0	94488386	94488386	0
95	1:94499887	1:94499887	1.0	94499887	94499887	0
95	1:94537778	1:94537778	1.0	94537778	94537778	0
95	1:94542874	1:94542874	1.0	94542874	94542874	0
95	1:94553865	1:94553865	1.0	94553865	94553865	0
95	1:94555919	1:94555919	1.0	94555919	94555919	0
96	1:95500519	1:95500519	1.0	95500519	95500519	0
96	1:95534049	1:95534049	1.0	95534049	95534049	0
96	1:95540568	1:95540568	1.0	95540568	95540568	0
96	1:95575706	1:95575706	1.0	95575706	95575706	0
96	1:95632208	1:95632208	1.0	95632208	95632208	0
96	1:95640774	1:95640774	1.0	95640774	95640774	0
96	1:95660433	1:95660433	1.0	95660433	95660433	0
96	1:95672412	1:95672412	1.0	95672412	95672412	0
96	1:95289627	1:95289627	1.0	95289627	95289627	0
96	1:95330966	1:95330966	1.0	95330966	95330966	0
96	1:95415948	1:95415948	1.0	95415948	95415948	0
96	1:95450772	1:95450772	1.0	95450772	95450772	0
96	1:95481109	1:95481109	1.0	95481109	95481109	0
96	1:95482485	1:95482485	1.0	95482485	95482485	0
96	1:95488904	1:95488904	1.0	95488904	95488904	0
96	1:95499876	1:95499876	1.0	95499876	95499876	0
96	1:95197394	1:95197394	1.0	95197394	95197394	0
96	1:95211226	1:95211226	1.0	95211226	95211226	0
96	1:95222451	1:95222451	1.0	95222451	95222451	0
96	1:95257137	1:95257137	1.0	95257137	95257137	0
96	1:95260107	1:95260107	1.0	95260107	95260107	0
96	1:95268889	1:95268889	1.0	95268889	95268889	0
96	1:95277508	1:95277508	1.0	95277508	95277508	0
96	1:95282727	1:95282727	1.0	95282727	95282727	0
96	1:95043394	1:95043394	1.0	95043394	95043394	0
96	1:95048426	1:95048426	1.0	95048426	95048426	0
96	1:95057281	1:95057281	1.0	95057281	95057281	0
96	1:95096925	1:95096925	1.0	95096925	95096925	0
96	1:95112670	1:95112670	1.0	95112670	95112670	0
96	1:95150969	1:95150969	1.0	95150969	95150969	0
96	1:95184673	1:95184673	1.0	95184673	95184673	0
96	1:95192947	1:95192947	1.0	95192947	95192947	0
97	1:96095360	1:96095360	1.0	96095360	96095360	0
97	1:96106031	1:96106031	1.0	96106031	96106031	0
97	1:96117012	1:96117012	1.0	96117012	96117012	0
97	1:96123722	1:96123722	1.0	96123722	96123722	0
97	1:96127355	1:96127355	1.0	96127355	96127355	0
97	1:96159869	1:96159869	1.0	96159869	96159869	0
97	1:96231291	1:96231291	1.0	96231291	96231291	0
97	1:96231368	1:96231368	1.0	96231368	96231368	0
96	1:95939749	1:95939749	1.0	95939749	95939749	0
96	1:95958133	1:95958133	1.0	95958133	95958133	0
96	1:95973789	1:95973789	1.0	95973789	95973789	0
96	1:95974198	1:95974198	1.0	95974198	95974198	0
97	1:96007692	1:96007692	1.0	96007692	96007692	0
97	1:96047516	1:96047516	1.0	96047516	96047516	0
97	1:96060650	1:96060650	1.0	96060650	96060650	0
97	1:96081192	1:96081192	1.0	96081192	96081192	0
96	1:95790833	1:95790833	1.0	95790833	95790833	0
96	1:95809239	1:95809239	1.0	95809239	95809239	0
96	1:95837426	1:95837426	1.0	95837426	95837426	0
96	1:95855582	1:95855582	1.0	95855582	95855582	0
96	1:95856758	1:95856758	1.0	95856758	95856758	0
96	1:95875022	1:95875022	1.0	95875022	95875022	0
96	1:95891673	1:95891673	1.0	95891673	95891673	0
96	1:95927381	1:95927381	1.0	95927381	95927381	0
96	1:95672805	1:95672805	1.0	95672805	95672805	0
96	1:95723192	1:95723192	1.0	95723192	95723192	0
96	1:95724776	1:95724776	1.0	95724776	95724776	0
96	1:95743481	1:95743481	1.0	95743481	95743481	0
96	1:95754819	1:95754819	1.0	95754819	95754819	0
96	1:95779594	1:95779594	1.0	95779594	95779594	0
96	1:95782136	1:95782136	1.0	95782136	95782136	0
96	1:95785738	1:95785738	1.0	95785738	95785738	0
97	1:96680502	1:96680502	1.0	96680502	96680502	0
97	1:96693598	1:96693598	1.0	96693598	96693598	0
97	1:96719188	1:96719188	1.0	96719188	96719188	0
97	1:96762844	1:96762844	1.0	96762844	96762844	0
97	1:96807358	1:96807358	1.0	96807358	96807358	0
97	1:96853576	1:96853576	1.0	96853576	96853576	0
97	1:96861129	1:96861129	1.0	96861129	96861129	0
97	1:96872544	1:96872544	1.0	96872544	96872544	0
97	1:96432868	1:96432868	1.0	96432868	96432868	0
97	1:96435124	1:96435124	1.0	96435124	96435124	0
97	1:96471345	1:96471345	1.0	96471345	96471345	0
97	1:96504947	1:96504947	1.0	96504947	96504947	0
97	1:96528175	1:96528175	1.0	96528175	96528175	0
97	1:96555358	1:96555358	1.0	96555358	96555358	0
97	1:96647041	1:96647041	1.0	96647041	96647041	0
97	1:96662503	1:96662503	1.0	96662503	96662503	0
97	1:96355771	1:96355771	1.0	96355771	96355771	0
97	1:96362499	1:96362499	1.0	96362499	96362499	0
97	1:96363346	1:96363346	1.0	96363346	96363346	0
97	1:96383191	1:96383191	1.0	96383191	96383191	0
97	1:96396875	1:96396875	1.0	96396875	96396875	0
97	1:96414083	1:96414083	1.0	96414083	96414083	0
97	1:96428274	1:96428274	1.0	96428274	96428274	0
97	1:96430693	1:96430693	1.0	96430693	96430693	0
97	1:96251454	1:96251454	1.0	96251454	96251454	0
97	1:96287284	1:96287284	1.0	96287284	96287284	0
97	1:96292969	1:96292969	1.0	96292969	96292969	0
97	1:96302108	1:96302108	1.0	96302108	96302108	0
97	1:96318452	1:96318452	1.0	96318452	96318452	0
97	1:96319576	1:96319576	1.0	96319576	96319576	0
97	1:96337131	1:96337131	1.0	96337131	96337131	0
97	1:96337875	1:96337875	1.0	96337875	96337875	0
98	1:97271235	1:97271235	1.0	97271235	97271235	0
98	1:97278999	1:97278999	1.0	97278999	97278999	0
98	1:97333683	1:97333683	1.0	97333683	97333683	0
98	1:97357396	1:97357396	1.0	97357396	97357396	0
98	1:97359076	1:97359076	1.0	97359076	97359076	0
98	1:97386989	1:97386989	1.0	97386989	97386989	0
98	1:97447073	1:97447073	1.0	97447073	97447073	0
98	1:97453339	1:97453339	1.0	97453339	97453339	0
98	1:97148567	1:97148567	1.0	97148567	97148567	0
98	1:97163885	1:97163885	1.0	97163885	97163885	0
98	1:97169329	1:97169329	1.0	97169329	97169329	0
98	1:97218461	1:97218461	1.0	97218461	97218461	0
98	1:97219179	1:97219179	1.0	97219179	97219179	0
98	1:97223098	1:97223098	1.0	97223098	97223098	0
98	1:97224671	1:97224671	1.0	97224671	97224671	0
98	1:97270618	1:97270618	1.0	97270618	97270618	0
98	1:97081235	1:97081235	1.0	97081235	97081235	0
98	1:97084643	1:97084643	1.0	97084643	97084643	0
98	1:97101536	1:97101536	1.0	97101536	97101536	0
98	1:97109466	1:97109466	1.0	97109466	97109466	0
98	1:97117136	1:97117136	1.0	97117136	97117136	0
98	1:97119436	1:97119436	1.0	97119436	97119436	0
98	1:97136682	1:97136682	1.0	97136682	97136682	0
98	1:97147243	1:97147243	1.0	97147243	97147243	0
97	1:96913748	1:96913748	1.0	96913748	96913748	0
97	1:96913965	1:96913965	1.0	96913965	96913965	0
97	1:96946088	1:96946088	1.0	96946088	96946088	0
97	1:96949040	1:96949040	1.0	96949040	96949040	0
97	1:96953083	1:96953083	1.0	96953083	96953083	0
97	1:96965755	1:96965755	1.0	96965755	96965755	0
97	1:96971360	1:96971360	1.0	96971360	96971360	0
98	1:97042182	1:97042182	1.0	97042182	97042182	0
98	1:97868750	1:97868750	1.0	97868750	97868750	0
98	1:97916578	1:97916578	1.0	97916578	97916578	0
98	1:97935969	1:97935969	1.0	97935969	97935969	0
98	1:97966397	1:97966397	1.0	97966397	97966397	0
99	1:98000185	1:98000185	1.0	98000185	98000185	0
99	1:98023087	1:98023087	1.0	98023087	98023087	0
99	1:98082552	1:98082552	1.0	98082552	98082552	0
99	1:98090212	1:98090212	1.0	98090212	98090212	0
98	1:97679571	1:97679571	1.0	97679571	97679571	0
98	1:97684849	1:97684849	1.0	97684849	97684849	0
98	1:97695395	1:97695395	1.0	97695395	97695395	0
98	1:97709344	1:97709344	1.0	97709344	97709344	0
98	1:97713192	1:97713192	1.0	97713192	97713192	0
98	1:97814585	1:97814585	1.0	97814585	97814585	0
98	1:97835284	1:97835284	1.0	97835284	97835284	0
98	1:97840528	1:97840528	1.0	97840528	97840528	0
98	1:97552342	1:97552342	1.0	97552342	97552342	0
98	1:97576440	1:97576440	1.0	97576440	97576440	0
98	1:97604557	1:97604557	1.0	97604557	97604557	0
98	1:97611640	1:97611640	1.0	97611640	97611640	0
98	1:97618115	1:97618115	1.0	97618115	97618115	0
98	1:97636745	1:97636745	1.0	97636745	97636745	0
98	1:97645785	1:97645785	1.0	97645785	97645785	0
98	1:97663675	1:97663675	1.0	97663675	97663675	0
98	1:97463613	1:97463613	1.0	97463613	97463613	0
98	1:97471422	1:97471422	1.0	97471422	97471422	0
98	1:97480309	1:97480309	1.0	97480309	97480309	0
98	1:97483913	1:97483913	1.0	97483913	97483913	0
98	1:97530332	1:97530332	1.0	97530332	97530332	0
98	1:97532312	1:97532312	1.0	97532312	97532312	0
98	1:97542622	1:97542622	1.0	97542622	97542622	0
98	1:97545292	1:97545292	1.0	97545292	97545292	0
99	1:98621292	1:98621292	1.0	98621292	98621292	0
99	1:98683380	1:98683380	1.0	98683380	98683380	0
99	1:98689998	1:98689998	1.0	98689998	98689998	0
99	1:98699317	1:98699317	1.0	98699317	98699317	0
99	1:98699386	1:98699386	1.0	98699386	98699386	0
99	1:98716168	1:98716168	1.0	98716168	98716168	0
99	1:98727226	1:98727226	1.0	98727226	98727226	0
99	1:98750924	1:98750924	1.0	98750924	98750924	0
99	1:98447023	1:98447023	1.0	98447023	98447023	0
99	1:98475025	1:98475025	1.0	98475025	98475025	0
99	1:98494732	1:98494732	1.0	98494732	98494732	0
99	1:98495676	1:98495676	1.0	98495676	98495676	0
99	1:98513417	1:98513417	1.0	98513417	98513417	0
99	1:98552585	1:98552585	1.0	98552585	98552585	0
99	1:98564006	1:98564006	1.0	98564006	98564006	0
99	1:98609787	1:98609787	1.0	98609787	98609787	0
99	1:98164034	1:98164034	1.0	98164034	98164034	0
99	1:98175526	1:98175526	1.0	98175526	98175526	0
99	1:98208176	1:98208176	1.0	98208176	98208176	0
99	1:98309742	1:98309742	1.0	98309742	98309742	0
99	1:98328227	1:98328227	1.0	98328227	98328227	0
99	1:98356099	1:98356099	1.0	98356099	98356099	0
99	1:98388389	1:98388389	1.0	98388389	98388389	0
99	1:98437176	1:98437176	1.0	98437176	98437176	0
99	1:98102805	1:98102805	1.0	98102805	98102805	0
99	1:98116601	1:98116601	1.0	98116601	98116601	0
99	1:98129092	1:98129092	1.0	98129092	98129092	0
99	1:98138204	1:98138204	1.0	98138204	98138204	0
99	1:98138588	1:98138588	1.0	98138588	98138588	0
99	1:98149956	1:98149956	1.0	98149956	98149956	0
99	1:98158748	1:98158748	1.0	98158748	98158748	0
99	1:98159689	1:98159689	1.0	98159689	98159689	0
100	1:99231167	1:99231167	1.0	99231167	99231167	0
100	1:99239567	1:99239567	1.0	99239567	99239567	0
100	1:99258630	1:99258630	1.0	99258630	99258630	0
100	1:99276817	1:99276817	1.0	99276817	99276817	0
100	1:99294097	1:99294097	1.0	99294097	99294097	0
100	1:99325369	1:99325369	1.0	99325369	99325369	0
100	1:99329606	1:99329606	1.0	99329606	99329606	0
100	1:99380749	1:99380749	1.0	99380749	99380749	0
100	1:99065242	1:99065242	1.0	99065242	99065242	0
100	1:99088365	1:99088365	1.0	99088365	99088365	0
100	1:99136587	1:99136587	1.0	99136587	99136587	0
100	1:99148149	1:99148149	1.0	99148149	99148149	0
100	1:99157605	1:99157605	1.0	99157605	99157605	0
100	1:99166686	1:99166686	1.0	99166686	99166686	0
100	1:99204498	1:99204498	1.0	99204498	99204498	0
100	1:99223554	1:99223554	1.0	99223554	99223554	0
99	1:98881317	1:98881317	1.0	98881317	98881317	0
99	1:98915452	1:98915452	1.0	98915452	98915452	0
99	1:98928586	1:98928586	1.0	98928586	98928586	0
99	1:98949216	1:98949216	1.0	98949216	98949216	0
99	1:98953877	1:98953877	1.0	98953877	98953877	0
100	1:99017427	1:99017427	1.0	99017427	99017427	0
100	1:99041729	1:99041729	1.0	99041729	99041729	0
100	1:99052377	1:99052377	1.0	99052377	99052377	0
99	1:98752513	1:98752513	1.0	98752513	98752513	0
99	1:98798221	1:98798221	1.0	98798221	98798221	0
99	1:98806998	1:98806998	1.0	98806998	98806998	0
99	1:98808333	1:98808333	1.0	98808333	98808333	0
99	1:98814053	1:98814053	1.0	98814053	98814053	0
99	1:98816022	1:98816022	1.0	98816022	98816022	0
99	1:98820871	1:98820871	1.0	98820871	98820871	0
99	1:98871650	1:98871650	1.0	98871650	98871650	0
100	1:99831175	1:99831175	1.0	99831175	99831175	0
100	1:99835004	1:99835004	1.0	99835004	99835004	0
100	1:99846479	1:99846479	1.0	99846479	99846479	0
100	1:99898907	1:99898907	1.0	99898907	99898907	0
100	1:99907920	1:99907920	1.0	99907920	99907920	0
100	1:99952218	1:99952218	1.0	99952218	99952218	0
100	1:99952810	1:99952810	1.0	99952810	99952810	0
100	1:99967872	1:99967872	1.0	99967872	99967872	0
100	1:99562054	1:99562054	1.0	99562054	99562054	0
100	1:99564558	1:99564558	1.0	99564558	99564558	0
100	1:99572256	1:99572256	1.0	99572256	99572256	0
100	1:99588290	1:99588290	1.0	99588290	99588290	0
100	1:99664568	1:99664568	1.0	99664568	99664568	0
100	1:99669345	1:99669345	1.0	99669345	99669345	0
100	1:99759772	1:99759772	1.0	99759772	99759772	0
100	1:99806724	1:99806724	1.0	99806724	99806724	0
100	1:99480844	1:99480844	1.0	99480844	99480844	0
100	1:99483855	1:99483855	1.0	99483855	99483855	0
100	1:99488881	1:99488881	1.0	99488881	99488881	0
100	1:99508799	1:99508799	1.0	99508799	99508799	0
100	1:99530870	1:99530870	1.0	99530870	99530870	0
100	1:99543167	1:99543167	1.0	99543167	99543167	0
100	1:99544110	1:99544110	1.0	99544110	99544110	0
100	1:99548438	1:99548438	1.0	99548438	99548438	0
100	1:99388759	1:99388759	1.0	99388759	99388759	0
100	1:99393569	1:99393569	1.0	99393569	99393569	0
100	1:99399695	1:99399695	1.0	99399695	99399695	0
100	1:99402014	1:99402014	1.0	99402014	99402014	0
100	1:99412719	1:99412719	1.0	99412719	99412719	0
100	1:99420083	1:99420083	1.0	99420083	99420083	0
100	1:99463912	1:99463912	1.0	99463912	99463912	0
100	1:99471733	1:99471733	1.0	99471733	99471733	0
101	1:100355595	1:100355595	1.0	100355595	100355595	0
101	1:100357450	1:100357450	1.0	100357450	100357450	0
101	1:100358807	1:100358807	1.0	100358807	100358807	0
101	1:100360187	1:100360187	1.0	100360187	100360187	0
101	1:100374805	1:100374805	1.0	100374805	100374805	0
101	1:100430579	1:100430579	1.0	100430579	100430579	0
101	1:100435301	1:100435301	1.0	100435301	100435301	0
101	1:100436581	1:100436581	1.0	100436581	100436581	0
101	1:100200010	1:100200010	1.0	100200010	100200010	0
101	1:100258282	1:100258282	1.0	100258282	100258282	0
101	1:100270069	1:100270069	1.0	100270069	100270069	0
101	1:100296498	1:100296498	1.0	100296498	100296498	0
101	1:100312733	1:100312733	1.0	100312733	100312733	0
101	1:100324397	1:100324397	1.0	100324397	100324397	0
101	1:100346633	1:100346633	1.0	100346633	100346633	0
101	1:100350986	1:100350986	1.0	100350986	100350986	0
101	1:100095392	1:100095392	1.0	100095392	100095392	0
101	1:100116318	1:100116318	1.0	100116318	100116318	0
101	1:100141651	1:100141651	1.0	100141651	100141651	0
101	1:100143657	1:100143657	1.0	100143657	100143657	0
101	1:100145810	1:100145810	1.0	100145810	100145810	0
101	1:100150073	1:100150073	1.0	100150073	100150073	0
101	1:100168601	1:100168601	1.0	100168601	100168601	0
101	1:100184104	1:100184104	1.0	100184104	100184104	0
100	1:99981545	1:99981545	1.0	99981545	99981545	0
100	1:99983153	1:99983153	1.0	99983153	99983153	0
100	1:99989205	1:99989205	1.0	99989205	99989205	0
100	1:99993265	1:99993265	1.0	99993265	99993265	0
101	1:100018553	1:100018553	1.0	100018553	100018553	0
101	1:100043116	1:100043116	1.0	100043116	100043116	0
101	1:100051345	1:100051345	1.0	100051345	100051345	0
101	1:100072440	1:100072440	1.0	100072440	100072440	0
101	1:100927534	1:100927534	1.0	100927534	100927534	0
101	1:100936443	1:100936443	1.0	100936443	100936443	0
101	1:100945151	1:100945151	1.0	100945151	100945151	0
101	1:100945437	1:100945437	1.0	100945437	100945437	0
101	1:100952087	1:100952087	1.0	100952087	100952087	0
101	1:100952431	1:100952431	1.0	100952431	100952431	0
101	1:100981705	1:100981705	1.0	100981705	100981705	0
101	1:100990656	1:100990656	1.0	100990656	100990656	0
101	1:100733760	1:100733760	1.0	100733760	100733760	0
101	1:100766652	1:100766652	1.0	100766652	100766652	0
101	1:100781330	1:100781330	1.0	100781330	100781330	0
101	1:100797742	1:100797742	1.0	100797742	100797742	0
101	1:100816296	1:100816296	1.0	100816296	100816296	0
101	1:100846359	1:100846359	1.0	100846359	100846359	0
101	1:100851068	1:100851068	1.0	100851068	100851068	0
101	1:100923413	1:100923413	1.0	100923413	100923413	0
101	1:100544913	1:100544913	1.0	100544913	100544913	0
101	1:100588766	1:100588766	1.0	100588766	100588766	0
101	1:100627380	1:100627380	1.0	100627380	100627380	0
101	1:100644439	1:100644439	1.0	100644439	100644439	0
101	1:100664214	1:100664214	1.0	100664214	100664214	0
101	1:100706882	1:100706882	1.0	100706882	100706882	0
101	1:100712412	1:100712412	1.0	100712412	100712412	0
101	1:100727620	1:100727620	1.0	100727620	100727620	0
101	1:100463185	1:100463185	1.0	100463185	100463185	0
101	1:100480683	1:100480683	1.0	100480683	100480683	0
101	1:100490584	1:100490584	1.0	100490584	100490584	0
101	1:100527079	1:100527079	1.0	100527079	100527079	0
101	1:100531502	1:100531502	1.0	100531502	100531502	0
101	1:100532609	1:100532609	1.0	100532609	100532609	0
101	1:100533814	1:100533814	1.0	100533814	100533814	0
101	1:100536662	1:100536662	1.0	100536662	100536662	0
102	1:101616419	1:101616419	1.0	101616419	101616419	0
102	1:101617777	1:101617777	1.0	101617777	101617777	0
102	1:101629946	1:101629946	1.0	101629946	101629946	0
102	1:101630641	1:101630641	1.0	101630641	101630641	0
102	1:101631913	1:101631913	1.0	101631913	101631913	0
102	1:101642133	1:101642133	1.0	101642133	101642133	0
102	1:101648554	1:101648554	1.0	101648554	101648554	0
102	1:101670590	1:101670590	1.0	101670590	101670590	0
102	1:101437249	1:101437249	1.0	101437249	101437249	0
102	1:101475758	1:101475758	1.0	101475758	101475758	0
102	1:101501300	1:101501300	1.0	101501300	101501300	0
102	1:101513647	1:101513647	1.0	101513647	101513647	0
102	1:101526960	1:101526960	1.0	101526960	101526960	0
102	1:101528553	1:101528553	1.0	101528553	101528553	0
102	1:101573978	1:101573978	1.0	101573978	101573978	0
102	1:101605065	1:101605065	1.0	101605065	101605065	0
102	1:101233748	1:101233748	1.0	101233748	101233748	0
102	1:101255929	1:101255929	1.0	101255929	101255929	0
102	1:101338807	1:101338807	1.0	101338807	101338807	0
102	1:101339593	1:101339593	1.0	101339593	101339593	0
102	1:101352853	1:101352853	1.0	101352853	101352853	0
102	1:101368772	1:101368772	1.0	101368772	101368772	0
102	1:101370986	1:101370986	1.0	101370986	101370986	0
102	1:101414815	1:101414815	1.0	101414815	101414815	0
102	1:101051373	1:101051373	1.0	101051373	101051373	0
102	1:101065987	1:101065987	1.0	101065987	101065987	0
102	1:101098774	1:101098774	1.0	101098774	101098774	0
102	1:101121595	1:101121595	1.0	101121595	101121595	0
102	1:101164454	1:101164454	1.0	101164454	101164454	0
102	1:101181646	1:101181646	1.0	101181646	101181646	0
102	1:101192011	1:101192011	1.0	101192011	101192011	0
102	1:101213519	1:101213519	1.0	101213519	101213519	0
103	1:102325206	1:102325206	1.0	102325206	102325206	0
103	1:102368512	1:102368512	1.0	102368512	102368512	0
103	1:102370314	1:102370314	1.0	102370314	102370314	0
103	1:102374969	1:102374969	1.0	102374969	102374969	0
103	1:102393382	1:102393382	1.0	102393382	102393382	0
103	1:102393525	1:102393525	1.0	102393525	102393525	0
103	1:102400392	1:102400392	1.0	102400392	102400392	0
103	1:102423759	1:102423759	1.0	102423759	102423759	0
103	1:102197323	1:102197323	1.0	102197323	102197323	0
103	1:102202897	1:102202897	1.0	102202897	102202897	0
103	1:102225815	1:102225815	1.0	102225815	102225815	0
103	1:102285869	1:102285869	1.0	102285869	102285869	0
103	1:102294404	1:102294404	1.0	102294404	102294404	0
103	1:102310008	1:102310008	1.0	102310008	102310008	0
103	1:102318050	1:102318050	1.0	102318050	102318050	0
103	1:102318313	1:102318313	1.0	102318313	102318313	0
102	1:101958226	1:101958226	1.0	101958226	101958226	0
103	1:102050277	1:102050277	1.0	102050277	102050277	0
103	1:102077763	1:102077763	1.0	102077763	102077763	0
103	1:102081472	1:102081472	1.0	102081472	102081472	0
103	1:102118205	1:102118205	1.0	102118205	102118205	0
103	1:102137917	1:102137917	1.0	102137917	102137917	0
103	1:102153333	1:102153333	1.0	102153333	102153333	0
103	1:102182900	1:102182900	1.0	102182900	102182900	0
102	1:101709458	1:101709458	1.0	101709458	101709458	0
102	1:101750177	1:101750177	1.0	101750177	101750177	0
102	1:101757613	1:101757613	1.0	101757613	101757613	0
102	1:101878799	1:101878799	1.0	101878799	101878799	0
102	1:101918861	1:101918861	1.0	101918861	101918861	0
102	1:101926049	1:101926049	1.0	101926049	101926049	0
102	1:101927431	1:101927431	1.0	101927431	101927431	0
102	1:101934597	1:101934597	1.0	101934597	101934597	0
103	1:102983781	1:102983781	1.0	102983781	102983781	0
103	1:102985763	1:102985763	1.0	102985763	102985763	0
103	1:102989430	1:102989430	1.0	102989430	102989430	0
104	1:103009001	1:103009001	1.0	103009001	103009001	0
104	1:103042204	1:103042204	1.0	103042204	103042204	0
104	1:103044229	1:103044229	1.0	103044229	103044229	0
104	1:103078099	1:103078099	1.0	103078099	103078099	0
104	1:103083861	1:103083861	1.0	103083861	103083861	0
103	1:102846223	1:102846223	1.0	102846223	102846223	0
103	1:102855911	1:102855911	1.0	102855911	102855911	0
103	1:102867961	1:102867961	1.0	102867961	102867961	0
103	1:102892477	1:102892477	1.0	102892477	102892477	0
103	1:102912285	1:102912285	1.0	102912285	102912285	0
103	1:102932339	1:102932339	1.0	102932339	102932339	0
103	1:102961202	1:102961202	1.0	102961202	102961202	0
103	1:102982421	1:102982421	1.0	102982421	102982421	0
103	1:102610090	1:102610090	1.0	102610090	102610090	0
103	1:102623881	1:102623881	1.0	102623881	102623881	0
103	1:102645540	1:102645540	1.0	102645540	102645540	0
103	1:102653265	1:102653265	1.0	102653265	102653265	0
103	1:102676445	1:102676445	1.0	102676445	102676445	0
103	1:102739772	1:102739772	1.0	102739772	102739772	0
103	1:102755398	1:102755398	1.0	102755398	102755398	0
103	1:102845203	1:102845203	1.0	102845203	102845203	0
103	1:102447303	1:102447303	1.0	102447303	102447303	0
103	1:102486041	1:102486041	1.0	102486041	102486041	0
103	1:102512693	1:102512693	1.0	102512693	102512693	0
103	1:102522879	1:102522879	1.0	102522879	102522879	0
103	1:102542787	1:102542787	1.0	102542787	102542787	0
103	1:102562351	1:102562351	1.0	102562351	102562351	0
103	1:102572099	1:102572099	1.0	102572099	102572099	0
103	1:102598387	1:102598387	1.0	102598387	102598387	0
104	1:103496849	1:103496849	1.0	103496849	103496849	0
104	1:103509527	1:103509527	1.0	103509527	103509527	0
104	1:103527090	1:103527090	1.0	103527090	103527090	0
104	1:103545074	1:103545074	1.0	103545074	103545074	0
104	1:103566930	1:103566930	1.0	103566930	103566930	0
104	1:103568238	1:103568238	1.0	103568238	103568238	0
104	1:103571353	1:103571353	1.0	103571353	103571353	0
104	1:103615017	1:103615017	1.0	103615017	103615017	0
104	1:103357584	1:103357584	1.0	103357584	103357584	0
104	1:103358243	1:103358243	1.0	103358243	103358243	0
104	1:103366291	1:103366291	1.0	103366291	103366291	0
104	1:103375090	1:103375090	1.0	103375090	103375090	0
104	1:103386705	1:103386705	1.0	103386705	103386705	0
104	1:103399879	1:103399879	1.0	103399879	103399879	0
104	1:103401243	1:103401243	1.0	103401243	103401243	0
104	1:103453655	1:103453655	1.0	103453655	103453655	0
104	1:103276572	1:103276572	1.0	103276572	103276572	0
104	1:103312087	1:103312087	1.0	103312087	103312087	0
104	1:103316390	1:103316390	1.0	103316390	103316390	0
104	1:103319268	1:103319268	1.0	103319268	103319268	0
104	1:103326058	1:103326058	1.0	103326058	103326058	0
104	1:103326343	1:103326343	1.0	103326343	103326343	0
104	1:103328046	1:103328046	1.0	103328046	103328046	0
104	1:103339814	1:103339814	1.0	103339814	103339814	0
104	1:103090837	1:103090837	1.0	103090837	103090837	0
104	1:103119367	1:103119367	1.0	103119367	103119367	0
104	1:103136496	1:103136496	1.0	103136496	103136496	0
104	1:103177696	1:103177696	1.0	103177696	103177696	0
104	1:103221528	1:103221528	1.0	103221528	103221528	0
104	1:103230884	1:103230884	1.0	103230884	103230884	0
104	1:103231400	1:103231400	1.0	103231400	103231400	0
104	1:103233763	1:103233763	1.0	103233763	103233763	0
105	1:104884335	1:104884335	1.0	104884335	104884335	0
105	1:104892512	1:104892512	1.0	104892512	104892512	0
105	1:104904658	1:104904658	1.0	104904658	104904658	0
105	1:104953994	1:104953994	1.0	104953994	104953994	0
105	1:104981219	1:104981219	1.0	104981219	104981219	0
105	1:104982750	1:104982750	1.0	104982750	104982750	0
105	1:104998815	1:104998815	1.0	104998815	104998815	0
1	1:442940	1:442940	1.0	442940	442940	0
105	1:104772842	1:104772842	1.0	104772842	104772842	0
105	1:104779108	1:104779108	1.0	104779108	104779108	0
105	1:104800567	1:104800567	1.0	104800567	104800567	0
105	1:104812184	1:104812184	1.0	104812184	104812184	0
105	1:104821846	1:104821846	1.0	104821846	104821846	0
105	1:104843600	1:104843600	1.0	104843600	104843600	0
105	1:104860868	1:104860868	1.0	104860868	104860868	0
105	1:104883756	1:104883756	1.0	104883756	104883756	0
105	1:104561903	1:104561903	1.0	104561903	104561903	0
105	1:104600567	1:104600567	1.0	104600567	104600567	0
105	1:104611698	1:104611698	1.0	104611698	104611698	0
105	1:104662991	1:104662991	1.0	104662991	104662991	0
105	1:104680433	1:104680433	1.0	104680433	104680433	0
105	1:104703776	1:104703776	1.0	104703776	104703776	0
105	1:104755394	1:104755394	1.0	104755394	104755394	0
105	1:104763909	1:104763909	1.0	104763909	104763909	0
105	1:104436259	1:104436259	1.0	104436259	104436259	0
105	1:104463612	1:104463612	1.0	104463612	104463612	0
105	1:104476567	1:104476567	1.0	104476567	104476567	0
105	1:104503144	1:104503144	1.0	104503144	104503144	0
105	1:104541660	1:104541660	1.0	104541660	104541660	0
105	1:104544290	1:104544290	1.0	104544290	104544290	0
105	1:104554448	1:104554448	1.0	104554448	104554448	0
105	1:104559255	1:104559255	1.0	104559255	104559255	0
1	1:879460	1:879460	1.0	879460	879460	0
1	1:909246	1:909246	1.0	909246	909246	0
1	1:917473	1:917473	1.0	917473	917473	0
1	1:947273	1:947273	1.0	947273	947273	0
1	1:953693	1:953693	1.0	953693	953693	0
1	1:953960	1:953960	1.0	953960	953960	0
1	1:955206	1:955206	1.0	955206	955206	0
1	1:973738	1:973738	1.0	973738	973738	0
1	1:737955	1:737955	1.0	737955	737955	0
1	1:749972	1:749972	1.0	749972	749972	0
1	1:769599	1:769599	1.0	769599	769599	0
1	1:797969	1:797969	1.0	797969	797969	0
1	1:803329	1:803329	1.0	803329	803329	0
1	1:805114	1:805114	1.0	805114	805114	0
1	1:809179	1:809179	1.0	809179	809179	0
1	1:814423	1:814423	1.0	814423	814423	0
1	1:571651	1:571651	1.0	571651	571651	0
1	1:578527	1:578527	1.0	578527	578527	0
1	1:605410	1:605410	1.0	605410	605410	0
1	1:611214	1:611214	1.0	611214	611214	0
1	1:647297	1:647297	1.0	647297	647297	0
1	1:658004	1:658004	1.0	658004	658004	0
1	1:692925	1:692925	1.0	692925	692925	0
1	1:734276	1:734276	1.0	734276	734276	0
1	1:448346	1:448346	1.0	448346	448346	0
1	1:449396	1:449396	1.0	449396	449396	0
1	1:460797	1:460797	1.0	460797	460797	0
1	1:484274	1:484274	1.0	484274	484274	0
1	1:529526	1:529526	1.0	529526	529526	0
1	1:537978	1:537978	1.0	537978	537978	0
1	1:549149	1:549149	1.0	549149	549149	0
1	1:566089	1:566089	1.0	566089	566089	0
