id	father	mother
1	0	0
2	0	0
3	0	0
4	0	0
5	0	0
6	0	0
7	0	0
8	0	0
9	0	0
10	0	0
11	0	0
12	0	0
13	0	0
14	0	0
15	0	0
16	0	0
17	0	0
18	0	0
19	0	0
20	0	0
21	0	0
22	0	0
23	0	0
24	0	0
25	0	0
26	0	0
27	0	0
28	0	0
29	0	0
30	0	0
31	0	0
32	0	0
33	0	0
34	0	0
35	0	0
36	0	0
37	0	0
38	0	0
39	0	0
40	0	0
41	0	0
42	0	0
43	0	0
44	0	0
45	0	0
46	0	0
47	0	0
48	0	0
49	0	0
50	0	0
51	0	0
52	0	0
53	0	0
54	0	0
55	0	0
56	0	0
57	0	0
58	0	0
59	0	0
60	0	0
61	0	0
62	0	0
63	0	0
64	0	0
65	0	0
66	0	0
67	0	0
68	0	0
69	0	0
70	0	0
71	0	0
72	0	0
73	0	0
74	0	0
75	0	0
76	0	0
77	0	0
78	0	0
79	0	0
80	0	0
81	0	0
82	0	0
83	0	0
84	0	0
85	0	0
86	0	0
87	0	0
88	0	0
89	0	0
90	0	0
91	0	0
92	0	0
93	0	0
94	0	0
95	0	0
96	0	0
97	0	0
98	0	0
99	0	0
100	0	0
101	0	0
102	0	0
103	0	0
104	0	0
105	0	0
106	0	0
107	0	0
108	0	0
109	0	0
110	0	0
111	0	0
112	0	0
113	0	0
114	0	0
115	0	0
116	0	0
117	0	0
118	0	0
119	0	0
120	0	0
121	0	0
122	0	0
123	0	0
124	0	0
125	0	0
126	0	0
127	0	0
128	0	0
129	0	0
130	0	0
131	0	0
132	0	0
133	0	0
134	0	0
135	0	0
136	0	0
137	0	0
138	0	0
139	0	0
140	0	0
141	0	0
142	0	0
143	0	0
144	0	0
145	0	0
146	0	0
147	0	0
148	0	0
149	0	0
150	0	0
151	0	0
152	0	0
153	0	0
154	0	0
155	0	0
156	0	0
157	0	0
158	0	0
159	0	0
160	0	0
161	0	0
162	0	0
163	0	0
164	0	0
165	0	0
166	0	0
167	0	0
168	0	0
169	0	0
170	0	0
171	0	0
172	0	0
173	0	0
174	0	0
175	0	0
176	0	0
177	0	0
178	0	0
179	0	0
180	0	0
181	0	0
182	0	0
183	0	0
184	0	0
185	0	0
186	0	0
187	0	0
188	0	0
189	0	0
190	0	0
191	0	0
192	0	0
193	0	0
194	0	0
195	0	0
196	0	0
197	0	0
198	0	0
199	0	0
200	0	0
201	0	0
202	0	0
203	0	0
204	0	0
205	0	0
206	0	0
207	0	0
208	0	0
209	0	0
210	0	0
211	0	0
212	0	0
213	0	0
214	0	0
215	0	0
216	0	0
217	0	0
218	0	0
219	0	0
220	0	0
221	0	0
222	0	0
223	0	0
224	0	0
225	0	0
226	0	0
227	0	0
228	0	0
229	0	0
230	0	0
231	0	0
232	0	0
233	0	0
234	0	0
235	0	0
236	0	0
237	0	0
238	0	0
239	0	0
240	0	0
241	0	0
242	0	0
243	0	0
244	0	0
245	0	0
246	0	0
247	0	0
248	0	0
249	0	0
250	0	0
251	0	0
252	0	0
253	0	0
254	0	0
255	0	0
256	0	0
257	0	0
258	0	0
259	0	0
260	0	0
261	0	0
262	0	0
263	0	0
264	0	0
265	0	0
266	0	0
267	0	0
268	0	0
269	0	0
270	0	0
271	0	0
272	0	0
273	0	0
274	0	0
275	0	0
276	0	0
277	0	0
278	0	0
279	0	0
280	0	0
281	0	0
282	0	0
283	0	0
284	0	0
285	0	0
286	0	0
287	0	0
288	0	0
289	0	0
290	0	0
291	0	0
292	0	0
293	0	0
294	0	0
295	0	0
296	0	0
297	0	0
298	0	0
299	0	0
300	0	0
301	0	0
302	0	0
303	0	0
304	0	0
305	0	0
306	0	0
307	0	0
308	0	0
309	0	0
310	0	0
311	0	0
312	0	0
313	0	0
314	0	0
315	0	0
316	0	0
317	0	0
318	0	0
319	0	0
320	0	0
321	0	0
322	0	0
323	0	0
324	0	0
325	0	0
326	0	0
327	0	0
328	0	0
329	0	0
330	0	0
331	0	0
332	0	0
333	0	0
334	0	0
335	0	0
336	0	0
337	0	0
338	0	0
339	0	0
340	0	0
341	0	0
342	0	0
343	0	0
344	0	0
345	0	0
346	0	0
347	0	0
348	0	0
349	0	0
350	0	0
351	0	0
352	0	0
353	0	0
354	0	0
355	0	0
356	0	0
357	0	0
358	0	0
359	0	0
360	0	0
361	0	0
362	0	0
363	0	0
364	0	0
365	0	0
366	0	0
367	0	0
368	0	0
369	0	0
370	0	0
371	0	0
372	0	0
373	0	0
374	0	0
375	0	0
376	0	0
377	0	0
378	0	0
379	0	0
380	0	0
381	0	0
382	0	0
383	0	0
384	0	0
385	0	0
386	0	0
387	0	0
388	0	0
389	0	0
390	0	0
391	0	0
392	0	0
393	0	0
394	0	0
395	0	0
396	0	0
397	0	0
398	0	0
399	0	0
400	0	0
401	0	0
402	0	0
403	0	0
404	0	0
405	0	0
406	0	0
407	0	0
408	0	0
409	0	0
410	0	0
411	0	0
412	0	0
413	0	0
414	0	0
415	0	0
416	0	0
417	0	0
418	0	0
419	0	0
420	0	0
421	0	0
422	0	0
423	0	0
424	0	0
425	0	0
426	0	0
427	0	0
428	0	0
429	0	0
430	0	0
431	0	0
432	0	0
433	0	0
434	0	0
435	0	0
436	0	0
437	0	0
438	0	0
439	0	0
440	0	0
441	0	0
442	0	0
443	0	0
444	0	0
445	0	0
446	0	0
447	0	0
448	0	0
449	0	0
450	0	0
451	0	0
452	0	0
453	0	0
454	0	0
455	0	0
456	0	0
457	0	0
458	0	0
459	0	0
460	0	0
461	0	0
462	0	0
463	0	0
464	0	0
465	0	0
466	0	0
467	0	0
468	0	0
469	0	0
470	0	0
471	0	0
472	0	0
473	0	0
474	0	0
475	0	0
476	0	0
477	0	0
478	0	0
479	0	0
480	0	0
481	0	0
482	0	0
483	0	0
484	0	0
485	0	0
486	0	0
487	0	0
488	0	0
489	0	0
490	0	0
491	0	0
492	0	0
493	0	0
494	0	0
495	0	0
496	0	0
497	0	0
498	0	0
499	0	0
500	0	0
501	0	0
502	0	0
503	0	0
504	0	0
505	0	0
506	0	0
507	0	0
508	0	0
509	0	0
510	0	0
511	0	0
512	0	0
513	0	0
514	0	0
515	0	0
516	0	0
517	0	0
518	0	0
519	0	0
520	0	0
521	0	0
522	0	0
523	0	0
524	0	0
525	0	0
526	0	0
527	0	0
528	0	0
529	0	0
530	0	0
531	0	0
532	0	0
533	0	0
534	0	0
535	0	0
536	0	0
537	0	0
538	0	0
539	0	0
540	0	0
541	0	0
542	0	0
543	0	0
544	0	0
545	0	0
546	0	0
547	0	0
548	0	0
549	0	0
550	0	0
551	0	0
552	0	0
553	0	0
554	0	0
555	0	0
556	0	0
557	0	0
558	0	0
559	0	0
560	0	0
561	0	0
562	0	0
563	0	0
564	0	0
565	0	0
566	0	0
567	0	0
568	0	0
569	0	0
570	0	0
571	0	0
572	0	0
573	0	0
574	0	0
575	0	0
576	0	0
577	0	0
578	0	0
579	0	0
580	0	0
581	0	0
582	0	0
583	0	0
584	0	0
585	0	0
586	0	0
587	0	0
588	0	0
589	0	0
590	0	0
591	0	0
592	0	0
593	0	0
594	0	0
595	0	0
596	0	0
597	0	0
598	0	0
599	0	0
600	0	0
601	0	0
602	0	0
603	0	0
604	0	0
605	0	0
606	0	0
607	0	0
608	0	0
609	0	0
610	0	0
611	0	0
612	0	0
613	0	0
614	0	0
615	0	0
616	0	0
617	0	0
618	0	0
619	0	0
620	0	0
621	0	0
622	0	0
623	0	0
624	0	0
625	0	0
626	0	0
627	0	0
628	0	0
629	0	0
630	0	0
631	0	0
632	0	0
633	0	0
634	0	0
635	0	0
636	0	0
637	0	0
638	0	0
639	0	0
640	0	0
641	0	0
642	0	0
643	0	0
644	0	0
645	0	0
646	0	0
647	0	0
648	0	0
649	0	0
650	0	0
651	0	0
652	0	0
653	0	0
654	0	0
655	0	0
656	0	0
657	0	0
658	0	0
659	0	0
660	0	0
661	0	0
662	0	0
663	0	0
664	0	0
665	0	0
666	0	0
667	0	0
668	0	0
669	0	0
670	0	0
671	0	0
672	0	0
673	0	0
674	0	0
675	0	0
676	0	0
677	0	0
678	0	0
679	0	0
680	0	0
681	0	0
682	0	0
683	0	0
684	0	0
685	0	0
686	0	0
687	0	0
688	0	0
689	0	0
690	0	0
691	0	0
692	0	0
693	0	0
694	0	0
695	0	0
696	0	0
697	0	0
698	0	0
699	0	0
700	0	0
701	0	0
702	0	0
703	0	0
704	0	0
705	0	0
706	0	0
707	0	0
708	0	0
709	0	0
710	0	0
711	0	0
712	0	0
713	0	0
714	0	0
715	0	0
716	0	0
717	0	0
718	0	0
719	0	0
720	0	0
721	0	0
722	0	0
723	0	0
724	0	0
725	0	0
726	0	0
727	0	0
728	0	0
729	0	0
730	0	0
731	0	0
732	0	0
733	0	0
734	0	0
735	0	0
736	0	0
737	0	0
738	0	0
739	0	0
740	0	0
741	0	0
742	0	0
743	0	0
744	0	0
745	0	0
746	0	0
747	0	0
748	0	0
749	0	0
750	0	0
751	0	0
752	0	0
753	0	0
754	0	0
755	0	0
756	0	0
757	0	0
758	0	0
759	0	0
760	0	0
761	0	0
762	0	0
763	0	0
764	0	0
765	0	0
766	0	0
767	0	0
768	0	0
769	0	0
770	0	0
771	0	0
772	0	0
773	0	0
774	0	0
775	0	0
776	0	0
777	0	0
778	0	0
779	0	0
780	0	0
781	0	0
782	0	0
783	0	0
784	0	0
785	0	0
786	0	0
787	0	0
788	0	0
789	0	0
790	0	0
791	0	0
792	0	0
793	0	0
794	0	0
795	0	0
796	0	0
797	0	0
798	0	0
799	0	0
800	0	0
801	0	0
802	0	0
803	0	0
804	0	0
805	0	0
806	0	0
807	0	0
808	0	0
809	0	0
810	0	0
811	0	0
812	0	0
813	0	0
814	0	0
815	0	0
816	0	0
817	0	0
818	0	0
819	0	0
820	0	0
821	0	0
822	0	0
823	0	0
824	0	0
825	0	0
826	0	0
827	0	0
828	0	0
829	0	0
830	0	0
831	0	0
832	0	0
833	0	0
834	0	0
835	0	0
836	0	0
837	0	0
838	0	0
839	0	0
840	0	0
841	0	0
842	0	0
843	0	0
844	0	0
845	0	0
846	0	0
847	0	0
848	0	0
849	0	0
850	0	0
851	0	0
852	0	0
853	0	0
854	0	0
855	0	0
856	0	0
857	0	0
858	0	0
859	0	0
860	0	0
861	0	0
862	0	0
863	0	0
864	0	0
865	0	0
866	0	0
867	0	0
868	0	0
869	0	0
870	0	0
871	0	0
872	0	0
873	0	0
874	0	0
875	0	0
876	0	0
877	0	0
878	0	0
879	0	0
880	0	0
881	0	0
882	0	0
883	0	0
884	0	0
885	0	0
886	0	0
887	0	0
888	0	0
889	0	0
890	0	0
891	0	0
892	0	0
893	0	0
894	0	0
895	0	0
896	0	0
897	0	0
898	0	0
899	0	0
900	0	0
901	0	0
902	0	0
903	0	0
904	0	0
905	0	0
906	0	0
907	0	0
908	0	0
909	0	0
910	0	0
911	0	0
912	0	0
913	0	0
914	0	0
915	0	0
916	0	0
917	0	0
918	0	0
919	0	0
920	0	0
921	0	0
922	0	0
923	0	0
924	0	0
925	0	0
926	0	0
927	0	0
928	0	0
929	0	0
930	0	0
931	0	0
932	0	0
933	0	0
934	0	0
935	0	0
936	0	0
937	0	0
938	0	0
939	0	0
940	0	0
941	0	0
942	0	0
943	0	0
944	0	0
945	0	0
946	0	0
947	0	0
948	0	0
949	0	0
950	0	0
951	0	0
952	0	0
953	0	0
954	0	0
955	0	0
956	0	0
957	0	0
958	0	0
959	0	0
960	0	0
961	0	0
962	0	0
963	0	0
964	0	0
965	0	0
966	0	0
967	0	0
968	0	0
969	0	0
970	0	0
971	0	0
972	0	0
973	0	0
974	0	0
975	0	0
976	0	0
977	0	0
978	0	0
979	0	0
980	0	0
981	0	0
982	0	0
983	0	0
984	0	0
985	0	0
986	0	0
987	0	0
988	0	0
989	0	0
990	0	0
991	0	0
992	0	0
993	0	0
994	0	0
995	0	0
996	0	0
997	0	0
998	0	0
999	0	0
1000	0	0
1001	86	768
1002	86	768
1003	375	613
1004	375	613
1005	371	645
1006	371	645
1007	63	682
1008	63	682
1009	327	822
1010	327	822
1011	334	728
1012	334	728
1013	372	566
1014	372	566
1015	19	960
1016	19	960
1017	64	504
1018	64	504
1019	311	666
1020	311	666
1021	155	679
1022	155	679
1023	336	982
1024	336	982
1025	385	680
1026	385	680
1027	116	569
1028	116	569
1029	449	869
1030	449	869
1031	263	797
1032	263	797
1033	466	510
1034	466	510
1035	359	741
1036	359	741
1037	340	664
1038	340	664
1039	44	909
1040	44	909
1041	312	873
1042	312	873
1043	34	634
1044	34	634
1045	452	888
1046	452	888
1047	82	643
1048	82	643
1049	401	952
1050	401	952
1051	106	963
1052	106	963
1053	136	528
1054	136	528
1055	259	734
1056	259	734
1057	50	578
1058	50	578
1059	364	745
1060	364	745
1061	368	937
1062	368	937
1063	471	692
1064	471	692
1065	236	879
1066	236	879
1067	232	667
1068	232	667
1069	364	575
1070	364	575
1071	276	774
1072	276	774
1073	334	855
1074	334	855
1075	223	663
1076	223	663
1077	385	863
1078	385	863
1079	44	707
1080	44	707
1081	499	719
1082	499	719
1083	359	742
1084	359	742
1085	241	851
1086	241	851
1087	305	549
1088	305	549
1089	117	819
1090	117	819
1091	180	830
1092	180	830
1093	238	639
1094	238	639
1095	59	943
1096	59	943
1097	472	765
1098	472	765
1099	173	885
1100	173	885
1101	349	526
1102	349	526
1103	427	507
1104	427	507
1105	254	585
1106	254	585
1107	303	973
1108	303	973
1109	395	713
1110	395	713
1111	60	842
1112	60	842
1113	68	942
1114	68	942
1115	301	833
1116	301	833
1117	310	586
1118	310	586
1119	156	980
1120	156	980
1121	206	629
1122	206	629
1123	253	730
1124	253	730
1125	414	825
1126	414	825
1127	410	804
1128	410	804
1129	363	589
1130	363	589
1131	392	918
1132	392	918
1133	146	632
1134	146	632
1135	47	810
1136	47	810
1137	368	511
1138	368	511
1139	208	832
1140	208	832
1141	213	710
1142	213	710
1143	35	910
1144	35	910
1145	396	508
1146	396	508
1147	132	813
1148	132	813
1149	419	838
1150	419	838
1151	319	935
1152	319	935
1153	83	574
1154	83	574
1155	256	852
1156	256	852
1157	444	757
1158	444	757
1159	62	874
1160	62	874
1161	442	843
1162	442	843
1163	177	959
1164	177	959
1165	378	962
1166	378	962
1167	265	834
1168	265	834
1169	166	998
1170	166	998
1171	373	530
1172	373	530
1173	316	727
1174	316	727
1175	1	559
1176	1	559
1177	273	867
1178	273	867
1179	125	665
1180	125	665
1181	337	771
1182	337	771
1183	367	581
1184	367	581
1185	83	738
1186	83	738
1187	466	880
1188	466	880
1189	140	911
1190	140	911
1191	40	966
1192	40	966
1193	397	991
1194	397	991
1195	20	520
1196	20	520
1197	141	743
1198	141	743
1199	80	668
1200	80	668
1201	407	573
1202	407	573
1203	348	630
1204	348	630
1205	209	897
1206	209	897
1207	114	615
1208	114	615
1209	123	601
1210	123	601
1211	27	932
1212	27	932
1213	358	783
1214	358	783
1215	387	775
1216	387	775
1217	264	621
1218	264	621
1219	257	622
1220	257	622
1221	142	773
1222	142	773
1223	196	965
1224	196	965
1225	184	658
1226	184	658
1227	326	631
1228	326	631
1229	340	677
1230	340	677
1231	40	736
1232	40	736
1233	373	553
1234	373	553
1235	31	579
1236	31	579
1237	139	517
1238	139	517
1239	145	847
1240	145	847
1241	210	649
1242	210	649
1243	361	515
1244	361	515
1245	48	747
1246	48	747
1247	84	829
1248	84	829
1249	482	604
1250	482	604
1251	76	534
1252	76	534
1253	21	607
1254	21	607
1255	261	760
1256	261	760
1257	193	878
1258	193	878
1259	164	806
1260	164	806
1261	203	755
1262	203	755
1263	456	782
1264	456	782
1265	31	789
1266	31	789
1267	39	780
1268	39	780
1269	389	868
1270	389	868
1271	81	538
1272	81	538
1273	239	718
1274	239	718
1275	345	875
1276	345	875
1277	16	702
1278	16	702
1279	101	516
1280	101	516
1281	166	537
1282	166	537
1283	347	623
1284	347	623
1285	206	726
1286	206	726
1287	308	636
1288	308	636
1289	314	977
1290	314	977
1291	28	864
1292	28	864
1293	123	971
1294	123	971
1295	475	931
1296	475	931
1297	18	737
1298	18	737
1299	120	588
1300	120	588
1301	191	638
1302	191	638
1303	368	787
1304	368	787
1305	365	697
1306	365	697
1307	190	872
1308	190	872
1309	195	521
1310	195	521
1311	211	659
1312	211	659
1313	291	580
1314	291	580
1315	223	753
1316	223	753
1317	323	786
1318	323	786
1319	275	567
1320	275	567
1321	313	609
1322	313	609
1323	263	513
1324	263	513
1325	491	635
1326	491	635
1327	373	706
1328	373	706
1329	440	715
1330	440	715
1331	140	551
1332	140	551
1333	343	614
1334	343	614
1335	146	856
1336	146	856
1337	392	801
1338	392	801
1339	332	550
1340	332	550
1341	419	865
1342	419	865
1343	95	612
1344	95	612
1345	371	798
1346	371	798
1347	81	543
1348	81	543
1349	228	936
1350	228	936
1351	204	886
1352	204	886
1353	459	769
1354	459	769
1355	65	570
1356	65	570
1357	31	839
1358	31	839
1359	157	540
1360	157	540
1361	229	506
1362	229	506
1363	142	739
1364	142	739
1365	99	527
1366	99	527
1367	496	945
1368	496	945
1369	27	568
1370	27	568
1371	12	993
1372	12	993
1373	368	656
1374	368	656
1375	216	519
1376	216	519
1377	207	859
1378	207	859
1379	37	602
1380	37	602
1381	156	794
1382	156	794
1383	457	891
1384	457	891
1385	415	723
1386	415	723
1387	306	762
1388	306	762
1389	407	800
1390	407	800
1391	132	968
1392	132	968
1393	411	846
1394	411	846
1395	416	691
1396	416	691
1397	200	947
1398	200	947
1399	320	817
1400	320	817
1401	172	927
1402	172	927
1403	207	895
1404	207	895
1405	152	876
1406	152	876
1407	286	986
1408	286	986
1409	33	984
1410	33	984
1411	164	779
1412	164	779
1413	346	954
1414	346	954
1415	255	961
1416	255	961
1417	453	502
1418	453	502
1419	119	883
1420	119	883
1421	154	784
1422	154	784
1423	383	981
1424	383	981
1425	52	836
1426	52	836
1427	493	756
1428	493	756
1429	217	669
1430	217	669
1431	112	509
1432	112	509
1433	58	761
1434	58	761
1435	118	646
1436	118	646
1437	106	849
1438	106	849
1439	159	901
1440	159	901
1441	81	975
1442	81	975
1443	325	837
1444	325	837
1445	360	881
1446	360	881
1447	340	788
1448	340	788
1449	137	572
1450	137	572
1451	156	670
1452	156	670
1453	322	536
1454	322	536
1455	196	929
1456	196	929
1457	153	577
1458	153	577
1459	246	618
1460	246	618
1461	26	683
1462	26	683
1463	290	922
1464	290	922
1465	418	606
1466	418	606
1467	201	594
1468	201	594
1469	387	714
1470	387	714
1471	313	605
1472	313	605
1473	233	882
1474	233	882
1475	351	501
1476	351	501
1477	436	950
1478	436	950
1479	200	946
1480	200	946
1481	164	831
1482	164	831
1483	387	640
1484	387	640
1485	212	547
1486	212	547
1487	447	650
1488	447	650
1489	255	955
1490	255	955
1491	120	957
1492	120	957
1493	487	628
1494	487	628
1495	125	795
1496	125	795
1497	234	861
1498	234	861
1499	212	648
1500	212	648
1501	326	904
1502	326	904
1503	162	928
1504	162	928
1505	193	862
1506	193	862
1507	229	653
1508	229	653
1509	330	853
1510	330	853
1511	204	686
1512	204	686
1513	308	608
1514	308	608
1515	411	944
1516	411	944
1517	55	554
1518	55	554
1519	14	908
1520	14	908
1521	32	818
1522	32	818
1523	318	703
1524	318	703
1525	479	796
1526	479	796
1527	105	539
1528	105	539
1529	232	598
1530	232	598
1531	370	721
1532	370	721
1533	113	619
1534	113	619
1535	301	903
1536	301	903
1537	162	652
1538	162	652
1539	306	696
1540	306	696
1541	256	821
1542	256	821
1543	283	989
1544	283	989
1545	164	925
1546	164	925
1547	82	514
1548	82	514
1549	240	970
1550	240	970
1551	257	923
1552	257	923
1553	385	512
1554	385	512
1555	430	751
1556	430	751
1557	423	532
1558	423	532
1559	181	678
1560	181	678
1561	207	533
1562	207	533
1563	429	934
1564	429	934
1565	413	693
1566	413	693
1567	176	763
1568	176	763
1569	54	958
1570	54	958
1571	349	866
1572	349	866
1573	296	749
1574	296	749
1575	359	777
1576	359	777
1577	374	992
1578	374	992
1579	140	627
1580	140	627
1581	165	772
1582	165	772
1583	134	812
1584	134	812
1585	138	624
1586	138	624
1587	13	814
1588	13	814
1589	375	916
1590	375	916
1591	29	525
1592	29	525
1593	121	595
1594	121	595
1595	19	545
1596	19	545
1597	444	770
1598	444	770
1599	265	582
1600	265	582
1601	262	854
1602	262	854
1603	176	620
1604	176	620
1605	115	617
1606	115	617
1607	363	557
1608	363	557
1609	428	983
1610	428	983
1611	118	535
1612	118	535
1613	185	596
1614	185	596
1615	376	987
1616	376	987
1617	488	997
1618	488	997
1619	428	900
1620	428	900
1621	175	597
1622	175	597
1623	29	687
1624	29	687
1625	319	698
1626	319	698
1627	273	688
1628	273	688
1629	378	529
1630	378	529
1631	477	694
1632	477	694
1633	86	967
1634	86	967
1635	92	802
1636	92	802
1637	405	951
1638	405	951
1639	106	835
1640	106	835
1641	308	603
1642	308	603
1643	135	576
1644	135	576
1645	485	823
1646	485	823
1647	403	893
1648	403	893
1649	412	896
1650	412	896
1651	21	926
1652	21	926
1653	347	892
1654	347	892
1655	54	524
1656	54	524
1657	342	590
1658	342	590
1659	283	758
1660	283	758
1661	155	562
1662	155	562
1663	463	939
1664	463	939
1665	245	826
1666	245	826
1667	368	556
1668	368	556
1669	161	976
1670	161	976
1671	496	920
1672	496	920
1673	205	681
1674	205	681
1675	321	914
1676	321	914
1677	81	938
1678	81	938
1679	371	752
1680	371	752
1681	454	748
1682	454	748
1683	291	587
1684	291	587
1685	315	558
1686	315	558
1687	213	704
1688	213	704
1689	66	964
1690	66	964
1691	175	860
1692	175	860
1693	364	564
1694	364	564
1695	451	661
1696	451	661
1697	286	571
1698	286	571
1699	436	905
1700	436	905
1701	367	740
1702	367	740
1703	166	709
1704	166	709
1705	373	725
1706	373	725
1707	402	913
1708	402	913
1709	176	990
1710	176	990
1711	286	712
1712	286	712
1713	17	974
1714	17	974
1715	485	732
1716	485	732
1717	96	700
1718	96	700
1719	347	933
1720	347	933
1721	159	676
1722	159	676
1723	102	593
1724	102	593
1725	200	956
1726	200	956
1727	122	555
1728	122	555
1729	13	994
1730	13	994
1731	201	541
1732	201	541
1733	219	705
1734	219	705
1735	377	884
1736	377	884
1737	470	701
1738	470	701
1739	394	616
1740	394	616
1741	151	969
1742	151	969
1743	466	919
1744	466	919
1745	127	979
1746	127	979
1747	257	522
1748	257	522
1749	145	824
1750	145	824
1751	337	548
1752	337	548
1753	413	988
1754	413	988
1755	71	720
1756	71	720
1757	61	733
1758	61	733
1759	97	778
1760	97	778
1761	166	930
1762	166	930
1763	273	857
1764	273	857
1765	7	811
1766	7	811
1767	320	807
1768	320	807
1769	271	684
1770	271	684
1771	130	840
1772	130	840
1773	419	641
1774	419	641
1775	23	915
1776	23	915
1777	43	722
1778	43	722
1779	452	744
1780	452	744
1781	239	647
1782	239	647
1783	417	560
1784	417	560
1785	280	972
1786	280	972
1787	278	662
1788	278	662
1789	115	889
1790	115	889
1791	190	599
1792	190	599
1793	315	699
1794	315	699
1795	351	651
1796	351	651
1797	478	906
1798	478	906
1799	343	735
1800	343	735
1801	30	841
1802	30	841
1803	239	759
1804	239	759
1805	148	871
1806	148	871
1807	171	637
1808	171	637
1809	480	584
1810	480	584
1811	161	746
1812	161	746
1813	275	995
1814	275	995
1815	462	767
1816	462	767
1817	67	941
1818	67	941
1819	105	799
1820	105	799
1821	36	985
1822	36	985
1823	225	583
1824	225	583
1825	463	996
1826	463	996
1827	344	563
1828	344	563
1829	491	898
1830	491	898
1831	102	711
1832	102	711
1833	286	948
1834	286	948
1835	328	809
1836	328	809
1837	110	790
1838	110	790
1839	452	690
1840	452	690
1841	467	764
1842	467	764
1843	341	544
1844	341	544
1845	82	542
1846	82	542
1847	130	523
1848	130	523
1849	392	890
1850	392	890
1851	147	899
1852	147	899
1853	185	729
1854	185	729
1855	405	887
1856	405	887
1857	342	949
1858	342	949
1859	169	793
1860	169	793
1861	173	642
1862	173	642
1863	147	505
1864	147	505
1865	293	858
1866	293	858
1867	33	940
1868	33	940
1869	58	561
1870	58	561
1871	280	675
1872	280	675
1873	340	791
1874	340	791
1875	59	828
1876	59	828
1877	221	600
1878	221	600
1879	116	626
1880	116	626
1881	465	644
1882	465	644
1883	66	978
1884	66	978
1885	375	685
1886	375	685
1887	207	907
1888	207	907
1889	129	781
1890	129	781
1891	222	924
1892	222	924
1893	39	565
1894	39	565
1895	311	731
1896	311	731
1897	88	845
1898	88	845
1899	373	673
1900	373	673
1901	83	912
1902	83	912
1903	460	827
1904	460	827
1905	408	803
1906	408	803
1907	391	546
1908	391	546
1909	406	625
1910	406	625
1911	137	724
1912	137	724
1913	206	808
1914	206	808
1915	302	754
1916	302	754
1917	252	503
1918	252	503
1919	331	776
1920	331	776
1921	15	894
1922	15	894
1923	440	815
1924	440	815
1925	368	671
1926	368	671
1927	307	672
1928	307	672
1929	141	660
1930	141	660
1931	409	844
1932	409	844
1933	43	902
1934	43	902
1935	155	870
1936	155	870
1937	99	953
1938	99	953
1939	320	816
1940	320	816
1941	483	877
1942	483	877
1943	359	750
1944	359	750
1945	236	611
1946	236	611
1947	51	850
1948	51	850
1949	462	531
1950	462	531
1951	298	917
1952	298	917
1953	13	591
1954	13	591
1955	384	785
1956	384	785
1957	356	921
1958	356	921
1959	379	999
1960	379	999
1961	201	655
1962	201	655
1963	434	820
1964	434	820
1965	489	708
1966	489	708
1967	2	717
1968	2	717
1969	391	1000
1970	391	1000
1971	475	848
1972	475	848
1973	233	792
1974	233	792
1975	249	766
1976	249	766
1977	369	518
1978	369	518
1979	383	716
1980	383	716
1981	413	633
1982	413	633
1983	50	805
1984	50	805
1985	349	592
1986	349	592
1987	221	657
1988	221	657
1989	489	695
1990	489	695
1991	156	674
1992	156	674
1993	433	689
1994	433	689
1995	482	610
1996	482	610
1997	271	552
1998	271	552
1999	321	654
2000	321	654
2001	1565	1366
2002	1565	1366
2003	1035	1090
2004	1035	1090
2005	1355	1970
2006	1355	1970
2007	1993	1716
2008	1993	1716
2009	1317	1404
2010	1317	1404
2011	1329	1788
2012	1329	1788
2013	1441	1246
2014	1441	1246
2015	1445	1848
2016	1445	1848
2017	1441	1802
2018	1441	1802
2019	1873	1190
2020	1873	1190
2021	1123	1010
2022	1123	1010
2023	1277	1420
2024	1277	1420
2025	1893	1114
2026	1893	1114
2027	1777	2000
2028	1777	2000
2029	1207	1088
2030	1207	1088
2031	1959	1078
2032	1959	1078
2033	1303	1222
2034	1303	1222
2035	1469	1632
2036	1469	1632
2037	1269	1548
2038	1269	1548
2039	1915	1674
2040	1915	1674
2041	1019	1434
2042	1019	1434
2043	1847	1402
2044	1847	1402
2045	1299	1718
2046	1299	1718
2047	1063	1572
2048	1063	1572
2049	1659	1648
2050	1659	1648
2051	1773	1290
2052	1773	1290
2053	1851	1720
2054	1851	1720
2055	1547	1908
2056	1547	1908
2057	1607	1752
2058	1607	1752
2059	1655	1710
2060	1655	1710
2061	1165	1382
2062	1165	1382
2063	1643	1888
2064	1643	1888
2065	1949	1154
2066	1949	1154
2067	1257	1924
2068	1257	1924
2069	1875	1952
2070	1875	1952
2071	1977	1868
2072	1977	1868
2073	1043	1334
2074	1043	1334
2075	1593	1392
2076	1593	1392
2077	1351	1046
2078	1351	1046
2079	1219	1984
2080	1219	1984
2081	1249	1538
2082	1249	1538
2083	1137	1516
2084	1137	1516
2085	1371	1156
2086	1371	1156
2087	1545	1550
2088	1545	1550
2089	1621	1186
2090	1621	1186
2091	1091	1778
2092	1091	1778
2093	1415	1596
2094	1415	1596
2095	1941	1882
2096	1941	1882
2097	1757	1336
2098	1757	1336
2099	1211	1944
2100	1211	1944
2101	1025	1294
2102	1025	1294
2103	1193	1666
2104	1193	1666
2105	1919	1258
2106	1919	1258
2107	1151	1146
2108	1151	1146
2109	1371	1380
2110	1371	1380
2111	1299	1280
2112	1299	1280
2113	1497	1782
2114	1497	1782
2115	1099	1150
2116	1099	1150
2117	1553	1128
2118	1553	1128
2119	1421	1216
2120	1421	1216
2121	1671	1406
2122	1671	1406
2123	1009	1120
2124	1009	1120
2125	1745	1116
2126	1745	1116
2127	1177	1438
2128	1177	1438
2129	1791	1692
2130	1791	1692
2131	1527	1074
2132	1527	1074
2133	1765	1920
2134	1765	1920
2135	1753	1528
2136	1753	1528
2137	1929	1836
2138	1929	1836
2139	1155	1068
2140	1155	1068
2141	1289	1356
2142	1289	1356
2143	1063	1892
2144	1063	1892
2145	1303	1840
2146	1303	1840
2147	1937	1676
2148	1937	1676
2149	1885	1560
2150	1885	1560
2151	1965	1624
2152	1965	1624
2153	1651	1182
2154	1651	1182
2155	1007	1148
2156	1007	1148
2157	1371	1482
2158	1371	1482
2159	1659	1974
2160	1659	1974
2161	1327	1680
2162	1327	1680
2163	1175	1748
2164	1175	1748
2165	1623	1600
2166	1623	1600
2167	1585	1070
2168	1585	1070
2169	1867	1012
2170	1867	1012
2171	1289	1878
2172	1289	1878
2173	1063	1268
2174	1063	1268
2175	1705	1134
2176	1705	1134
2177	1593	1472
2178	1593	1472
2179	1065	1834
2180	1065	1834
2181	1923	1636
2182	1923	1636
2183	1309	1564
2184	1309	1564
2185	1357	1886
2186	1357	1886
2187	1371	1926
2188	1371	1926
2189	1687	1958
2190	1687	1958
2191	1007	1620
2192	1007	1620
2193	1145	1300
2194	1145	1300
2195	1091	1054
2196	1091	1054
2197	1309	1448
2198	1309	1448
2199	1453	1350
2200	1453	1350
2201	1373	1282
2202	1373	1282
2203	1377	1124
2204	1377	1124
2205	1643	1506
2206	1643	1506
2207	1503	1476
2208	1503	1476
2209	1449	1422
2210	1449	1422
2211	1731	1514
2212	1731	1514
2213	1629	1086
2214	1629	1086
2215	1759	1824
2216	1759	1824
2217	1609	1176
2218	1609	1176
2219	1587	1964
2220	1587	1964
2221	1927	1904
2222	1927	1904
2223	1865	1302
2224	1865	1302
2225	1505	1894
2226	1505	1894
2227	1309	1994
2228	1309	1994
2229	1413	1590
2230	1413	1590
2231	1669	1522
2232	1669	1522
2233	1135	1554
2234	1135	1554
2235	1959	1794
2236	1959	1794
2237	1423	1206
2238	1423	1206
2239	1335	1946
2240	1335	1946
2241	1779	1662
2242	1779	1662
2243	1003	1468
2244	1003	1468
2245	1065	1384
2246	1065	1384
2247	1623	1598
2248	1623	1598
2249	1225	1490
2250	1225	1490
2251	1913	1668
2252	1913	1668
2253	1569	1792
2254	1569	1792
2255	1853	1726
2256	1853	1726
2257	1885	1930
2258	1885	1930
2259	1473	1210
2260	1473	1210
2261	1523	1830
2262	1523	1830
2263	1691	1798
2264	1691	1798
2265	1255	1956
2266	1255	1956
2267	1135	1436
2268	1135	1436
2269	1353	1540
2270	1353	1540
2271	1043	1368
2272	1043	1368
2273	1271	1708
2274	1271	1708
2275	1889	1230
2276	1889	1230
2277	1955	1656
2278	1955	1656
2279	1367	1234
2280	1367	1234
2281	1493	1746
2282	1493	1746
2283	1633	1016
2284	1633	1016
2285	1115	1042
2286	1115	1042
2287	1117	1284
2288	1117	1284
2289	1733	1006
2290	1733	1006
2291	1079	1454
2292	1079	1454
2293	1859	1588
2294	1859	1588
2295	1541	1426
2296	1541	1426
2297	1755	1612
2298	1755	1612
2299	1151	1080
2300	1151	1080
2301	1497	1606
2302	1497	1606
2303	1127	1446
2304	1127	1446
2305	1161	1616
2306	1161	1616
2307	1941	1576
2308	1941	1576
2309	1279	1274
2310	1279	1274
2311	1447	1324
2312	1447	1324
2313	1693	1614
2314	1693	1614
2315	1285	1200
2316	1285	1200
2317	1689	1638
2318	1689	1638
2319	1645	1326
2320	1645	1326
2321	1609	1854
2322	1609	1854
2323	1175	1734
2324	1175	1734
2325	1319	1332
2326	1319	1332
2327	1013	1330
2328	1013	1330
2329	1553	1686
2330	1553	1686
2331	1383	1556
2332	1383	1556
2333	1219	1862
2334	1219	1862
2335	1445	1254
2336	1445	1254
2337	1601	1488
2338	1601	1488
2339	1797	1574
2340	1797	1574
2341	1319	1900
2342	1319	1900
2343	1961	1608
2344	1961	1608
2345	1347	1400
2346	1347	1400
2347	1807	1096
2348	1807	1096
2349	1289	1652
2350	1289	1652
2351	1171	1618
2352	1171	1618
2353	1407	1758
2354	1407	1758
2355	1785	1644
2356	1785	1644
2357	1363	1322
2358	1363	1322
2359	1947	1704
2360	1947	1704
2361	1299	1256
2362	1299	1256
2363	1967	1104
2364	1967	1104
2365	1975	1916
2366	1975	1916
2367	1429	1744
2368	1429	1744
2369	1945	1698
2370	1945	1698
2371	1217	1372
2372	1217	1372
2373	1315	1318
2374	1315	1318
2375	1761	1168
2376	1761	1168
2377	1933	1630
2378	1933	1630
2379	1997	1224
2380	1997	1224
2381	1437	1928
2382	1437	1928
2383	1785	1814
2384	1785	1814
2385	1983	1712
2386	1983	1712
2387	1743	1654
2388	1743	1654
2389	1247	1960
2390	1247	1960
2391	1983	1004
2392	1983	1004
2393	1779	1702
2394	1779	1702
2395	1729	1762
2396	1729	1762
2397	1803	1562
2398	1803	1562
2399	1651	1376
2400	1651	1376
2401	1981	1248
2402	1981	1248
2403	1215	1800
2404	1215	1800
2405	1923	1240
2406	1923	1240
2407	1829	1260
2408	1829	1260
2409	1423	1342
2410	1423	1342
2411	1089	1026
2412	1089	1026
2413	1403	1982
2414	1403	1982
2415	1187	1174
2416	1187	1174
2417	1869	1756
2418	1869	1756
2419	1255	1990
2420	1255	1990
2421	1331	1072
2422	1331	1072
2423	1861	1184
2424	1861	1184
2425	1529	1218
2426	1529	1218
2427	1359	1966
2428	1359	1966
2429	1747	1856
2430	1747	1856
2431	1973	1542
2432	1973	1542
2433	1309	1526
2434	1309	1526
2435	1133	1586
2436	1133	1586
2437	1445	1492
2438	1445	1492
2439	1361	1684
2440	1361	1684
2441	1589	1948
2442	1589	1948
2443	1947	1034
2444	1947	1034
2445	1619	1270
2446	1619	1270
2447	1755	1348
2448	1755	1348
2449	1099	1846
2450	1099	1846
2451	1203	1226
2452	1203	1226
2453	1063	1498
2454	1063	1498
2455	1683	1634
2456	1683	1634
2457	1573	1646
2458	1573	1646
2459	1149	1544
2460	1149	1544
2461	1763	1390
2462	1763	1390
2463	1129	1816
2464	1129	1816
2465	1605	1132
2466	1605	1132
2467	1913	1628
2468	1913	1628
2469	1495	1580
2470	1495	1580
2471	1787	1874
2472	1787	1874
2473	1609	1578
2474	1609	1578
2475	1511	1286
2476	1511	1286
2477	1441	1460
2478	1441	1460
2479	1947	1358
2480	1947	1358
2481	1165	1108
2482	1165	1108
2483	1619	1474
2484	1619	1474
2485	1867	1196
2486	1867	1196
2487	1015	1354
2488	1015	1354
2489	1309	1850
2490	1309	1850
2491	1765	1742
2492	1765	1742
2493	1179	1706
2494	1179	1706
2495	1287	1914
2496	1287	1914
2497	1973	1584
2498	1973	1584
2499	1825	1480
2500	1825	1480
2501	1579	1166
2502	1579	1166
2503	1357	1450
2504	1357	1450
2505	1377	1136
2506	1377	1136
2507	1825	1306
2508	1825	1306
2509	1785	1772
2510	1785	1772
2511	1191	1464
2512	1191	1464
2513	1743	1500
2514	1743	1500
2515	1877	1130
2516	1877	1130
2517	1301	1640
2518	1301	1640
2519	1893	1288
2520	1893	1288
2521	1777	1592
2522	1777	1592
2523	1179	1386
2524	1179	1386
2525	1623	1440
2526	1623	1440
2527	1799	1876
2528	1799	1876
2529	1463	1524
2530	1463	1524
2531	1765	1642
2532	1765	1642
2533	1471	1466
2534	1471	1466
2535	1645	1992
2536	1645	1992
2537	1875	1220
2538	1875	1220
2539	1667	1860
2540	1667	1860
2541	1691	1670
2542	1691	1670
2543	1507	1566
2544	1507	1566
2545	1263	1688
2546	1263	1688
2547	1641	1694
2548	1641	1694
2549	1577	1660
2550	1577	1660
2551	1579	1828
2552	1579	1828
2553	1709	1014
2554	1709	1014
2555	1983	1214
2556	1983	1214
2557	1277	1202
2558	1277	1202
2559	1805	1060
2560	1805	1060
2561	1973	1954
2562	1973	1954
2563	1515	1038
2564	1515	1038
2565	1013	1192
2566	1013	1192
2567	1685	1170
2568	1685	1170
2569	1783	1722
2570	1783	1722
2571	1447	1658
2572	1447	1658
2573	1649	1520
2574	1649	1520
2575	1347	1760
2576	1347	1760
2577	1459	1178
2578	1459	1178
2579	1675	1842
2580	1675	1842
2581	1703	1112
2582	1703	1112
2583	1553	1084
2584	1553	1084
2585	1187	1866
2586	1187	1866
2587	1415	1626
2588	1415	1626
2589	1121	1458
2590	1121	1458
2591	1857	1822
2592	1857	1822
2593	1487	1194
2594	1487	1194
2595	1147	1052
2596	1147	1052
2597	1565	1796
2598	1565	1796
2599	1925	1344
2600	1925	1344
2601	1527	1144
2602	1527	1144
2603	1425	1898
2604	1425	1898
2605	1709	1988
2606	1709	1988
2607	1239	1510
2608	1239	1510
2609	1931	1934
2610	1931	1934
2611	1999	1126
2612	1999	1126
2613	1039	1122
2614	1039	1122
2615	1293	1094
2616	1293	1094
2617	1591	1610
2618	1591	1610
2619	1479	1546
2620	1479	1546
2621	1177	1774
2622	1177	1774
2623	1095	1028
2624	1095	1028
2625	1905	1736
2626	1905	1736
2627	1551	1938
2628	1551	1938
2629	1319	1228
2630	1319	1228
2631	1605	1050
2632	1605	1050
2633	1395	1978
2634	1395	1978
2635	1733	1298
2636	1733	1298
2637	1499	1594
2638	1499	1594
2639	1461	1806
2640	1461	1806
2641	1259	1700
2642	1259	1700
2643	1509	1852
2644	1509	1852
2645	1021	1158
2646	1021	1158
2647	1785	1002
2648	1785	1002
2649	1441	1076
2650	1441	1076
2651	1521	1412
2652	1521	1412
2653	1213	1396
2654	1213	1396
2655	1991	1972
2656	1991	1972
2657	1837	1232
2658	1837	1232
2659	1291	1056
2660	1291	1056
2661	1237	1682
2662	1237	1682
2663	1323	1424
2664	1323	1424
2665	1151	1008
2666	1151	1008
2667	1257	1408
2668	1257	1408
2669	1869	1328
2670	1869	1328
2671	1649	1602
2672	1649	1602
2673	1949	1790
2674	1949	1790
2675	1507	1310
2676	1507	1310
2677	1349	1416
2678	1349	1416
2679	1757	1410
2680	1757	1410
2681	1975	1308
2682	1975	1308
2683	1087	1962
2684	1087	1962
2685	1633	1456
2686	1633	1456
2687	1873	1730
2688	1873	1730
2689	1089	1738
2690	1089	1738
2691	1075	1296
2692	1075	1296
2693	1157	1462
2694	1157	1462
2695	1801	1740
2696	1801	1740
2697	1147	1432
2698	1147	1432
2699	1177	1398
2700	1177	1398
2701	1493	1664
2702	1493	1664
2703	1903	1140
2704	1903	1140
2705	1191	1360
2706	1191	1360
2707	1087	1418
2708	1087	1418
2709	1721	1502
2710	1721	1502
2711	1783	1236
2712	1783	1236
2713	1015	1036
2714	1015	1036
2715	1103	1942
2716	1103	1942
2717	1859	1536
2718	1859	1536
2719	1535	1504
2720	1535	1504
2721	1875	1678
2722	1875	1678
2723	1447	1922
2724	1447	1922
2725	1213	1362
2726	1213	1362
2727	1375	1338
2728	1375	1338
2729	1695	1142
2730	1695	1142
2731	1021	1784
2732	1021	1784
2733	1337	1672
2734	1337	1672
2735	1691	1896
2736	1691	1896
2737	1983	1810
2738	1983	1810
2739	1557	1198
2740	1557	1198
2741	1523	1912
2742	1523	1912
2743	1961	1024
2744	1961	1024
2745	1389	1320
2746	1389	1320
2747	1649	1314
2748	1649	1314
2749	1987	1030
2750	1987	1030
2751	1701	1066
2752	1701	1066
2753	1899	1980
2754	1899	1980
2755	1179	1082
2756	1179	1082
2757	1289	1696
2758	1289	1696
2759	1221	1138
2760	1221	1138
2761	1815	1512
2762	1815	1512
2763	1711	1032
2764	1711	1032
2765	1943	1266
2766	1943	1266
2767	1909	1750
2768	1909	1750
2769	1591	1316
2770	1591	1316
2771	1425	1364
2772	1425	1364
2773	1813	1872
2774	1813	1872
2775	1549	1494
2776	1549	1494
2777	1551	1764
2778	1551	1764
2779	1925	1880
2780	1925	1880
2781	1475	1484
2782	1475	1484
2783	1037	1714
2784	1037	1714
2785	1979	1022
2786	1979	1022
2787	1197	1264
2788	1197	1264
2789	1879	1102
2790	1879	1102
2791	1833	1346
2792	1833	1346
2793	1305	1754
2794	1305	1754
2795	1411	1530
2796	1411	1530
2797	1045	1870
2798	1045	1870
2799	1607	1552
2800	1607	1552
2801	1685	1976
2802	1685	1976
2803	1761	1370
2804	1761	1370
2805	1689	1394
2806	1689	1394
2807	1983	1204
2808	1983	1204
2809	1773	1378
2810	1773	1378
2811	1403	1106
2812	1403	1106
2813	1715	1932
2814	1715	1932
2815	1021	1534
2816	1021	1534
2817	1101	1188
2818	1101	1188
2819	1713	1312
2820	1713	1312
2821	1811	1820
2822	1811	1820
2823	1123	1818
2824	1123	1818
2825	1659	1428
2826	1659	1428
2827	1523	1098
2828	1523	1098
2829	1363	1414
2830	1363	1414
2831	1357	1832
2832	1357	1832
2833	1737	1388
2834	1737	1388
2835	1939	1058
2836	1939	1058
2837	1229	1884
2838	1229	1884
2839	1831	1902
2840	1831	1902
2841	1583	1996
2842	1583	1996
2843	1671	1558
2844	1671	1558
2845	1901	1906
2846	1901	1906
2847	1383	1018
2848	1383	1018
2849	1075	1048
2850	1075	1048
2851	1277	1064
2852	1277	1064
2853	1187	1766
2854	1187	1766
2855	1027	1812
2856	1027	1812
2857	1135	1430
2858	1135	1430
2859	1763	1486
2860	1763	1486
2861	1727	1690
2862	1727	1690
2863	1865	1650
2864	1865	1650
2865	1221	1568
2866	1221	1568
2867	1681	1442
2868	1681	1442
2869	1649	1444
2870	1649	1444
2871	1587	1732
2872	1587	1732
2873	1973	1940
2874	1973	1940
2875	1909	1582
2876	1909	1582
2877	1915	1244
2878	1915	1244
2879	1893	1910
2880	1893	1910
2881	1167	1780
2882	1167	1780
2883	1949	1164
2884	1949	1164
2885	1617	1864
2886	1617	1864
2887	1851	1262
2888	1851	1262
2889	1059	1478
2890	1059	1478
2891	1285	1292
2892	1285	1292
2893	1541	1532
2894	1541	1532
2895	1779	1340
2896	1779	1340
2897	1403	1272
2898	1403	1272
2899	1971	1208
2900	1971	1208
2901	1791	1508
2902	1791	1508
2903	1385	1100
2904	1385	1100
2905	1475	1858
2906	1475	1858
2907	1435	1826
2908	1435	1826
2909	1707	1804
2910	1707	1804
2911	1207	1986
2912	1207	1986
2913	1481	1118
2914	1481	1118
2915	1211	1062
2916	1211	1062
2917	1169	1162
2918	1169	1162
2919	1577	1838
2920	1577	1838
2921	1205	1728
2922	1205	1728
2923	1779	1496
2924	1779	1496
2925	1205	1786
2926	1205	1786
2927	1663	1374
2928	1663	1374
2929	1181	1352
2930	1181	1352
2931	1387	1044
2932	1387	1044
2933	1911	1808
2934	1911	1808
2935	1201	1160
2936	1201	1160
2937	1369	1250
2938	1369	1250
2939	1735	1570
2940	1735	1570
2941	1271	1238
2942	1271	1238
2943	1209	1518
2944	1209	1518
2945	1561	1252
2946	1561	1252
2947	1073	1180
2948	1073	1180
2949	1077	1890
2950	1077	1890
2951	1809	1768
2952	1809	1768
2953	1927	1936
2954	1927	1936
2955	1571	1844
2956	1571	1844
2957	1973	1622
2958	1973	1622
2959	1503	1172
2960	1503	1172
2961	1823	1020
2962	1823	1020
2963	1563	1092
2964	1563	1092
2965	1921	1998
2966	1921	1998
2967	1141	1152
2968	1141	1152
2969	1217	1770
2970	1217	1770
2971	1769	1604
2972	1769	1604
2973	1891	1040
2974	1891	1040
2975	1349	1918
2976	1349	1918
2977	1443	1724
2978	1443	1724
2979	1917	1242
2980	1917	1242
2981	1639	1110
2982	1639	1110
2983	1077	1278
2984	1077	1278
2985	1597	1470
2986	1597	1470
2987	1257	1950
2988	1257	1950
2989	1485	1968
2990	1485	1968
2991	1661	1276
2992	1661	1276
2993	1003	1776
2994	1003	1776
2995	1189	1212
2996	1189	1212
2997	1469	1304
2998	1469	1304
2999	1539	1452
3000	1539	1452
3001	2287	2734
3002	2287	2734
3003	2787	2124
3004	2787	2124
3005	2055	2692
3006	2055	2692
3007	2311	2178
3008	2311	2178
3009	2443	2234
3010	2443	2234
3011	2783	2230
3012	2783	2230
3013	2195	2284
3014	2195	2284
3015	2935	2370
3016	2935	2370
3017	2901	2202
3018	2901	2202
3019	2863	2790
3020	2863	2790
3021	2801	2594
3022	2801	2594
3023	2525	2470
3024	2525	2470
3025	2053	2798
3026	2053	2798
3027	2955	2430
3028	2955	2430
3029	2641	2664
3030	2641	2664
3031	2707	2810
3032	2707	2810
3033	2839	2850
3034	2839	2850
3035	2509	2180
3036	2509	2180
3037	2271	2900
3038	2271	2900
3039	2603	2012
3040	2603	2012
3041	2857	2732
3042	2857	2732
3043	2867	2548
3044	2867	2548
3045	2091	2264
3046	2091	2264
3047	2009	2296
3048	2009	2296
3049	2337	2216
3050	2337	2216
3051	2353	2478
3052	2353	2478
3053	2817	2336
3054	2817	2336
3055	2365	2348
3056	2365	2348
3057	2231	2380
3058	2231	2380
3059	2957	2412
3060	2957	2412
3061	2909	2168
3062	2909	2168
3063	2417	2928
3064	2417	2928
3065	2691	2748
3066	2691	2748
3067	2991	2988
3068	2991	2988
3069	2033	2442
3070	2033	2442
3071	2401	2866
3072	2401	2866
3073	2857	2456
3074	2857	2456
3075	2537	2816
3076	2537	2816
3077	2891	2684
3078	2891	2684
3079	2185	2396
3080	2185	2396
3081	2983	2074
3082	2983	2074
3083	2405	2896
3084	2405	2896
3085	2557	2450
3086	2557	2450
3087	2521	2958
3088	2521	2958
3089	2865	2272
3090	2865	2272
3091	2509	2376
3092	2509	2376
3093	2355	2334
3094	2355	2334
3095	2047	2308
3096	2047	2308
3097	2427	2796
3098	2427	2796
3099	2361	2246
3100	2361	2246
3101	2849	2902
3102	2849	2902
3103	2435	2400
3104	2435	2400
3105	2193	2422
3106	2193	2422
3107	2991	2674
3108	2991	2674
3109	2843	2306
3110	2843	2306
3111	2797	2768
3112	2797	2768
3113	2959	2326
3114	2959	2326
3115	2237	2368
3116	2237	2368
3117	2509	2520
3118	2509	2520
3119	2549	2562
3120	2549	2562
3121	2743	2968
3122	2743	2968
3123	2367	2426
3124	2367	2426
3125	2495	2116
3126	2495	2116
3127	2177	2728
3128	2177	2728
3129	2353	2946
3130	2353	2946
3131	2243	2824
3132	2243	2824
3133	2561	2288
3134	2561	2288
3135	2011	2484
3136	2011	2484
3137	2231	2530
3138	2231	2530
3139	2059	2318
3140	2059	2318
3141	2879	2686
3142	2879	2686
3143	2357	2964
3144	2357	2964
3145	2647	2228
3146	2647	2228
3147	2907	2214
3148	2907	2214
3149	2027	2808
3150	2027	2808
3151	2859	2204
3152	2859	2204
3153	2369	2048
3154	2369	2048
3155	2105	2080
3156	2105	2080
3157	2901	2360
3158	2901	2360
3159	2177	2260
3160	2177	2260
3161	2677	2726
3162	2677	2726
3163	2983	2212
3164	2983	2212
3165	2941	2094
3166	2941	2094
3167	2311	2894
3168	2311	2894
3169	2225	2316
3170	2225	2316
3171	2909	2322
3172	2909	2322
3173	2053	2276
3174	2053	2276
3175	2483	2814
3176	2483	2814
3177	2573	2166
3178	2573	2166
3179	2295	2752
3180	2295	2752
3181	2849	2708
3182	2849	2708
3183	2845	2392
3184	2845	2392
3185	2073	2794
3186	2073	2794
3187	2725	2438
3188	2725	2438
3189	2683	2638
3190	2683	2638
3191	2057	2136
3192	2057	2136
3193	2867	2506
3194	2867	2506
3195	2191	2920
3196	2191	2920
3197	2639	2160
3198	2639	2160
3199	2559	2868
3200	2559	2868
3201	2429	2854
3202	2429	2854
3203	2431	2954
3204	2431	2954
3205	2259	2784
3206	2259	2784
3207	2779	2840
3208	2779	2840
3209	2653	2114
3210	2653	2114
3211	2807	2980
3212	2807	2980
3213	2441	2020
3214	2441	2020
3215	2231	2652
3216	2231	2652
3217	2863	2194
3218	2863	2194
3219	2663	2502
3220	2663	2502
3221	2485	2984
3222	2485	2984
3223	2127	2132
3224	2127	2132
3225	2425	2406
3226	2425	2406
3227	2313	2540
3228	2313	2540
3229	2217	2718
3230	2217	2718
3231	2315	2528
3232	2315	2528
3233	2299	2774
3234	2299	2774
3235	2551	2110
3236	2551	2110
3237	2049	2062
3238	2049	2062
3239	2679	2498
3240	2679	2498
3241	2157	2924
3242	2157	2924
3243	2627	2314
3244	2627	2314
3245	2669	2482
3246	2669	2482
3247	2703	2950
3248	2703	2950
3249	2135	2268
3250	2135	2268
3251	2291	2256
3252	2291	2256
3253	2043	2704
3254	2043	2704
3255	2123	2046
3256	2123	2046
3257	2939	2978
3258	2939	2978
3259	2541	2952
3260	2541	2952
3261	2321	2514
3262	2321	2514
3263	2201	2820
3264	2201	2820
3265	2265	2040
3266	2265	2040
3267	2049	2930
3268	2049	2930
3269	2959	2904
3270	2959	2904
3271	2397	2634
3272	2397	2634
3273	2243	2402
3274	2243	2402
3275	2109	2122
3276	2109	2122
3277	2431	2524
3278	2431	2524
3279	2901	2206
3280	2901	2206
3281	2483	2006
3282	2483	2006
3283	2957	2694
3284	2957	2694
3285	2545	2354
3286	2545	2354
3287	2015	2944
3288	2015	2944
3289	2791	2154
3290	2791	2154
3291	2051	2192
3292	2051	2192
3293	2301	2410
3294	2301	2410
3295	2639	2570
3296	2639	2570
3297	2545	2682
3298	2545	2682
3299	2209	2558
3300	2209	2558
3301	2547	2516
3302	2547	2516
3303	2989	2622
3304	2989	2622
3305	2075	2918
3306	2075	2918
3307	2817	2776
3308	2817	2776
3309	2105	2990
3310	2105	2990
3311	2219	2232
3312	2219	2232
3313	2581	2496
3314	2581	2496
3315	2091	2972
3316	2091	2972
3317	2841	2218
3318	2841	2218
3319	2185	2184
3320	2185	2184
3321	2305	2618
3322	2305	2618
3323	2791	2976
3324	2791	2976
3325	2485	2688
3326	2485	2688
3327	2111	2970
3328	2111	2970
3329	2929	2736
3330	2929	2736
3331	2025	2488
3332	2025	2488
3333	2761	2248
3334	2761	2248
3335	2171	2014
3336	2171	2014
3337	2575	2986
3338	2575	2986
3339	2423	2258
3340	2423	2258
3341	2949	2910
3342	2949	2910
3343	2797	2092
3344	2797	2092
3345	2339	2008
3346	2339	2008
3347	2715	2636
3348	2715	2636
3349	2749	2310
3350	2749	2310
3351	2017	2846
3352	2017	2846
3353	2933	2100
3354	2933	2100
3355	2699	2298
3356	2699	2298
3357	2407	2678
3358	2407	2678
3359	2905	2352
3360	2905	2352
3361	2289	2358
3362	2289	2358
3363	2875	2420
3364	2875	2420
3365	2971	2200
3366	2971	2200
3367	2927	2510
3368	2927	2510
3369	2873	2364
3370	2873	2364
3371	2965	2404
3372	2965	2404
3373	2123	2066
3374	2123	2066
3375	2403	2058
3376	2403	2058
3377	2171	2030
3378	2171	2030
3379	2899	2632
3380	2899	2632
3381	2865	2198
3382	2865	2198
3383	2509	2120
3384	2509	2120
3385	2383	2208
3386	2383	2208
3387	2911	2174
3388	2911	2174
3389	2905	2966
3390	2905	2966
3391	2527	2452
3392	2527	2452
3393	2927	2028
3394	2927	2028
3395	2539	2440
3396	2539	2440
3397	2371	2912
3398	2371	2912
3399	2811	2236
3400	2811	2236
3401	2545	2826
3402	2545	2826
3403	2001	2538
3404	2001	2538
3405	2097	2662
3406	2097	2662
3407	2753	2572
3408	2753	2572
3409	2619	2542
3410	2619	2542
3411	2005	2274
3412	2005	2274
3413	2259	2388
3414	2259	2388
3415	2067	2362
3416	2067	2362
3417	2453	2596
3418	2453	2596
3419	2039	2878
3420	2039	2878
3421	2787	2700
3422	2787	2700
3423	2763	2600
3424	2763	2600
3425	2467	2856
3426	2467	2856
3427	2929	2606
3428	2929	2606
3429	2963	2536
3430	2963	2536
3431	2091	2432
3432	2091	2432
3433	2669	2658
3434	2669	2658
3435	2899	2056
3436	2899	2056
3437	2405	2054
3438	2405	2054
3439	2249	2042
3440	2249	2042
3441	2001	2170
3442	2001	2170
3443	2555	2162
3444	2555	2162
3445	2957	2038
3446	2957	2038
3447	2137	2072
3448	2137	2072
3449	2241	2292
3450	2241	2292
3451	2739	2992
3452	2739	2992
3453	2767	2830
3454	2767	2830
3455	2995	2070
3456	2995	2070
3457	2389	2564
3458	2389	2564
3459	2299	2584
3460	2299	2584
3461	2491	2032
3462	2491	2032
3463	2599	2320
3464	2599	2320
3465	2973	2190
3466	2973	2190
3467	2471	2908
3468	2471	2908
3469	2011	2480
3470	2011	2480
3471	2409	2134
3472	2409	2134
3473	2989	2382
3474	2989	2382
3475	2585	2650
3476	2585	2650
3477	2685	2332
3478	2685	2332
3479	2999	2712
3480	2999	2712
3481	2023	2386
3482	2023	2386
3483	2401	2408
3484	2401	2408
3485	2257	2740
3486	2257	2740
3487	2643	2962
3488	2643	2962
3489	2947	2024
3490	2947	2024
3491	2651	2112
3492	2651	2112
3493	2853	2626
3494	2853	2626
3495	2429	2792
3496	2429	2792
3497	2585	2608
3498	2585	2608
3499	2287	2994
3500	2287	2994
3501	2573	2890
3502	2573	2890
3503	2565	2464
3504	2565	2464
3505	2153	2724
3506	2153	2724
3507	2679	2998
3508	2679	2998
3509	2137	2138
3510	2137	2138
3511	2467	2660
3512	2467	2660
3513	2345	2366
3514	2345	2366
3515	2693	2770
3516	2693	2770
3517	2027	2002
3518	2027	2002
3519	2173	2690
3520	2173	2690
3521	2161	2614
3522	2161	2614
3523	2059	2640
3524	2059	2640
3525	2179	2034
3526	2179	2034
3527	2223	2424
3528	2223	2424
3529	2725	2552
3530	2725	2552
3531	2145	2226
3532	2145	2226
3533	2385	2568
3534	2385	2568
3535	2499	2534
3536	2499	2534
3537	2437	2294
3538	2437	2294
3539	2961	2414
3540	2961	2414
3541	2149	2086
3542	2149	2086
3543	2979	2458
3544	2979	2458
3545	2265	2588
3546	2265	2588
3547	2967	2494
3548	2967	2494
3549	2933	2338
3550	2933	2338
3551	2635	2328
3552	2635	2328
3553	2961	2884
3554	2961	2884
3555	2731	2754
3556	2731	2754
3557	2977	2500
3558	2977	2500
3559	2993	2778
3560	2993	2778
3561	2639	2018
3562	2639	2018
3563	2713	2468
3564	2713	2468
3565	2161	2290
3566	2161	2290
3567	2637	2036
3568	2637	2036
3569	2307	2254
3570	2307	2254
3571	2737	2346
3572	2737	2346
3573	2053	2852
3574	2053	2852
3575	2433	2378
3576	2433	2378
3577	2597	2942
3578	2597	2942
3579	2495	2936
3580	2495	2936
3581	2147	2758
3582	2147	2758
3583	2383	2698
3584	2383	2698
3585	2499	2504
3586	2499	2504
3587	2795	2088
3588	2795	2088
3589	2789	2144
3590	2789	2144
3591	2515	2696
3592	2515	2696
3593	2863	2150
3594	2863	2150
3595	2989	2834
3596	2989	2834
3597	2737	2444
3598	2737	2444
3599	2879	2554
3600	2879	2554
3601	2125	2118
3602	2125	2118
3603	2927	2560
3604	2927	2560
3605	2333	2862
3606	2333	2862
3607	2781	2356
3608	2781	2356
3609	2063	2544
3610	2063	2544
3611	2795	2644
3612	2795	2644
3613	2433	2714
3614	2433	2714
3615	2187	2822
3616	2187	2822
3617	2797	2176
3618	2797	2176
3619	2537	2648
3620	2537	2648
3621	2275	2646
3622	2275	2646
3623	2749	2806
3624	2749	2806
3625	2067	2612
3626	2067	2612
3627	2275	2486
3628	2275	2486
3629	2405	2522
3630	2405	2522
3631	2301	2448
3632	2301	2448
3633	2713	2580
3634	2713	2580
3635	2305	2330
3636	2305	2330
3637	2373	2960
3638	2373	2960
3639	2561	2512
3640	2561	2512
3641	2823	2060
3642	2823	2060
3643	2513	2340
3644	2513	2340
3645	2461	2418
3646	2461	2418
3647	2523	2764
3648	2523	2764
3649	2911	2350
3650	2911	2350
3651	2523	2022
3652	2523	2022
3653	2861	2098
3654	2861	2098
3655	2509	2300
3656	2509	2300
3657	2145	2582
3658	2145	2582
3659	2839	2864
3660	2839	2864
3661	2707	2932
3662	2707	2932
3663	2871	2744
3664	2871	2744
3665	2297	2286
3666	2297	2286
3667	2539	2620
3668	2539	2620
3669	2213	2802
3670	2213	2802
3671	2375	2766
3672	2375	2766
3673	2669	2598
3674	2669	2598
3675	2637	2832
3676	2637	2832
3677	2387	2788
3678	2387	2788
3679	2407	2738
3680	2407	2738
3681	2211	2302
3682	2211	2302
3683	2929	2384
3684	2929	2384
3685	2419	2836
3686	2419	2836
3687	2601	2312
3688	2601	2312
3689	2307	2128
3690	2307	2128
3691	2689	2222
3692	2689	2222
3693	2739	2800
3694	2739	2800
3695	2825	2956
3696	2825	2956
3697	2609	2616
3698	2609	2616
3699	2381	2372
3700	2381	2372
3701	2449	2760
3702	2449	2760
3703	2431	2746
3704	2431	2746
3705	2959	2888
3706	2959	2888
3707	2881	2398
3708	2881	2398
3709	2833	2578
3710	2833	2578
3711	2785	2666
3712	2785	2666
3713	2527	2922
3714	2527	2922
3715	2379	2416
3716	2379	2416
3717	2893	2142
3718	2893	2142
3719	2167	2818
3720	2167	2818
3721	2641	2550
3722	2641	2550
3723	2215	2860
3724	2215	2860
3725	2863	2870
3726	2863	2870
3727	2599	2948
3728	2599	2948
3729	2381	2730
3730	2381	2730
3731	2369	2672
3732	2369	2672
3733	2623	2076
3734	2623	2076
3735	2463	2282
3736	2463	2282
3737	2281	2602
3738	2281	2602
3739	2055	2720
3740	2055	2720
3741	2509	3000
3742	2509	3000
3743	2327	2996
3744	2327	2996
3745	2171	2262
3746	2171	2262
3747	2843	2196
3748	2843	2196
3749	2437	2454
3750	2437	2454
3751	2993	2772
3752	2993	2772
3753	2337	2064
3754	2337	2064
3755	2847	2158
3756	2847	2158
3757	2463	2702
3758	2463	2702
3759	2951	2434
3760	2951	2434
3761	2061	2974
3762	2061	2974
3763	2859	2278
3764	2859	2278
3765	2183	2880
3766	2183	2880
3767	2687	2828
3768	2687	2828
3769	2089	2004
3770	2089	2004
3771	2389	2610
3772	2389	2610
3773	2731	2342
3774	2731	2342
3775	2477	2016
3776	2477	2016
3777	2147	2526
3778	2147	2526
3779	2809	2842
3780	2809	2842
3781	2553	2630
3782	2553	2630
3783	2625	2156
3784	2625	2156
3785	2225	2574
3786	2225	2574
3787	2391	2250
3788	2391	2250
3789	2233	2906
3790	2233	2906
3791	2109	2566
3792	2109	2566
3793	2197	2266
3794	2197	2266
3795	2993	2914
3796	2993	2914
3797	2661	2508
3798	2661	2508
3799	2799	2090
3800	2799	2090
3801	2361	2656
3802	2361	2656
3803	2445	2304
3804	2445	2304
3805	2855	2462
3806	2855	2462
3807	2187	2026
3808	2187	2026
3809	2211	2742
3810	2211	2742
3811	2607	2106
3812	2607	2106
3813	2269	2756
3814	2269	2756
3815	2267	2210
3816	2267	2210
3817	2107	2586
3818	2107	2586
3819	2117	2182
3820	2117	2182
3821	2017	2476
3822	2017	2476
3823	2035	2220
3824	2035	2220
3825	2541	2472
3826	2541	2472
3827	2283	2786
3828	2283	2786
3829	2175	2706
3830	2175	2706
3831	2153	2146
3832	2153	2146
3833	2915	2492
3834	2915	2492
3835	2215	2148
3836	2215	2148
3837	2541	2576
3838	2541	2576
3839	2167	2750
3840	2167	2750
3841	2189	2642
3842	2189	2642
3843	2563	2518
3844	2563	2518
3845	2693	2104
3846	2693	2104
3847	2819	2044
3848	2819	2044
3849	2357	2244
3850	2357	2244
3851	2689	2676
3852	2689	2676
3853	2325	2344
3854	2325	2344
3855	2221	2892
3856	2221	2892
3857	2865	2078
3858	2865	2078
3859	2247	2654
3860	2247	2654
3861	2455	2762
3862	2455	2762
3863	2553	2838
3864	2553	2838
3865	2709	2240
3866	2709	2240
3867	2169	2082
3868	2169	2082
3869	2403	2872
3870	2403	2872
3871	2645	2490
3872	2645	2490
3873	2273	2252
3874	2273	2252
3875	2605	2096
3876	2605	2096
3877	2269	2916
3878	2269	2916
3879	2885	2628
3880	2885	2628
3881	2429	2224
3882	2429	2224
3883	2349	2848
3884	2349	2848
3885	2503	2716
3886	2503	2716
3887	2489	2164
3888	2489	2164
3889	2563	2152
3890	2563	2152
3891	2527	2556
3892	2527	2556
3893	2215	2446
3894	2215	2446
3895	2697	2780
3896	2697	2780
3897	2119	2052
3898	2119	2052
3899	2939	2886
3900	2939	2886
3901	2937	2934
3902	2937	2934
3903	2103	2068
3904	2103	2068
3905	2825	2050
3906	2825	2050
3907	2915	2624
3908	2915	2624
3909	2103	2010
3910	2103	2010
3911	2003	2874
3912	2003	2874
3913	2345	2102
3914	2345	2102
3915	2487	2898
3916	2487	2898
3917	2425	2940
3918	2425	2940
3919	2211	2982
3920	2211	2982
3921	2371	2324
3922	2371	2324
3923	2083	2710
3924	2083	2710
3925	2921	2130
3926	2921	2130
3927	2115	2394
3928	2115	2394
3929	2653	2436
3930	2653	2436
3931	2055	2084
3932	2055	2084
3933	2161	2374
3934	2161	2374
3935	2837	2670
3936	2837	2670
3937	2859	2238
3938	2859	2238
3939	2075	2126
3940	2075	2126
3941	2051	2782
3942	2051	2782
3943	2775	2140
3944	2775	2140
3945	2921	2186
3946	2921	2186
3947	2105	2722
3948	2105	2722
3949	2061	2390
3950	2061	2390
3951	2149	2270
3952	2149	2270
3953	2119	2592
3954	2119	2592
3955	2373	2804
3956	2373	2804
3957	2689	2812
3958	2689	2812
3959	2709	2532
3960	2709	2532
3961	2439	2938
3962	2439	2938
3963	2357	2680
3964	2357	2680
3965	2367	2188
3966	2367	2188
3967	2449	2882
3968	2449	2882
3969	2237	2474
3970	2237	2474
3971	2859	2590
3972	2859	2590
3973	2199	2242
3974	2199	2242
3975	2307	2108
3976	2307	2108
3977	2309	2172
3978	2309	2172
3979	2079	2858
3980	2079	2858
3981	2593	2428
3982	2593	2428
3983	2513	2876
3984	2513	2876
3985	2333	2926
3986	2333	2926
3987	2349	2460
3988	2349	2460
3989	2319	2844
3990	2319	2844
3991	2417	2546
3992	2417	2546
3993	2989	2466
3994	2989	2466
3995	2155	2280
3996	2155	2280
3997	2193	2668
3998	2193	2668
3999	2635	2604
4000	2635	2604
4001	3597	3996
4002	3597	3996
4003	3995	3840
4004	3995	3840
4005	3383	3024
4006	3383	3024
4007	3421	3270
4008	3421	3270
4009	3239	3292
4010	3239	3292
4011	3639	3782
4012	3639	3782
4013	3345	3622
4014	3345	3622
4015	3959	3098
4016	3959	3098
4017	3569	3206
4018	3569	3206
4019	3001	3110
4020	3001	3110
4021	3667	3268
4022	3667	3268
4023	3287	3424
4024	3287	3424
4025	3131	3916
4026	3131	3916
4027	3443	3702
4028	3443	3702
4029	3281	3266
4030	3281	3266
4031	3023	3598
4032	3023	3598
4033	3471	3984
4034	3471	3984
4035	3237	3244
4036	3237	3244
4037	3309	3364
4038	3309	3364
4039	3227	3460
4040	3227	3460
4041	3177	3500
4042	3177	3500
4043	3129	3052
4044	3129	3052
4045	3547	3416
4046	3547	3416
4047	3241	3854
4048	3241	3854
4049	3469	3966
4050	3469	3966
4051	3079	3320
4052	3079	3320
4053	3561	3436
4054	3561	3436
4055	3757	3576
4056	3757	3576
4057	3809	3002
4058	3809	3002
4059	3585	3240
4060	3585	3240
4061	3565	3716
4062	3565	3716
4063	3435	3154
4064	3435	3154
4065	3475	3394
4066	3475	3394
4067	3441	3124
4068	3441	3124
4069	3579	3488
4070	3579	3488
4071	3687	3776
4072	3687	3776
4073	3835	3048
4074	3835	3048
4075	3133	3498
4076	3133	3498
4077	3351	3162
4078	3351	3162
4079	3705	3164
4080	3705	3164
4081	3613	3112
4082	3613	3112
4083	3747	3468
4084	3747	3468
4085	3205	3732
4086	3205	3732
4087	3061	3204
4088	3061	3204
4089	3241	3844
4090	3241	3844
4091	3973	3708
4092	3973	3708
4093	3859	3572
4094	3859	3572
4095	3445	3990
4096	3445	3990
4097	3979	3580
4098	3979	3580
4099	3883	3096
4100	3883	3096
4101	3959	3194
4102	3959	3194
4103	3263	3122
4104	3263	3122
4105	3753	3374
4106	3753	3374
4107	3209	3730
4108	3209	3730
4109	3617	3824
4110	3617	3824
4111	3881	3934
4112	3881	3934
4113	3615	3160
4114	3615	3160
4115	3161	3072
4116	3161	3072
4117	3901	3958
4118	3901	3958
4119	3479	3578
4120	3479	3578
4121	3375	3858
4122	3375	3858
4123	3201	3718
4124	3201	3718
4125	3825	3760
4126	3825	3760
4127	3499	3804
4128	3499	3804
4129	3819	3798
4130	3819	3798
4131	3445	3470
4132	3445	3470
4133	3381	3356
4134	3381	3356
4135	3037	3186
4136	3037	3186
4137	3091	3420
4138	3091	3420
4139	3237	3714
4140	3237	3714
4141	3419	3918
4142	3419	3918
4143	3979	3478
4144	3979	3478
4145	3213	3156
4146	3213	3156
4147	3879	3520
4148	3879	3520
4149	3611	3494
4150	3611	3494
4151	3965	3874
4152	3965	3874
4153	3915	3602
4154	3915	3602
4155	3385	3032
4156	3385	3032
4157	3563	3008
4158	3563	3008
4159	3875	3210
4160	3875	3210
4161	3745	3092
4162	3745	3092
4163	3701	3100
4164	3701	3100
4165	3129	3862
4166	3129	3862
4167	3773	3020
4168	3773	3020
4169	3929	3822
4170	3929	3822
4171	3485	3838
4172	3485	3838
4173	3927	3438
4174	3927	3438
4175	3859	3954
4176	3859	3954
4177	3517	3792
4178	3517	3792
4179	3207	3026
4180	3207	3026
4181	3699	3376
4182	3699	3376
4183	3781	3428
4184	3781	3428
4185	3143	3196
4186	3143	3196
4187	3989	3352
4188	3989	3352
4189	3017	3802
4190	3017	3802
4191	3049	3690
4192	3049	3690
4193	3555	3432
4194	3555	3432
4195	3847	3942
4196	3847	3942
4197	3147	3946
4198	3147	3946
4199	3903	3144
4200	3903	3144
4201	3145	3386
4202	3145	3386
4203	3615	3380
4204	3615	3380
4205	3905	3648
4206	3905	3648
4207	3291	3542
4208	3291	3542
4209	3859	3106
4210	3859	3106
4211	3831	3552
4212	3831	3552
4213	3865	3616
4214	3865	3616
4215	3759	3528
4216	3759	3528
4217	3397	3322
4218	3397	3322
4219	3791	3722
4220	3791	3722
4221	3747	3506
4222	3747	3506
4223	3565	3680
4224	3565	3680
4225	3007	3198
4226	3007	3198
4227	3953	3512
4228	3953	3512
4229	3683	3962
4230	3683	3962
4231	3727	3658
4232	3727	3658
4233	3235	3786
4234	3235	3786
4235	3507	3516
4236	3507	3516
4237	3861	3784
4238	3861	3784
4239	3855	3016
4240	3855	3016
4241	3139	3898
4242	3139	3898
4243	3107	3538
4244	3107	3538
4245	3055	3272
4246	3055	3272
4247	3235	3246
4248	3235	3246
4249	3809	3920
4250	3809	3920
4251	3391	3450
4252	3391	3450
4253	3499	3022
4254	3499	3022
4255	3919	3764
4256	3919	3764
4257	3595	3848
4258	3595	3848
4259	3649	3884
4260	3649	3884
4261	3663	3426
4262	3663	3426
4263	3347	3988
4264	3347	3988
4265	3435	3914
4266	3435	3914
4267	3729	3558
4268	3729	3558
4269	3519	3502
4270	3519	3502
4271	3267	3544
4272	3267	3544
4273	3357	3214
4274	3357	3214
4275	3887	3090
4276	3887	3090
4277	3027	3592
4278	3027	3592
4279	3017	3404
4280	3017	3404
4281	3343	3928
4282	3343	3928
4283	3749	3248
4284	3749	3248
4285	3537	3850
4286	3537	3850
4287	3491	3892
4288	3491	3892
4289	3275	3746
4290	3275	3746
4291	3989	3564
4292	3989	3564
4293	3727	3454
4294	3727	3454
4295	3895	3692
4296	3895	3692
4297	3571	3088
4298	3571	3088
4299	3161	3070
4300	3161	3070
4301	3163	3236
4302	3163	3236
4303	3917	3190
4304	3917	3190
4305	3483	3952
4306	3483	3952
4307	3259	3526
4308	3259	3526
4309	3677	3278
4310	3677	3278
4311	3993	3396
4312	3993	3396
4313	3455	3596
4314	3455	3596
4315	3537	3398
4316	3537	3398
4317	3155	3540
4318	3155	3540
4319	3935	3408
4320	3935	3408
4321	3319	3350
4322	3319	3350
4323	3831	3816
4324	3831	3816
4325	3203	3948
4326	3203	3948
4327	3033	3864
4328	3033	3864
4329	3761	3694
4330	3761	3694
4331	3537	3638
4332	3537	3638
4333	3719	3808
4334	3719	3808
4335	3609	3668
4336	3609	3668
4337	3413	3166
4338	3413	3166
4339	3131	3080
4340	3131	3080
4341	3535	3524
4342	3535	3524
4343	3325	3148
4344	3325	3148
4345	3077	3304
4346	3077	3304
4347	3783	3868
4348	3783	3868
4349	3777	3704
4350	3777	3704
4351	3503	3200
4352	3503	3200
4353	3707	3570
4354	3707	3570
4355	3353	3720
4356	3353	3720
4357	3373	3626
4358	3373	3626
4359	3569	3586
4360	3569	3586
4361	3505	3660
4362	3505	3660
4363	3945	3018
4364	3945	3018
4365	3231	3264
4366	3231	3264
4367	3681	3930
4368	3681	3930
4369	3799	3812
4370	3799	3812
4371	3943	3034
4372	3943	3034
4373	3795	3756
4374	3795	3756
4375	3835	3752
4376	3835	3752
4377	3475	3474
4378	3475	3474
4379	3265	3056
4380	3265	3056
4381	3951	3030
4382	3951	3030
4383	3537	3788
4384	3537	3788
4385	3859	3342
4386	3859	3342
4387	3137	3120
4388	3137	3120
4389	3099	4000
4390	3099	4000
4391	3647	3976
4392	3647	3976
4393	3221	3780
4394	3221	3780
4395	3437	3188
4396	3437	3188
4397	3141	3870
4398	3141	3870
4399	3221	3740
4400	3221	3740
4401	3129	3826
4402	3129	3826
4403	3793	3332
4404	3793	3332
4405	3655	3066
4406	3655	3066
4407	3659	3890
4408	3659	3890
4409	3451	3686
4410	3451	3686
4411	3051	3556
4412	3051	3556
4413	3705	3736
4414	3705	3736
4415	3707	3908
4416	3707	3908
4417	3433	3128
4418	3433	3128
4419	3127	3294
4420	3127	3294
4421	3783	3222
4422	3783	3222
4423	3689	3846
4424	3689	3846
4425	3669	3790
4426	3669	3790
4427	3341	3796
4428	3341	3796
4429	3207	3778
4430	3207	3778
4431	3741	3054
4432	3741	3054
4433	3733	3856
4434	3733	3856
4435	3267	3906
4436	3267	3906
4437	3417	3006
4438	3417	3006
4439	3697	3410
4440	3697	3410
4441	3703	3102
4442	3703	3102
4443	3051	3126
4444	3051	3126
4445	3239	3274
4446	3239	3274
4447	3079	3938
4448	3079	3938
4449	3701	3466
4450	3701	3466
4451	3513	3712
4452	3513	3712
4453	3367	3986
4454	3367	3986
4455	3971	3312
4456	3971	3312
4457	3743	3384
4458	3743	3384
4459	3949	3774
4460	3949	3774
4461	3603	3630
4462	3603	3630
4463	3109	3256
4464	3109	3256
4465	3371	3974
4466	3371	3974
4467	3165	3346
4468	3165	3346
4469	3443	3440
4470	3443	3440
4471	3215	3340
4472	3215	3340
4473	3137	3656
4474	3137	3656
4475	3691	3886
4476	3691	3886
4477	3693	3242
4478	3693	3242
4479	3979	3140
4480	3979	3140
4481	3003	3654
4482	3003	3654
4483	3363	3750
4484	3363	3750
4485	3105	3486
4486	3105	3486
4487	3363	3926
4488	3363	3926
4489	3065	3146
4490	3065	3146
4491	3827	3358
4492	3827	3358
4493	3401	3328
4494	3401	3328
4495	3179	3618
4496	3179	3618
4497	3085	3922
4498	3085	3922
4499	3507	3418
4500	3507	3418
4501	3991	3138
4502	3991	3138
4503	3605	3492
4504	3605	3492
4505	3979	3794
4506	3979	3794
4507	3797	3058
4508	3797	3058
4509	3315	3574
4510	3315	3574
4511	3041	3218
4512	3041	3218
4513	3773	3936
4514	3773	3936
4515	3075	3042
4516	3075	3042
4517	3643	3548
4518	3643	3548
4519	3591	3132
4520	3591	3132
4521	3883	3480
4522	3883	3480
4523	3769	3330
4524	3769	3330
4525	3387	3392
4526	3387	3392
4527	3073	3682
4528	3073	3682
4529	3465	3980
4530	3465	3980
4531	3073	3400
4532	3073	3400
4533	3061	3318
4534	3061	3318
4535	3053	3770
4536	3053	3770
4537	3535	3650
4538	3535	3650
4539	3951	3382
4540	3951	3382
4541	3501	3972
4542	3501	3972
4543	3709	3406
4544	3709	3406
4545	3455	3960
4546	3455	3960
4547	3345	3378
4548	3345	3378
4549	3181	3842
4550	3181	3842
4551	3005	3170
4552	3005	3170
4553	3951	3250
4554	3951	3250
4555	3479	3134
4556	3479	3134
4557	3873	3664
4558	3873	3664
4559	3763	3810
4560	3763	3810
4561	3755	3288
4562	3755	3288
4563	3793	3836
4564	3793	3836
4565	3399	3956
4566	3399	3956
4567	3639	3414
4568	3639	3414
4569	3011	3116
4570	3011	3116
4571	3241	3300
4572	3241	3300
4573	3629	3912
4574	3629	3912
4575	3173	3178
4576	3173	3178
4577	3173	3902
4578	3173	3902
4579	3389	3202
4580	3389	3202
4581	3663	3828
4582	3663	3828
4583	3499	3878
4584	3499	3878
4585	3853	3084
4586	3853	3084
4587	3263	3338
4588	3263	3338
4589	3735	3172
4590	3735	3172
4591	3839	3676
4592	3839	3676
4593	3559	3192
4594	3559	3192
4595	3411	3012
4596	3411	3012
4597	3961	3464
4598	3961	3464
4599	3027	3666
4600	3027	3666
4601	3577	3698
4602	3577	3698
4603	3837	3636
4604	3837	3636
4605	3285	3678
4606	3285	3678
4607	3251	3852
4608	3251	3852
4609	3539	3754
4610	3539	3754
4611	3177	3510
4612	3177	3510
4613	3579	3324
4614	3579	3324
4615	3817	3180
4616	3817	3180
4617	3717	3646
4618	3717	3646
4619	3545	3818
4620	3545	3818
4621	3421	3142
4622	3421	3142
4623	3663	3742
4624	3663	3742
4625	3647	3696
4626	3647	3696
4627	3629	3584
4628	3629	3584
4629	3059	3004
4630	3059	3004
4631	3133	3830
4632	3133	3830
4633	3919	3684
4634	3919	3684
4635	3293	3866
4636	3293	3866
4637	3099	3306
4638	3099	3306
4639	3989	3640
4640	3989	3640
4641	3945	3310
4642	3945	3310
4643	3909	3728
4644	3909	3728
4645	3033	3298
4646	3033	3298
4647	3913	3226
4648	3913	3226
4649	3099	3700
4650	3099	3700
4651	3269	3522
4652	3269	3522
4653	3615	3496
4654	3615	3496
4655	3813	3062
4656	3813	3062
4657	3521	3104
4658	3521	3104
4659	3361	3536
4660	3361	3536
4661	3581	3362
4662	3581	3362
4663	3717	3366
4664	3717	3366
4665	3671	3724
4666	3671	3724
4667	3709	3504
4668	3709	3504
4669	3779	3710
4670	3779	3710
4671	3213	3208
4672	3213	3208
4673	3495	3860
4674	3495	3860
4675	3475	3212
4676	3475	3212
4677	3461	3334
4678	3461	3334
4679	3335	3508
4680	3335	3508
4681	3555	3744
4682	3555	3744
4683	3225	3388
4684	3225	3388
4685	3969	3354
4686	3969	3354
4687	3599	3336
4688	3599	3336
4689	3483	3462
4690	3483	3462
4691	3649	3074
4692	3649	3074
4693	3877	3880
4694	3877	3880
4695	3013	3834
4696	3013	3834
4697	3641	3252
4698	3641	3252
4699	3871	3082
4700	3871	3082
4701	3053	3568
4702	3053	3568
4703	3431	3560
4704	3431	3560
4705	3705	3642
4706	3705	3642
4707	3421	3900
4708	3421	3900
4709	3725	3940
4710	3725	3940
4711	3517	3594
4712	3517	3594
4713	3619	3832
4714	3619	3832
4715	3995	3216
4716	3995	3216
4717	3175	3888
4718	3175	3888
4719	3299	3472
4720	3299	3472
4721	3243	3738
4722	3243	3738
4723	3165	3114
4724	3165	3114
4725	3083	3094
4726	3083	3094
4727	3421	3652
4728	3421	3652
4729	3871	3422
4730	3871	3422
4731	3621	3904
4732	3621	3904
4733	3667	3924
4734	3667	3924
4735	3251	3402
4736	3251	3402
4737	3701	3768
4738	3701	3768
4739	3163	3490
4740	3163	3490
4741	3477	3176
4742	3477	3176
4743	3155	3772
4744	3155	3772
4745	3283	3484
4746	3283	3484
4747	3553	3590
4748	3553	3590
4749	3905	3302
4750	3905	3302
4751	3061	3452
4752	3061	3452
4753	3409	3014
4754	3409	3014
4755	3155	3010
4756	3155	3010
4757	3345	3610
4758	3345	3610
4759	3119	3036
4760	3119	3036
4761	3021	3344
4762	3021	3344
4763	3967	3360
4764	3967	3360
4765	3825	3806
4766	3825	3806
4767	3203	3038
4768	3203	3038
4769	3175	3326
4770	3175	3326
4771	3867	3628
4772	3867	3628
4773	3909	3554
4774	3909	3554
4775	3725	3674
4776	3725	3674
4777	3361	3532
4778	3361	3532
4779	3213	3412
4780	3213	3412
4781	3401	3044
4782	3401	3044
4783	3867	3430
4784	3867	3430
4785	3591	3820
4786	3591	3820
4787	3467	3158
4788	3467	3158
4789	3865	3562
4790	3865	3562
4791	3183	3136
4792	3183	3136
4793	3215	3896
4794	3215	3896
4795	3307	3614
4796	3307	3614
4797	3567	3316
4798	3567	3316
4799	3545	3634
4800	3545	3634
4801	3077	3994
4802	3077	3994
4803	3689	3028
4804	3689	3028
4805	3357	3632
4806	3357	3632
4807	3041	3458
4808	3041	3458
4809	3325	3998
4810	3325	3998
4811	3269	3882
4812	3269	3882
4813	3187	3944
4814	3187	3944
4815	3037	3064
4816	3037	3064
4817	3481	3550
4818	3481	3550
4819	3821	3442
4820	3821	3442
4821	3873	3514
4822	3873	3514
4823	3061	3758
4824	3061	3758
4825	3357	3228
4826	3357	3228
4827	3119	3254
4828	3119	3254
4829	3347	3282
4830	3347	3282
4831	3823	3152
4832	3823	3152
4833	3783	3060
4834	3783	3060
4835	3111	3726
4836	3111	3726
4837	3855	3968
4838	3855	3968
4839	3889	3118
4840	3889	3118
4841	3343	3078
4842	3343	3078
4843	3689	3762
4844	3689	3762
4845	3601	3734
4846	3601	3734
4847	3713	3314
4848	3713	3314
4849	3539	3230
4850	3539	3230
4851	3205	3604
4852	3205	3604
4853	3659	3150
4854	3659	3150
4855	3669	3872
4856	3669	3872
4857	3061	3086
4858	3061	3086
4859	3913	3434
4860	3913	3434
4861	3555	3232
4862	3555	3232
4863	3493	3348
4864	3493	3348
4865	3145	3620
4866	3145	3620
4867	3859	3446
4868	3859	3446
4869	3539	3068
4870	3539	3068
4871	3403	3308
4872	3403	3308
4873	3615	3456
4874	3615	3456
4875	3643	3046
4876	3643	3046
4877	3327	3588
4878	3327	3588
4879	3997	3670
4880	3997	3670
4881	3549	3612
4882	3549	3612
4883	3569	3706
4884	3569	3706
4885	3231	3876
4886	3231	3876
4887	3361	3050
4888	3361	3050
4889	3933	3606
4890	3933	3606
4891	3033	3130
4892	3033	3130
4893	3411	3444
4894	3411	3444
4895	3937	3390
4896	3937	3390
4897	3329	3992
4898	3329	3992
4899	3943	3372
4900	3943	3372
4901	3245	3296
4902	3245	3296
4903	3807	3970
4904	3807	3970
4905	3017	3284
4906	3017	3284
4907	3237	3368
4908	3237	3368
4909	3407	3040
4910	3407	3040
4911	3827	3370
4912	3827	3370
4913	3963	3964
4914	3963	3964
4915	3293	3814
4916	3293	3814
4917	3687	3182
4918	3687	3182
4919	3721	3476
4920	3721	3476
4921	3041	3258
4922	3041	3258
4923	3089	3644
4924	3089	3644
4925	3399	3220
4926	3399	3220
4927	3261	3608
4928	3261	3608
4929	3735	3894
4930	3735	3894
4931	3615	3108
4932	3615	3108
4933	3911	3566
4934	3911	3566
4935	3995	3530
4936	3995	3530
4937	3557	3978
4938	3557	3978
4939	3129	3800
4940	3129	3800
4941	3033	3662
4942	3033	3662
4943	3069	3280
4944	3069	3280
4945	3181	3534
4946	3181	3534
4947	3399	3950
4948	3399	3950
4949	3675	3224
4950	3675	3224
4951	3359	3518
4952	3359	3518
4953	3217	3910
4954	3217	3910
4955	3699	3600
4956	3699	3600
4957	3731	3260
4958	3731	3260
4959	3593	3448
4960	3593	3448
4961	3619	3982
4962	3619	3982
4963	3971	3932
4964	3971	3932
4965	3473	3276
4966	3473	3276
4967	3257	3238
4968	3257	3238
4969	3961	3672
4970	3961	3672
4971	3747	3234
4972	3747	3234
4973	3627	3168
4974	3627	3168
4975	3189	3174
4976	3189	3174
4977	3389	3624
4978	3389	3624
4979	3909	3076
4980	3909	3076
4981	3239	3546
4982	3239	3546
4983	3991	3286
4984	3991	3286
4985	3167	3582
4986	3167	3582
4987	3215	3482
4988	3215	3482
4989	3043	3688
4990	3043	3688
4991	3057	3262
4992	3057	3262
4993	3191	3748
4994	3191	3748
4995	3753	3290
4996	3753	3290
4997	3135	3184
4998	3135	3184
4999	3997	3766
5000	3997	3766
5001	4035	4218
5002	4035	4218
5003	4931	4934
5004	4931	4934
5005	4243	4132
5006	4243	4132
5007	4627	4220
5008	4627	4220
5009	4467	4664
5010	4467	4664
5011	4657	4520
5012	4657	4520
5013	4555	4324
5014	4555	4324
5015	4369	4276
5016	4369	4276
5017	4425	4506
5018	4425	4506
5019	4213	4908
5020	4213	4908
5021	4979	4638
5022	4979	4638
5023	4219	4426
5024	4219	4426
5025	4231	4662
5026	4231	4662
5027	4599	4038
5028	4599	4038
5029	4947	4298
5030	4947	4298
5031	4103	4092
5032	4103	4092
5033	4591	4948
5034	4591	4948
5035	4927	4602
5036	4927	4602
5037	4481	4834
5038	4481	4834
5039	4951	4130
5040	4951	4130
5041	4975	4510
5042	4975	4510
5043	4291	4076
5044	4291	4076
5045	4227	4778
5046	4227	4778
5047	4981	4404
5048	4981	4404
5049	4503	4612
5050	4503	4612
5051	4863	4320
5052	4863	4320
5053	4671	4428
5054	4671	4428
5055	4599	4284
5056	4599	4284
5057	4755	4398
5058	4755	4398
5059	4981	4706
5060	4981	4706
5061	4423	4060
5062	4423	4060
5063	4707	4406
5064	4707	4406
5065	4729	4370
5066	4729	4370
5067	4697	5000
5068	4697	5000
5069	4491	4594
5070	4491	4594
5071	4569	4258
5072	4569	4258
5073	4645	4784
5074	4645	4784
5075	4145	4338
5076	4145	4338
5077	4479	4262
5078	4479	4262
5079	4829	4152
5080	4829	4152
5081	4387	4222
5082	4387	4222
5083	4799	4644
5084	4799	4644
5085	4141	4458
5086	4141	4458
5087	4445	4714
5088	4445	4714
5089	4557	4246
5090	4557	4246
5091	4461	4278
5092	4461	4278
5093	4891	4006
5094	4891	4006
5095	4473	4188
5096	4473	4188
5097	4111	4478
5098	4111	4478
5099	4895	4162
5100	4895	4162
5101	4781	4086
5102	4781	4086
5103	4833	4718
5104	4833	4718
5105	4635	4744
5106	4635	4744
5107	4317	4808
5108	4317	4808
5109	4487	4142
5110	4487	4142
5111	4485	4898
5112	4485	4898
5113	4013	4984
5114	4013	4984
5115	4093	4308
5116	4093	4308
5117	4383	4708
5118	4383	4708
5119	4085	4146
5120	4085	4146
5121	4811	4056
5122	4811	4056
5123	4493	4312
5124	4493	4312
5125	4659	4100
5126	4659	4100
5127	4127	4496
5128	4127	4496
5129	4081	4472
5130	4081	4472
5131	4155	4474
5132	4155	4474
5133	4587	4618
5134	4587	4618
5135	4977	4302
5136	4977	4302
5137	4853	4274
5138	4853	4274
5139	4103	4326
5140	4103	4326
5141	4693	4488
5142	4693	4488
5143	4973	4858
5144	4973	4858
5145	4409	4540
5146	4409	4540
5147	4571	4650
5148	4571	4650
5149	4103	4690
5150	4103	4690
5151	4879	4616
5152	4879	4616
5153	4861	4364
5154	4861	4364
5155	4871	4856
5156	4871	4856
5157	4491	4916
5158	4491	4916
5159	4483	4294
5160	4483	4294
5161	4343	4882
5162	4343	4882
5163	4729	4434
5164	4729	4434
5165	4335	4710
5166	4335	4710
5167	4625	4726
5168	4625	4726
5169	4943	4018
5170	4943	4018
5171	4619	4590
5172	4619	4590
5173	4875	4112
5174	4875	4112
5175	4683	4724
5176	4683	4724
5177	4485	4772
5178	4485	4772
5179	4649	4416
5180	4649	4416
5181	4697	4490
5182	4697	4490
5183	4007	4958
5184	4007	4958
5185	4149	4652
5186	4149	4652
5187	4727	4126
5188	4727	4126
5189	4229	4136
5190	4229	4136
5191	4917	4548
5192	4917	4548
5193	4189	4232
5194	4189	4232
5195	4983	4976
5196	4983	4976
5197	4199	4774
5198	4199	4774
5199	4967	4106
5200	4967	4106
5201	4281	4760
5202	4281	4760
5203	4653	4864
5204	4653	4864
5205	4401	4904
5206	4401	4904
5207	4089	4122
5208	4089	4122
5209	4631	4920
5210	4631	4920
5211	4095	4622
5212	4095	4622
5213	4175	4304
5214	4175	4304
5215	4529	4400
5216	4529	4400
5217	4915	4954
5218	4915	4954
5219	4705	4932
5220	4705	4932
5221	4679	4936
5222	4679	4936
5223	4561	4440
5224	4561	4440
5225	4405	4044
5226	4405	4044
5227	4099	4878
5228	4099	4878
5229	4359	4746
5230	4359	4746
5231	4675	4386
5232	4675	4386
5233	4427	4522
5234	4427	4522
5235	4155	4720
5236	4155	4720
5237	4459	4448
5238	4459	4448
5239	4111	4998
5240	4111	4998
5241	4833	4912
5242	4833	4912
5243	4233	4230
5244	4233	4230
5245	4981	4200
5246	4981	4200
5247	4157	4344
5248	4157	4344
5249	4797	4480
5250	4797	4480
5251	4205	4124
5252	4205	4124
5253	4355	4832
5254	4355	4832
5255	4447	4110
5256	4447	4110
5257	4791	4630
5258	4791	4630
5259	4071	4340
5260	4071	4340
5261	4243	4456
5262	4243	4456
5263	4019	4770
5264	4019	4770
5265	4899	4436
5266	4899	4436
5267	4635	4696
5268	4635	4696
5269	4915	4512
5270	4915	4512
5271	4675	4528
5272	4675	4528
5273	4535	4742
5274	4535	4742
5275	4931	4430
5276	4931	4430
5277	4775	4758
5278	4775	4758
5279	4995	4192
5280	4995	4192
5281	4427	4994
5282	4427	4994
5283	4429	4586
5284	4429	4586
5285	4689	4606
5286	4689	4606
5287	4047	4564
5288	4047	4564
5289	4415	4642
5290	4415	4642
5291	4191	4536
5292	4191	4536
5293	4255	4058
5294	4255	4058
5295	4389	4972
5296	4389	4972
5297	4831	4286
5298	4831	4286
5299	4775	4578
5300	4775	4578
5301	4049	4694
5302	4049	4694
5303	4769	4918
5304	4769	4918
5305	4723	4824
5306	4723	4824
5307	4835	4524
5308	4835	4524
5309	4247	4240
5310	4247	4240
5311	4689	4628
5312	4689	4628
5313	4907	4408
5314	4907	4408
5315	4201	4072
5316	4201	4072
5317	4467	4020
5318	4467	4020
5319	4355	4170
5320	4355	4170
5321	4489	4508
5322	4489	4508
5323	4863	4040
5324	4863	4040
5325	4617	4318
5326	4617	4318
5327	4837	4938
5328	4837	4938
5329	4631	4794
5330	4631	4794
5331	4507	4734
5332	4507	4734
5333	4649	4626
5334	4649	4626
5335	4651	4812
5336	4651	4812
5337	4089	4190
5338	4089	4190
5339	4163	4768
5340	4163	4768
5341	4333	4210
5342	4333	4210
5343	4933	4552
5344	4933	4552
5345	4461	4452
5346	4461	4452
5347	4425	4826
5348	4425	4826
5349	4027	4596
5350	4027	4596
5351	4633	4750
5352	4633	4750
5353	4023	4068
5354	4023	4068
5355	4557	4372
5356	4557	4372
5357	4305	4356
5358	4305	4356
5359	4397	4470
5360	4397	4470
5361	4073	4168
5362	4073	4168
5363	4873	4148
5364	4873	4148
5365	4939	4468
5366	4939	4468
5367	4171	4236
5368	4171	4236
5369	4669	4584
5370	4669	4584
5371	4723	4946
5372	4723	4946
5373	4673	4296
5374	4673	4296
5375	4273	4730
5376	4273	4730
5377	4503	4890
5378	4503	4890
5379	4205	4252
5380	4205	4252
5381	4373	4806
5382	4373	4806
5383	4033	4102
5384	4033	4102
5385	4877	4660
5386	4877	4660
5387	4787	4374
5388	4787	4374
5389	4275	4292
5390	4275	4292
5391	4489	4424
5392	4489	4424
5393	4235	4656
5394	4235	4656
5395	4319	4444
5396	4319	4444
5397	4041	4952
5398	4041	4952
5399	4213	4186
5400	4213	4186
5401	4499	4322
5402	4499	4322
5403	4157	4722
5404	4157	4722
5405	4063	4198
5406	4063	4198
5407	4021	4576
5408	4021	4576
5409	4995	4872
5410	4995	4872
5411	4517	4380
5412	4517	4380
5413	4089	4700
5414	4089	4700
5415	4141	4138
5416	4141	4138
5417	4339	4410
5418	4339	4410
5419	4009	4968
5420	4009	4968
5421	4847	4348
5422	4847	4348
5423	4233	4848
5424	4233	4848
5425	4667	4896
5426	4667	4896
5427	4097	4514
5428	4097	4514
5429	4423	4464
5430	4423	4464
5431	4395	4600
5432	4395	4600
5433	4441	4592
5434	4441	4592
5435	4063	4498
5436	4063	4498
5437	4089	4212
5438	4089	4212
5439	4607	4224
5440	4607	4224
5441	4465	4688
5442	4465	4688
5443	4661	4438
5444	4661	4438
5445	4639	4034
5446	4639	4034
5447	4055	4964
5448	4055	4964
5449	4643	4818
5450	4643	4818
5451	4573	4852
5452	4573	4852
5453	4105	4396
5454	4105	4396
5455	4897	4636
5456	4897	4636
5457	4689	4104
5458	4689	4104
5459	4303	4066
5460	4303	4066
5461	4197	4598
5462	4197	4598
5463	4843	4164
5464	4843	4164
5465	4325	4420
5466	4325	4420
5467	4809	4980
5468	4809	4980
5469	4691	4500
5470	4691	4500
5471	4533	4244
5472	4533	4244
5473	4017	4166
5474	4017	4166
5475	4007	4196
5476	4007	4196
5477	4925	4012
5478	4925	4012
5479	4925	4288
5480	4925	4288
5481	4295	4482
5482	4295	4482
5483	4811	4178
5484	4811	4178
5485	4075	4342
5486	4075	4342
5487	4241	4392
5488	4241	4392
5489	4347	4568
5490	4347	4568
5491	4759	4494
5492	4759	4494
5493	4083	4350
5494	4083	4350
5495	4359	4762
5496	4359	4762
5497	4817	4532
5498	4817	4532
5499	4041	4684
5500	4041	4684
5501	4077	4748
5502	4077	4748
5503	4245	4098
5504	4245	4098
5505	4127	4140
5506	4127	4140
5507	4845	4216
5508	4845	4216
5509	4657	4486
5510	4657	4486
5511	4327	4798
5512	4327	4798
5513	4001	4588
5514	4001	4588
5515	4437	4830
5516	4437	4830
5517	4329	4368
5518	4329	4368
5519	4447	4820
5520	4447	4820
5521	4183	4032
5522	4183	4032
5523	4827	4942
5524	4827	4942
5525	4627	4670
5526	4627	4670
5527	4973	4492
5528	4973	4492
5529	4305	4116
5530	4305	4116
5531	4023	4134
5532	4023	4134
5533	4751	4432
5534	4751	4432
5535	4871	4036
5536	4871	4036
5537	4673	4692
5538	4673	4692
5539	4683	4854
5540	4683	4854
5541	4163	4836
5542	4163	4836
5543	4745	4174
5544	4745	4174
5545	4289	4604
5546	4289	4604
5547	4713	4862
5548	4713	4862
5549	4421	4550
5550	4421	4550
5551	4999	4816
5552	4999	4816
5553	4485	4716
5554	4485	4716
5555	4093	4454
5556	4093	4454
5557	4121	4450
5558	4121	4450
5559	4323	4974
5560	4323	4974
5561	4307	4460
5562	4307	4460
5563	4047	4272
5564	4047	4272
5565	4493	4182
5566	4493	4182
5567	4715	4986
5568	4715	4986
5569	4023	4842
5570	4023	4842
5571	4419	4250
5572	4419	4250
5573	4387	4792
5574	4387	4792
5575	4707	4950
5576	4707	4950
5577	4801	4394
5578	4801	4394
5579	4863	4732
5580	4863	4732
5581	4485	4572
5582	4485	4572
5583	4501	4334
5584	4501	4334
5585	4613	4160
5586	4613	4160
5587	4517	4328
5588	4517	4328
5589	4219	4314
5590	4219	4314
5591	4025	4024
5592	4025	4024
5593	4089	4270
5594	4089	4270
5595	4035	4676
5596	4035	4676
5597	4133	4422
5598	4133	4422
5599	4961	4796
5600	4961	4796
5601	4273	4926
5602	4273	4926
5603	4597	4534
5604	4597	4534
5605	4529	4418
5606	4529	4418
5607	4895	4668
5608	4895	4668
5609	4125	4556
5610	4125	4556
5611	4445	4876
5612	4445	4876
5613	4805	4228
5614	4805	4228
5615	4713	4804
5616	4713	4804
5617	4549	4442
5618	4549	4442
5619	4233	4566
5620	4233	4566
5621	4519	4640
5622	4519	4640
5623	4649	4738
5624	4649	4738
5625	4249	4026
5626	4249	4026
5627	4795	4580
5628	4795	4580
5629	4745	4082
5630	4745	4082
5631	4575	4254
5632	4575	4254
5633	4209	4880
5634	4209	4880
5635	4447	4608
5636	4447	4608
5637	4595	4238
5638	4595	4238
5639	4969	4502
5640	4969	4502
5641	4807	4234
5642	4807	4234
5643	4147	4682
5644	4147	4682
5645	4299	4096
5646	4299	4096
5647	4581	4476
5648	4581	4476
5649	4489	4402
5650	4489	4402
5651	4205	4194
5652	4205	4194
5653	4131	4048
5654	4131	4048
5655	4889	4052
5656	4889	4052
5657	4479	4610
5658	4479	4610
5659	4013	4906
5660	4013	4906
5661	4353	4248
5662	4353	4248
5663	4161	4764
5664	4161	4764
5665	4701	4930
5666	4701	4930
5667	4189	4860
5668	4189	4860
5669	4447	4672
5670	4447	4672
5671	4879	4840
5672	4879	4840
5673	4175	4094
5674	4175	4094
5675	4541	4390
5676	4541	4390
5677	4423	4226
5678	4423	4226
5679	4725	4008
5680	4725	4008
5681	4341	4466
5682	4341	4466
5683	4477	4944
5684	4477	4944
5685	4553	4360
5686	4553	4360
5687	4391	4202
5688	4391	4202
5689	4845	4128
5690	4845	4128
5691	4845	4366
5692	4845	4366
5693	4945	4412
5694	4945	4412
5695	4941	4014
5696	4941	4014
5697	4763	4868
5698	4763	4868
5699	4317	4156
5700	4317	4156
5701	4877	4844
5702	4877	4844
5703	4053	4352
5704	4053	4352
5705	4167	4064
5706	4167	4064
5707	4189	4698
5708	4189	4698
5709	4419	4388
5710	4419	4388
5711	4375	4978
5712	4375	4978
5713	4493	4266
5714	4493	4266
5715	4919	4300
5716	4919	4300
5717	4753	4646
5718	4753	4646
5719	4883	4810
5720	4883	4810
5721	4821	4802
5722	4821	4802
5723	4475	4924
5724	4475	4924
5725	4373	4306
5726	4373	4306
5727	4199	4888
5728	4199	4888
5729	4767	4144
5730	4767	4144
5731	4271	4838
5732	4271	4838
5733	4749	4108
5734	4749	4108
5735	4407	4376
5736	4407	4376
5737	4229	4850
5738	4229	4850
5739	4353	4940
5740	4353	4940
5741	4759	4922
5742	4759	4922
5743	4597	4674
5744	4597	4674
5745	4599	4080
5746	4599	4080
5747	4161	4728
5748	4161	4728
5749	4823	4530
5750	4823	4530
5751	4037	4176
5752	4037	4176
5753	4287	4620
5754	4287	4620
5755	4163	4030
5756	4163	4030
5757	4343	4078
5758	4343	4078
5759	4671	4526
5760	4671	4526
5761	4391	4870
5762	4391	4870
5763	4371	4336
5764	4371	4336
5765	4787	4558
5766	4787	4558
5767	4591	4874
5768	4591	4874
5769	4191	4632
5770	4191	4632
5771	4471	4966
5772	4471	4966
5773	4573	4900
5774	4573	4900
5775	4565	4884
5776	4565	4884
5777	4549	4678
5778	4549	4678
5779	4053	4686
5780	4053	4686
5781	4401	4814
5782	4401	4814
5783	4811	4002
5784	4811	4002
5785	4255	4330
5786	4255	4330
5787	4659	4354
5788	4659	4354
5789	4255	4022
5790	4255	4022
5791	4955	4264
5792	4955	4264
5793	4565	4970
5794	4565	4970
5795	4643	4158
5796	4643	4158
5797	4113	4702
5798	4113	4702
5799	4603	4310
5800	4603	4310
5801	4697	4172
5802	4697	4172
5803	4645	4382
5804	4645	4382
5805	4495	4214
5806	4495	4214
5807	4143	4016
5808	4143	4016
5809	4983	4256
5810	4983	4256
5811	4877	4004
5812	4877	4004
5813	4533	4150
5814	4533	4150
5815	4989	4570
5816	4989	4570
5817	4151	4260
5818	4151	4260
5819	4487	4756
5820	4487	4756
5821	4245	4892
5822	4245	4892
5823	4463	4786
5824	4463	4786
5825	4983	4648
5826	4983	4648
5827	4085	4358
5828	4085	4358
5829	4667	4902
5830	4667	4902
5831	4281	4846
5832	4281	4846
5833	4913	4666
5834	4913	4666
5835	4115	4074
5836	4115	4074
5837	4385	4028
5838	4385	4028
5839	4465	4010
5840	4465	4010
5841	4483	4346
5842	4483	4346
5843	4093	4546
5844	4093	4546
5845	4429	4282
5846	4429	4282
5847	4223	4614
5848	4223	4614
5849	4565	4378
5850	4565	4378
5851	4961	4046
5852	4961	4046
5853	4361	4504
5854	4361	4504
5855	4113	4960
5856	4113	4960
5857	4593	4962
5858	4593	4962
5859	4289	4280
5860	4289	4280
5861	4089	4928
5862	4089	4928
5863	4349	4538
5864	4349	4538
5865	4311	4118
5866	4311	4118
5867	4753	4582
5868	4753	4582
5869	4603	4704
5870	4603	4704
5871	4151	4780
5872	4151	4780
5873	4549	4712
5874	4549	4712
5875	4627	4090
5876	4627	4090
5877	4143	4766
5878	4143	4766
5879	4823	4184
5880	4823	4184
5881	4423	4208
5882	4423	4208
5883	4139	4740
5884	4139	4740
5885	4989	4206
5886	4989	4206
5887	4903	4542
5888	4903	4542
5889	4823	4990
5890	4823	4990
5891	4345	4050
5892	4345	4050
5893	4847	4562
5894	4847	4562
5895	4555	4982
5896	4555	4982
5897	4447	4828
5898	4447	4828
5899	4569	4866
5900	4569	4866
5901	4663	4996
5902	4663	4996
5903	4249	4518
5904	4249	4518
5905	4125	4956
5906	4125	4956
5907	4143	4788
5908	4143	4788
5909	4831	4790
5910	4831	4790
5911	4049	4752
5912	4049	4752
5913	4609	4992
5914	4609	4992
5915	4603	4988
5916	4603	4988
5917	4481	4736
5918	4481	4736
5919	4167	4754
5920	4167	4754
5921	4597	4042
5922	4597	4042
5923	4281	4062
5924	4281	4062
5925	4941	4384
5926	4941	4384
5927	4383	4268
5928	4383	4268
5929	4317	4560
5930	4317	4560
5931	4511	4658
5932	4511	4658
5933	4721	4120
5934	4721	4120
5935	4587	4516
5936	4587	4516
5937	4565	4084
5938	4565	4084
5939	4831	4332
5940	4831	4332
5941	4953	4894
5942	4953	4894
5943	4075	4114
5944	4075	4114
5945	4603	4446
5946	4603	4446
5947	4601	4070
5948	4601	4070
5949	4137	4822
5950	4137	4822
5951	4701	4088
5952	4701	4088
5953	4097	4316
5954	4097	4316
5955	4927	4776
5956	4927	4776
5957	4461	4204
5958	4461	4204
5959	4727	4800
5960	4727	4800
5961	4571	4634
5962	4571	4634
5963	4753	4484
5964	4753	4484
5965	4137	4914
5966	4137	4914
5967	4323	4242
5968	4323	4242
5969	4887	4910
5970	4887	4910
5971	4487	4782
5972	4487	4782
5973	4877	4462
5974	4877	4462
5975	4203	4624
5976	4203	4624
5977	4109	4290
5978	4109	4290
5979	4671	4414
5980	4671	4414
5981	4301	4654
5982	4301	4654
5983	4267	4054
5984	4267	4054
5985	4199	4154
5986	4199	4154
5987	4399	4544
5988	4399	4544
5989	4207	4180
5990	4207	4180
5991	4993	4574
5992	4993	4574
5993	4447	4554
5994	4447	4554
5995	4779	4680
5996	4779	4680
5997	4627	4886
5998	4627	4886
5999	4863	4362
6000	4863	4362
6001	5861	5232
6002	5861	5232
6003	5877	5624
6004	5877	5624
6005	5731	5422
6006	5731	5422
6007	5315	5554
6008	5315	5554
6009	5285	5390
6010	5285	5390
6011	5151	5668
6012	5151	5668
6013	5873	5752
6014	5873	5752
6015	5425	5658
6016	5425	5658
6017	5005	5126
6018	5005	5126
6019	5045	5926
6020	5045	5926
6021	5899	5640
6022	5899	5640
6023	5329	5578
6024	5329	5578
6025	5721	5380
6026	5721	5380
6027	5941	5978
6028	5941	5978
6029	5167	5710
6030	5167	5710
6031	5853	5842
6032	5853	5842
6033	5743	5916
6034	5743	5916
6035	5355	5534
6036	5355	5534
6037	5013	5068
6038	5013	5068
6039	5489	5704
6040	5489	5704
6041	5959	5242
6042	5959	5242
6043	5419	5896
6044	5419	5896
6045	5641	5996
6046	5641	5996
6047	5141	5862
6048	5141	5862
6049	5317	5766
6050	5317	5766
6051	5663	5142
6052	5663	5142
6053	5351	5576
6054	5351	5576
6055	5031	5124
6056	5031	5124
6057	5511	5330
6058	5511	5330
6059	5151	5542
6060	5151	5542
6061	5011	5460
6062	5011	5460
6063	5749	5994
6064	5749	5994
6065	5039	5512
6066	5039	5512
6067	5519	5080
6068	5519	5080
6069	5031	5446
6070	5031	5446
6071	5603	5088
6072	5603	5088
6073	5519	5308
6074	5519	5308
6075	5919	5278
6076	5919	5278
6077	5453	5114
6078	5453	5114
6079	5785	5606
6080	5785	5606
6081	5255	5958
6082	5255	5958
6083	5979	5442
6084	5979	5442
6085	5813	5550
6086	5813	5550
6087	5601	5756
6088	5601	5756
6089	5363	5688
6090	5363	5688
6091	5695	5694
6092	5695	5694
6093	5077	5216
6094	5077	5216
6095	5707	5334
6096	5707	5334
6097	5373	5830
6098	5373	5830
6099	5255	5596
6100	5255	5596
6101	5657	5164
6102	5657	5164
6103	5819	5622
6104	5819	5622
6105	5711	5764
6106	5711	5764
6107	5379	5174
6108	5379	5174
6109	5583	5324
6110	5583	5324
6111	5039	5964
6112	5039	5964
6113	5275	5584
6114	5275	5584
6115	5747	5304
6116	5747	5304
6117	5629	5738
6118	5629	5738
6119	5697	5140
6120	5697	5140
6121	5723	5226
6122	5723	5226
6123	5111	5462
6124	5111	5462
6125	5729	5430
6126	5729	5430
6127	5613	5650
6128	5613	5650
6129	5021	5800
6130	5021	5800
6131	5211	5022
6132	5211	5022
6133	5009	5742
6134	5009	5742
6135	5453	5196
6136	5453	5196
6137	5197	5652
6138	5197	5652
6139	5303	5260
6140	5303	5260
6141	5825	5986
6142	5825	5986
6143	5639	5100
6144	5639	5100
6145	5091	5892
6146	5091	5892
6147	5869	5426
6148	5869	5426
6149	5777	5202
6150	5777	5202
6151	5883	5664
6152	5883	5664
6153	5355	5244
6154	5355	5244
6155	5235	5798
6156	5235	5798
6157	5111	5016
6158	5111	5016
6159	5593	5666
6160	5593	5666
6161	5097	5258
6162	5097	5258
6163	5427	5684
6164	5427	5684
6165	5981	5146
6166	5981	5146
6167	5871	5482
6168	5871	5482
6169	5531	5356
6170	5531	5356
6171	5697	5200
6172	5697	5200
6173	5045	5930
6174	5045	5930
6175	5615	5404
6176	5615	5404
6177	5805	5864
6178	5805	5864
6179	5095	5900
6180	5095	5900
6181	5511	5510
6182	5511	5510
6183	5721	5820
6184	5721	5820
6185	5615	5990
6186	5615	5990
6187	5263	5508
6188	5263	5508
6189	5339	5532
6190	5339	5532
6191	5371	5206
6192	5371	5206
6193	5671	5610
6194	5671	5610
6195	5165	5564
6196	5165	5564
6197	5765	5714
6198	5765	5714
6199	5873	5796
6200	5873	5796
6201	5807	5014
6202	5807	5014
6203	5773	5192
6204	5773	5192
6205	5947	5972
6206	5947	5972
6207	5715	5802
6208	5715	5802
6209	5617	5154
6210	5617	5154
6211	5469	5790
6212	5469	5790
6213	5417	5342
6214	5417	5342
6215	5365	5086
6216	5365	5086
6217	5003	5818
6218	5003	5818
6219	5835	5222
6220	5835	5222
6221	5259	5162
6222	5259	5162
6223	5207	5494
6224	5207	5494
6225	5801	5786
6226	5801	5786
6227	5205	5706
6228	5205	5706
6229	5907	5090
6230	5907	5090
6231	5969	5690
6232	5969	5690
6233	5779	5388
6234	5779	5388
6235	5681	5776
6236	5681	5776
6237	5675	5128
6238	5675	5128
6239	5989	5844
6240	5989	5844
6241	5447	5588
6242	5447	5588
6243	5121	5868
6244	5121	5868
6245	5117	5942
6246	5117	5942
6247	5855	5110
6248	5855	5110
6249	5613	5478
6250	5613	5478
6251	5503	5474
6252	5503	5474
6253	5297	5538
6254	5297	5538
6255	5623	5444
6256	5623	5444
6257	5579	5968
6258	5579	5968
6259	5761	5466
6260	5761	5466
6261	5875	5218
6262	5875	5218
6263	5123	5944
6264	5123	5944
6265	5521	5108
6266	5521	5108
6267	5923	5346
6268	5923	5346
6269	5713	5954
6270	5713	5954
6271	5369	5778
6272	5369	5778
6273	5385	5940
6274	5385	5940
6275	5339	5290
6276	5339	5290
6277	5827	5240
6278	5827	5240
6279	5601	5150
6280	5601	5150
6281	5395	5562
6282	5395	5562
6283	5877	5832
6284	5877	5832
6285	5555	5362
6286	5555	5362
6287	5831	5186
6288	5831	5186
6289	5299	5252
6290	5299	5252
6291	5979	5322
6292	5979	5322
6293	5293	5052
6294	5293	5052
6295	5205	5158
6296	5205	5158
6297	5465	5506
6298	5465	5506
6299	5961	5246
6300	5961	5246
6301	5133	5472
6302	5133	5472
6303	5469	5828
6304	5469	5828
6305	5515	5256
6306	5515	5256
6307	5489	5190
6308	5489	5190
6309	5611	5716
6310	5611	5716
6311	5959	5212
6312	5959	5212
6313	5501	5878
6314	5501	5878
6315	5237	5116
6316	5237	5116
6317	5577	5366
6318	5577	5366
6319	5349	5976
6320	5349	5976
6321	5347	5772
6322	5347	5772
6323	5711	5220
6324	5711	5220
6325	5361	5674
6326	5361	5674
6327	5891	5902
6328	5891	5902
6329	5109	5886
6330	5109	5886
6331	5669	5612
6332	5669	5612
6333	5333	5806
6334	5333	5806
6335	5539	5730
6336	5539	5730
6337	5483	5480
6338	5483	5480
6339	5073	5152
6340	5073	5152
6341	5157	5374
6342	5157	5374
6343	5207	5370
6344	5207	5370
6345	5359	5780
6346	5359	5780
6347	5393	5084
6348	5393	5084
6349	5329	5858
6350	5329	5858
6351	5995	5946
6352	5995	5946
6353	5395	5872
6354	5395	5872
6355	5629	5486
6356	5629	5486
6357	5981	5998
6358	5981	5998
6359	5753	5424
6360	5753	5424
6361	5381	5018
6362	5381	5018
6363	5855	5458
6364	5855	5458
6365	5911	5130
6366	5911	5130
6367	5387	5922
6368	5387	5922
6369	5349	5548
6370	5349	5548
6371	5419	5890
6372	5419	5890
6373	5083	5524
6374	5083	5524
6375	5065	5632
6376	5065	5632
6377	5401	5276
6378	5401	5276
6379	5167	5582
6380	5167	5582
6381	5281	5792
6382	5281	5792
6383	5457	5594
6384	5457	5594
6385	5559	5966
6386	5559	5966
6387	5019	5036
6388	5019	5036
6389	5549	5520
6390	5549	5520
6391	5617	5044
6392	5617	5044
6393	5779	5762
6394	5779	5762
6395	5047	5408
6396	5047	5408
6397	5743	5272
6398	5743	5272
6399	5499	5856
6400	5499	5856
6401	5507	5464
6402	5507	5464
6403	5411	5614
6404	5411	5614
6405	5911	5468
6406	5911	5468
6407	5265	5938
6408	5265	5938
6409	5207	5936
6410	5207	5936
6411	5921	5686
6412	5921	5686
6413	5783	5144
6414	5783	5144
6415	5035	5682
6416	5035	5682
6417	5771	5348
6418	5771	5348
6419	5117	5696
6420	5117	5696
6421	5089	5376
6422	5089	5376
6423	5227	5496
6424	5227	5496
6425	5295	5136
6426	5295	5136
6427	5601	5074
6428	5601	5074
6429	5889	5758
6430	5889	5758
6431	5243	5004
6432	5243	5004
6433	5409	5502
6434	5409	5502
6435	5855	5526
6436	5855	5526
6437	5435	5328
6438	5435	5328
6439	5973	5454
6440	5973	5454
6441	5815	5048
6442	5815	5048
6443	5081	5030
6444	5081	5030
6445	5863	5406
6446	5863	5406
6447	5241	5098
6448	5241	5098
6449	5361	5572
6450	5361	5572
6451	5197	5254
6452	5197	5254
6453	5371	5574
6454	5371	5574
6455	5165	5078
6456	5165	5078
6457	5957	5270
6458	5957	5270
6459	5577	5026
6460	5577	5026
6461	5429	5528
6462	5429	5528
6463	5855	5024
6464	5855	5024
6465	5029	5352
6466	5029	5352
6467	5525	5590
6468	5525	5590
6469	5469	5392
6470	5469	5392
6471	5095	5504
6472	5095	5504
6473	5045	5364
6474	5045	5364
6475	5721	5056
6476	5721	5056
6477	5297	5678
6478	5297	5678
6479	5391	5770
6480	5391	5770
6481	5989	5358
6482	5989	5358
6483	5523	5368
6484	5523	5368
6485	5523	5092
6486	5523	5092
6487	5931	5782
6488	5931	5782
6489	5321	5296
6490	5321	5296
6491	5725	5580
6492	5725	5580
6493	5729	5034
6494	5729	5034
6495	5649	5028
6496	5649	5028
6497	5331	5448
6498	5331	5448
6499	5137	5536
6500	5137	5536
6501	5563	5038
6502	5563	5038
6503	5093	5740
6504	5093	5740
6505	5523	5428
6506	5523	5428
6507	5557	5382
6508	5557	5382
6509	5625	5148
6510	5625	5148
6511	5471	5812
6512	5471	5812
6513	5565	5604
6514	5565	5604
6515	5925	5676
6516	5925	5676
6517	5779	5082
6518	5779	5082
6519	5275	5236
6520	5275	5236
6521	5955	5834
6522	5955	5834
6523	5735	5012
6524	5735	5012
6525	5295	5804
6526	5295	5804
6527	5027	5168
6528	5027	5168
6529	5731	5960
6530	5731	5960
6531	5871	5760
6532	5871	5760
6533	5961	5962
6534	5961	5962
6535	5439	5698
6536	5439	5698
6537	5427	5870
6538	5427	5870
6539	5959	5620
6540	5959	5620
6541	5657	5238
6542	5657	5238
6543	5429	5452
6544	5429	5452
6545	5035	5332
6546	5035	5332
6547	5181	5414
6548	5181	5414
6549	5875	5138
6550	5875	5138
6551	5551	5618
6552	5551	5618
6553	5867	5894
6554	5867	5894
6555	5339	5402
6556	5339	5402
6557	5011	5416
6558	5011	5416
6559	5933	5662
6560	5933	5662
6561	5545	5822
6562	5545	5822
6563	5477	5692
6564	5477	5692
6565	5109	5980
6566	5109	5980
6567	5735	5172
6568	5735	5172
6569	5697	5102
6570	5697	5102
6571	5943	5250
6572	5943	5250
6573	5693	5302
6574	5693	5302
6575	5825	5314
6576	5825	5314
6577	5433	5070
6578	5433	5070
6579	5831	5386
6580	5831	5386
6581	5679	5054
6582	5679	5054
6583	5265	5866
6584	5265	5866
6585	5487	5292
6586	5487	5292
6587	5457	5648
6588	5457	5648
6589	5445	5400
6590	5445	5400
6591	5079	5522
6592	5079	5522
6593	5721	5336
6594	5721	5336
6595	5631	5924
6596	5631	5924
6597	5165	5350
6598	5165	5350
6599	5379	5310
6600	5379	5310
6601	5291	5570
6602	5291	5570
6603	5239	5286
6604	5239	5286
6605	5465	5552
6606	5465	5552
6607	5559	5654
6608	5559	5654
6609	5083	5418
6610	5083	5418
6611	5495	5836
6612	5495	5836
6613	5785	5556
6614	5785	5556
6615	5517	5032
6616	5517	5032
6617	5493	5132
6618	5493	5132
6619	5831	5006
6620	5831	5006
6621	5791	5744
6622	5791	5744
6623	5191	5874
6624	5191	5874
6625	5657	5660
6626	5657	5660
6627	5407	5306
6628	5407	5306
6629	5117	5910
6630	5117	5910
6631	5103	5320
6632	5103	5320
6633	5085	5312
6634	5085	5312
6635	5551	5956
6636	5551	5956
6637	5671	5838
6638	5671	5838
6639	5681	5340
6640	5681	5340
6641	5157	5294
6642	5157	5294
6643	5317	5680
6644	5317	5680
6645	5219	5516
6646	5219	5516
6647	5049	5122
6648	5049	5122
6649	5703	5484
6650	5703	5484
6651	5799	5262
6652	5799	5262
6653	5307	5008
6654	5307	5008
6655	5415	5020
6656	5415	5020
6657	5851	5734
6658	5851	5734
6659	5307	5774
6660	5307	5774
6661	5659	5396
6662	5659	5396
6663	5361	5042
6664	5361	5042
6665	5805	5932
6666	5805	5932
6667	5365	5372
6668	5365	5372
6669	5623	5476
6670	5623	5476
6671	5387	5950
6672	5387	5950
6673	5947	5816
6674	5947	5816
6675	5967	5112
6676	5967	5112
6677	5309	5180
6678	5309	5180
6679	5175	5788
6680	5175	5788
6681	5407	5266
6682	5407	5266
6683	5945	5420
6684	5945	5420
6685	5863	5826
6686	5863	5826
6687	5007	5626
6688	5007	5626
6689	5249	5160
6690	5249	5160
6691	5803	5914
6692	5803	5914
6693	5203	5558
6694	5203	5558
6695	5273	5898
6696	5273	5898
6697	5703	5316
6698	5703	5316
6699	5135	5394
6700	5135	5394
6701	5495	5908
6702	5495	5908
6703	5765	5010
6704	5765	5010
6705	5863	5288
6706	5863	5288
6707	5845	5748
6708	5845	5748
6709	5361	5210
6710	5361	5210
6711	5427	5500
6712	5427	5500
6713	5425	5630
6714	5425	5630
6715	5537	5628
6716	5537	5628
6717	5537	5636
6718	5537	5636
6719	5071	5490
6720	5071	5490
6721	5667	5412
6722	5667	5412
6723	5851	5846
6724	5851	5846
6725	5229	5062
6726	5229	5062
6727	5843	5918
6728	5843	5918
6729	5905	5642
6730	5905	5642
6731	5329	5824
6732	5329	5824
6733	5475	5784
6734	5475	5784
6735	5611	5616
6736	5611	5616
6737	5585	5712
6738	5585	5712
6739	5505	5906
6740	5505	5906
6741	5681	5248
6742	5681	5248
6743	5365	5058
6744	5365	5058
6745	5487	5702
6746	5487	5702
6747	5745	5718
6748	5745	5718
6749	5303	5360
6750	5303	5360
6751	5781	5338
6752	5781	5338
6753	5363	5046
6754	5363	5046
6755	5687	5544
6756	5687	5544
6757	5395	5094
6758	5395	5094
6759	5359	5882
6760	5359	5882
6761	5185	5888
6762	5185	5888
6763	5899	5592
6764	5899	5592
6765	5713	5264
6766	5713	5264
6767	5841	5736
6768	5841	5736
6769	5301	5746
6770	5301	5746
6771	5829	5722
6772	5829	5722
6773	5293	5228
6774	5293	5228
6775	5335	5850
6776	5335	5850
6777	5765	5728
6778	5765	5728
6779	5531	5354
6780	5531	5354
6781	5003	5670
6782	5003	5670
6783	5043	5934
6784	5043	5934
6785	5533	5184
6786	5533	5184
6787	5673	5398
6788	5673	5398
6789	5899	5156
6790	5899	5156
6791	5411	5700
6792	5411	5700
6793	5199	5166
6794	5199	5166
6795	5633	5188
6796	5633	5188
6797	5719	5274
6798	5719	5274
6799	5385	5106
6800	5385	5106
6801	5465	5514
6802	5465	5514
6803	5583	5104
6804	5583	5104
6805	5533	5378
6806	5533	5378
6807	5685	5450
6808	5685	5450
6809	5503	5214
6810	5503	5214
6811	5175	5560
6812	5175	5560
6813	5515	5326
6814	5515	5326
6815	5835	5208
6816	5835	5208
6817	5193	5848
6818	5193	5848
6819	5451	5384
6820	5451	5384
6821	5523	5064
6822	5523	5064
6823	5561	5178
6824	5561	5178
6825	5997	5854
6826	5997	5854
6827	5603	5608
6828	5603	5608
6829	5413	5672
6830	5413	5672
6831	5453	5546
6832	5453	5546
6833	5685	5952
6834	5685	5952
6835	5951	5040
6836	5951	5040
6837	5307	5754
6838	5307	5754
6839	5177	5060
6840	5177	5060
6841	5307	5456
6842	5307	5456
6843	5629	5598
6844	5629	5598
6845	5569	5920
6846	5569	5920
6847	5717	5182
6848	5717	5182
6849	5263	5750
6850	5263	5750
6851	5153	5852
6852	5153	5852
6853	5527	5198
6854	5527	5198
6855	5437	5988
6856	5437	5988
6857	5399	5638
6858	5399	5638
6859	5847	5224
6860	5847	5224
6861	5205	5880
6862	5205	5880
6863	5051	5298
6864	5051	5298
6865	5329	5840
6866	5329	5840
6867	5783	5708
6868	5783	5708
6869	5631	5434
6870	5631	5434
6871	5999	5002
6872	5999	5002
6873	5115	5072
6874	5115	5072
6875	5331	5432
6876	5331	5432
6877	5129	5118
6878	5129	5118
6879	5673	5884
6880	5673	5884
6881	5105	5724
6882	5105	5724
6883	5931	5634
6884	5931	5634
6885	5831	6000
6886	5831	6000
6887	5211	5904
6888	5211	5904
6889	5927	5860
6890	5927	5860
6891	5467	5066
6892	5467	5066
6893	5247	5280
6894	5247	5280
6895	5551	5344
6896	5551	5344
6897	5151	5410
6898	5151	5410
6899	5657	5318
6900	5657	5318
6901	5823	5970
6902	5823	5970
6903	5257	5768
6904	5257	5768
6905	5289	5530
6906	5289	5530
6907	5927	5284
6908	5927	5284
6909	5061	5992
6910	5061	5992
6911	5715	5050
6912	5715	5050
6913	5177	5492
6914	5177	5492
6915	5803	5282
6916	5803	5282
6917	5963	5982
6918	5963	5982
6919	5235	5488
6920	5235	5488
6921	5469	5566
6922	5469	5566
6923	5401	5600
6924	5401	5600
6925	5971	5438
6926	5971	5438
6927	5905	5808
6928	5905	5808
6929	5175	5120
6930	5175	5120
6931	5217	5732
6932	5217	5732
6933	5753	5726
6934	5753	5726
6935	5867	5568
6936	5867	5568
6937	5253	5876
6938	5253	5876
6939	5955	5436
6940	5955	5436
6941	5973	5644
6942	5973	5644
6943	5461	5948
6944	5461	5948
6945	5979	5974
6946	5979	5974
6947	5117	5076
6948	5117	5076
6949	5653	5470
6950	5653	5470
6951	5147	5814
6952	5147	5814
6953	5561	5230
6954	5561	5230
6955	5639	5602
6956	5639	5602
6957	5947	5720
6958	5947	5720
6959	5981	5170
6960	5981	5170
6961	5615	5134
6962	5615	5134
6963	5095	5586
6964	5095	5586
6965	5173	5810
6966	5173	5810
6967	5285	5194
6968	5285	5194
6969	5587	5498
6970	5587	5498
6971	5523	5518
6972	5523	5518
6973	5971	5204
6974	5971	5204
6975	5407	5646
6976	5407	5646
6977	5645	5176
6978	5645	5176
6979	5519	5984
6980	5519	5984
6981	5921	5300
6982	5921	5300
6983	5507	5096
6984	5507	5096
6985	5785	5928
6986	5785	5928
6987	5737	5794
6988	5737	5794
6989	5163	5440
6990	5163	5440
6991	5089	5234
6992	5089	5234
6993	5263	5656
6994	5263	5656
6995	5175	5540
6996	5175	5540
6997	5833	5268
6998	5833	5268
6999	5835	5912
7000	5835	5912
7001	6619	6550
7002	6619	6550
7003	6079	6046
7004	6079	6046
7005	6747	6034
7006	6747	6034
7007	6187	6200
7008	6187	6200
7009	6245	6146
7010	6245	6146
7011	6243	6494
7012	6243	6494
7013	6301	7000
7014	6301	7000
7015	6553	6970
7016	6553	6970
7017	6241	6998
7018	6241	6998
7019	6983	6914
7020	6983	6914
7021	6961	6158
7022	6961	6158
7023	6459	6302
7024	6459	6302
7025	6763	6212
7026	6763	6212
7027	6305	6164
7028	6305	6164
7029	6603	6054
7030	6603	6054
7031	6621	6414
7032	6621	6414
7033	6697	6162
7034	6697	6162
7035	6503	6114
7036	6503	6114
7037	6381	6238
7038	6381	6238
7039	6645	6144
7040	6645	6144
7041	6497	6136
7042	6497	6136
7043	6149	6462
7044	6149	6462
7045	6691	6176
7046	6691	6176
7047	6363	6342
7048	6363	6342
7049	6651	6630
7050	6651	6630
7051	6069	6832
7052	6069	6832
7053	6679	6484
7054	6679	6484
7055	6391	6582
7056	6391	6582
7057	6241	6652
7058	6241	6652
7059	6825	6592
7060	6825	6592
7061	6643	6290
7062	6643	6290
7063	6835	6850
7064	6835	6850
7065	6699	6806
7066	6699	6806
7067	6389	6318
7068	6389	6318
7069	6691	6830
7070	6691	6830
7071	6127	6340
7072	6127	6340
7073	6607	6816
7074	6607	6816
7075	6023	6042
7076	6023	6042
7077	6331	6578
7078	6331	6578
7079	6741	6880
7080	6741	6880
7081	6669	6554
7082	6669	6554
7083	6107	6844
7084	6107	6844
7085	6875	6722
7086	6875	6722
7087	6413	6608
7088	6413	6608
7089	6875	6002
7090	6875	6002
7091	6699	6294
7092	6699	6294
7093	6847	6154
7094	6847	6154
7095	6047	6716
7096	6047	6716
7097	6805	6344
7098	6805	6344
7099	6241	6610
7100	6241	6610
7101	6771	6102
7102	6771	6102
7103	6739	6748
7104	6739	6748
7105	6107	6534
7106	6107	6534
7107	6963	6332
7108	6963	6332
7109	6005	6682
7110	6005	6682
7111	6427	6966
7112	6427	6966
7113	6041	6632
7114	6041	6632
7115	6407	6704
7116	6407	6704
7117	6877	6656
7118	6877	6656
7119	6221	6272
7120	6221	6272
7121	6373	6756
7122	6373	6756
7123	6145	6412
7124	6145	6412
7125	6915	6022
7126	6915	6022
7127	6721	6692
7128	6721	6692
7129	6729	6398
7130	6729	6398
7131	6255	6766
7132	6255	6766
7133	6985	6954
7134	6985	6954
7135	6327	6028
7136	6327	6028
7137	6439	6646
7138	6439	6646
7139	6713	6188
7140	6713	6188
7141	6437	6384
7142	6437	6384
7143	6789	6338
7144	6789	6338
7145	6417	6820
7146	6417	6820
7147	6369	6532
7148	6369	6532
7149	6131	6170
7150	6131	6170
7151	6873	6004
7152	6873	6004
7153	6479	6516
7154	6479	6516
7155	6447	6038
7156	6447	6038
7157	6139	6132
7158	6139	6132
7159	6243	6024
7160	6243	6024
7161	6603	6120
7162	6603	6120
7163	6207	6536
7164	6207	6536
7165	6149	6386
7166	6149	6386
7167	6089	6526
7168	6089	6526
7169	6487	6658
7170	6487	6658
7171	6537	6362
7172	6537	6362
7173	6353	6768
7174	6353	6768
7175	6847	6320
7176	6847	6320
7177	6393	6310
7178	6393	6310
7179	6811	6654
7180	6811	6654
7181	6821	6840
7182	6821	6840
7183	6277	6824
7184	6277	6824
7185	6733	6140
7186	6733	6140
7187	6355	6424
7188	6355	6424
7189	6193	6878
7190	6193	6878
7191	6323	6202
7192	6323	6202
7193	6637	6076
7194	6637	6076
7195	6197	6866
7196	6197	6866
7197	6747	6854
7198	6747	6854
7199	6983	6388
7200	6983	6388
7201	6799	6182
7202	6799	6182
7203	6721	6364
7204	6721	6364
7205	6293	6116
7206	6293	6116
7207	6871	6702
7208	6871	6702
7209	6793	6418
7210	6793	6418
7211	6883	6920
7212	6883	6920
7213	6835	6194
7214	6835	6194
7215	6823	6262
7216	6823	6262
7217	6607	6174
7218	6607	6174
7219	6951	6544
7220	6951	6544
7221	6419	6690
7222	6419	6690
7223	6909	6402
7224	6909	6402
7225	6249	6858
7226	6249	6858
7227	6439	6732
7228	6439	6732
7229	6975	6908
7230	6975	6908
7231	6497	6862
7232	6497	6862
7233	6177	6152
7234	6177	6152
7235	6573	6368
7236	6573	6368
7237	6687	6478
7238	6687	6478
7239	6455	6266
7240	6455	6266
7241	6545	6890
7242	6545	6890
7243	6379	6634
7244	6379	6634
7245	6179	6888
7246	6179	6888
7247	6331	6066
7248	6331	6066
7249	6579	6482
7250	6579	6482
7251	6619	6080
7252	6619	6080
7253	6087	6474
7254	6087	6474
7255	6937	6498
7256	6937	6498
7257	6563	6660
7258	6563	6660
7259	6485	6390
7260	6485	6390
7261	6487	6466
7262	6487	6466
7263	6235	6530
7264	6235	6530
7265	6435	6628
7266	6435	6628
7267	6795	6166
7268	6795	6166
7269	6365	6902
7270	6365	6902
7271	6465	6448
7272	6465	6448
7273	6327	6240
7274	6327	6240
7275	6217	6930
7276	6217	6930
7277	6403	6810
7278	6403	6810
7279	6663	6406
7280	6663	6406
7281	6559	6502
7282	6559	6502
7283	6089	6018
7284	6089	6018
7285	6513	6678
7286	6513	6678
7287	6489	6566
7288	6489	6566
7289	6961	6524
7290	6961	6524
7291	6179	6980
7292	6179	6980
7293	6631	6976
7294	6631	6976
7295	6749	6214
7296	6749	6214
7297	6293	6686
7298	6293	6686
7299	6625	6160
7300	6625	6160
7301	6349	6426
7302	6349	6426
7303	6863	6916
7304	6863	6916
7305	6129	6688
7306	6129	6688
7307	6517	6990
7308	6517	6990
7309	6017	6404
7310	6017	6404
7311	6009	6216
7312	6009	6216
7313	6567	6186
7314	6567	6186
7315	6063	6134
7316	6063	6134
7317	6713	6680
7318	6713	6680
7319	6739	6580
7320	6739	6580
7321	6125	6086
7322	6125	6086
7323	6181	6794
7324	6181	6794
7325	6125	6218
7326	6125	6218
7327	6787	6520
7328	6787	6520
7329	6135	6570
7330	6135	6570
7331	6939	6694
7332	6939	6694
7333	6943	6014
7334	6943	6014
7335	6839	6058
7336	6839	6058
7337	6573	6778
7338	6573	6778
7339	6857	6254
7340	6857	6254
7341	6413	6282
7342	6413	6282
7343	6653	6982
7344	6653	6982
7345	6323	6452
7346	6323	6452
7347	6521	6422
7348	6521	6422
7349	6729	6724
7350	6729	6724
7351	6639	6542
7352	6639	6542
7353	6665	6396
7354	6665	6396
7355	6145	6894
7356	6145	6894
7357	6443	6090
7358	6443	6090
7359	6041	6180
7360	6041	6180
7361	6091	6940
7362	6091	6940
7363	6381	6672
7364	6381	6672
7365	6955	6156
7366	6955	6156
7367	6881	6842
7368	6881	6842
7369	6321	6996
7370	6321	6996
7371	6335	6946
7372	6335	6946
7373	6265	6062
7374	6265	6062
7375	6731	6312
7376	6731	6312
7377	6473	6350
7378	6473	6350
7379	6297	6912
7380	6297	6912
7381	6949	6786
7382	6949	6786
7383	6779	6130
7384	6779	6130
7385	6041	6184
7386	6041	6184
7387	6055	6336
7388	6055	6336
7389	6681	6428
7390	6681	6428
7391	6381	6782
7392	6381	6782
7393	6317	6208
7394	6317	6208
7395	6423	6378
7396	6423	6378
7397	6731	6710
7398	6731	6710
7399	6021	6780
7400	6021	6780
7401	6253	6468
7402	6253	6468
7403	6425	6744
7404	6425	6744
7405	6495	6276
7406	6495	6276
7407	6925	6876
7408	6925	6876
7409	6105	6852
7410	6105	6852
7411	6035	6714
7412	6035	6714
7413	6225	6846
7414	6225	6846
7415	6077	6400
7416	6077	6400
7417	6533	6960
7418	6533	6960
7419	6655	6330
7420	6655	6330
7421	6621	6268
7422	6621	6268
7423	6719	6546
7424	6719	6546
7425	6185	6078
7426	6185	6078
7427	6173	6234
7428	6173	6234
7429	6045	6104
7430	6045	6104
7431	6813	6490
7432	6813	6490
7433	6285	6740
7434	6285	6740
7435	6783	6650
7436	6783	6650
7437	6335	6460
7438	6335	6460
7439	6619	6392
7440	6619	6392
7441	6851	6770
7442	6851	6770
7443	6561	6360
7444	6561	6360
7445	6717	6476
7446	6717	6476
7447	6653	6788
7448	6653	6788
7449	6935	6594
7450	6935	6594
7451	6043	6518
7452	6043	6518
7453	6777	6436
7454	6777	6436
7455	6099	6758
7456	6099	6758
7457	6435	6772
7458	6435	6772
7459	6951	6776
7460	6951	6776
7461	6969	6562
7462	6969	6562
7463	6683	6172
7464	6683	6172
7465	6549	6904
7466	6549	6904
7467	6555	6860
7468	6555	6860
7469	6253	6838
7470	6253	6838
7471	6615	6978
7472	6615	6978
7473	6547	6874
7474	6547	6874
7475	6481	6198
7476	6481	6198
7477	6041	6244
7478	6041	6244
7479	6905	6098
7480	6905	6098
7481	6225	6548
7482	6225	6548
7483	6575	6754
7484	6575	6754
7485	6573	6602
7486	6573	6602
7487	6911	6288
7488	6911	6288
7489	6387	6416
7490	6387	6416
7491	6405	6138
7492	6405	6138
7493	6437	6492
7494	6437	6492
7495	6459	6696
7496	6459	6696
7497	6481	6088
7498	6481	6088
7499	6221	6298
7500	6221	6298
7501	6713	6082
7502	6713	6082
7503	6077	6148
7504	6077	6148
7505	6363	6258
7506	6363	6258
7507	6215	6818
7508	6215	6818
7509	6719	6568
7510	6719	6568
7511	6641	6052
7512	6641	6052
7513	6041	6108
7514	6041	6108
7515	6365	6252
7516	6365	6252
7517	6507	6784
7518	6507	6784
7519	6501	6012
7520	6501	6012
7521	6981	6248
7522	6981	6248
7523	6493	6538
7524	6493	6538
7525	6301	6510
7526	6301	6510
7527	6095	6742
7528	6095	6742
7529	6651	6374
7530	6651	6374
7531	6765	6446
7532	6765	6446
7533	6663	6826
7534	6663	6826
7535	6511	6864
7536	6511	6864
7537	6971	6642
7538	6971	6642
7539	6383	6382
7540	6383	6382
7541	6747	6250
7542	6747	6250
7543	6679	6700
7544	6679	6700
7545	6863	6668
7546	6863	6668
7547	6097	6118
7548	6097	6118
7549	6451	6032
7550	6451	6032
7551	6323	6822
7552	6323	6822
7553	6843	6296
7554	6843	6296
7555	6301	6278
7556	6301	6278
7557	6299	6454
7558	6299	6454
7559	6415	6256
7560	6415	6256
7561	6587	6800
7562	6587	6800
7563	6775	6410
7564	6775	6410
7565	6897	6500
7566	6897	6500
7567	6687	6730
7568	6687	6730
7569	6735	6644
7570	6735	6644
7571	6603	6798
7572	6603	6798
7573	6429	6112
7574	6429	6112
7575	6849	6456
7576	6849	6456
7577	6251	6122
7578	6251	6122
7579	6329	6624
7580	6329	6624
7581	6589	6884
7582	6589	6884
7583	6545	6870
7584	6545	6870
7585	6335	6020
7586	6335	6020
7587	6887	6072
7588	6887	6072
7589	6713	6356
7590	6713	6356
7591	6181	6514
7592	6181	6514
7593	6897	6306
7594	6897	6306
7595	6043	6264
7596	6043	6264
7597	6487	6922
7598	6487	6922
7599	6211	6346
7600	6211	6346
7601	6007	6228
7602	6007	6228
7603	6611	6834
7604	6611	6834
7605	6199	6348
7606	6199	6348
7607	6347	6622
7608	6347	6622
7609	6339	6910
7610	6339	6910
7611	6577	6326
7612	6577	6326
7613	6865	6796
7614	6865	6796
7615	6459	6590
7616	6459	6590
7617	6573	6774
7618	6573	6774
7619	6135	6934
7620	6135	6934
7621	6347	6564
7622	6347	6564
7623	6087	6380
7624	6087	6380
7625	6149	6068
7626	6149	6068
7627	6451	6008
7628	6451	6008
7629	6325	6280
7630	6325	6280
7631	6109	6354
7632	6109	6354
7633	6187	6512
7634	6187	6512
7635	6881	6552
7636	6881	6552
7637	6743	6584
7638	6743	6584
7639	6825	6106
7640	6825	6106
7641	6873	6242
7642	6873	6242
7643	6255	6488
7644	6255	6488
7645	6083	6064
7646	6083	6064
7647	6515	6848
7648	6515	6848
7649	6683	6906
7650	6683	6906
7651	6447	6596
7652	6447	6596
7653	6279	6804
7654	6279	6804
7655	6461	6496
7656	6461	6496
7657	6281	6964
7658	6281	6964
7659	6693	6438
7660	6693	6438
7661	6873	6892
7662	6873	6892
7663	6621	6962
7664	6621	6962
7665	6201	6614
7666	6201	6614
7667	6023	6706
7668	6023	6706
7669	6409	6932
7670	6409	6932
7671	6923	6790
7672	6923	6790
7673	6841	6882
7674	6841	6882
7675	6619	6286
7676	6619	6286
7677	6887	6096
7678	6887	6096
7679	6061	6600
7680	6061	6600
7681	6461	6472
7682	6461	6472
7683	6719	6572
7684	6719	6572
7685	6597	6050
7686	6597	6050
7687	6143	6664
7688	6143	6664
7689	6191	6450
7690	6191	6450
7691	6127	6618
7692	6127	6618
7693	6495	6708
7694	6495	6708
7695	6321	6372
7696	6321	6372
7697	6661	6942
7698	6661	6942
7699	6151	6886
7700	6151	6886
7701	6361	6204
7702	6361	6204
7703	6825	6640
7704	6825	6640
7705	6225	6746
7706	6225	6746
7707	6685	6444
7708	6685	6444
7709	6279	6648
7710	6279	6648
7711	6111	6486
7712	6111	6486
7713	6321	6300
7714	6321	6300
7715	6873	6430
7716	6873	6430
7717	6503	6142
7718	6503	6142
7719	6915	6084
7720	6915	6084
7721	6905	6334
7722	6905	6334
7723	6863	6232
7724	6863	6232
7725	6801	6206
7726	6801	6206
7727	6995	6718
7728	6995	6718
7729	6197	6504
7730	6197	6504
7731	6033	6226
7732	6033	6226
7733	6581	6556
7734	6581	6556
7735	6485	6408
7736	6485	6408
7737	6059	6974
7738	6059	6974
7739	6911	6458
7740	6911	6458
7741	6343	6324
7742	6343	6324
7743	6155	6528
7744	6155	6528
7745	6707	6626
7746	6707	6626
7747	6509	6984
7748	6509	6984
7749	6021	6322
7750	6021	6322
7751	6125	6292
7752	6125	6292
7753	6031	6636
7754	6031	6636
7755	6999	6808
7756	6999	6808
7757	6057	6222
7758	6057	6222
7759	6145	6040
7760	6145	6040
7761	6061	6196
7762	6061	6196
7763	6553	6370
7764	6553	6370
7765	6989	6872
7766	6989	6872
7767	6849	6734
7768	6849	6734
7769	6001	6792
7770	6001	6792
7771	6189	6994
7772	6189	6994
7773	6531	6506
7774	6531	6506
7775	6037	6588
7776	6037	6588
7777	6011	6918
7778	6011	6918
7779	6037	6736
7780	6037	6736
7781	6661	6328
7782	6661	6328
7783	6579	6612
7784	6579	6612
7785	6689	6074
7786	6689	6074
7787	6283	6284
7788	6283	6284
7789	6685	6434
7790	6685	6434
7791	6361	6898
7792	6361	6898
7793	6201	6738
7794	6201	6738
7795	6193	6948
7796	6193	6948
7797	6835	6100
7798	6835	6100
7799	6393	6560
7800	6393	6560
7801	6265	6056
7802	6265	6056
7803	6595	6952
7804	6595	6952
7805	6591	6662
7806	6591	6662
7807	6517	6574
7808	6517	6574
7809	6979	6670
7810	6979	6670
7811	6463	6210
7812	6463	6210
7813	6721	6900
7814	6721	6900
7815	6591	6442
7816	6591	6442
7817	6567	6586
7818	6567	6586
7819	6109	6048
7820	6109	6048
7821	6795	6060
7822	6795	6060
7823	6335	6440
7824	6335	6440
7825	6507	6868
7826	6507	6868
7827	6345	6616
7828	6345	6616
7829	6339	6750
7830	6339	6750
7831	6993	6950
7832	6993	6950
7833	6525	6316
7834	6525	6316
7835	6263	6508
7836	6263	6508
7837	6683	6220
7838	6683	6220
7839	6399	6856
7840	6399	6856
7841	6731	6712
7842	6731	6712
7843	6081	6110
7844	6081	6110
7845	6069	6224
7846	6069	6224
7847	6351	6026
7848	6351	6026
7849	6151	6956
7850	6151	6956
7851	6439	6828
7852	6439	6828
7853	6717	6836
7854	6717	6836
7855	6543	6752
7856	6543	6752
7857	6857	6598
7858	6857	6598
7859	6555	6606
7860	6555	6606
7861	6085	6924
7862	6085	6924
7863	6177	6558
7864	6177	6558
7865	6585	6988
7866	6585	6988
7867	6159	6540
7868	6159	6540
7869	6433	6666
7870	6433	6666
7871	6395	6728
7872	6395	6728
7873	6329	6352
7874	6329	6352
7875	6093	6986
7876	6093	6986
7877	6585	6684
7878	6585	6684
7879	6049	6638
7880	6049	6638
7881	6859	6230
7882	6859	6230
7883	6623	6720
7884	6623	6720
7885	6627	6814
7886	6627	6814
7887	6899	6070
7888	6899	6070
7889	6981	6968
7890	6981	6968
7891	6179	6366
7892	6179	6366
7893	6369	6236
7894	6369	6236
7895	6985	6726
7896	6985	6726
7897	6919	6030
7898	6919	6030
7899	6965	6006
7900	6965	6006
7901	6273	6992
7902	6273	6992
7903	6305	6376
7904	6305	6376
7905	6131	6972
7906	6131	6972
7907	6023	6812
7908	6023	6812
7909	6037	6314
7910	6037	6314
7911	6299	6926
7912	6299	6926
7913	6033	6928
7914	6033	6928
7915	6907	6944
7916	6907	6944
7917	6205	6432
7918	6205	6432
7919	6835	6190
7920	6835	6190
7921	6921	6420
7922	6921	6420
7923	6831	6802
7924	6831	6802
7925	6061	6036
7926	6061	6036
7927	6153	6128
7928	6153	6128
7929	6285	6604
7930	6285	6604
7931	6261	6010
7932	6261	6010
7933	6027	6150
7934	6027	6150
7935	6263	6192
7936	6263	6192
7937	6777	6936
7938	6777	6936
7939	6895	6246
7940	6895	6246
7941	6621	6274
7942	6621	6274
7943	6907	6178
7944	6907	6178
7945	6537	6764
7946	6537	6764
7947	6519	6124
7948	6519	6124
7949	6813	6522
7950	6813	6522
7951	6557	6358
7952	6557	6358
7953	6297	6016
7954	6297	6016
7955	6329	6270
7956	6329	6270
7957	6017	6958
7958	6017	6958
7959	6183	6762
7960	6183	6762
7961	6565	6092
7962	6565	6092
7963	6207	6394
7964	6207	6394
7965	6157	6126
7966	6157	6126
7967	6779	6304
7968	6779	6304
7969	6719	6480
7970	6719	6480
7971	6233	6698
7972	6233	6698
7973	6665	6620
7974	6665	6620
7975	6681	6674
7976	6681	6674
7977	6591	6896
7978	6591	6896
7979	6711	6260
7980	6711	6260
7981	6657	6308
7982	6657	6308
7983	6185	6676
7984	6185	6676
7985	6731	6168
7986	6731	6168
7987	6619	6938
7988	6619	6938
7989	6847	6464
7990	6847	6464
7991	6405	6470
7992	6405	6470
7993	6843	6044
7994	6843	6044
7995	6715	6576
7996	6715	6576
7997	6499	6094
7998	6499	6094
7999	6507	6760
8000	6507	6760
8001	7483	7566
8002	7483	7566
8003	7141	7854
8004	7141	7854
8005	7853	7226
8006	7853	7226
8007	7637	7878
8008	7637	7878
8009	7001	7504
8010	7001	7504
8011	7681	7126
8012	7681	7126
8013	7203	7080
8014	7203	7080
8015	7713	7176
8016	7713	7176
8017	7367	7952
8018	7367	7952
8019	7955	7592
8020	7955	7592
8021	7877	7658
8022	7877	7658
8023	7269	7468
8024	7269	7468
8025	7311	7368
8026	7311	7368
8027	7341	7766
8028	7341	7766
8029	7553	7486
8030	7553	7486
8031	7379	7910
8032	7379	7910
8033	7455	7986
8034	7455	7986
8035	7907	7280
8036	7907	7280
8037	7485	7792
8038	7485	7792
8039	7095	7482
8040	7095	7482
8041	7625	7444
8042	7625	7444
8043	7951	7060
8044	7951	7060
8045	7539	7682
8046	7539	7682
8047	7251	7756
8048	7251	7756
8049	7549	7102
8050	7549	7102
8051	7169	7454
8052	7169	7454
8053	7465	7840
8054	7465	7840
8055	7195	7650
8056	7195	7650
8057	7821	7596
8058	7821	7596
8059	7137	7532
8060	7137	7532
8061	7263	7332
8062	7263	7332
8063	7735	7484
8064	7735	7484
8065	7143	7698
8066	7143	7698
8067	7893	7328
8068	7893	7328
8069	7803	7852
8070	7803	7852
8071	7561	7936
8072	7561	7936
8073	7475	7342
8074	7475	7342
8075	7443	7640
8076	7443	7640
8077	7239	7914
8078	7239	7914
8079	7281	7770
8080	7281	7770
8081	7589	7802
8082	7589	7802
8083	7803	7992
8084	7803	7992
8085	7641	7660
8086	7641	7660
8087	7497	7196
8088	7497	7196
8089	7769	7790
8090	7769	7790
8091	7133	7098
8092	7133	7098
8093	7827	7902
8094	7827	7902
8095	7373	7430
8096	7373	7430
8097	7509	7440
8098	7509	7440
8099	7955	7602
8100	7955	7602
8101	7827	7096
8102	7827	7096
8103	7325	7396
8104	7325	7396
8105	7835	7736
8106	7835	7736
8107	7411	7874
8108	7411	7874
8109	7423	7074
8110	7423	7074
8111	7193	7762
8112	7193	7762
8113	7711	7738
8114	7711	7738
8115	7903	7666
8116	7903	7666
8117	7041	7606
8118	7041	7606
8119	7993	7194
8120	7993	7194
8121	7385	7274
8122	7385	7274
8123	7905	7008
8124	7905	7008
8125	7963	7808
8126	7963	7808
8127	7309	7392
8128	7309	7392
8129	7395	7122
8130	7395	7122
8131	7483	7198
8132	7483	7198
8133	7375	7438
8134	7375	7438
8135	7447	7492
8136	7447	7492
8137	7317	7570
8138	7317	7570
8139	7515	7620
8140	7515	7620
8141	7617	7722
8142	7617	7722
8143	7991	7514
8144	7991	7514
8145	7629	7092
8146	7629	7092
8147	7251	7422
8148	7251	7422
8149	7127	7750
8150	7127	7750
8151	7015	7812
8152	7015	7812
8153	7097	7478
8154	7097	7478
8155	7219	7764
8156	7219	7764
8157	7513	7548
8158	7513	7548
8159	7981	7286
8160	7981	7286
8161	7783	7626
8162	7783	7626
8163	7005	7806
8164	7005	7806
8165	7339	7906
8166	7339	7906
8167	7211	7166
8168	7211	7166
8169	7881	7680
8170	7881	7680
8171	7027	7696
8172	7027	7696
8173	7831	7890
8174	7831	7890
8175	7999	7872
8176	7999	7872
8177	7061	7982
8178	7061	7982
8179	7891	7732
8180	7891	7732
8181	7077	7884
8182	7077	7884
8183	7779	7350
8184	7779	7350
8185	7079	7358
8186	7079	7358
8187	7861	7402
8188	7861	7402
8189	7845	7964
8190	7845	7964
8191	7447	7488
8192	7447	7488
8193	7903	7896
8194	7903	7896
8195	7583	7512
8196	7583	7512
8197	7953	7112
8198	7953	7112
8199	7083	7132
8200	7083	7132
8201	7925	7406
8202	7925	7406
8203	7385	7832
8204	7385	7832
8205	7155	7234
8206	7155	7234
8207	7567	7180
8208	7567	7180
8209	7011	7052
8210	7011	7052
8211	7345	7654
8212	7345	7654
8213	7513	7024
8214	7513	7024
8215	7119	7820
8216	7119	7820
8217	7037	7678
8218	7037	7678
8219	7659	7778
8220	7659	7778
8221	7913	7540
8222	7913	7540
8223	7855	7334
8224	7855	7334
8225	7653	7310
8226	7653	7310
8227	7089	7580
8228	7089	7580
8229	7959	7496
8230	7959	7496
8231	7267	7686
8232	7267	7686
8233	7131	7536
8234	7131	7536
8235	7387	7938
8236	7387	7938
8237	7057	7346
8238	7057	7346
8239	7353	7998
8240	7353	7998
8241	7681	7728
8242	7681	7728
8243	7321	7670
8244	7321	7670
8245	7163	7242
8246	7163	7242
8247	7029	7032
8248	7029	7032
8249	7461	7284
8250	7461	7284
8251	7539	7304
8252	7539	7304
8253	7703	7796
8254	7703	7796
8255	7067	7294
8256	7067	7294
8257	7281	7018
8258	7281	7018
8259	7099	7090
8260	7099	7090
8261	7867	7348
8262	7867	7348
8263	7345	7370
8264	7345	7370
8265	7553	7044
8266	7553	7044
8267	7829	7224
8268	7829	7224
8269	7133	7550
8270	7133	7550
8271	7671	7636
8272	7671	7636
8273	7687	7250
8274	7687	7250
8275	7347	7610
8276	7347	7610
8277	7955	7084
8278	7955	7084
8279	7225	7476
8280	7225	7476
8281	7111	7502
8282	7111	7502
8283	7669	7016
8284	7669	7016
8285	7133	7530
8286	7133	7530
8287	7091	7850
8288	7091	7850
8289	7059	7010
8290	7059	7010
8291	7945	7882
8292	7945	7882
8293	7845	7714
8294	7845	7714
8295	7123	7006
8296	7123	7006
8297	7585	7038
8298	7585	7038
8299	7237	7182
8300	7237	7182
8301	7469	7400
8302	7469	7400
8303	7253	7282
8304	7253	7282
8305	7127	7960
8306	7127	7960
8307	7809	7652
8308	7809	7652
8309	7259	7774
8310	7259	7774
8311	7463	7716
8312	7463	7716
8313	7461	7002
8314	7461	7002
8315	7033	7140
8316	7033	7140
8317	7579	7768
8318	7579	7768
8319	7623	7598
8320	7623	7598
8321	7973	7410
8322	7973	7410
8323	7017	7988
8324	7017	7988
8325	7147	7144
8326	7147	7144
8327	7793	7114
8328	7793	7114
8329	7395	7720
8330	7395	7720
8331	7121	7082
8332	7121	7082
8333	7229	7898
8334	7229	7898
8335	7897	7866
8336	7897	7866
8337	7841	7830
8338	7841	7830
8339	7451	7432
8340	7451	7432
8341	7537	7932
8342	7537	7932
8343	7191	7240
8344	7191	7240
8345	7251	7210
8346	7251	7210
8347	7427	7904
8348	7427	7904
8349	7263	7314
8350	7263	7314
8351	7465	7744
8352	7465	7744
8353	7167	7174
8354	7167	7174
8355	7169	7458
8356	7169	7458
8357	7967	7974
8358	7967	7974
8359	7741	7968
8360	7741	7968
8361	7469	7452
8362	7469	7452
8363	7087	7672
8364	7087	7672
8365	7617	7862
8366	7617	7862
8367	7325	7214
8368	7325	7214
8369	7443	7078
8370	7443	7078
8371	7027	7694
8372	7027	7694
8373	7933	7648
8374	7933	7648
8375	7827	7848
8376	7827	7848
8377	7467	7556
8378	7467	7556
8379	7491	7116
8380	7491	7116
8381	7453	7322
8382	7453	7322
8383	7521	7842
8384	7521	7842
8385	7683	7466
8386	7683	7466
8387	7899	7836
8388	7899	7836
8389	7855	7004
8390	7855	7004
8391	7183	7272
8392	7183	7272
8393	7979	7710
8394	7979	7710
8395	7481	7120
8396	7481	7120
8397	7773	7232
8398	7773	7232
8399	7609	7918
8400	7609	7918
8401	7349	7216
8402	7349	7216
8403	7651	7908
8404	7651	7908
8405	7791	7692
8406	7791	7692
8407	7339	7464
8408	7339	7464
8409	7957	7028
8410	7957	7028
8411	7933	7130
8412	7933	7130
8413	7357	7930
8414	7357	7930
8415	7161	7064
8416	7161	7064
8417	7133	7266
8418	7133	7266
8419	7521	7674
8420	7521	7674
8421	7183	7690
8422	7183	7690
8423	7057	7316
8424	7057	7316
8425	7467	7142
8426	7467	7142
8427	7393	7888
8428	7393	7888
8429	7503	7356
8430	7503	7356
8431	7657	7034
8432	7657	7034
8433	7821	7442
8434	7821	7442
8435	7143	7630
8436	7143	7630
8437	7083	7072
8438	7083	7072
8439	7997	7926
8440	7997	7926
8441	7223	7012
8442	7223	7012
8443	7391	7724
8444	7391	7724
8445	7533	7814
8446	7533	7814
8447	7785	7794
8448	7785	7794
8449	7527	7408
8450	7527	7408
8451	7083	7200
8452	7083	7200
8453	7947	7880
8454	7947	7880
8455	7291	7810
8456	7291	7810
8457	7755	7264
8458	7755	7264
8459	7841	7942
8460	7841	7942
8461	7195	7834
8462	7195	7834
8463	7371	7190
8464	7371	7190
8465	7521	7312
8466	7521	7312
8467	7477	7110
8468	7477	7110
8469	7101	7202
8470	7101	7202
8471	7119	7462
8472	7119	7462
8473	7337	7516
8474	7337	7516
8475	7875	7702
8476	7875	7702
8477	7771	7552
8478	7771	7552
8479	7403	7382
8480	7403	7382
8481	7725	7278
8482	7725	7278
8483	7639	7062
8484	7639	7062
8485	7091	7958
8486	7091	7958
8487	7409	7544
8488	7409	7544
8489	7673	7978
8490	7673	7978
8491	7233	7912
8492	7233	7912
8493	7141	7344
8494	7141	7344
8495	7687	7330
8496	7687	7330
8497	7643	7186
8498	7643	7186
8499	7321	7050
8500	7321	7050
8501	7527	7378
8502	7527	7378
8503	7613	7564
8504	7613	7564
8505	7075	7588
8506	7075	7588
8507	7945	7586
8508	7945	7586
8509	7131	7230
8510	7131	7230
8511	7475	7788
8512	7475	7788
8513	7523	7258
8514	7523	7258
8515	7471	7920
8516	7471	7920
8517	7889	7984
8518	7889	7984
8519	7165	7426
8520	7165	7426
8521	7295	7146
8522	7295	7146
8523	7457	7086
8524	7457	7086
8525	7547	7568
8526	7547	7568
8527	7099	7418
8528	7099	7418
8529	7349	7816
8530	7349	7816
8531	7587	7424
8532	7587	7424
8533	7473	7900
8534	7473	7900
8535	7545	7394
8536	7545	7394
8537	7993	7948
8538	7993	7948
8539	7459	7824
8540	7459	7824
8541	7927	7780
8542	7927	7780
8543	7165	7976
8544	7165	7976
8545	7773	7708
8546	7773	7708
8547	7659	7208
8548	7659	7208
8549	7119	7158
8550	7119	7158
8551	7115	7612
8552	7115	7612
8553	7353	7576
8554	7353	7576
8555	7821	7546
8556	7821	7546
8557	7813	7730
8558	7813	7730
8559	7235	7262
8560	7235	7262
8561	7455	7608
8562	7455	7608
8563	7379	7306
8564	7379	7306
8565	7321	7480
8566	7321	7480
8567	7993	7404
8568	7993	7404
8569	7329	7996
8570	7329	7996
8571	7475	7414
8572	7475	7414
8573	7081	7056
8574	7081	7056
8575	7303	7046
8576	7303	7046
8577	7965	7386
8578	7965	7386
8579	7999	7604
8580	7999	7604
8581	7895	7288
8582	7895	7288
8583	7993	7526
8584	7993	7526
8585	7977	7746
8586	7977	7746
8587	7391	7416
8588	7391	7416
8589	7067	7684
8590	7067	7684
8591	7969	7446
8592	7969	7446
8593	7393	7498
8594	7393	7498
8595	7575	7352
8596	7575	7352
8597	7075	7828
8598	7075	7828
8599	7369	7956
8600	7369	7956
8601	7325	7460
8602	7325	7460
8603	7495	7436
8604	7495	7436
8605	7999	7434
8606	7999	7434
8607	7417	7600
8608	7417	7600
8609	7237	7534
8610	7237	7534
8611	7961	7320
8612	7961	7320
8613	7037	7248
8614	7037	7248
8615	7889	7168
8616	7889	7168
8617	7417	7760
8618	7417	7760
8619	7237	7178
8620	7237	7178
8621	7675	7448
8622	7675	7448
8623	7097	7014
8624	7097	7014
8625	7781	7578
8626	7781	7578
8627	7239	7818
8628	7239	7818
8629	7799	7184
8630	7799	7184
8631	7007	7970
8632	7007	7970
8633	7403	7170
8634	7403	7170
8635	7503	7688
8636	7503	7688
8637	7933	7864
8638	7933	7864
8639	7615	7618
8640	7615	7618
8641	7553	7614
8642	7553	7614
8643	7155	7354
8644	7155	7354
8645	7501	7220
8646	7501	7220
8647	7003	7922
8648	7003	7922
8649	7231	7704
8650	7231	7704
8651	7555	7522
8652	7555	7522
8653	7935	7022
8654	7935	7022
8655	7987	7364
8656	7987	7364
8657	7663	7758
8658	7663	7758
8659	7655	7494
8660	7655	7494
8661	7155	7520
8662	7155	7520
8663	7125	7508
8664	7125	7508
8665	7559	7538
8666	7559	7538
8667	7807	7150
8668	7807	7150
8669	7773	7192
8670	7773	7192
8671	7025	7228
8672	7025	7228
8673	7263	7040
8674	7263	7040
8675	7345	7124
8676	7345	7124
8677	7879	7252
8678	7879	7252
8679	7329	7218
8680	7329	7218
8681	7185	7528
8682	7185	7528
8683	7935	7246
8684	7935	7246
8685	7127	7490
8686	7127	7490
8687	7719	7398
8688	7719	7398
8689	7107	7676
8690	7107	7676
8691	7383	7474
8692	7383	7474
8693	7499	7260
8694	7499	7260
8695	7757	7784
8696	7757	7784
8697	7675	7740
8698	7675	7740
8699	7585	7292
8700	7585	7292
8701	7405	7858
8702	7405	7858
8703	7831	7360
8704	7831	7360
8705	7373	7924
8706	7373	7924
8707	7143	7928
8708	7143	7928
8709	7597	7664
8710	7597	7664
8711	7257	7138
8712	7257	7138
8713	7711	7966
8714	7711	7966
8715	7361	7054
8716	7361	7054
8717	7935	7990
8718	7935	7990
8719	7275	7712
8720	7275	7712
8721	7839	7944
8722	7839	7944
8723	7645	7754
8724	7645	7754
8725	7547	7372
8726	7547	7372
8727	7563	7524
8728	7563	7524
8729	7663	7106
8730	7663	7106
8731	7829	7270
8732	7829	7270
8733	7625	7500
8734	7625	7500
8735	7469	7066
8736	7469	7066
8737	7375	7428
8738	7375	7428
8739	7047	7256
8740	7047	7256
8741	7283	7972
8742	7283	7972
8743	7681	7300
8744	7681	7300
8745	7829	7646
8746	7829	7646
8747	7025	7042
8748	7025	7042
8749	7727	7048
8750	7727	7048
8751	7011	7206
8752	7011	7206
8753	7425	7584
8754	7425	7584
8755	7743	8000
8756	7743	8000
8757	7569	7800
8758	7569	7800
8759	7233	7236
8760	7233	7236
8761	7929	7380
8762	7929	7380
8763	7945	7108
8764	7945	7108
8765	7543	7276
8766	7543	7276
8767	7647	7892
8768	7647	7892
8769	7159	7510
8770	7159	7510
8771	7135	7804
8772	7135	7804
8773	7333	7822
8774	7333	7822
8775	7227	7786
8776	7227	7786
8777	7307	7456
8778	7307	7456
8779	7925	7644
8780	7925	7644
8781	7821	7954
8782	7821	7954
8783	7607	7366
8784	7607	7366
8785	7437	7560
8786	7437	7560
8787	7545	7268
8788	7545	7268
8789	7383	7962
8790	7383	7962
8791	7613	7390
8792	7613	7390
8793	7589	7798
8794	7589	7798
8795	7471	7668
8796	7471	7668
8797	7963	7212
8798	7963	7212
8799	7461	7518
8800	7461	7518
8801	7477	7036
8802	7477	7036
8803	7993	7574
8804	7993	7574
8805	7245	7070
8806	7245	7070
8807	7203	7156
8808	7203	7156
8809	7589	7244
8810	7589	7244
8811	7087	7188
8812	7087	7188
8813	7467	7752
8814	7467	7752
8815	7735	7950
8816	7735	7950
8817	7529	7020
8818	7529	7020
8819	7937	7128
8820	7937	7128
8821	7159	7628
8822	7159	7628
8823	7027	7336
8824	7027	7336
8825	7379	7624
8826	7379	7624
8827	7885	7742
8828	7885	7742
8829	7495	7870
8830	7495	7870
8831	7065	7826
8832	7065	7826
8833	7499	7718
8834	7499	7718
8835	7445	7154
8836	7445	7154
8837	7229	7542
8838	7229	7542
8839	7027	7470
8840	7027	7470
8841	7289	7642
8842	7289	7642
8843	7537	7632
8844	7537	7632
8845	7165	7558
8846	7165	7558
8847	7943	7946
8848	7943	7946
8849	7049	7748
8850	7049	7748
8851	7569	7886
8852	7569	7886
8853	7451	7118
8854	7451	7118
8855	7793	7238
8856	7793	7238
8857	7941	7254
8858	7941	7254
8859	7445	7340
8860	7445	7340
8861	7733	7068
8862	7733	7068
8863	7067	7634
8864	7067	7634
8865	7539	7362
8866	7539	7362
8867	7917	7772
8868	7917	7772
8869	7021	7296
8870	7021	7296
8871	7339	7374
8872	7339	7374
8873	7525	7026
8874	7525	7026
8875	7851	7164
8876	7851	7164
8877	7545	7104
8878	7545	7104
8879	7605	7994
8880	7605	7994
8881	7433	7338
8882	7433	7338
8883	7643	7136
8884	7643	7136
8885	7387	7148
8886	7387	7148
8887	7849	7940
8888	7849	7940
8889	7335	7860
8890	7335	7860
8891	7865	7582
8892	7865	7582
8893	7007	7290
8894	7007	7290
8895	7721	7590
8896	7721	7590
8897	7021	7844
8898	7021	7844
8899	7129	7318
8900	7129	7318
8901	7421	7726
8902	7421	7726
8903	7585	7506
8904	7585	7506
8905	7247	7152
8906	7247	7152
8907	7261	7088
8908	7261	7088
8909	7253	7302
8910	7253	7302
8911	7985	7838
8912	7985	7838
8913	7683	7172
8914	7683	7172
8915	7771	7782
8916	7771	7782
8917	7763	7076
8918	7763	7076
8919	7041	7412
8920	7041	7412
8921	7085	7622
8922	7085	7622
8923	7597	7420
8924	7597	7420
8925	7473	7662
8926	7473	7662
8927	7543	7776
8928	7543	7776
8929	7013	7934
8930	7013	7934
8931	7667	7856
8932	7667	7856
8933	7143	7450
8934	7143	7450
8935	7069	7572
8936	7069	7572
8937	7605	7868
8938	7605	7868
8939	7911	7134
8940	7911	7134
8941	7463	7204
8942	7463	7204
8943	7889	7094
8944	7889	7094
8945	7513	7376
8946	7513	7376
8947	7023	7700
8948	7023	7700
8949	7033	7846
8950	7033	7846
8951	7827	7222
8952	7827	7222
8953	7547	7876
8954	7547	7876
8955	7883	7100
8956	7883	7100
8957	7605	7554
8958	7605	7554
8959	7117	7656
8960	7117	7656
8961	7569	7638
8962	7569	7638
8963	7379	7472
8964	7379	7472
8965	7029	7058
8966	7029	7058
8967	7641	7326
8968	7641	7326
8969	7871	7308
8970	7871	7308
8971	7631	7894
8972	7631	7894
8973	7121	7706
8974	7121	7706
8975	7849	7160
8976	7849	7160
8977	7255	7916
8978	7255	7916
8979	7567	7594
8980	7567	7594
8981	7667	7298
8982	7667	7298
8983	7645	7980
8984	7645	7980
8985	7825	7162
8986	7825	7162
8987	7843	7616
8988	7843	7616
8989	7723	7030
8990	7723	7030
8991	7141	7384
8992	7141	7384
8993	7057	7388
8994	7057	7388
8995	7277	7562
8996	7277	7562
8997	7613	7324
8998	7613	7324
8999	7075	7734
9000	7075	7734
9001	8583	8118
9002	8583	8118
9003	8823	8114
9004	8823	8114
9005	8277	8872
9006	8277	8872
9007	8983	8822
9008	8983	8822
9009	8633	8388
9010	8633	8388
9011	8157	8950
9012	8157	8950
9013	8927	8670
9014	8927	8670
9015	8215	8888
9016	8215	8888
9017	8479	8246
9018	8479	8246
9019	8039	8202
9020	8039	8202
9021	8173	8232
9022	8173	8232
9023	8685	8016
9024	8685	8016
9025	8413	8748
9026	8413	8748
9027	8317	8610
9028	8317	8610
9029	8543	8656
9030	8543	8656
9031	8029	8342
9032	8029	8342
9033	8947	8652
9034	8947	8652
9035	8421	8394
9036	8421	8394
9037	8213	8452
9038	8213	8452
9039	8357	8732
9040	8357	8732
9041	8377	8256
9042	8377	8256
9043	8911	8368
9044	8911	8368
9045	8971	8884
9046	8971	8884
9047	8129	8932
9048	8129	8932
9049	8823	8646
9050	8823	8646
9051	8309	8736
9052	8309	8736
9053	8365	8636
9054	8365	8636
9055	8909	8166
9056	8909	8166
9057	8559	8852
9058	8559	8852
9059	8543	8318
9060	8543	8318
9061	8067	8990
9062	8067	8990
9063	8609	8936
9064	8609	8936
9065	8231	8762
9066	8231	8762
9067	8385	8480
9068	8385	8480
9069	8461	8596
9070	8461	8596
9071	8925	8278
9072	8925	8278
9073	8157	8250
9074	8157	8250
9075	8241	8654
9076	8241	8654
9077	8843	8292
9078	8843	8292
9079	8401	8810
9080	8401	8810
9081	8597	8040
9082	8597	8040
9083	8695	8746
9084	8695	8746
9085	8645	8590
9086	8645	8590
9087	8915	8044
9088	8915	8044
9089	8675	8154
9090	8675	8154
9091	8317	8160
9092	8317	8160
9093	8111	8576
9094	8111	8576
9095	8697	8220
9096	8697	8220
9097	8141	8568
9098	8141	8568
9099	8775	8116
9100	8775	8116
9101	8025	8714
9102	8025	8714
9103	8959	8618
9104	8959	8618
9105	8613	8508
9106	8613	8508
9107	8237	8520
9108	8237	8520
9109	8241	8426
9110	8241	8426
9111	8843	8696
9112	8843	8696
9113	8107	8784
9114	8107	8784
9115	8177	8966
9116	8177	8966
9117	8339	8096
9118	8339	8096
9119	8297	8504
9120	8297	8504
9121	8489	8280
9122	8489	8280
9123	8157	8420
9124	8157	8420
9125	8659	8630
9126	8659	8630
9127	8727	8700
9128	8727	8700
9129	8901	8374
9130	8901	8374
9131	8537	8288
9132	8537	8288
9133	8513	8530
9134	8513	8530
9135	8027	8248
9136	8027	8248
9137	8473	8438
9138	8473	8438
9139	8479	8598
9140	8479	8598
9141	8215	8300
9142	8215	8300
9143	8391	8404
9144	8391	8404
9145	8009	8850
9146	8009	8850
9147	8285	8998
9148	8285	8998
9149	8771	8306
9150	8771	8306
9151	8097	8042
9152	8097	8042
9153	8253	8084
9154	8253	8084
9155	8375	8552
9156	8375	8552
9157	8209	8868
9158	8209	8868
9159	8479	8484
9160	8479	8484
9161	8027	8178
9162	8027	8178
9163	8411	8214
9164	8411	8214
9165	8187	8592
9166	8187	8592
9167	8971	8112
9168	8971	8112
9169	8503	8674
9170	8503	8674
9171	8765	8056
9172	8765	8056
9173	8049	8818
9174	8049	8818
9175	8015	8550
9176	8015	8550
9177	8715	8698
9178	8715	8698
9179	8139	8758
9180	8139	8758
9181	8597	8786
9182	8597	8786
9183	8151	8034
9184	8151	8034
9185	8489	8706
9186	8489	8706
9187	8989	8004
9188	8989	8004
9189	8129	8110
9190	8129	8110
9191	8749	8970
9192	8749	8970
9193	8955	8814
9194	8955	8814
9195	8623	8356
9196	8623	8356
9197	8799	8348
9198	8799	8348
9199	8859	8286
9200	8859	8286
9201	8647	8048
9202	8647	8048
9203	8021	8816
9204	8021	8816
9205	8121	8252
9206	8121	8252
9207	8153	8140
9208	8153	8140
9209	8773	8578
9210	8773	8578
9211	8113	8014
9212	8113	8014
9213	8629	8364
9214	8629	8364
9215	8471	8580
9216	8471	8580
9217	8281	8122
9218	8281	8122
9219	8583	8176
9220	8583	8176
9221	8717	8366
9222	8717	8366
9223	8147	8098
9224	8147	8098
9225	8217	8804
9226	8217	8804
9227	8281	8418
9228	8281	8418
9229	8149	8148
9230	8149	8148
9231	8271	8212
9232	8271	8212
9233	8541	8492
9234	8541	8492
9235	8603	8100
9236	8603	8100
9237	8123	8406
9238	8123	8406
9239	8205	8358
9240	8205	8358
9241	8803	8608
9242	8803	8608
9243	8285	8542
9244	8285	8542
9245	8105	8450
9246	8105	8450
9247	8921	8940
9248	8921	8940
9249	8451	8094
9250	8451	8094
9251	8733	8668
9252	8733	8668
9253	8795	8960
9254	8795	8960
9255	8989	8908
9256	8989	8908
9257	8407	8886
9258	8407	8886
9259	8197	8944
9260	8197	8944
9261	8111	8602
9262	8111	8602
9263	8667	8986
9264	8667	8986
9265	8285	8020
9266	8285	8020
9267	8007	8200
9268	8007	8200
9269	8013	8330
9270	8013	8330
9271	8611	8168
9272	8611	8168
9273	8023	8466
9274	8023	8466
9275	8581	8018
9276	8581	8018
9277	8543	8216
9278	8543	8216
9279	8875	8902
9280	8875	8902
9281	8961	8866
9282	8961	8866
9283	8647	8754
9284	8647	8754
9285	8045	8312
9286	8045	8312
9287	8041	8378
9288	8041	8378
9289	8645	8896
9290	8645	8896
9291	8071	8716
9292	8071	8716
9293	8651	8198
9294	8651	8198
9295	8073	8984
9296	8073	8984
9297	8685	8742
9298	8685	8742
9299	8307	8820
9300	8307	8820
9301	8721	8976
9302	8721	8976
9303	8879	8720
9304	8879	8720
9305	8603	8104
9306	8603	8104
9307	8269	8208
9308	8269	8208
9309	8325	8340
9310	8325	8340
9311	8097	8134
9312	8097	8134
9313	8803	8082
9314	8803	8082
9315	8467	8772
9316	8467	8772
9317	8721	8446
9318	8721	8446
9319	8659	8314
9320	8659	8314
9321	8401	8156
9322	8401	8156
9323	8377	8336
9324	8377	8336
9325	8727	8108
9326	8727	8108
9327	8349	8352
9328	8349	8352
9329	8245	8672
9330	8245	8672
9331	8847	8928
9332	8847	8928
9333	8225	8922
9334	8225	8922
9335	8329	8332
9336	8329	8332
9337	8505	8152
9338	8505	8152
9339	8179	8060
9340	8179	8060
9341	8375	8506
9342	8375	8506
9343	8561	8192
9344	8561	8192
9345	8815	8694
9346	8815	8694
9347	8169	8370
9348	8169	8370
9349	8181	8846
9350	8181	8846
9351	8125	8766
9352	8125	8766
9353	8411	8254
9354	8411	8254
9355	8505	8686
9356	8505	8686
9357	8167	8416
9358	8167	8416
9359	8947	8516
9360	8947	8516
9361	8817	8930
9362	8817	8930
9363	8829	8948
9364	8829	8948
9365	8805	8982
9366	8805	8982
9367	8305	8934
9368	8305	8934
9369	8847	8600
9370	8847	8600
9371	8067	8046
9372	8067	8046
9373	8561	8266
9374	8561	8266
9375	8747	8954
9376	8747	8954
9377	8387	8880
9378	8387	8880
9379	8259	8106
9380	8259	8106
9381	8669	8942
9382	8669	8942
9383	8035	8546
9384	8035	8546
9385	8555	8914
9386	8555	8914
9387	8821	8910
9388	8821	8910
9389	8133	8726
9390	8133	8726
9391	8153	8844
9392	8153	8844
9393	8441	8956
9394	8441	8956
9395	8639	8540
9396	8639	8540
9397	8359	8310
9398	8359	8310
9399	8085	8350
9400	8085	8350
9401	8715	8684
9402	8715	8684
9403	8735	8882
9404	8735	8882
9405	8907	8326
9406	8907	8326
9407	8711	8086
9408	8711	8086
9409	8051	8650
9410	8051	8650
9411	8075	8372
9412	8075	8372
9413	8733	8690
9414	8733	8690
9415	8287	8560
9416	8287	8560
9417	8895	8876
9418	8895	8876
9419	8883	8528
9420	8883	8528
9421	8827	8218
9422	8827	8218
9423	8719	8968
9424	8719	8968
9425	8105	8006
9426	8105	8006
9427	8347	8556
9428	8347	8556
9429	8781	8354
9430	8781	8354
9431	8547	8302
9432	8547	8302
9433	8711	8644
9434	8711	8644
9435	8095	8798
9436	8095	8798
9437	8453	8952
9438	8453	8952
9439	8987	8270
9440	8987	8270
9441	8415	8308
9442	8415	8308
9443	8903	8238
9444	8903	8238
9445	8847	8680
9446	8847	8680
9447	8539	8894
9448	8539	8894
9449	8163	8196
9450	8163	8196
9451	8217	8268
9452	8217	8268
9453	8361	8738
9454	8361	8738
9455	8429	8962
9456	8429	8962
9457	8889	8878
9458	8889	8878
9459	8901	8488
9460	8901	8488
9461	8429	8402
9462	8429	8402
9463	8499	8904
9464	8499	8904
9465	8813	8838
9466	8813	8838
9467	8329	8572
9468	8329	8572
9469	8521	8562
9470	8521	8562
9471	8335	8626
9472	8335	8626
9473	8721	8170
9474	8721	8170
9475	8891	8718
9476	8891	8718
9477	8349	8860
9478	8349	8860
9479	8011	8434
9480	8011	8434
9481	8319	8624
9482	8319	8624
9483	8187	8444
9484	8187	8444
9485	8925	8448
9486	8925	8448
9487	8757	8024
9488	8757	8024
9489	8613	8612
9490	8613	8612
9491	8707	8052
9492	8707	8052
9493	8153	8522
9494	8153	8522
9495	8499	8462
9496	8499	8462
9497	8235	8730
9498	8235	8730
9499	8461	8760
9500	8461	8760
9501	8191	8524
9502	8191	8524
9503	8531	8826
9504	8531	8826
9505	8991	8662
9506	8991	8662
9507	8109	8274
9508	8109	8274
9509	8745	8304
9510	8745	8304
9511	8421	8750
9512	8421	8750
9513	8631	8724
9514	8631	8724
9515	8805	8146
9516	8805	8146
9517	8183	8090
9518	8183	8090
9519	8177	8088
9520	8177	8088
9521	8175	8282
9522	8175	8282
9523	8697	8830
9524	8697	8830
9525	8065	8558
9526	8065	8558
9527	8943	8194
9528	8943	8194
9529	8909	8946
9530	8909	8946
9531	8369	8964
9532	8369	8964
9533	8883	8806
9534	8883	8806
9535	8667	8290
9536	8667	8290
9537	8319	8030
9538	8319	8030
9539	8589	8848
9540	8589	8848
9541	8999	8500
9542	8999	8500
9543	8807	8456
9544	8807	8456
9545	8683	8564
9546	8683	8564
9547	8227	8980
9548	8227	8980
9549	8695	8708
9550	8695	8708
9551	8657	8272
9552	8657	8272
9553	8185	8228
9554	8185	8228
9555	8727	8996
9556	8727	8996
9557	8795	8138
9558	8795	8138
9559	8509	8792
9560	8509	8792
9561	8801	8472
9562	8801	8472
9563	8119	8478
9564	8119	8478
9565	8309	8460
9566	8309	8460
9567	8629	8012
9568	8629	8012
9569	8197	8796
9570	8197	8796
9571	8945	8854
9572	8945	8854
9573	8163	8978
9574	8163	8978
9575	8697	8396
9576	8697	8396
9577	8505	8586
9578	8505	8586
9579	8121	8676
9580	8121	8676
9581	8557	8532
9582	8557	8532
9583	8971	8534
9584	8971	8534
9585	8551	8788
9586	8551	8788
9587	8663	8666
9588	8663	8666
9589	8151	8422
9590	8151	8422
9591	8251	8322
9592	8251	8322
9593	8645	8958
9594	8645	8958
9595	8595	8628
9596	8595	8628
9597	8107	8660
9598	8107	8660
9599	8507	8412
9600	8507	8412
9601	8145	8594
9602	8145	8594
9603	8555	8538
9604	8555	8538
9605	8861	8382
9606	8861	8382
9607	8665	8842
9608	8665	8842
9609	8503	8812
9610	8503	8812
9611	8151	8526
9612	8151	8526
9613	8511	8900
9614	8511	8900
9615	8481	8920
9616	8481	8920
9617	8743	8150
9618	8743	8150
9619	8443	8210
9620	8443	8210
9621	8331	8092
9622	8331	8092
9623	8787	8222
9624	8787	8222
9625	8025	8802
9626	8025	8802
9627	8389	8328
9628	8389	8328
9629	8125	8162
9630	8125	8162
9631	8069	8588
9632	8069	8588
9633	8097	8296
9634	8097	8296
9635	8259	8186
9636	8259	8186
9637	8629	8712
9638	8629	8712
9639	8703	8664
9640	8703	8664
9641	8111	8548
9642	8111	8548
9643	8519	8334
9644	8519	8334
9645	8681	8338
9646	8681	8338
9647	8221	8070
9648	8221	8070
9649	8729	8740
9650	8729	8740
9651	8975	8022
9652	8975	8022
9653	8239	8776
9654	8239	8776
9655	8435	8862
9656	8435	8862
9657	8235	8068
9658	8235	8068
9659	8183	8864
9660	8183	8864
9661	8565	8926
9662	8565	8926
9663	8049	8262
9664	8049	8262
9665	8507	8224
9666	8507	8224
9667	8437	8476
9668	8437	8476
9669	8151	8264
9670	8151	8264
9671	8555	8436
9672	8555	8436
9673	8871	8410
9674	8871	8410
9675	8889	8174
9676	8889	8174
9677	8965	8464
9678	8965	8464
9679	8529	8536
9680	8529	8536
9681	8645	8390
9682	8645	8390
9683	8297	8172
9684	8297	8172
9685	8959	8128
9686	8959	8128
9687	8657	8566
9688	8657	8566
9689	8847	8190
9690	8847	8190
9691	8213	8360
9692	8213	8360
9693	8563	8574
9694	8563	8574
9695	8351	8584
9696	8351	8584
9697	8725	8554
9698	8725	8554
9699	8999	8512
9700	8999	8512
9701	8327	8032
9702	8327	8032
9703	8715	8510
9704	8715	8510
9705	8041	8064
9706	8041	8064
9707	8123	8836
9708	8123	8836
9709	8127	8158
9710	8127	8158
9711	8143	8346
9712	8143	8346
9713	8823	8632
9714	8823	8632
9715	8449	8102
9716	8449	8102
9717	8365	8974
9718	8365	8974
9719	8515	8502
9720	8515	8502
9721	8571	8906
9722	8571	8906
9723	8307	8080
9724	8307	8080
9725	8877	8780
9726	8877	8780
9727	8603	8570
9728	8603	8570
9729	8815	8800
9730	8815	8800
9731	8709	8298
9732	8709	8298
9733	8315	8440
9734	8315	8440
9735	8303	8992
9736	8303	8992
9737	8635	8470
9738	8635	8470
9739	8069	8770
9740	8069	8770
9741	8459	8376
9742	8459	8376
9743	8871	8490
9744	8871	8490
9745	8327	8206
9746	8327	8206
9747	8131	8972
9748	8131	8972
9749	8279	8054
9750	8279	8054
9751	8517	8242
9752	8517	8242
9753	8097	8120
9754	8097	8120
9755	8041	8858
9756	8041	8858
9757	8565	8458
9758	8565	8458
9759	8377	8468
9760	8377	8468
9761	8933	8544
9762	8933	8544
9763	8631	8124
9764	8631	8124
9765	8511	8994
9766	8511	8994
9767	8503	8144
9768	8503	8144
9769	8061	8916
9770	8061	8916
9771	8523	8066
9772	8523	8066
9773	8947	8344
9774	8947	8344
9775	8003	8258
9776	8003	8258
9777	8551	8226
9778	8551	8226
9779	8877	8648
9780	8877	8648
9781	8443	8604
9782	8443	8604
9783	8399	8432
9784	8399	8432
9785	8881	8808
9786	8881	8808
9787	8883	8620
9788	8883	8620
9789	8933	8026
9790	8933	8026
9791	8779	8142
9792	8779	8142
9793	8843	8774
9794	8843	8774
9795	8423	8284
9796	8423	8284
9797	8003	8180
9798	8003	8180
9799	8769	8622
9800	8769	8622
9801	8107	8408
9802	8107	8408
9803	8851	8828
9804	8851	8828
9805	8559	8606
9806	8559	8606
9807	8305	8938
9808	8305	8938
9809	8519	8702
9810	8519	8702
9811	8781	8036
9812	8781	8036
9813	8451	8794
9814	8451	8794
9815	8783	8276
9816	8783	8276
9817	8865	8614
9818	8865	8614
9819	8489	8790
9820	8489	8790
9821	8139	8918
9822	8139	8918
9823	8415	8164
9824	8415	8164
9825	8931	8752
9826	8931	8752
9827	8713	8832
9828	8713	8832
9829	8183	8658
9830	8183	8658
9831	8589	8320
9832	8589	8320
9833	8393	8710
9834	8393	8710
9835	8167	8514
9836	8167	8514
9837	8269	8616
9838	8269	8616
9839	8445	8076
9840	8445	8076
9841	8441	8912
9842	8441	8912
9843	8139	8856
9844	8139	8856
9845	8397	8130
9846	8397	8130
9847	8873	8634
9848	8873	8634
9849	8943	8834
9850	8943	8834
9851	8717	8768
9852	8717	8768
9853	8783	8078
9854	8783	8078
9855	8561	8240
9856	8561	8240
9857	8117	8062
9858	8117	8062
9859	8685	8182
9860	8685	8182
9861	8733	8058
9862	8733	8058
9863	8637	8692
9864	8637	8692
9865	8389	8778
9866	8389	8778
9867	8413	8400
9868	8413	8400
9869	8435	8874
9870	8435	8874
9871	8417	8744
9872	8417	8744
9873	8891	8244
9874	8891	8244
9875	8741	8260
9876	8741	8260
9877	8799	8008
9878	8799	8008
9879	8697	8988
9880	8697	8988
9881	8685	8230
9882	8685	8230
9883	8689	8050
9884	8689	8050
9885	8095	8638
9886	8095	8638
9887	8157	8236
9888	8157	8236
9889	8631	8424
9890	8631	8424
9891	8425	8840
9892	8425	8840
9893	8957	8294
9894	8957	8294
9895	8099	8870
9896	8099	8870
9897	8391	8722
9898	8391	8722
9899	8805	8642
9900	8805	8642
9901	8715	8028
9902	8715	8028
9903	8985	8688
9904	8985	8688
9905	8503	8316
9906	8503	8316
9907	8219	8234
9908	8219	8234
9909	8939	8824
9910	8939	8824
9911	8407	8136
9912	8407	8136
9913	8973	8494
9914	8973	8494
9915	8233	8324
9916	8233	8324
9917	8055	8454
9918	8055	8454
9919	8515	8126
9920	8515	8126
9921	8885	8890
9922	8885	8890
9923	8225	8430
9924	8225	8430
9925	8685	8640
9926	8685	8640
9927	8745	8486
9928	8745	8486
9929	8525	8428
9930	8525	8428
9931	8181	8518
9932	8181	8518
9933	8389	8782
9934	8389	8782
9935	8419	8898
9936	8419	8898
9937	8717	8132
9938	8717	8132
9939	8905	8386
9940	8905	8386
9941	8741	8892
9942	8741	8892
9943	8557	8414
9944	8557	8414
9945	8085	8498
9946	8085	8498
9947	8927	8764
9948	8927	8764
9949	8039	8496
9950	8039	8496
9951	8625	8362
9952	8625	8362
9953	8397	8184
9954	8397	8184
9955	8269	8474
9956	8269	8474
9957	8495	8002
9958	8495	8002
9959	8561	8582
9960	8561	8582
9961	8737	8072
9962	8737	8072
9963	8119	8384
9964	8119	8384
9965	8021	8038
9966	8021	8038
9967	8995	8398
9968	8995	8398
9969	8391	8682
9970	8391	8682
9971	8933	8756
9972	8933	8756
9973	8067	8924
9974	8067	8924
9975	8349	8704
9976	8349	8704
9977	8951	8728
9978	8951	8728
9979	8819	8204
9980	8819	8204
9981	8935	9000
9982	8935	9000
9983	8221	8482
9984	8221	8482
9985	8661	8734
9986	8661	8734
9987	8041	8074
9988	8041	8074
9989	8993	8010
9990	8993	8010
9991	8167	8380
9992	8167	8380
9993	8613	8392
9994	8613	8392
9995	8235	8442
9996	8235	8442
9997	8665	8678
9998	8665	8678
9999	8721	8188
10000	8721	8188
